<?xml version="1.0" encoding="UTF-8"?>
<kml xmlns="http://www.opengis.net/kml/2.2">
  <Document>
    <name>RV Map Journeys</name>
    <Folder>
      <name>Laverne to Colorado Springs Loop</name>

      <Placemark>
        <name>Day 1</name>
        <description>Edmond, OK to Laverne, OK</description>
        <LineString>
          <tessellate>1</tessellate>
          <coordinates>-97.464470,35.657131,0 -97.464470,35.657146,0 -97.464485,35.657628,0 -97.464534,35.657637,0 -97.465691,35.657633,0 -97.465692,35.657827,0 -97.465692,35.658126,0 -97.465692,35.658327,0 -97.465692,35.658512,0 -97.465694,35.658599,0 -97.465778,35.658618,0 -97.466316,35.658606,0 -97.466910,35.658610,0 -97.467035,35.658604,0 -97.467514,35.658595,0 -97.468102,35.658584,0 -97.468738,35.658584,0 -97.468932,35.658589,0 -97.469065,35.658615,0 -97.469184,35.658654,0 -97.469255,35.658694,0 -97.469321,35.658724,0 -97.469295,35.658949,0 -97.469312,35.660007,0 -97.469311,35.660131,0 -97.469303,35.661005,0 -97.469303,35.661886,0 -97.469278,35.663139,0 -97.469302,35.663656,0 -97.469302,35.663828,0 -97.469303,35.664458,0 -97.469310,35.665517,0 -97.469317,35.666340,0 -97.469322,35.666737,0 -97.469314,35.666849,0 -97.469304,35.666915,0 -97.469268,35.667127,0 -97.469263,35.667156,0 -97.469266,35.667243,0 -97.469492,35.667245,0 -97.469561,35.667245,0 -97.469599,35.667245,0 -97.469929,35.667247,0 -97.470299,35.667264,0 -97.470479,35.667265,0 -97.470676,35.667266,0 -97.471348,35.667269,0 -97.471955,35.667272,0 -97.472415,35.667273,0 -97.472947,35.667274,0 -97.473156,35.667275,0 -97.474496,35.667283,0 -97.475138,35.667288,0 -97.475995,35.667290,0 -97.476460,35.667295,0 -97.476580,35.667294,0 -97.477508,35.667289,0 -97.477542,35.667288,0 -97.478072,35.667285,0 -97.478245,35.667288,0 -97.478422,35.667291,0 -97.478756,35.667299,0 -97.479475,35.667316,0 -97.480536,35.667336,0 -97.480568,35.667336,0 -97.480685,35.667338,0 -97.480789,35.667339,0 -97.480824,35.667339,0 -97.481665,35.667342,0 -97.481715,35.667343,0 -97.482529,35.667348,0 -97.482674,35.667349,0 -97.482976,35.667351,0 -97.483011,35.667351,0 -97.483138,35.667352,0 -97.483243,35.667354,0 -97.483279,35.667354,0 -97.483587,35.667358,0 -97.484036,35.667364,0 -97.484243,35.667366,0 -97.485446,35.667382,0 -97.486185,35.667391,0 -97.486999,35.667411,0 -97.487045,35.667411,0 -97.487130,35.667413,0 -97.487237,35.667414,0 -97.487275,35.667415,0 -97.487544,35.667421,0 -97.487919,35.667408,0 -97.488245,35.667410,0 -97.489486,35.667416,0 -97.489896,35.667419,0 -97.489925,35.667419,0 -97.490339,35.667422,0 -97.491008,35.667426,0 -97.491899,35.667433,0 -97.493086,35.667441,0 -97.493784,35.667448,0 -97.494172,35.667449,0 -97.494263,35.667450,0 -97.495249,35.667452,0 -97.495370,35.667452,0 -97.495692,35.667452,0 -97.495864,35.667453,0 -97.495898,35.667453,0 -97.496083,35.667457,0 -97.496227,35.667457,0 -97.496257,35.667457,0 -97.496763,35.667463,0 -97.496966,35.667470,0 -97.497130,35.667467,0 -97.497144,35.667467,0 -97.497614,35.667472,0 -97.497959,35.667475,0 -97.498175,35.667475,0 -97.498259,35.667475,0 -97.499252,35.667476,0 -97.499408,35.667476,0 -97.500456,35.667477,0 -97.500492,35.667477,0 -97.501699,35.667478,0 -97.502450,35.667484,0 -97.503365,35.667489,0 -97.503792,35.667494,0 -97.503866,35.667495,0 -97.504022,35.667495,0 -97.504168,35.667495,0 -97.504251,35.667495,0 -97.504526,35.667494,0 -97.505269,35.667515,0 -97.505587,35.667517,0 -97.507305,35.667514,0 -97.508676,35.667508,0 -97.509102,35.667507,0 -97.509250,35.667559,0 -97.509726,35.667547,0 -97.509880,35.667555,0 -97.510341,35.667579,0 -97.510505,35.667579,0 -97.511161,35.667599,0 -97.512087,35.667596,0 -97.512905,35.667588,0 -97.512991,35.667585,0 -97.513455,35.667580,0 -97.513996,35.667587,0 -97.514151,35.667586,0 -97.514671,35.667592,0 -97.515090,35.667595,0 -97.515236,35.667597,0 -97.515476,35.667602,0 -97.515951,35.667606,0 -97.516244,35.667599,0 -97.516493,35.667594,0 -97.516599,35.667591,0 -97.516876,35.667583,0 -97.517201,35.667538,0 -97.517522,35.667538,0 -97.518655,35.667532,0 -97.520329,35.667524,0 -97.521301,35.667518,0 -97.521446,35.667517,0 -97.521921,35.667514,0 -97.522746,35.667510,0 -97.522918,35.667512,0 -97.523547,35.667521,0 -97.524243,35.667517,0 -97.524299,35.667516,0 -97.525796,35.667504,0 -97.528270,35.667499,0 -97.528418,35.667496,0 -97.530076,35.667481,0 -97.531033,35.667473,0 -97.531537,35.667473,0 -97.531567,35.667473,0 -97.531752,35.667473,0 -97.531931,35.667475,0 -97.531963,35.667475,0 -97.533569,35.667493,0 -97.533667,35.667494,0 -97.534396,35.667505,0 -97.535080,35.667510,0 -97.535678,35.667519,0 -97.538812,35.667568,0 -97.538933,35.667570,0 -97.539067,35.667569,0 -97.539179,35.667570,0 -97.540373,35.667584,0 -97.540561,35.667577,0 -97.540915,35.667563,0 -97.542651,35.667561,0 -97.544984,35.667558,0 -97.549433,35.667539,0 -97.549647,35.667538,0 -97.549840,35.667539,0 -97.550617,35.667546,0 -97.551476,35.667573,0 -97.552482,35.667585,0 -97.552931,35.667590,0 -97.553267,35.667594,0 -97.553391,35.667596,0 -97.554038,35.667591,0 -97.555746,35.667579,0 -97.555875,35.667579,0 -97.558518,35.667609,0 -97.560380,35.667620,0 -97.563989,35.667642,0 -97.565835,35.667657,0 -97.567157,35.667668,0 -97.574327,35.667627,0 -97.575966,35.667617,0 -97.576614,35.667613,0 -97.577318,35.667609,0 -97.577431,35.667610,0 -97.577526,35.667607,0 -97.578339,35.667602,0 -97.578552,35.667601,0 -97.579489,35.667595,0 -97.580097,35.667591,0 -97.580533,35.667589,0 -97.581605,35.667582,0 -97.582262,35.667582,0 -97.583640,35.667577,0 -97.584365,35.667571,0 -97.584395,35.667570,0 -97.584533,35.667569,0 -97.584534,35.667756,0 -97.584542,35.668744,0 -97.584535,35.669368,0 -97.584525,35.670269,0 -97.584531,35.671195,0 -97.584527,35.673051,0 -97.584525,35.674132,0 -97.584524,35.674814,0 -97.584524,35.676527,0 -97.584527,35.677297,0 -97.584515,35.681161,0 -97.584517,35.682016,0 -97.584518,35.682195,0 -97.584543,35.684374,0 -97.584578,35.685270,0 -97.584674,35.685749,0 -97.584677,35.686378,0 -97.584665,35.688960,0 -97.584669,35.689789,0 -97.584669,35.691732,0 -97.584671,35.695365,0 -97.584665,35.695910,0 -97.584667,35.696495,0 -97.584667,35.696622,0 -97.584667,35.696726,0 -97.584669,35.697454,0 -97.584670,35.697888,0 -97.584658,35.698900,0 -97.584653,35.700109,0 -97.584662,35.709878,0 -97.584663,35.710253,0 -97.584664,35.710436,0 -97.584675,35.711061,0 -97.584677,35.711168,0 -97.584679,35.711289,0 -97.584680,35.711906,0 -97.584679,35.712428,0 -97.584661,35.715251,0 -97.584659,35.716617,0 -97.584652,35.719654,0 -97.584653,35.720302,0 -97.584653,35.720718,0 -97.584651,35.720928,0 -97.584631,35.722550,0 -97.584630,35.722663,0 -97.584623,35.723098,0 -97.584614,35.723657,0 -97.584609,35.723973,0 -97.584616,35.724611,0 -97.584630,35.725120,0 -97.584640,35.725618,0 -97.584649,35.725779,0 -97.584652,35.725935,0 -97.584654,35.726441,0 -97.584661,35.726939,0 -97.584705,35.728106,0 -97.584744,35.728675,0 -97.584761,35.728867,0 -97.584860,35.730020,0 -97.584914,35.731117,0 -97.584898,35.733044,0 -97.584906,35.735365,0 -97.584906,35.735380,0 -97.584898,35.736944,0 -97.584883,35.740302,0 -97.584873,35.741120,0 -97.584879,35.742935,0 -97.584878,35.743699,0 -97.584864,35.752412,0 -97.584863,35.754836,0 -97.584847,35.762490,0 -97.584865,35.765824,0 -97.584862,35.767584,0 -97.584857,35.769424,0 -97.584857,35.769893,0 -97.584858,35.771969,0 -97.584858,35.772228,0 -97.584859,35.774828,0 -97.584865,35.775507,0 -97.584874,35.775993,0 -97.584875,35.776644,0 -97.584883,35.778799,0 -97.584882,35.779051,0 -97.584879,35.779743,0 -97.584889,35.780210,0 -97.584897,35.781200,0 -97.584893,35.782486,0 -97.584896,35.782954,0 -97.584896,35.783932,0 -97.584855,35.790504,0 -97.584852,35.791051,0 -97.584814,35.797241,0 -97.584810,35.798105,0 -97.584815,35.798508,0 -97.584814,35.798893,0 -97.584811,35.799726,0 -97.584837,35.801960,0 -97.584845,35.805315,0 -97.584851,35.805659,0 -97.584853,35.805831,0 -97.584888,35.813325,0 -97.584922,35.815856,0 -97.585045,35.827781,0 -97.585087,35.840039,0 -97.585126,35.842371,0 -97.585258,35.842371,0 -97.593457,35.842292,0 -97.593981,35.842393,0 -97.596022,35.842367,0 -97.599202,35.842380,0 -97.603008,35.842368,0 -97.610600,35.842342,0 -97.612291,35.842365,0 -97.612874,35.842362,0 -97.620909,35.842383,0 -97.624001,35.842367,0 -97.624152,35.842366,0 -97.624461,35.842364,0 -97.629704,35.842346,0 -97.629803,35.842346,0 -97.638763,35.842346,0 -97.641530,35.842341,0 -97.643177,35.842349,0 -97.644838,35.842344,0 -97.647661,35.842353,0 -97.656698,35.842384,0 -97.658207,35.842347,0 -97.659706,35.842354,0 -97.663039,35.842323,0 -97.663281,35.842403,0 -97.663538,35.842373,0 -97.663908,35.842343,0 -97.664394,35.842322,0 -97.664591,35.842314,0 -97.665979,35.842309,0 -97.666411,35.842307,0 -97.671345,35.842295,0 -97.674378,35.842283,0 -97.676467,35.842261,0 -97.678558,35.842270,0 -97.683273,35.842265,0 -97.684006,35.842261,0 -97.686516,35.842265,0 -97.688772,35.842256,0 -97.690111,35.842258,0 -97.691322,35.842257,0 -97.693618,35.842243,0 -97.695919,35.842223,0 -97.696860,35.842225,0 -97.697459,35.842214,0 -97.698118,35.842211,0 -97.699515,35.842211,0 -97.700174,35.842204,0 -97.701318,35.842191,0 -97.701417,35.842192,0 -97.704849,35.842172,0 -97.707707,35.842160,0 -97.707796,35.842159,0 -97.710050,35.842138,0 -97.712371,35.842109,0 -97.714580,35.842113,0 -97.716224,35.842111,0 -97.718522,35.842105,0 -97.719075,35.842101,0 -97.719785,35.842088,0 -97.720277,35.842087,0 -97.721876,35.842076,0 -97.725024,35.842047,0 -97.725673,35.842044,0 -97.727705,35.842038,0 -97.736493,35.841980,0 -97.739406,35.841966,0 -97.739968,35.841961,0 -97.745447,35.841937,0 -97.752010,35.841891,0 -97.755219,35.841867,0 -97.755939,35.841861,0 -97.757018,35.841860,0 -97.758764,35.841843,0 -97.760370,35.841840,0 -97.761142,35.841851,0 -97.761809,35.841886,0 -97.762574,35.841987,0 -97.763116,35.842067,0 -97.763794,35.842202,0 -97.764367,35.842331,0 -97.765027,35.842528,0 -97.765622,35.842725,0 -97.765914,35.842816,0 -97.766382,35.843006,0 -97.767094,35.843334,0 -97.768244,35.843968,0 -97.769323,35.844594,0 -97.770803,35.845453,0 -97.780712,35.851273,0 -97.781349,35.851640,0 -97.782167,35.852115,0 -97.782826,35.852491,0 -97.783018,35.852610,0 -97.783304,35.852774,0 -97.784213,35.853306,0 -97.785949,35.854322,0 -97.786644,35.854711,0 -97.786856,35.854821,0 -97.787352,35.855063,0 -97.787689,35.855207,0 -97.788267,35.855444,0 -97.788935,35.855668,0 -97.789500,35.855840,0 -97.789941,35.855961,0 -97.790266,35.856028,0 -97.790636,35.856106,0 -97.791200,35.856201,0 -97.791544,35.856256,0 -97.791851,35.856293,0 -97.792211,35.856332,0 -97.792755,35.856366,0 -97.793716,35.856392,0 -97.798504,35.856422,0 -97.801679,35.856444,0 -97.805645,35.856462,0 -97.806254,35.856466,0 -97.809842,35.856492,0 -97.816227,35.856524,0 -97.817316,35.856541,0 -97.819897,35.856549,0 -97.825240,35.856576,0 -97.833704,35.856604,0 -97.834090,35.856610,0 -97.835958,35.856607,0 -97.837485,35.856608,0 -97.837875,35.856603,0 -97.839827,35.856604,0 -97.842176,35.856604,0 -97.843109,35.856600,0 -97.851890,35.856609,0 -97.856520,35.856585,0 -97.865277,35.856602,0 -97.869139,35.856602,0 -97.869760,35.856606,0 -97.878638,35.856629,0 -97.881093,35.856623,0 -97.882378,35.856625,0 -97.887624,35.856643,0 -97.889882,35.856673,0 -97.894378,35.856723,0 -97.901288,35.856819,0 -97.902424,35.856841,0 -97.904244,35.856858,0 -97.905805,35.856875,0 -97.906328,35.856901,0 -97.907204,35.856942,0 -97.907511,35.856978,0 -97.907593,35.856988,0 -97.907773,35.857012,0 -97.908314,35.857095,0 -97.908787,35.857183,0 -97.909033,35.857233,0 -97.909406,35.857316,0 -97.909859,35.857431,0 -97.910248,35.857542,0 -97.910614,35.857655,0 -97.911033,35.857802,0 -97.911604,35.857996,0 -97.912170,35.858203,0 -97.912673,35.858385,0 -97.914784,35.859145,0 -97.916663,35.859826,0 -97.917709,35.860195,0 -97.918226,35.860354,0 -97.918515,35.860440,0 -97.919010,35.860567,0 -97.919658,35.860702,0 -97.920223,35.860791,0 -97.920668,35.860849,0 -97.921101,35.860899,0 -97.921749,35.860942,0 -97.922557,35.860955,0 -97.923708,35.860958,0 -97.924083,35.860961,0 -97.924743,35.860959,0 -97.924981,35.860955,0 -97.925664,35.860948,0 -97.926251,35.860944,0 -97.926365,35.860942,0 -97.928224,35.860925,0 -97.929006,35.860926,0 -97.930837,35.860931,0 -97.931380,35.860921,0 -97.931792,35.860923,0 -97.932486,35.860925,0 -97.932516,35.860925,0 -97.932704,35.860926,0 -97.932863,35.860925,0 -97.932908,35.860925,0 -97.933349,35.860924,0 -97.934028,35.860922,0 -97.935314,35.860919,0 -97.936552,35.860915,0 -97.937163,35.860918,0 -97.937301,35.860917,0 -97.937846,35.860913,0 -97.938375,35.860910,0 -97.938740,35.860908,0 -97.939128,35.860895,0 -97.939471,35.860864,0 -97.939772,35.860828,0 -97.940108,35.860771,0 -97.940400,35.860708,0 -97.940599,35.860659,0 -97.940944,35.860559,0 -97.941603,35.860357,0 -97.942629,35.860016,0 -97.946578,35.858749,0 -97.951344,35.857221,0 -97.952170,35.856955,0 -97.953079,35.856663,0 -97.954848,35.856093,0 -97.955379,35.855922,0 -97.957187,35.855336,0 -97.959388,35.854640,0 -97.959716,35.854542,0 -97.960385,35.854374,0 -97.960998,35.854248,0 -97.961616,35.854151,0 -97.962208,35.854079,0 -97.963100,35.854017,0 -97.963954,35.853992,0 -97.964752,35.853969,0 -97.965577,35.853969,0 -97.966170,35.853996,0 -97.966985,35.854072,0 -97.967547,35.854146,0 -97.968042,35.854233,0 -97.968410,35.854308,0 -97.968946,35.854440,0 -97.969488,35.854589,0 -97.970553,35.854884,0 -97.972721,35.855492,0 -97.973624,35.855748,0 -97.974067,35.855876,0 -97.974950,35.856097,0 -97.975923,35.856280,0 -97.976718,35.856384,0 -97.977329,35.856427,0 -97.977613,35.856446,0 -97.977965,35.856459,0 -97.978305,35.856465,0 -97.978625,35.856462,0 -97.986019,35.856351,0 -97.991492,35.856277,0 -97.994782,35.856231,0 -97.995402,35.856224,0 -97.995590,35.856223,0 -97.996233,35.856220,0 -97.997368,35.856214,0 -98.004891,35.856162,0 -98.005362,35.856160,0 -98.007586,35.856145,0 -98.011223,35.856121,0 -98.012706,35.856115,0 -98.012802,35.856114,0 -98.020365,35.856064,0 -98.020750,35.856061,0 -98.021177,35.856061,0 -98.030581,35.856002,0 -98.035367,35.855987,0 -98.041702,35.855972,0 -98.042661,35.855970,0 -98.044018,35.855968,0 -98.048409,35.855963,0 -98.049560,35.855949,0 -98.052871,35.855946,0 -98.053549,35.855945,0 -98.057101,35.855935,0 -98.057750,35.855931,0 -98.058348,35.855928,0 -98.058791,35.855929,0 -98.064626,35.855922,0 -98.064821,35.855921,0 -98.066112,35.855916,0 -98.070513,35.855890,0 -98.083744,35.855812,0 -98.097408,35.855736,0 -98.098095,35.855732,0 -98.100552,35.855719,0 -98.102536,35.855722,0 -98.115738,35.855793,0 -98.116042,35.855785,0 -98.116348,35.855771,0 -98.116881,35.855736,0 -98.117374,35.855682,0 -98.117791,35.855614,0 -98.118299,35.855513,0 -98.118554,35.855449,0 -98.118802,35.855383,0 -98.119078,35.855301,0 -98.119376,35.855203,0 -98.119685,35.855096,0 -98.120032,35.854963,0 -98.120322,35.854840,0 -98.120633,35.854697,0 -98.120937,35.854542,0 -98.121659,35.854172,0 -98.128175,35.850747,0 -98.128710,35.850463,0 -98.130777,35.849382,0 -98.131438,35.849037,0 -98.132654,35.848404,0 -98.133267,35.848103,0 -98.133888,35.847814,0 -98.134415,35.847596,0 -98.134791,35.847446,0 -98.135178,35.847299,0 -98.136300,35.846935,0 -98.151830,35.841995,0 -98.152483,35.841821,0 -98.153210,35.841653,0 -98.153965,35.841501,0 -98.154548,35.841398,0 -98.155025,35.841329,0 -98.155488,35.841275,0 -98.156143,35.841211,0 -98.156610,35.841174,0 -98.157116,35.841145,0 -98.157745,35.841125,0 -98.158309,35.841121,0 -98.158463,35.841121,0 -98.171721,35.841093,0 -98.173194,35.841092,0 -98.176193,35.841081,0 -98.183170,35.841056,0 -98.189503,35.841043,0 -98.190624,35.841041,0 -98.201976,35.841007,0 -98.202919,35.841009,0 -98.204667,35.841008,0 -98.206920,35.841024,0 -98.224737,35.841061,0 -98.228457,35.841067,0 -98.229309,35.841066,0 -98.242531,35.841073,0 -98.260318,35.841093,0 -98.278107,35.841095,0 -98.294774,35.841026,0 -98.302038,35.841009,0 -98.304041,35.841026,0 -98.318126,35.841062,0 -98.320239,35.841070,0 -98.330013,35.841089,0 -98.330965,35.841090,0 -98.348573,35.841133,0 -98.366482,35.841142,0 -98.366971,35.841142,0 -98.375341,35.841144,0 -98.384262,35.841144,0 -98.386296,35.841156,0 -98.388814,35.841157,0 -98.391014,35.841165,0 -98.391392,35.841168,0 -98.392140,35.841170,0 -98.393715,35.841170,0 -98.394554,35.841176,0 -98.395442,35.841179,0 -98.395855,35.841184,0 -98.396560,35.841184,0 -98.396658,35.841185,0 -98.396948,35.841184,0 -98.397199,35.841183,0 -98.397646,35.841184,0 -98.402173,35.841200,0 -98.404562,35.841208,0 -98.405804,35.841220,0 -98.407041,35.841224,0 -98.407375,35.841227,0 -98.408240,35.841228,0 -98.408527,35.841227,0 -98.409034,35.841229,0 -98.409639,35.841232,0 -98.410684,35.841233,0 -98.410882,35.841235,0 -98.411899,35.841245,0 -98.413144,35.841239,0 -98.414387,35.841250,0 -98.415336,35.841258,0 -98.415601,35.841260,0 -98.416831,35.841257,0 -98.418067,35.841268,0 -98.418310,35.841265,0 -98.418591,35.841267,0 -98.418859,35.841267,0 -98.418920,35.841268,0 -98.418969,35.841268,0 -98.419123,35.841269,0 -98.419284,35.841271,0 -98.419497,35.841271,0 -98.419839,35.841275,0 -98.419910,35.841274,0 -98.420276,35.841271,0 -98.421684,35.841297,0 -98.422833,35.841289,0 -98.423636,35.841294,0 -98.427327,35.841283,0 -98.431760,35.841280,0 -98.437127,35.841252,0 -98.438624,35.841266,0 -98.440130,35.841270,0 -98.443430,35.841277,0 -98.447255,35.841297,0 -98.453424,35.841310,0 -98.454662,35.841410,0 -98.455030,35.841446,0 -98.455679,35.841496,0 -98.456200,35.841522,0 -98.456775,35.841545,0 -98.458901,35.841513,0 -98.459369,35.841516,0 -98.462817,35.841526,0 -98.464857,35.841537,0 -98.468686,35.841546,0 -98.469223,35.841547,0 -98.472441,35.841561,0 -98.472962,35.841560,0 -98.481409,35.841550,0 -98.481904,35.841544,0 -98.490181,35.841540,0 -98.490680,35.841540,0 -98.499033,35.841517,0 -98.499566,35.841517,0 -98.507739,35.841489,0 -98.508369,35.841488,0 -98.516751,35.841476,0 -98.517184,35.841476,0 -98.525026,35.841464,0 -98.525513,35.841465,0 -98.533888,35.841451,0 -98.534398,35.841452,0 -98.542884,35.841431,0 -98.543358,35.841432,0 -98.554101,35.841497,0 -98.554599,35.841501,0 -98.560690,35.841515,0 -98.561141,35.841520,0 -98.567172,35.841587,0 -98.567652,35.841587,0 -98.569551,35.841588,0 -98.570116,35.841593,0 -98.573412,35.841592,0 -98.574416,35.841599,0 -98.575153,35.841559,0 -98.576681,35.841482,0 -98.578282,35.841391,0 -98.578960,35.841389,0 -98.584905,35.841383,0 -98.586878,35.841369,0 -98.587462,35.841365,0 -98.588657,35.841358,0 -98.589841,35.841352,0 -98.590535,35.841350,0 -98.591241,35.841352,0 -98.592584,35.841367,0 -98.593139,35.841396,0 -98.593660,35.841440,0 -98.594603,35.841583,0 -98.594973,35.841658,0 -98.595182,35.841710,0 -98.595402,35.841769,0 -98.595624,35.841830,0 -98.596032,35.841956,0 -98.596354,35.842069,0 -98.596696,35.842205,0 -98.597004,35.842335,0 -98.597458,35.842543,0 -98.597871,35.842764,0 -98.598274,35.843006,0 -98.598623,35.843232,0 -98.598984,35.843499,0 -98.599640,35.844052,0 -98.612503,35.855869,0 -98.614433,35.857649,0 -98.616758,35.859798,0 -98.628310,35.870366,0 -98.628567,35.870604,0 -98.629027,35.871028,0 -98.636027,35.877434,0 -98.638477,35.879664,0 -98.638507,35.879735,0 -98.640254,35.881321,0 -98.642359,35.883245,0 -98.643400,35.884208,0 -98.644278,35.885004,0 -98.644424,35.885137,0 -98.646902,35.887414,0 -98.649820,35.890092,0 -98.652139,35.892217,0 -98.655804,35.895577,0 -98.659292,35.898778,0 -98.659478,35.898946,0 -98.661283,35.900615,0 -98.663266,35.902446,0 -98.666584,35.905492,0 -98.667445,35.906273,0 -98.668915,35.907613,0 -98.671615,35.910086,0 -98.673996,35.912257,0 -98.675179,35.913337,0 -98.677921,35.915855,0 -98.680792,35.918491,0 -98.682475,35.920021,0 -98.684283,35.921698,0 -98.685321,35.922649,0 -98.687064,35.924234,0 -98.687693,35.924821,0 -98.689675,35.926647,0 -98.690974,35.927847,0 -98.692235,35.929011,0 -98.693500,35.930192,0 -98.694145,35.930774,0 -98.694762,35.931360,0 -98.694906,35.931487,0 -98.696057,35.932554,0 -98.697096,35.933567,0 -98.697613,35.934116,0 -98.698113,35.934643,0 -98.699176,35.935685,0 -98.702093,35.938375,0 -98.704721,35.940790,0 -98.706388,35.942326,0 -98.707742,35.943571,0 -98.710728,35.946301,0 -98.712597,35.948006,0 -98.714749,35.949981,0 -98.715707,35.950862,0 -98.715990,35.951112,0 -98.721230,35.955922,0 -98.722159,35.956758,0 -98.722328,35.956916,0 -98.722387,35.956966,0 -98.722707,35.957260,0 -98.722861,35.957401,0 -98.723784,35.958244,0 -98.725433,35.959767,0 -98.726320,35.960568,0 -98.726931,35.961133,0 -98.727420,35.961576,0 -98.727791,35.961909,0 -98.730718,35.964625,0 -98.733984,35.967594,0 -98.735925,35.969365,0 -98.737075,35.970428,0 -98.737455,35.970779,0 -98.738036,35.971327,0 -98.738583,35.971843,0 -98.739506,35.972824,0 -98.743725,35.977512,0 -98.744593,35.978477,0 -98.750298,35.984816,0 -98.751128,35.985739,0 -98.755510,35.990608,0 -98.759435,35.994970,0 -98.760581,35.996243,0 -98.761404,35.997157,0 -98.761552,35.997325,0 -98.763129,35.999072,0 -98.764171,36.000228,0 -98.768576,36.005125,0 -98.771483,36.008351,0 -98.771881,36.008794,0 -98.772699,36.009702,0 -98.773004,36.010042,0 -98.775150,36.012285,0 -98.775822,36.012995,0 -98.776760,36.013997,0 -98.777393,36.014648,0 -98.778220,36.015518,0 -98.778405,36.015712,0 -98.779940,36.017325,0 -98.781263,36.018724,0 -98.783248,36.020798,0 -98.783686,36.021261,0 -98.787652,36.025440,0 -98.790713,36.028650,0 -98.790763,36.028703,0 -98.790970,36.028920,0 -98.792831,36.030878,0 -98.796208,36.034422,0 -98.804858,36.043501,0 -98.807586,36.046362,0 -98.808742,36.047577,0 -98.809030,36.047883,0 -98.810240,36.049146,0 -98.813401,36.052457,0 -98.813920,36.052996,0 -98.814784,36.053920,0 -98.816814,36.056044,0 -98.817864,36.057150,0 -98.818100,36.057386,0 -98.818355,36.057650,0 -98.818975,36.058236,0 -98.819531,36.058723,0 -98.820283,36.059355,0 -98.820943,36.059897,0 -98.821442,36.060298,0 -98.822026,36.060731,0 -98.823465,36.061729,0 -98.823981,36.062109,0 -98.824368,36.062409,0 -98.825840,36.063632,0 -98.826598,36.064259,0 -98.827215,36.064802,0 -98.827535,36.065110,0 -98.827990,36.065564,0 -98.828400,36.065974,0 -98.828728,36.066306,0 -98.829119,36.066672,0 -98.829470,36.066991,0 -98.829820,36.067288,0 -98.830708,36.068029,0 -98.831815,36.068951,0 -98.840042,36.075797,0 -98.840667,36.076317,0 -98.852778,36.086393,0 -98.853131,36.086684,0 -98.853755,36.087213,0 -98.860846,36.093124,0 -98.861365,36.093558,0 -98.863573,36.095389,0 -98.866683,36.097987,0 -98.867234,36.098442,0 -98.867795,36.098913,0 -98.869703,36.100501,0 -98.870233,36.100940,0 -98.871170,36.101712,0 -98.872159,36.102487,0 -98.874133,36.104044,0 -98.878096,36.107164,0 -98.878647,36.107593,0 -98.883823,36.111668,0 -98.884369,36.112098,0 -98.890582,36.116989,0 -98.891159,36.117440,0 -98.897361,36.122308,0 -98.897931,36.122754,0 -98.898091,36.122885,0 -98.899604,36.124073,0 -98.900393,36.124665,0 -98.900707,36.124883,0 -98.901214,36.125223,0 -98.902963,36.126367,0 -98.907744,36.129965,0 -98.911723,36.132949,0 -98.915722,36.135907,0 -98.916088,36.136185,0 -98.920537,36.139511,0 -98.920987,36.139848,0 -98.921286,36.140071,0 -98.922131,36.140706,0 -98.922527,36.141003,0 -98.922737,36.141175,0 -98.922932,36.141344,0 -98.923189,36.141597,0 -98.923394,36.141827,0 -98.923589,36.142072,0 -98.923784,36.142341,0 -98.923853,36.142447,0 -98.923996,36.142700,0 -98.924132,36.142962,0 -98.924245,36.143218,0 -98.924336,36.143466,0 -98.924434,36.143831,0 -98.924467,36.143962,0 -98.924510,36.144223,0 -98.924540,36.144490,0 -98.924538,36.145284,0 -98.924539,36.145524,0 -98.924541,36.146029,0 -98.924555,36.147066,0 -98.924554,36.147136,0 -98.924546,36.148051,0 -98.924545,36.148117,0 -98.924546,36.148542,0 -98.924546,36.148795,0 -98.924546,36.149157,0 -98.924549,36.149825,0 -98.924550,36.150191,0 -98.924551,36.150529,0 -98.924551,36.150713,0 -98.924551,36.150806,0 -98.924552,36.150934,0 -98.924552,36.151262,0 -98.924547,36.151633,0 -98.924556,36.151816,0 -98.924559,36.151888,0 -98.924561,36.151919,0 -98.924577,36.152205,0 -98.924647,36.152612,0 -98.924711,36.152879,0 -98.924789,36.153103,0 -98.924829,36.153204,0 -98.924885,36.153324,0 -98.925087,36.153758,0 -98.925295,36.154086,0 -98.925307,36.154104,0 -98.925407,36.154254,0 -98.925498,36.154376,0 -98.925602,36.154517,0 -98.925618,36.154536,0 -98.925699,36.154628,0 -98.925798,36.154742,0 -98.925815,36.154759,0 -98.925901,36.154847,0 -98.926020,36.154969,0 -98.926082,36.155032,0 -98.926246,36.155193,0 -98.926666,36.155604,0 -98.926954,36.155879,0 -98.927073,36.155989,0 -98.928194,36.157072,0 -98.928560,36.157425,0 -98.930134,36.158941,0 -98.931118,36.159874,0 -98.931386,36.160163,0 -98.931702,36.160452,0 -98.932393,36.160966,0 -98.932825,36.161238,0 -98.933278,36.161497,0 -98.933736,36.161723,0 -98.934152,36.161912,0 -98.934685,36.162118,0 -98.937493,36.163154,0 -98.938202,36.163417,0 -98.945440,36.166087,0 -98.946154,36.166350,0 -98.949802,36.167686,0 -98.950899,36.168106,0 -98.951907,36.168470,0 -98.953710,36.169146,0 -98.955905,36.169957,0 -98.956977,36.170348,0 -98.957875,36.170666,0 -98.958748,36.170966,0 -98.959538,36.171221,0 -98.960369,36.171487,0 -98.961703,36.171908,0 -98.962768,36.172253,0 -98.963674,36.172560,0 -98.964450,36.172842,0 -98.965564,36.173238,0 -98.966686,36.173666,0 -98.972669,36.175859,0 -98.974527,36.176548,0 -98.976847,36.177393,0 -98.978968,36.178170,0 -98.979549,36.178382,0 -98.980050,36.178570,0 -98.980513,36.178750,0 -98.982870,36.179642,0 -98.985424,36.180700,0 -98.985902,36.180898,0 -98.987449,36.181534,0 -98.989525,36.182329,0 -98.991049,36.182866,0 -98.992285,36.183305,0 -98.993944,36.183900,0 -98.994737,36.184184,0 -98.997012,36.184959,0 -98.999259,36.185693,0 -99.000717,36.186199,0 -99.001395,36.186435,0 -99.001877,36.186602,0 -99.003199,36.187091,0 -99.004908,36.187717,0 -99.009059,36.189255,0 -99.010959,36.189930,0 -99.012147,36.190360,0 -99.013663,36.190943,0 -99.017785,36.192454,0 -99.021100,36.193666,0 -99.024027,36.194748,0 -99.026312,36.195584,0 -99.027175,36.195900,0 -99.028224,36.196287,0 -99.034305,36.198525,0 -99.035207,36.198854,0 -99.035995,36.199146,0 -99.045012,36.202462,0 -99.045907,36.202796,0 -99.051635,36.204901,0 -99.052606,36.205259,0 -99.054894,36.206094,0 -99.057359,36.207005,0 -99.060862,36.208293,0 -99.061756,36.208620,0 -99.066253,36.210275,0 -99.067849,36.210873,0 -99.068712,36.211225,0 -99.069316,36.211474,0 -99.070226,36.211876,0 -99.071585,36.212502,0 -99.072757,36.213069,0 -99.075931,36.214596,0 -99.076974,36.215087,0 -99.077992,36.215598,0 -99.078985,36.216077,0 -99.080058,36.216592,0 -99.083532,36.218275,0 -99.088107,36.220476,0 -99.088725,36.220774,0 -99.089944,36.221358,0 -99.094998,36.223799,0 -99.096542,36.224547,0 -99.097699,36.225096,0 -99.108579,36.230336,0 -99.109825,36.230942,0 -99.114381,36.233130,0 -99.115556,36.233704,0 -99.121967,36.236785,0 -99.122579,36.237079,0 -99.127342,36.239373,0 -99.127751,36.239569,0 -99.132267,36.241735,0 -99.133439,36.242318,0 -99.141862,36.246350,0 -99.142964,36.246878,0 -99.147101,36.248895,0 -99.155865,36.253109,0 -99.157231,36.253762,0 -99.164878,36.257446,0 -99.165916,36.257948,0 -99.172374,36.261018,0 -99.174126,36.261863,0 -99.174883,36.262239,0 -99.175641,36.262615,0 -99.178737,36.264107,0 -99.183742,36.266501,0 -99.186067,36.267615,0 -99.186933,36.268030,0 -99.187537,36.268340,0 -99.188110,36.268654,0 -99.188427,36.268854,0 -99.188867,36.269151,0 -99.189404,36.269538,0 -99.189913,36.269944,0 -99.191335,36.271082,0 -99.192193,36.271761,0 -99.192773,36.272222,0 -99.193955,36.273186,0 -99.194916,36.273945,0 -99.196211,36.274959,0 -99.197128,36.275711,0 -99.197857,36.276287,0 -99.198885,36.277117,0 -99.200100,36.278077,0 -99.201385,36.279110,0 -99.202002,36.279603,0 -99.202970,36.280397,0 -99.203298,36.280665,0 -99.203708,36.280976,0 -99.204239,36.281383,0 -99.204582,36.281655,0 -99.205773,36.282607,0 -99.206395,36.283095,0 -99.206739,36.283392,0 -99.207007,36.283642,0 -99.207310,36.283939,0 -99.207562,36.284228,0 -99.207812,36.284512,0 -99.208032,36.284801,0 -99.208295,36.285180,0 -99.208536,36.285610,0 -99.208713,36.285960,0 -99.209164,36.286855,0 -99.210081,36.288775,0 -99.210414,36.289482,0 -99.211014,36.290740,0 -99.212017,36.292792,0 -99.212240,36.293250,0 -99.212500,36.293828,0 -99.213243,36.295395,0 -99.213554,36.296035,0 -99.213798,36.296502,0 -99.214042,36.297020,0 -99.214434,36.297874,0 -99.214772,36.298514,0 -99.215166,36.299212,0 -99.215566,36.299800,0 -99.215901,36.300215,0 -99.216349,36.300726,0 -99.216829,36.301208,0 -99.217414,36.301724,0 -99.218391,36.302515,0 -99.219286,36.303223,0 -99.221504,36.305010,0 -99.222122,36.305499,0 -99.224350,36.307283,0 -99.225063,36.307852,0 -99.226034,36.308633,0 -99.226929,36.309348,0 -99.227955,36.310168,0 -99.228751,36.310814,0 -99.229547,36.311456,0 -99.230360,36.312104,0 -99.233644,36.314722,0 -99.239038,36.319070,0 -99.242230,36.321606,0 -99.242623,36.321920,0 -99.242859,36.322109,0 -99.244104,36.323102,0 -99.245207,36.323969,0 -99.245814,36.324460,0 -99.246546,36.325052,0 -99.247476,36.325818,0 -99.250382,36.328122,0 -99.254203,36.331220,0 -99.255283,36.332079,0 -99.255949,36.332614,0 -99.257210,36.333613,0 -99.258792,36.334893,0 -99.260432,36.336214,0 -99.263637,36.338765,0 -99.264377,36.339368,0 -99.264853,36.339743,0 -99.265131,36.339925,0 -99.265961,36.340438,0 -99.266315,36.340634,0 -99.267392,36.341194,0 -99.274490,36.344858,0 -99.277050,36.346177,0 -99.280560,36.347989,0 -99.283470,36.349481,0 -99.284568,36.350062,0 -99.286018,36.350820,0 -99.286884,36.351251,0 -99.287231,36.351446,0 -99.290810,36.353282,0 -99.293188,36.354518,0 -99.293512,36.354701,0 -99.293867,36.354916,0 -99.294151,36.355098,0 -99.294454,36.355313,0 -99.294670,36.355497,0 -99.294864,36.355659,0 -99.295089,36.355878,0 -99.295311,36.356084,0 -99.295472,36.356285,0 -99.295652,36.356501,0 -99.295811,36.356726,0 -99.295962,36.356961,0 -99.296169,36.357307,0 -99.296439,36.357834,0 -99.296963,36.358875,0 -99.297550,36.360048,0 -99.298356,36.361699,0 -99.299348,36.363664,0 -99.299557,36.364024,0 -99.299771,36.364352,0 -99.300063,36.364737,0 -99.300408,36.365132,0 -99.300841,36.365567,0 -99.301222,36.365904,0 -99.301750,36.366322,0 -99.302020,36.366509,0 -99.302386,36.366736,0 -99.302529,36.366825,0 -99.302837,36.366994,0 -99.302951,36.367057,0 -99.303755,36.367442,0 -99.303934,36.367527,0 -99.305229,36.368146,0 -99.306962,36.368949,0 -99.308903,36.369866,0 -99.317893,36.374068,0 -99.324249,36.377049,0 -99.327144,36.378393,0 -99.327940,36.378786,0 -99.328471,36.379076,0 -99.328986,36.379381,0 -99.330045,36.380022,0 -99.330761,36.380379,0 -99.335998,36.382840,0 -99.341401,36.385361,0 -99.342006,36.385611,0 -99.342700,36.385856,0 -99.343391,36.386088,0 -99.343963,36.386299,0 -99.344463,36.386499,0 -99.345001,36.386753,0 -99.349499,36.388891,0 -99.350374,36.389306,0 -99.352209,36.390163,0 -99.352759,36.390420,0 -99.353152,36.390619,0 -99.353651,36.390905,0 -99.354012,36.391144,0 -99.354360,36.391392,0 -99.354674,36.391641,0 -99.355189,36.392079,0 -99.355928,36.392709,0 -99.356878,36.393516,0 -99.357490,36.394054,0 -99.358119,36.394599,0 -99.358651,36.395049,0 -99.359161,36.395498,0 -99.359950,36.396171,0 -99.361044,36.397105,0 -99.362201,36.398094,0 -99.363245,36.398994,0 -99.363695,36.399376,0 -99.364272,36.399865,0 -99.365761,36.401136,0 -99.366189,36.401511,0 -99.366692,36.401948,0 -99.367712,36.402823,0 -99.368647,36.403618,0 -99.368787,36.403736,0 -99.369095,36.404000,0 -99.369632,36.404460,0 -99.369974,36.404761,0 -99.370301,36.405049,0 -99.371615,36.406165,0 -99.371936,36.406435,0 -99.373514,36.407787,0 -99.374453,36.408597,0 -99.374779,36.408879,0 -99.375137,36.409188,0 -99.376198,36.410096,0 -99.376929,36.410719,0 -99.377371,36.411107,0 -99.377586,36.411286,0 -99.377802,36.411472,0 -99.378316,36.411918,0 -99.380019,36.413370,0 -99.380196,36.413521,0 -99.380284,36.413596,0 -99.380493,36.413780,0 -99.380595,36.413869,0 -99.380878,36.414116,0 -99.381696,36.414835,0 -99.381819,36.414945,0 -99.381925,36.414993,0 -99.382058,36.415054,0 -99.382152,36.415143,0 -99.382325,36.415302,0 -99.382526,36.415486,0 -99.382738,36.415674,0 -99.383158,36.416045,0 -99.383690,36.416514,0 -99.385976,36.418475,0 -99.386191,36.418651,0 -99.386546,36.418961,0 -99.386663,36.419065,0 -99.386766,36.419158,0 -99.387109,36.419464,0 -99.387442,36.419808,0 -99.387677,36.420071,0 -99.387913,36.420364,0 -99.388155,36.420691,0 -99.388367,36.421022,0 -99.388550,36.421329,0 -99.388625,36.421457,0 -99.388699,36.421577,0 -99.388806,36.421766,0 -99.389020,36.422136,0 -99.389088,36.422250,0 -99.389318,36.422635,0 -99.389901,36.423667,0 -99.389966,36.423774,0 -99.390066,36.423948,0 -99.390100,36.424009,0 -99.390206,36.424221,0 -99.390338,36.424515,0 -99.390407,36.424717,0 -99.390458,36.424888,0 -99.390507,36.425066,0 -99.390546,36.425261,0 -99.390583,36.425471,0 -99.390596,36.425573,0 -99.390615,36.425756,0 -99.390633,36.426283,0 -99.390635,36.426781,0 -99.390633,36.427330,0 -99.390629,36.428343,0 -99.390629,36.429399,0 -99.390630,36.429597,0 -99.390635,36.430463,0 -99.390634,36.430529,0 -99.390624,36.431402,0 -99.390624,36.431491,0 -99.390627,36.432083,0 -99.390624,36.432450,0 -99.390624,36.432511,0 -99.390623,36.432948,0 -99.390622,36.433413,0 -99.390622,36.433451,0 -99.390624,36.433620,0 -99.390773,36.433619,0 -99.390822,36.433619,0 -99.391451,36.433620,0 -99.391665,36.433622,0 -99.391796,36.433624,0 -99.391924,36.433624,0 -99.392065,36.433630,0 -99.392520,36.433649,0 -99.392977,36.433673,0 -99.393208,36.433675,0 -99.393323,36.433675,0 -99.393729,36.433674,0 -99.393978,36.433674,0 -99.394920,36.433674,0 -99.395285,36.433674,0 -99.395644,36.433674,0 -99.395791,36.433676,0 -99.395904,36.433676,0 -99.396288,36.433677,0 -99.396549,36.433677,0 -99.397078,36.433677,0 -99.398370,36.433675,0 -99.399010,36.433677,0 -99.399641,36.433679,0 -99.400227,36.433677,0 -99.400948,36.433679,0 -99.402252,36.433676,0 -99.402886,36.433678,0 -99.403518,36.433679,0 -99.404157,36.433681,0 -99.404813,36.433681,0 -99.405465,36.433679,0 -99.405697,36.433679,0 -99.405931,36.433678,0 -99.406094,36.433678,0 -99.406478,36.433673,0 -99.406727,36.433670,0 -99.406900,36.433669,0 -99.407220,36.433663,0 -99.407353,36.433660,0 -99.407482,36.433658,0 -99.407858,36.433653,0 -99.408232,36.433649,0 -99.408356,36.433647,0 -99.408678,36.433643,0 -99.408975,36.433635,0 -99.409570,36.433618,0 -99.409659,36.433613,0 -99.410357,36.433575,0 -99.410850,36.433545,0 -99.411314,36.433527,0 -99.411881,36.433514,0 -99.412693,36.433500,0 -99.413372,36.433502,0 -99.414859,36.433510,0 -99.415368,36.433514,0 -99.416010,36.433527,0 -99.416263,36.433534,0 -99.416449,36.433589,0 -99.417304,36.433624,0 -99.417716,36.433647,0 -99.418540,36.433668,0 -99.419806,36.433659,0 -99.420583,36.433653,0 -99.421055,36.433652,0 -99.422198,36.433666,0 -99.422822,36.433670,0 -99.424099,36.433671,0 -99.424602,36.433628,0 -99.424778,36.433613,0 -99.425135,36.433615,0 -99.425289,36.433616,0 -99.425419,36.433618,0 -99.425866,36.433619,0 -99.426259,36.433597,0 -99.426359,36.433591,0 -99.426555,36.433578,0 -99.426748,36.433573,0 -99.427068,36.433565,0 -99.427320,36.433558,0 -99.427440,36.433555,0 -99.427495,36.433554,0 -99.427744,36.433555,0 -99.427935,36.433555,0 -99.428150,36.433711,0 -99.428335,36.433878,0 -99.428336,36.434079,0 -99.428337,36.434160,0 -99.428355,36.434311,0 -99.428364,36.434388,0 -99.428403,36.434532,0 -99.428416,36.434563,0 -99.428458,36.434665,0 -99.428540,36.434808,0 -99.428629,36.434933,0 -99.428747,36.435063,0 -99.429086,36.435395,0 -99.429365,36.435675,0 -99.429484,36.435816,0 -99.429625,36.435988,0 -99.429832,36.436281,0 -99.430021,36.436567,0 -99.430512,36.437460,0 -99.430815,36.438012,0 -99.432051,36.440279,0 -99.432300,36.440735,0 -99.432338,36.440940,0 -99.432600,36.441455,0 -99.432700,36.441635,0 -99.432990,36.442133,0 -99.433127,36.442208,0 -99.433442,36.442801,0 -99.433684,36.443244,0 -99.433832,36.443514,0 -99.434198,36.444179,0 -99.434421,36.444587,0 -99.434472,36.444680,0 -99.434665,36.445039,0 -99.435635,36.446841,0 -99.436257,36.448004,0 -99.436679,36.448755,0 -99.436909,36.449162,0 -99.437069,36.449410,0 -99.437279,36.449730,0 -99.437613,36.450150,0 -99.438020,36.450592,0 -99.438412,36.450962,0 -99.438822,36.451303,0 -99.439040,36.451473,0 -99.439277,36.451641,0 -99.439750,36.451957,0 -99.440182,36.452217,0 -99.443560,36.454262,0 -99.447376,36.456576,0 -99.448174,36.457044,0 -99.448517,36.457249,0 -99.452394,36.459580,0 -99.454182,36.460672,0 -99.457062,36.462404,0 -99.457238,36.462509,0 -99.461532,36.465104,0 -99.462737,36.465817,0 -99.464429,36.466842,0 -99.467339,36.468596,0 -99.469255,36.469734,0 -99.472270,36.471518,0 -99.474212,36.472645,0 -99.474863,36.473024,0 -99.476118,36.473763,0 -99.478259,36.475074,0 -99.479719,36.475957,0 -99.481301,36.476923,0 -99.485031,36.479190,0 -99.486671,36.480184,0 -99.487966,36.480967,0 -99.489342,36.481806,0 -99.493207,36.484159,0 -99.494057,36.484679,0 -99.494757,36.485109,0 -99.495770,36.485717,0 -99.497742,36.486897,0 -99.498260,36.487227,0 -99.498729,36.487551,0 -99.499156,36.487879,0 -99.499474,36.488153,0 -99.499816,36.488477,0 -99.500173,36.488868,0 -99.500479,36.489249,0 -99.500712,36.489578,0 -99.500936,36.489913,0 -99.501136,36.490255,0 -99.502190,36.492020,0 -99.502471,36.492501,0 -99.506051,36.498533,0 -99.507614,36.501099,0 -99.510807,36.506478,0 -99.512400,36.509174,0 -99.514000,36.511862,0 -99.523062,36.527110,0 -99.524184,36.529011,0 -99.525088,36.530540,0 -99.525580,36.531391,0 -99.526569,36.533025,0 -99.526900,36.533600,0 -99.533587,36.544818,0 -99.540287,36.556093,0 -99.541319,36.557841,0 -99.541889,36.558776,0 -99.542242,36.559312,0 -99.542399,36.559543,0 -99.542673,36.559872,0 -99.542953,36.560168,0 -99.543206,36.560424,0 -99.543477,36.560666,0 -99.543801,36.560937,0 -99.544132,36.561183,0 -99.544712,36.561587,0 -99.545885,36.562329,0 -99.547141,36.563113,0 -99.550451,36.565261,0 -99.551465,36.565919,0 -99.552742,36.566744,0 -99.554023,36.567584,0 -99.554893,36.568143,0 -99.555955,36.568803,0 -99.556639,36.569150,0 -99.557231,36.569413,0 -99.557820,36.569629,0 -99.558349,36.569816,0 -99.558622,36.569913,0 -99.560347,36.570511,0 -99.560961,36.570713,0 -99.566133,36.572414,0 -99.567030,36.572710,0 -99.567722,36.572938,0 -99.569081,36.573377,0 -99.569377,36.573465,0 -99.569670,36.573534,0 -99.570023,36.573598,0 -99.570437,36.573658,0 -99.570737,36.573685,0 -99.570825,36.573693,0 -99.571043,36.573707,0 -99.571298,36.573713,0 -99.571523,36.573714,0 -99.571994,36.573713,0 -99.572635,36.573706,0 -99.573283,36.573698,0 -99.574518,36.573686,0 -99.575229,36.573677,0 -99.575483,36.573673,0 -99.575801,36.573669,0 -99.577307,36.573646,0 -99.577637,36.573649,0 -99.577936,36.573651,0 -99.578231,36.573672,0 -99.578590,36.573700,0 -99.578950,36.573755,0 -99.579284,36.573811,0 -99.579689,36.573904,0 -99.580059,36.574014,0 -99.580385,36.574126,0 -99.580597,36.574205,0 -99.581092,36.574414,0 -99.582705,36.575112,0 -99.584385,36.575843,0 -99.585047,36.576127,0 -99.586442,36.576746,0 -99.587056,36.577016,0 -99.587488,36.577201,0 -99.593519,36.579801,0 -99.594750,36.580331,0 -99.595235,36.580542,0 -99.601678,36.583330,0 -99.602537,36.583652,0 -99.603508,36.583973,0 -99.605475,36.584521,0 -99.623290,36.589317,0 -99.630937,36.591401,0 -99.631632,36.591607,0 -99.632282,36.591818,0 -99.633576,36.592247,0 -99.636141,36.593127,0 -99.644955,36.596176,0 -99.646987,36.596886,0 -99.655575,36.599856,0 -99.656128,36.600028,0 -99.656567,36.600147,0 -99.657000,36.600248,0 -99.657469,36.600342,0 -99.657897,36.600408,0 -99.658258,36.600450,0 -99.658549,36.600476,0 -99.658867,36.600493,0 -99.659363,36.600503,0 -99.660455,36.600508,0 -99.666318,36.600494,0 -99.672896,36.600484,0 -99.674069,36.600476,0 -99.680193,36.600472,0 -99.684357,36.600461,0 -99.685951,36.600459,0 -99.686824,36.600462,0 -99.688107,36.600460,0 -99.692004,36.600456,0 -99.700866,36.600449,0 -99.701327,36.600473,0 -99.701735,36.600509,0 -99.702341,36.600593,0 -99.702896,36.600709,0 -99.703206,36.600791,0 -99.703421,36.600849,0 -99.704000,36.601028,0 -99.705125,36.601398,0 -99.707389,36.602158,0 -99.713025,36.604020,0 -99.717686,36.605514,0 -99.718693,36.605838,0 -99.728070,36.608952,0 -99.742008,36.613654,0 -99.744869,36.614588,0 -99.745290,36.614698,0 -99.745710,36.614787,0 -99.746220,36.614854,0 -99.746876,36.614905,0 -99.747468,36.614907,0 -99.748101,36.614907,0 -99.748733,36.614904,0 -99.750033,36.614907,0 -99.750930,36.614903,0 -99.752383,36.614896,0 -99.753336,36.614891,0 -99.753916,36.614911,0 -99.754487,36.614982,0 -99.755035,36.615084,0 -99.755195,36.615121,0 -99.755601,36.615231,0 -99.755991,36.615362,0 -99.756488,36.615552,0 -99.756980,36.615766,0 -99.757234,36.615891,0 -99.757522,36.616039,0 -99.757605,36.616083,0 -99.757967,36.616295,0 -99.758491,36.616619,0 -99.758974,36.616956,0 -99.759510,36.617372,0 -99.760565,36.618183,0 -99.763308,36.620279,0 -99.763727,36.620547,0 -99.764180,36.620812,0 -99.764703,36.621084,0 -99.765242,36.621325,0 -99.766083,36.621633,0 -99.767063,36.621936,0 -99.767983,36.622134,0 -99.768734,36.622244,0 -99.769321,36.622298,0 -99.769814,36.622321,0 -99.771556,36.622335,0 -99.772434,36.622334,0 -99.782316,36.622361,0 -99.787676,36.622373,0 -99.800497,36.622382,0 -99.802563,36.622391,0 -99.818618,36.622391,0 -99.829050,36.622390,0 -99.836674,36.622373,0 -99.837555,36.622374,0 -99.841263,36.622369,0 -99.842022,36.622366,0 -99.846879,36.622348,0 -99.847735,36.622347,0 -99.850924,36.622337,0 -99.851783,36.622337,0 -99.855489,36.622333,0 -99.855715,36.622331,0 -99.857991,36.622325,0 -99.864401,36.622307,0 -99.873026,36.622294,0 -99.884893,36.622213,0 -99.886858,36.622190,0 -99.890511,36.622183,0 -99.890613,36.622181,0 -99.890750,36.622220,0 -99.890840,36.622257,0 -99.890908,36.622295,0 -99.890964,36.622339,0 -99.891010,36.622380,0 -99.891052,36.622442,0 -99.891103,36.622568,0 -99.891111,36.622732,0 -99.891113,36.622928,0 -99.891117,36.623411,0 -99.891131,36.625015,0 -99.891148,36.625706,0 -99.891151,36.625842,0 -99.891171,36.628349,0 -99.891235,36.630279,0 -99.891310,36.636954,0 -99.891308,36.637828,0 -99.891320,36.641315,0 -99.891323,36.643922,0 -99.891341,36.648072,0 -99.891342,36.648427,0 -99.891359,36.648956,0 -99.891352,36.650117,0 -99.891347,36.650503,0 -99.891335,36.651541,0 -99.891312,36.655106,0 -99.891262,36.656878,0 -99.891263,36.657741,0 -99.891257,36.659594,0 -99.891185,36.666116,0 -99.891160,36.668672,0 -99.891134,36.670105,0 -99.891122,36.671398,0 -99.891114,36.671709,0 -99.891106,36.672246,0 -99.891030,36.677050,0 -99.891007,36.678502,0 -99.891029,36.680420,0 -99.891024,36.680698,0 -99.891012,36.681402,0 -99.890999,36.685115,0 -99.890999,36.687519,0 -99.891035,36.687733,0 -99.891010,36.688771,0 -99.891005,36.689014,0 -99.890997,36.689501,0 -99.891016,36.690532,0 -99.891027,36.693074,0 -99.891010,36.694061,0 -99.891024,36.695134,0 -99.891044,36.695474,0 -99.891102,36.695601,0 -99.891166,36.695793,0 -99.891179,36.695832,0 -99.891356,36.696362,0 -99.891459,36.696671,0 -99.891543,36.696870,0 -99.891823,36.697539,0 -99.892200,36.698432,0 -99.892445,36.699011,0 -99.892582,36.699323,0 -99.892752,36.699710,0 -99.892791,36.699799,0 -99.892824,36.699874,0 -99.892994,36.700277,0 -99.893141,36.700627,0 -99.893202,36.700807,0 -99.893296,36.701086,0 -99.893344,36.701227,0 -99.893495,36.701674,0 -99.893507,36.701750,0 -99.893609,36.702399,0 -99.893623,36.702672,0 -99.893640,36.702986,0 -99.893647,36.703831,0 -99.893648,36.703958,0 -99.893649,36.704064,0 -99.893654,36.704674,0 -99.893664,36.705639,0 -99.893670,36.706139,0 -99.893671,36.706623,0 -99.893670,36.707119,0 -99.893669,36.707526,0 -99.893669,36.707602,0 -99.893669,36.708094,0 -99.893668,36.708605,0 -99.893686,36.709161,0 -99.893690,36.709532,0</coordinates>
        </LineString>
      </Placemark>
      <Placemark>
        <name>Day 2</name>
        <description>Laverne, OK to Boise City, OK</description>
        <LineString>
          <tessellate>1</tessellate>
          <coordinates>-99.893693,36.709800,0 -99.893692,36.709721,0 -99.893690,36.709568,0 -99.893686,36.709161,0 -99.893668,36.708605,0 -99.893669,36.708094,0 -99.893669,36.707602,0 -99.893669,36.707526,0 -99.893670,36.707119,0 -99.893671,36.706623,0 -99.893670,36.706139,0 -99.893664,36.705639,0 -99.893654,36.704674,0 -99.893649,36.704064,0 -99.893648,36.703958,0 -99.893647,36.703831,0 -99.893640,36.702986,0 -99.893623,36.702672,0 -99.893609,36.702399,0 -99.893507,36.701750,0 -99.893495,36.701674,0 -99.893344,36.701227,0 -99.893296,36.701086,0 -99.893202,36.700807,0 -99.893141,36.700627,0 -99.892994,36.700277,0 -99.892824,36.699874,0 -99.892791,36.699799,0 -99.892752,36.699710,0 -99.892582,36.699323,0 -99.892445,36.699011,0 -99.892200,36.698432,0 -99.891823,36.697539,0 -99.891543,36.696870,0 -99.891459,36.696671,0 -99.891356,36.696362,0 -99.891179,36.695832,0 -99.891166,36.695793,0 -99.891102,36.695601,0 -99.891044,36.695474,0 -99.891024,36.695134,0 -99.891010,36.694061,0 -99.891027,36.693074,0 -99.891016,36.690532,0 -99.890997,36.689501,0 -99.891005,36.689014,0 -99.891010,36.688771,0 -99.891035,36.687733,0 -99.890999,36.687519,0 -99.890999,36.685115,0 -99.891012,36.681402,0 -99.891024,36.680698,0 -99.891029,36.680420,0 -99.891007,36.678502,0 -99.891030,36.677050,0 -99.891106,36.672246,0 -99.891114,36.671709,0 -99.891122,36.671398,0 -99.891134,36.670105,0 -99.891160,36.668672,0 -99.891185,36.666116,0 -99.891257,36.659594,0 -99.891263,36.657741,0 -99.891262,36.656878,0 -99.891312,36.655106,0 -99.891335,36.651541,0 -99.891347,36.650503,0 -99.891352,36.650117,0 -99.891359,36.648956,0 -99.891342,36.648427,0 -99.891341,36.648072,0 -99.891323,36.643922,0 -99.891320,36.641315,0 -99.891308,36.637828,0 -99.891310,36.636954,0 -99.891235,36.630279,0 -99.891171,36.628349,0 -99.891151,36.625842,0 -99.891148,36.625706,0 -99.891131,36.625015,0 -99.891117,36.623411,0 -99.891113,36.622928,0 -99.891111,36.622732,0 -99.891103,36.622568,0 -99.891156,36.622472,0 -99.891213,36.622376,0 -99.891282,36.622311,0 -99.891363,36.622258,0 -99.891456,36.622211,0 -99.891550,36.622185,0 -99.891958,36.622190,0 -99.892563,36.622197,0 -99.893237,36.622204,0 -99.895300,36.622225,0 -99.898579,36.622260,0 -99.900025,36.622261,0 -99.902425,36.622291,0 -99.909154,36.622317,0 -99.918275,36.622499,0 -99.925660,36.622655,0 -99.926162,36.622660,0 -99.926711,36.622664,0 -99.927649,36.622660,0 -99.931597,36.622613,0 -99.931897,36.622610,0 -99.934201,36.622584,0 -99.940930,36.622503,0 -99.944935,36.622450,0 -99.962415,36.622133,0 -99.979181,36.622267,0 -99.980104,36.622275,0 -99.980784,36.622277,0 -99.992301,36.622368,0 -99.993582,36.622368,0 -99.994179,36.622352,0 -99.994375,36.622335,0 -99.994723,36.622295,0 -99.995019,36.622263,0 -99.995351,36.622209,0 -99.995745,36.622127,0 -99.996125,36.622040,0 -99.996507,36.621945,0 -99.996932,36.621816,0 -99.997328,36.621679,0 -99.997673,36.621547,0 -99.998151,36.621336,0 -99.998642,36.621099,0 -100.003267,36.618780,0 -100.006427,36.617189,0 -100.007117,36.616874,0 -100.007871,36.616584,0 -100.008305,36.616452,0 -100.008760,36.616334,0 -100.009385,36.616198,0 -100.009938,36.616105,0 -100.010437,36.616043,0 -100.010877,36.616008,0 -100.011397,36.615988,0 -100.012294,36.615987,0 -100.013029,36.615986,0 -100.016615,36.615982,0 -100.021216,36.615971,0 -100.032455,36.615914,0 -100.035218,36.615903,0 -100.035859,36.615901,0 -100.039206,36.615887,0 -100.047023,36.615898,0 -100.049514,36.615906,0 -100.057159,36.615917,0 -100.062815,36.615915,0 -100.075209,36.615897,0 -100.077775,36.615898,0 -100.078125,36.615899,0 -100.087016,36.615928,0 -100.087497,36.615923,0 -100.091392,36.615924,0 -100.103873,36.615981,0 -100.105012,36.615986,0 -100.106066,36.615990,0 -100.107270,36.615993,0 -100.107960,36.615995,0 -100.108123,36.615996,0 -100.108308,36.615996,0 -100.109359,36.616000,0 -100.113611,36.616010,0 -100.117461,36.616009,0 -100.127290,36.616044,0 -100.132862,36.616077,0 -100.145323,36.616158,0 -100.154438,36.616179,0 -100.163496,36.616173,0 -100.164844,36.616178,0 -100.167053,36.616195,0 -100.172394,36.616228,0 -100.181368,36.616289,0 -100.189675,36.616370,0 -100.193735,36.616414,0 -100.197480,36.616444,0 -100.200165,36.616456,0 -100.217380,36.616300,0 -100.235398,36.616214,0 -100.245787,36.616198,0 -100.253472,36.616176,0 -100.271510,36.616151,0 -100.275148,36.616141,0 -100.281895,36.616137,0 -100.282345,36.616136,0 -100.283362,36.616135,0 -100.289606,36.616126,0 -100.307439,36.616061,0 -100.312507,36.616083,0 -100.323383,36.616130,0 -100.325560,36.616142,0 -100.343505,36.616166,0 -100.349115,36.616185,0 -100.355613,36.616188,0 -100.360299,36.616193,0 -100.361490,36.616192,0 -100.364488,36.616207,0 -100.379470,36.616277,0 -100.382109,36.616266,0 -100.384765,36.616256,0 -100.391190,36.616232,0 -100.394897,36.616224,0 -100.395296,36.616223,0 -100.396676,36.616220,0 -100.397455,36.616217,0 -100.400168,36.616217,0 -100.415335,36.616236,0 -100.417034,36.616235,0 -100.418090,36.616236,0 -100.423287,36.616247,0 -100.426308,36.616254,0 -100.427449,36.616261,0 -100.430954,36.616270,0 -100.431373,36.616272,0 -100.433345,36.616267,0 -100.447211,36.616277,0 -100.451355,36.616277,0 -100.455530,36.616279,0 -100.463229,36.616278,0 -100.469385,36.616284,0 -100.477375,36.616268,0 -100.481689,36.616259,0 -100.486278,36.616249,0 -100.488137,36.616245,0 -100.489197,36.616246,0 -100.491841,36.616247,0 -100.495929,36.616250,0 -100.496492,36.616250,0 -100.502709,36.616243,0 -100.503256,36.616245,0 -100.508149,36.616248,0 -100.508901,36.616244,0 -100.518517,36.616242,0 -100.520725,36.616226,0 -100.521979,36.616227,0 -100.522289,36.616227,0 -100.522347,36.616227,0 -100.522965,36.616228,0 -100.523615,36.616229,0 -100.523768,36.616229,0 -100.524079,36.616229,0 -100.524174,36.616229,0 -100.524935,36.616230,0 -100.525551,36.616234,0 -100.528163,36.616260,0 -100.528341,36.616261,0 -100.539064,36.616290,0 -100.548971,36.616292,0 -100.551549,36.616293,0 -100.551983,36.616293,0 -100.559025,36.616296,0 -100.564318,36.616304,0 -100.570805,36.616314,0 -100.571033,36.616316,0 -100.576197,36.616324,0 -100.576939,36.616322,0 -100.577997,36.616329,0 -100.595011,36.616303,0 -100.595775,36.616304,0 -100.596569,36.616308,0 -100.599270,36.616301,0 -100.600396,36.616298,0 -100.606831,36.616289,0 -100.608768,36.616285,0 -100.613001,36.616283,0 -100.630806,36.616384,0 -100.648777,36.616408,0 -100.655934,36.616417,0 -100.666773,36.616432,0 -100.672272,36.616427,0 -100.684052,36.616439,0 -100.684779,36.616444,0 -100.685481,36.616444,0 -100.686191,36.616449,0 -100.690602,36.616413,0 -100.702789,36.616421,0 -100.711738,36.616396,0 -100.720847,36.616370,0 -100.731395,36.616369,0 -100.738571,36.616365,0 -100.747491,36.616363,0 -100.752972,36.616366,0 -100.756545,36.616365,0 -100.761181,36.616357,0 -100.765523,36.616350,0 -100.774597,36.616343,0 -100.792555,36.616354,0 -100.801257,36.616335,0 -100.801469,36.616334,0 -100.810612,36.616314,0 -100.817146,36.616304,0 -100.817343,36.616303,0 -100.821161,36.616315,0 -100.822355,36.616318,0 -100.824206,36.616324,0 -100.825404,36.616320,0 -100.828141,36.616306,0 -100.828594,36.616301,0 -100.828655,36.616299,0 -100.829145,36.616305,0 -100.832965,36.616323,0 -100.839029,36.616314,0 -100.841845,36.616310,0 -100.846196,36.616319,0 -100.846829,36.616320,0 -100.851110,36.616332,0 -100.856725,36.616359,0 -100.856973,36.616360,0 -100.863708,36.616391,0 -100.864715,36.616396,0 -100.867281,36.616399,0 -100.869804,36.616402,0 -100.871847,36.616405,0 -100.882658,36.616421,0 -100.900657,36.616473,0 -100.903595,36.616474,0 -100.903819,36.616474,0 -100.914281,36.616476,0 -100.915003,36.616476,0 -100.918553,36.616477,0 -100.919856,36.616479,0 -100.927466,36.616490,0 -100.936558,36.616514,0 -100.937376,36.616516,0 -100.944940,36.616543,0 -100.946413,36.616545,0 -100.946706,36.616546,0 -100.951343,36.616559,0 -100.952799,36.616563,0 -100.972075,36.616521,0 -100.977479,36.616525,0 -100.990123,36.616538,0 -101.002412,36.616535,0 -101.003233,36.616537,0 -101.003634,36.616535,0 -101.004694,36.616538,0 -101.008072,36.616534,0 -101.017122,36.616548,0 -101.019227,36.616548,0 -101.021692,36.616540,0 -101.022540,36.616546,0 -101.025563,36.616542,0 -101.026015,36.616540,0 -101.031957,36.616549,0 -101.045217,36.616569,0 -101.052249,36.616559,0 -101.061931,36.616546,0 -101.079919,36.616525,0 -101.082766,36.616518,0 -101.083431,36.616519,0 -101.091470,36.616520,0 -101.098015,36.616522,0 -101.104248,36.616511,0 -101.110503,36.616496,0 -101.115988,36.616493,0 -101.119902,36.616493,0 -101.134017,36.616487,0 -101.152077,36.616497,0 -101.152347,36.616497,0 -101.153264,36.616496,0 -101.160412,36.616496,0 -101.161006,36.616494,0 -101.169952,36.616504,0 -101.174749,36.616497,0 -101.175095,36.616497,0 -101.178938,36.616501,0 -101.180121,36.616500,0 -101.183701,36.616497,0 -101.186258,36.616495,0 -101.186940,36.616495,0 -101.187561,36.616496,0 -101.187982,36.616494,0 -101.188934,36.616490,0 -101.189433,36.616495,0 -101.189738,36.616494,0 -101.190660,36.616495,0 -101.191916,36.616493,0 -101.192071,36.616493,0 -101.192482,36.616493,0 -101.193153,36.616492,0 -101.193802,36.616492,0 -101.194413,36.616494,0 -101.194752,36.616504,0 -101.194990,36.616520,0 -101.195215,36.616554,0 -101.195416,36.616600,0 -101.195582,36.616648,0 -101.195807,36.616736,0 -101.196047,36.616861,0 -101.196218,36.616967,0 -101.196439,36.617128,0 -101.196686,36.617360,0 -101.196828,36.617511,0 -101.197228,36.617920,0 -101.198827,36.619559,0 -101.199757,36.620511,0 -101.200494,36.621269,0 -101.200734,36.621530,0 -101.201021,36.621859,0 -101.201136,36.622015,0 -101.201386,36.622378,0 -101.201618,36.622742,0 -101.201905,36.623288,0 -101.202209,36.624019,0 -101.202478,36.624788,0 -101.203036,36.626305,0 -101.204039,36.629087,0 -101.204733,36.631014,0 -101.205116,36.632068,0 -101.205548,36.633280,0 -101.206058,36.634678,0 -101.206305,36.635260,0 -101.206584,36.635852,0 -101.207147,36.636913,0 -101.207758,36.637893,0 -101.208251,36.638606,0 -101.208736,36.639241,0 -101.209589,36.640236,0 -101.210163,36.640851,0 -101.211188,36.641818,0 -101.212258,36.642780,0 -101.213587,36.643975,0 -101.214284,36.644601,0 -101.215021,36.645238,0 -101.215831,36.645873,0 -101.216048,36.646040,0 -101.216334,36.646249,0 -101.216825,36.646615,0 -101.217658,36.647174,0 -101.217979,36.647375,0 -101.218242,36.647539,0 -101.218748,36.647855,0 -101.219834,36.648447,0 -101.220166,36.648626,0 -101.220499,36.648786,0 -101.221493,36.649264,0 -101.222857,36.649888,0 -101.223645,36.650249,0 -101.225552,36.651123,0 -101.243768,36.659376,0 -101.245836,36.660313,0 -101.250872,36.662629,0 -101.259883,36.666691,0 -101.274768,36.673432,0 -101.275511,36.673741,0 -101.276437,36.674036,0 -101.277652,36.674304,0 -101.278397,36.674398,0 -101.279126,36.674436,0 -101.279923,36.674445,0 -101.295650,36.674504,0 -101.302993,36.674528,0 -101.304680,36.674536,0 -101.304839,36.674536,0 -101.313641,36.674528,0 -101.322664,36.674520,0 -101.331682,36.674580,0 -101.342197,36.674618,0 -101.342753,36.674623,0 -101.349632,36.674623,0 -101.358624,36.674639,0 -101.367637,36.674642,0 -101.370801,36.674645,0 -101.376979,36.674646,0 -101.377403,36.674648,0 -101.383350,36.674667,0 -101.384719,36.674671,0 -101.402108,36.674713,0 -101.402727,36.674720,0 -101.411746,36.674754,0 -101.411869,36.674754,0 -101.420712,36.674781,0 -101.429730,36.674814,0 -101.432208,36.674833,0 -101.438728,36.674852,0 -101.447654,36.674874,0 -101.452334,36.674890,0 -101.452746,36.674890,0 -101.453098,36.674892,0 -101.453278,36.674889,0 -101.453710,36.674893,0 -101.455542,36.674894,0 -101.456698,36.674893,0 -101.458755,36.674913,0 -101.460108,36.674909,0 -101.460604,36.674907,0 -101.461441,36.674908,0 -101.461685,36.674908,0 -101.462753,36.674909,0 -101.463793,36.674910,0 -101.464017,36.674911,0 -101.464149,36.674911,0 -101.465147,36.674912,0 -101.466670,36.674918,0 -101.467353,36.674919,0 -101.467939,36.674926,0 -101.468437,36.674931,0 -101.468973,36.674936,0 -101.469376,36.674957,0 -101.469629,36.674981,0 -101.469929,36.675025,0 -101.470313,36.675103,0 -101.470467,36.675135,0 -101.470705,36.675196,0 -101.470921,36.675251,0 -101.470989,36.675267,0 -101.471385,36.675406,0 -101.471772,36.675568,0 -101.472125,36.675737,0 -101.472473,36.675935,0 -101.473111,36.676361,0 -101.474101,36.677102,0 -101.474340,36.677293,0 -101.474499,36.677495,0 -101.474627,36.677708,0 -101.474633,36.677741,0 -101.474649,36.677833,0 -101.474224,36.678013,0 -101.473904,36.678170,0 -101.473507,36.678424,0 -101.473412,36.678549,0 -101.473199,36.678745,0 -101.473028,36.678901,0 -101.472858,36.679075,0 -101.472756,36.679194,0 -101.472656,36.679319,0 -101.472547,36.679465,0 -101.472430,36.679647,0 -101.471867,36.680590,0 -101.471734,36.680810,0 -101.471587,36.681059,0 -101.471481,36.681238,0 -101.471438,36.681315,0 -101.471433,36.681325,0 -101.471366,36.681443,0 -101.471274,36.681597,0 -101.471255,36.681629,0 -101.471111,36.681868,0 -101.470962,36.682104,0 -101.470830,36.682326,0 -101.470604,36.682697,0 -101.470357,36.683106,0 -101.470000,36.683707,0 -101.469893,36.683888,0 -101.469841,36.683975,0 -101.469511,36.684521,0 -101.469025,36.685344,0 -101.468810,36.685694,0 -101.468230,36.686674,0 -101.467734,36.687515,0 -101.467515,36.687879,0 -101.467252,36.688317,0 -101.467179,36.688438,0 -101.467075,36.688612,0 -101.466916,36.688872,0 -101.466795,36.689063,0 -101.466749,36.689137,0 -101.466734,36.689161,0 -101.466623,36.689325,0 -101.466598,36.689360,0 -101.466531,36.689459,0 -101.466731,36.689460,0 -101.466973,36.689462,0 -101.467168,36.689461,0 -101.468073,36.689460,0 -101.468849,36.689463,0 -101.470091,36.689473,0 -101.470829,36.689477,0 -101.470895,36.689477,0 -101.472093,36.689488,0 -101.473283,36.689492,0 -101.473493,36.689487,0 -101.473882,36.689491,0 -101.474015,36.689490,0 -101.474054,36.689493,0 -101.474238,36.689493,0 -101.474545,36.689493,0 -101.474682,36.689494,0 -101.474830,36.689499,0 -101.475136,36.689501,0 -101.476421,36.689493,0 -101.477692,36.689481,0 -101.478360,36.689483,0 -101.478997,36.689484,0 -101.479627,36.689486,0 -101.480305,36.689487,0 -101.480961,36.689489,0 -101.481589,36.689490,0 -101.481600,36.690682,0 -101.481609,36.691657,0 -101.481611,36.691880,0 -101.481620,36.692126,0 -101.481660,36.692381,0 -101.481718,36.692577,0 -101.481759,36.692732,0 -101.481843,36.693047,0 -101.481890,36.693195,0 -101.482081,36.693871,0 -101.482197,36.694308,0 -101.482558,36.695565,0 -101.482741,36.696187,0 -101.482925,36.696839,0 -101.482928,36.696849,0 -101.482996,36.697160,0 -101.483015,36.697210,0 -101.483071,36.697362,0 -101.483151,36.697651,0 -101.483174,36.697734,0 -101.483178,36.697859,0 -101.483203,36.697981,0 -101.483263,36.698207,0 -101.483276,36.698256,0 -101.483309,36.698379,0 -101.483366,36.698523,0 -101.483447,36.698727,0 -101.483503,36.698905,0 -101.483523,36.698968,0 -101.483539,36.699029,0 -101.483575,36.699159,0 -101.483633,36.699370,0 -101.483671,36.699510,0 -101.483815,36.700035,0 -101.483906,36.700366,0 -101.484100,36.701021,0 -101.484160,36.701241,0 -101.484229,36.701483,0 -101.484299,36.701726,0 -101.484379,36.702007,0 -101.484411,36.702120,0 -101.484540,36.702552,0 -101.484675,36.703048,0 -101.484977,36.704038,0 -101.485067,36.704361,0 -101.485288,36.705153,0 -101.485463,36.705777,0 -101.485688,36.706581,0 -101.486013,36.707738,0 -101.486083,36.707988,0 -101.486104,36.708070,0 -101.486468,36.709376,0 -101.487369,36.712573,0 -101.487765,36.713975,0 -101.488121,36.715238,0 -101.489068,36.718595,0 -101.489602,36.720494,0 -101.490481,36.723619,0 -101.491014,36.725487,0 -101.491107,36.725815,0 -101.491642,36.727710,0 -101.491825,36.728393,0 -101.491886,36.728656,0 -101.491948,36.728961,0 -101.492036,36.729535,0 -101.492079,36.729898,0 -101.492106,36.730266,0 -101.492138,36.730896,0 -101.492155,36.731528,0 -101.492149,36.733168,0 -101.492148,36.733730,0 -101.492147,36.734262,0 -101.492146,36.734774,0 -101.492147,36.735567,0 -101.492145,36.736265,0 -101.492142,36.738170,0 -101.492148,36.739184,0 -101.492144,36.739482,0 -101.492147,36.739812,0 -101.492149,36.740393,0 -101.492143,36.744003,0 -101.492150,36.745216,0 -101.492152,36.745464,0 -101.492164,36.745719,0 -101.492207,36.745994,0 -101.492261,36.746342,0 -101.492359,36.746733,0 -101.492478,36.747115,0 -101.492686,36.747675,0 -101.492902,36.748126,0 -101.493138,36.748572,0 -101.493466,36.749043,0 -101.493811,36.749479,0 -101.494204,36.749922,0 -101.494671,36.750384,0 -101.494883,36.750558,0 -101.495185,36.750807,0 -101.495903,36.751332,0 -101.503397,36.756687,0 -101.505122,36.757920,0 -101.506446,36.758851,0 -101.507373,36.759441,0 -101.509068,36.760308,0 -101.510352,36.760860,0 -101.511028,36.761100,0 -101.511537,36.761274,0 -101.512195,36.761476,0 -101.513073,36.761711,0 -101.513963,36.761909,0 -101.514451,36.762008,0 -101.514926,36.762091,0 -101.515506,36.762180,0 -101.516060,36.762250,0 -101.516812,36.762325,0 -101.517261,36.762355,0 -101.517737,36.762380,0 -101.518318,36.762400,0 -101.519383,36.762414,0 -101.523087,36.762423,0 -101.526018,36.762433,0 -101.537281,36.762466,0 -101.547725,36.762497,0 -101.551405,36.762508,0 -101.555823,36.762521,0 -101.556824,36.762525,0 -101.558160,36.762527,0 -101.558515,36.762528,0 -101.559813,36.762532,0 -101.561436,36.762540,0 -101.562850,36.762540,0 -101.564386,36.762549,0 -101.564446,36.762549,0 -101.565267,36.762553,0 -101.568005,36.762558,0 -101.571824,36.762574,0 -101.573588,36.762579,0 -101.575313,36.762582,0 -101.582609,36.762600,0 -101.590428,36.762625,0 -101.590918,36.762625,0 -101.592680,36.762636,0 -101.600697,36.762663,0 -101.605702,36.762662,0 -101.610330,36.762632,0 -101.618832,36.762590,0 -101.627942,36.762543,0 -101.628860,36.762538,0 -101.636886,36.762488,0 -101.645968,36.762430,0 -101.654987,36.762365,0 -101.663873,36.762302,0 -101.673096,36.762226,0 -101.682041,36.762142,0 -101.691166,36.762058,0 -101.703559,36.761937,0 -101.708794,36.761895,0 -101.713769,36.761915,0 -101.718373,36.761942,0 -101.724294,36.761961,0 -101.726936,36.761979,0 -101.735251,36.762018,0 -101.736984,36.762023,0 -101.741824,36.762047,0 -101.744933,36.762059,0 -101.747228,36.762063,0 -101.753842,36.762102,0 -101.754071,36.762102,0 -101.762953,36.762145,0 -101.772034,36.762184,0 -101.780884,36.762222,0 -101.798952,36.762299,0 -101.815450,36.762379,0 -101.816013,36.762377,0 -101.816659,36.762375,0 -101.816705,36.762375,0 -101.816771,36.762375,0 -101.818060,36.762372,0 -101.834729,36.762327,0 -101.852761,36.762276,0 -101.870757,36.762267,0 -101.888803,36.762253,0 -101.897298,36.762248,0 -101.897963,36.762248,0 -101.899784,36.762239,0 -101.902334,36.762238,0 -101.905428,36.762237,0 -101.905641,36.762235,0 -101.906485,36.762237,0 -101.906812,36.762233,0 -101.907557,36.762234,0 -101.911320,36.762231,0 -101.915868,36.762228,0 -101.917097,36.762227,0 -101.924271,36.762212,0 -101.940287,36.762237,0 -101.940802,36.762237,0 -101.942294,36.762239,0 -101.960357,36.762266,0 -101.971806,36.762266,0 -101.971987,36.762266,0 -101.978381,36.762276,0 -101.996407,36.762292,0 -102.014419,36.762294,0 -102.026142,36.762303,0 -102.026659,36.762299,0 -102.031147,36.762307,0 -102.031832,36.762308,0 -102.043105,36.762314,0 -102.049906,36.762322,0 -102.067921,36.762335,0 -102.085945,36.762363,0 -102.106251,36.762401,0 -102.122035,36.762416,0 -102.140009,36.762418,0 -102.157970,36.762454,0 -102.175996,36.762504,0 -102.194145,36.762563,0 -102.212080,36.762621,0 -102.230061,36.762686,0 -102.247420,36.762754,0 -102.265555,36.762694,0 -102.283582,36.762624,0 -102.300329,36.762566,0 -102.300663,36.762563,0 -102.301615,36.762553,0 -102.303359,36.762529,0 -102.319676,36.762513,0 -102.322980,36.762508,0 -102.337728,36.762491,0 -102.356130,36.762472,0 -102.370378,36.762419,0 -102.382727,36.762425,0 -102.383107,36.762462,0 -102.383601,36.762495,0 -102.384013,36.762548,0 -102.384459,36.762606,0 -102.384706,36.762631,0 -102.384932,36.762640,0 -102.385150,36.762634,0 -102.385381,36.762615,0 -102.385652,36.762568,0 -102.385864,36.762518,0 -102.386706,36.762268,0 -102.388068,36.761777,0 -102.389472,36.761243,0 -102.392180,36.760294,0 -102.406417,36.755281,0 -102.410158,36.753971,0 -102.410851,36.753740,0 -102.413297,36.752991,0 -102.413842,36.752815,0 -102.427794,36.747889,0 -102.428176,36.747756,0 -102.446195,36.741401,0 -102.459108,36.736840,0 -102.463499,36.735299,0 -102.464933,36.734789,0 -102.465758,36.734473,0 -102.466186,36.734279,0 -102.466568,36.734093,0 -102.466679,36.734033,0 -102.466930,36.733901,0 -102.467128,36.733778,0 -102.467477,36.733556,0 -102.467759,36.733339,0 -102.468072,36.733104,0 -102.468520,36.732751,0 -102.475418,36.727283,0 -102.475930,36.726904,0 -102.476360,36.726641,0 -102.476678,36.726480,0 -102.477158,36.726264,0 -102.477892,36.725989,0 -102.478523,36.725800,0 -102.479017,36.725691,0 -102.479315,36.725648,0 -102.480076,36.725568,0 -102.480607,36.725538,0 -102.481090,36.725540,0 -102.481241,36.725542,0 -102.481626,36.725562,0 -102.481917,36.725592,0 -102.482180,36.725623,0 -102.482554,36.725684,0 -102.483070,36.725788,0 -102.484124,36.726107,0 -102.485005,36.726379,0 -102.486038,36.726709,0 -102.486833,36.726969,0 -102.487942,36.727320,0 -102.489295,36.727737,0 -102.490573,36.728133,0 -102.491598,36.728455,0 -102.493443,36.729004,0 -102.493595,36.729052,0 -102.493910,36.729128,0 -102.494456,36.729257,0 -102.494959,36.729367,0 -102.495197,36.729405,0 -102.495495,36.729450,0 -102.495706,36.729479,0 -102.496275,36.729536,0 -102.496454,36.729551,0 -102.497002,36.729583,0 -102.497329,36.729586,0 -102.498490,36.729595,0 -102.498658,36.729596,0 -102.498800,36.729596,0 -102.499496,36.729603,0 -102.500171,36.729608,0 -102.500670,36.729612,0 -102.500760,36.729612,0 -102.501823,36.729620,0 -102.502936,36.729629,0 -102.504063,36.729637,0 -102.504611,36.729641,0 -102.505142,36.729645,0 -102.505678,36.729649,0 -102.506268,36.729654,0 -102.506796,36.729657,0 -102.507377,36.729662,0 -102.507933,36.729666,0 -102.508457,36.729670,0 -102.508535,36.729670,0 -102.509981,36.729681,0 -102.510666,36.729686,0 -102.510848,36.729688,0 -102.511009,36.729689,0 -102.511533,36.729693,0 -102.511969,36.729696,0 -102.512047,36.729697,0 -102.512515,36.729700,0 -102.512545,36.729700,0 -102.512628,36.729701,0 -102.512639,36.729966,0 -102.512657,36.730002,0 -102.512702,36.730048,0 -102.512768,36.730076,0 -102.512989,36.730082,0 -102.513111,36.730084,0 -102.513426,36.730082,0 -102.513488,36.730064,0 -102.513540,36.730029,0 -102.513576,36.729964,0 -102.513572,36.729788,0 -102.513570,36.729692,0 -102.513565,36.729452,0 -102.513551,36.729371,0 -102.513515,36.729333,0 -102.513447,36.729310,0 -102.513294,36.729307,0 -102.513125,36.729304,0 -102.513003,36.729303,0</coordinates>
        </LineString>
      </Placemark>
      <Placemark>
        <name>Day 3</name>
        <description>Boise City, OK to La Junta, CO</description>
        <LineString>
          <tessellate>1</tessellate>
          <coordinates>-102.513003,36.729303,0 -102.512735,36.729300,0 -102.512655,36.729338,0 -102.512619,36.729399,0 -102.512624,36.729572,0 -102.512628,36.729701,0 -102.512639,36.729966,0 -102.512657,36.730002,0 -102.512702,36.730048,0 -102.512768,36.730076,0 -102.512989,36.730082,0 -102.513111,36.730084,0 -102.513112,36.730191,0 -102.513109,36.730234,0 -102.513110,36.730574,0 -102.513115,36.731436,0 -102.513120,36.732290,0 -102.513125,36.733136,0 -102.513128,36.733522,0 -102.513135,36.734795,0 -102.513140,36.735612,0 -102.513145,36.736441,0 -102.513147,36.736780,0 -102.513151,36.737266,0 -102.513150,36.738087,0 -102.513149,36.738435,0 -102.513148,36.738906,0 -102.513146,36.739755,0 -102.513143,36.739988,0 -102.513142,36.740045,0 -102.513145,36.740235,0 -102.513143,36.740554,0 -102.513141,36.740751,0 -102.513143,36.741006,0 -102.513131,36.741384,0 -102.513110,36.741525,0 -102.513079,36.741662,0 -102.513035,36.741787,0 -102.512986,36.741918,0 -102.512906,36.742075,0 -102.512445,36.742821,0 -102.512351,36.742980,0 -102.512303,36.743064,0 -102.512768,36.743261,0 -102.513043,36.743389,0 -102.513450,36.743596,0 -102.513807,36.743798,0 -102.514148,36.744010,0 -102.514444,36.744214,0 -102.514798,36.744471,0 -102.515115,36.744727,0 -102.515371,36.744953,0 -102.515607,36.745172,0 -102.515859,36.745436,0 -102.516080,36.745683,0 -102.516298,36.745958,0 -102.516564,36.746322,0 -102.516819,36.746710,0 -102.516999,36.747025,0 -102.517153,36.747339,0 -102.517218,36.747478,0 -102.517305,36.747680,0 -102.517399,36.747913,0 -102.517501,36.748207,0 -102.517587,36.748504,0 -102.517651,36.748772,0 -102.517715,36.749091,0 -102.517749,36.749401,0 -102.517774,36.749714,0 -102.517778,36.750077,0 -102.517778,36.750283,0 -102.517681,36.762523,0 -102.517656,36.764906,0 -102.517655,36.765283,0 -102.517620,36.769525,0 -102.517618,36.769774,0 -102.517608,36.770806,0 -102.517590,36.772595,0 -102.517559,36.777014,0 -102.517398,36.791503,0 -102.517409,36.806008,0 -102.517398,36.820565,0 -102.517376,36.828922,0 -102.517396,36.829415,0 -102.517419,36.829683,0 -102.517446,36.829928,0 -102.517548,36.830471,0 -102.517631,36.830986,0 -102.517674,36.831409,0 -102.517686,36.831868,0 -102.517699,36.832320,0 -102.517746,36.832724,0 -102.517824,36.833165,0 -102.517959,36.833694,0 -102.518048,36.834076,0 -102.518132,36.834587,0 -102.518173,36.834942,0 -102.518185,36.835252,0 -102.518193,36.835522,0 -102.518169,36.835883,0 -102.518131,36.836299,0 -102.518065,36.836649,0 -102.517986,36.837015,0 -102.517908,36.837313,0 -102.517776,36.837712,0 -102.516637,36.840755,0 -102.515892,36.842771,0 -102.515687,36.843370,0 -102.515617,36.843618,0 -102.515398,36.844493,0 -102.514758,36.848098,0 -102.514612,36.848877,0 -102.514498,36.849378,0 -102.514329,36.849905,0 -102.514184,36.850265,0 -102.513999,36.850671,0 -102.513304,36.852213,0 -102.512791,36.853356,0 -102.512631,36.853754,0 -102.512524,36.854132,0 -102.512461,36.854456,0 -102.512422,36.854758,0 -102.512399,36.855104,0 -102.512410,36.855414,0 -102.512437,36.855680,0 -102.512488,36.855967,0 -102.512551,36.856254,0 -102.512658,36.856599,0 -102.513038,36.857568,0 -102.513504,36.858737,0 -102.513728,36.859333,0 -102.514515,36.861559,0 -102.514985,36.862890,0 -102.515063,36.863113,0 -102.515897,36.865471,0 -102.516288,36.866577,0 -102.516868,36.868192,0 -102.517029,36.868697,0 -102.517114,36.868985,0 -102.517235,36.869431,0 -102.517311,36.869768,0 -102.517421,36.870323,0 -102.517522,36.871025,0 -102.517575,36.871630,0 -102.517598,36.872444,0 -102.517591,36.872921,0 -102.517579,36.873291,0 -102.517459,36.876804,0 -102.517448,36.877119,0 -102.517242,36.882477,0 -102.517209,36.883808,0 -102.517204,36.883955,0 -102.517148,36.885366,0 -102.517117,36.886225,0 -102.517067,36.887616,0 -102.517064,36.888715,0 -102.517098,36.889685,0 -102.517426,36.893224,0 -102.517684,36.895846,0 -102.517872,36.897865,0 -102.518072,36.899954,0 -102.518793,36.907710,0 -102.519227,36.912223,0 -102.519280,36.912733,0 -102.519305,36.913184,0 -102.519341,36.913883,0 -102.519349,36.914786,0 -102.519349,36.915649,0 -102.519377,36.916305,0 -102.519419,36.916921,0 -102.519488,36.917808,0 -102.519576,36.918428,0 -102.519671,36.919435,0 -102.519782,36.920672,0 -102.519854,36.921502,0 -102.519932,36.922128,0 -102.520015,36.922701,0 -102.520096,36.923184,0 -102.520329,36.924363,0 -102.520539,36.925532,0 -102.520654,36.926391,0 -102.520876,36.928546,0 -102.521699,36.937271,0 -102.521973,36.940212,0 -102.522216,36.944651,0 -102.522227,36.944838,0 -102.522296,36.946096,0 -102.522452,36.949597,0 -102.523259,36.965703,0 -102.523285,36.966205,0 -102.523331,36.966902,0 -102.523599,36.972194,0 -102.523730,36.974845,0 -102.523800,36.976265,0 -102.523857,36.977479,0 -102.524005,36.980404,0 -102.524511,36.990549,0 -102.524730,36.994929,0 -102.524754,36.996478,0 -102.524819,36.997113,0 -102.524889,36.997517,0 -102.525073,36.998303,0 -102.525284,36.998933,0 -102.525539,36.999564,0 -102.525845,37.000179,0 -102.526150,37.000683,0 -102.526389,37.001036,0 -102.526894,37.001707,0 -102.528828,37.003778,0 -102.531242,37.006299,0 -102.531748,37.006822,0 -102.532130,37.007293,0 -102.532582,37.007959,0 -102.532872,37.008548,0 -102.533150,37.009178,0 -102.533341,37.009877,0 -102.535038,37.018189,0 -102.535267,37.019220,0 -102.535460,37.020270,0 -102.535551,37.021064,0 -102.535592,37.021979,0 -102.535559,37.022779,0 -102.534610,37.031272,0 -102.534548,37.032150,0 -102.534613,37.033863,0 -102.534784,37.034998,0 -102.534925,37.035569,0 -102.535058,37.036084,0 -102.535226,37.036543,0 -102.535813,37.038017,0 -102.536180,37.038789,0 -102.536657,37.039611,0 -102.537179,37.040380,0 -102.537779,37.041170,0 -102.542410,37.046396,0 -102.542922,37.046840,0 -102.543174,37.047024,0 -102.543576,37.047337,0 -102.544053,37.047683,0 -102.563440,37.058315,0 -102.569423,37.061769,0 -102.575333,37.065157,0 -102.576009,37.065622,0 -102.576676,37.066133,0 -102.577074,37.066535,0 -102.577480,37.066969,0 -102.577940,37.067582,0 -102.578307,37.068157,0 -102.578686,37.068982,0 -102.578847,37.069439,0 -102.578955,37.069818,0 -102.579072,37.070300,0 -102.579140,37.070819,0 -102.579150,37.076271,0 -102.579159,37.079929,0 -102.579177,37.087520,0 -102.579185,37.090791,0 -102.579182,37.092021,0 -102.579180,37.092915,0 -102.579177,37.094282,0 -102.579168,37.098098,0 -102.579165,37.099034,0 -102.579168,37.099131,0 -102.579156,37.100027,0 -102.579161,37.101236,0 -102.579162,37.101287,0 -102.579161,37.102249,0 -102.579163,37.103276,0 -102.579166,37.104310,0 -102.579168,37.105209,0 -102.579168,37.105294,0 -102.579170,37.106273,0 -102.579173,37.107277,0 -102.579173,37.108281,0 -102.579186,37.109911,0 -102.579163,37.111093,0 -102.579172,37.111694,0 -102.579176,37.112022,0 -102.579211,37.112393,0 -102.579262,37.112711,0 -102.579319,37.112989,0 -102.579398,37.113262,0 -102.579498,37.113507,0 -102.579593,37.113720,0 -102.579666,37.113875,0 -102.579816,37.114138,0 -102.579985,37.114405,0 -102.580251,37.114745,0 -102.580619,37.115148,0 -102.581537,37.116022,0 -102.582429,37.116844,0 -102.583097,37.117473,0 -102.585401,37.119642,0 -102.585653,37.119878,0 -102.601052,37.134310,0 -102.613184,37.145680,0 -102.613673,37.146199,0 -102.614117,37.146740,0 -102.614508,37.147309,0 -102.614774,37.147782,0 -102.614991,37.148272,0 -102.615151,37.148824,0 -102.615359,37.149537,0 -102.615431,37.150054,0 -102.615440,37.154252,0 -102.615490,37.177808,0 -102.615499,37.192328,0 -102.615486,37.199343,0 -102.615441,37.206842,0 -102.615430,37.208392,0 -102.615443,37.214633,0 -102.615424,37.221369,0 -102.615444,37.226723,0 -102.615440,37.228719,0 -102.615454,37.235888,0 -102.615457,37.244727,0 -102.615457,37.245116,0 -102.615459,37.250356,0 -102.615419,37.258300,0 -102.615418,37.264390,0 -102.615443,37.273474,0 -102.615443,37.273726,0 -102.615450,37.276252,0 -102.615452,37.279394,0 -102.615502,37.293849,0 -102.615530,37.308350,0 -102.615530,37.315953,0 -102.615543,37.322877,0 -102.615547,37.323248,0 -102.615539,37.325487,0 -102.615539,37.325774,0 -102.615544,37.353254,0 -102.615541,37.353327,0 -102.615533,37.353524,0 -102.614727,37.367762,0 -102.615131,37.376550,0 -102.615246,37.379069,0 -102.615269,37.379706,0 -102.615297,37.380747,0 -102.615307,37.382089,0 -102.615312,37.382426,0 -102.615336,37.382773,0 -102.615419,37.383494,0 -102.615492,37.383862,0 -102.615587,37.384256,0 -102.615795,37.384958,0 -102.615855,37.385141,0 -102.616025,37.385657,0 -102.616222,37.386327,0 -102.616349,37.386964,0 -102.616379,37.387163,0 -102.616419,37.387423,0 -102.616464,37.387934,0 -102.616474,37.388095,0 -102.616486,37.388311,0 -102.616490,37.389032,0 -102.616477,37.391581,0 -102.616447,37.394691,0 -102.616441,37.395283,0 -102.616452,37.395872,0 -102.616465,37.396188,0 -102.616478,37.396502,0 -102.616521,37.397146,0 -102.616538,37.397790,0 -102.616546,37.398505,0 -102.616472,37.398750,0 -102.616470,37.398851,0 -102.616470,37.398907,0 -102.616469,37.399093,0 -102.616546,37.399198,0 -102.616537,37.400465,0 -102.616537,37.400526,0 -102.616537,37.400617,0 -102.616543,37.401303,0 -102.616550,37.402054,0 -102.616546,37.403073,0 -102.616554,37.404004,0 -102.616555,37.404089,0 -102.616556,37.404166,0 -102.616556,37.405020,0 -102.616557,37.405106,0 -102.616558,37.405216,0 -102.616562,37.406061,0 -102.616562,37.406139,0 -102.616562,37.406230,0 -102.616567,37.407162,0 -102.616563,37.408183,0 -102.616574,37.409087,0 -102.616575,37.409208,0 -102.616575,37.409312,0 -102.616575,37.409393,0 -102.616574,37.410277,0 -102.616574,37.410359,0 -102.616575,37.410473,0 -102.616587,37.411414,0 -102.616586,37.412452,0 -102.616586,37.413522,0 -102.616582,37.415090,0 -102.616584,37.415532,0 -102.616597,37.417720,0 -102.616599,37.420633,0 -102.616653,37.424985,0 -102.616641,37.426845,0 -102.616674,37.430234,0 -102.616759,37.431130,0 -102.616905,37.432022,0 -102.617143,37.433315,0 -102.617238,37.433785,0 -102.618760,37.441380,0 -102.619426,37.444681,0 -102.619533,37.445561,0 -102.619576,37.446681,0 -102.619808,37.455562,0 -102.620030,37.470046,0 -102.620036,37.470603,0 -102.620029,37.471656,0 -102.620161,37.484511,0 -102.620179,37.499113,0 -102.620277,37.519431,0 -102.620309,37.528067,0 -102.620346,37.542500,0 -102.620357,37.545124,0 -102.620358,37.545402,0 -102.620366,37.547331,0 -102.620368,37.547686,0 -102.620368,37.547928,0 -102.620372,37.551223,0 -102.620386,37.554111,0 -102.620397,37.555718,0 -102.620407,37.557189,0 -102.620405,37.558891,0 -102.620404,37.560454,0 -102.620419,37.563071,0 -102.620546,37.585752,0 -102.620346,37.614685,0 -102.620478,37.639855,0 -102.620471,37.641046,0 -102.620478,37.643360,0 -102.620507,37.646617,0 -102.620281,37.665387,0 -102.620240,37.666980,0 -102.620149,37.667870,0 -102.620007,37.668762,0 -102.619823,37.669511,0 -102.615552,37.682585,0 -102.609147,37.701879,0 -102.604319,37.716459,0 -102.603144,37.719945,0 -102.602740,37.721221,0 -102.602532,37.722071,0 -102.602379,37.723044,0 -102.602306,37.723993,0 -102.602402,37.739496,0 -102.602400,37.745438,0 -102.602472,37.756671,0 -102.602563,37.757277,0 -102.602697,37.757901,0 -102.602950,37.758607,0 -102.604718,37.762307,0 -102.605987,37.765027,0 -102.611180,37.775972,0 -102.611364,37.776457,0 -102.611539,37.777205,0 -102.611630,37.777793,0 -102.611664,37.778468,0 -102.611669,37.788917,0 -102.611642,37.796337,0 -102.611659,37.803556,0 -102.611670,37.814863,0 -102.611671,37.814997,0 -102.611927,37.837207,0 -102.612389,37.867287,0 -102.612491,37.886393,0 -102.612503,37.891629,0 -102.612506,37.892626,0 -102.612527,37.896301,0 -102.612586,37.922874,0 -102.612591,37.924291,0 -102.612777,37.940180,0 -102.613069,37.976595,0 -102.613156,37.987428,0 -102.613359,38.012802,0 -102.613354,38.015706,0 -102.613353,38.016191,0 -102.613343,38.021593,0 -102.613300,38.024762,0 -102.613311,38.026341,0 -102.613358,38.027236,0 -102.613376,38.027409,0 -102.613395,38.027574,0 -102.613436,38.027926,0 -102.613474,38.028147,0 -102.613525,38.028442,0 -102.613820,38.030140,0 -102.613935,38.030800,0 -102.614157,38.032056,0 -102.614290,38.032804,0 -102.614476,38.033854,0 -102.614645,38.034810,0 -102.614763,38.035465,0 -102.614778,38.035545,0 -102.615060,38.037179,0 -102.615122,38.037515,0 -102.615358,38.038849,0 -102.615462,38.039520,0 -102.615508,38.039888,0 -102.615546,38.040283,0 -102.615593,38.040889,0 -102.615677,38.042112,0 -102.615734,38.042949,0 -102.615793,38.043806,0 -102.615832,38.044368,0 -102.615936,38.045837,0 -102.616048,38.047376,0 -102.616259,38.050449,0 -102.616309,38.051183,0 -102.616397,38.052378,0 -102.616533,38.054317,0 -102.616662,38.056191,0 -102.616732,38.057157,0 -102.616759,38.057527,0 -102.616721,38.057915,0 -102.616901,38.060576,0 -102.616951,38.061340,0 -102.616958,38.061450,0 -102.617075,38.063065,0 -102.617103,38.063465,0 -102.617159,38.064332,0 -102.617222,38.065148,0 -102.617435,38.068176,0 -102.617481,38.068848,0 -102.617557,38.069951,0 -102.617595,38.070560,0 -102.617601,38.070654,0 -102.617610,38.070786,0 -102.617656,38.071476,0 -102.617734,38.072619,0 -102.617949,38.074366,0 -102.618009,38.074880,0 -102.618059,38.075286,0 -102.618217,38.076622,0 -102.618260,38.076998,0 -102.618275,38.077156,0 -102.618286,38.077274,0 -102.618312,38.077559,0 -102.618376,38.077972,0 -102.618382,38.078044,0 -102.618393,38.078156,0 -102.618417,38.078395,0 -102.618453,38.078762,0 -102.618457,38.078837,0 -102.618460,38.078902,0 -102.618487,38.079394,0 -102.618520,38.079806,0 -102.618526,38.079878,0 -102.618531,38.079950,0 -102.618618,38.080833,0 -102.618624,38.080911,0 -102.618631,38.081010,0 -102.618688,38.081867,0 -102.618695,38.081957,0 -102.618700,38.082036,0 -102.618766,38.082904,0 -102.618773,38.082998,0 -102.618778,38.083072,0 -102.618843,38.083967,0 -102.618848,38.084023,0 -102.618853,38.084109,0 -102.618898,38.084697,0 -102.618920,38.084997,0 -102.618928,38.085077,0 -102.618936,38.085155,0 -102.618959,38.085495,0 -102.618974,38.085725,0 -102.619000,38.086053,0 -102.619006,38.086125,0 -102.619014,38.086204,0 -102.619057,38.086744,0 -102.619082,38.087068,0 -102.619088,38.087153,0 -102.619093,38.087246,0 -102.619129,38.087781,0 -102.619148,38.088120,0 -102.619154,38.088208,0 -102.619162,38.088295,0 -102.619200,38.088737,0 -102.619225,38.089024,0 -102.619237,38.089159,0 -102.619243,38.089241,0 -102.619247,38.089304,0 -102.619262,38.089504,0 -102.619284,38.089823,0 -102.619304,38.090084,0 -102.619319,38.090278,0 -102.619326,38.090366,0 -102.619369,38.090869,0 -102.619386,38.091041,0 -102.619404,38.091230,0 -102.619409,38.091298,0 -102.619416,38.091386,0 -102.619442,38.091755,0 -102.619451,38.091881,0 -102.619479,38.092274,0 -102.619486,38.092345,0 -102.619491,38.092431,0 -102.619533,38.092970,0 -102.619560,38.093292,0 -102.619562,38.093352,0 -102.619566,38.093427,0 -102.619606,38.093932,0 -102.619636,38.094282,0 -102.619640,38.094343,0 -102.619645,38.094405,0 -102.619682,38.094938,0 -102.619709,38.095274,0 -102.619712,38.095322,0 -102.619715,38.095379,0 -102.619750,38.095891,0 -102.619756,38.096011,0 -102.619761,38.096181,0 -102.619749,38.096298,0 -102.619725,38.096403,0 -102.619707,38.096467,0 -102.619685,38.096548,0 -102.619380,38.097483,0 -102.619236,38.097935,0 -102.619180,38.098109,0 -102.619079,38.098434,0 -102.618973,38.098776,0 -102.618903,38.099007,0 -102.618734,38.099540,0 -102.618624,38.099885,0 -102.618470,38.100375,0 -102.618365,38.100710,0 -102.618288,38.101024,0 -102.618236,38.101267,0 -102.618208,38.101553,0 -102.618197,38.101742,0 -102.618193,38.101995,0 -102.618197,38.102228,0 -102.618201,38.102311,0 -102.618234,38.102891,0 -102.618267,38.103433,0 -102.618299,38.104577,0 -102.618328,38.106158,0 -102.618351,38.108898,0 -102.618357,38.109807,0 -102.618358,38.109992,0 -102.618384,38.111986,0 -102.618392,38.112634,0 -102.618389,38.113114,0 -102.618393,38.113495,0 -102.618404,38.113848,0 -102.618439,38.114082,0 -102.618493,38.114266,0 -102.618564,38.114448,0 -102.618642,38.114586,0 -102.618755,38.114756,0 -102.618910,38.114940,0 -102.619084,38.115111,0 -102.619322,38.115280,0 -102.619564,38.115425,0 -102.619810,38.115543,0 -102.620307,38.115711,0 -102.620638,38.115767,0 -102.620905,38.115795,0 -102.621192,38.115797,0 -102.621457,38.115786,0 -102.621568,38.115774,0 -102.621768,38.115744,0 -102.622233,38.115672,0 -102.622967,38.115553,0 -102.623868,38.115406,0 -102.624441,38.115308,0 -102.625125,38.115195,0 -102.626185,38.115020,0 -102.629852,38.114406,0 -102.630814,38.114256,0 -102.631549,38.114137,0 -102.633414,38.113839,0 -102.635041,38.113579,0 -102.637984,38.113131,0 -102.638504,38.113033,0 -102.639151,38.112923,0 -102.641781,38.112470,0 -102.642530,38.112349,0 -102.643326,38.112240,0 -102.643939,38.112176,0 -102.644625,38.112125,0 -102.645110,38.112094,0 -102.645696,38.112070,0 -102.646520,38.112067,0 -102.647471,38.112069,0 -102.649932,38.112090,0 -102.651156,38.112064,0 -102.651781,38.112036,0 -102.652498,38.111989,0 -102.653212,38.111936,0 -102.655274,38.111794,0 -102.658928,38.111515,0 -102.661410,38.111334,0 -102.664343,38.111119,0 -102.667051,38.110919,0 -102.668360,38.110822,0 -102.671357,38.110598,0 -102.673025,38.110475,0 -102.674363,38.110379,0 -102.677772,38.110124,0 -102.681698,38.109830,0 -102.686458,38.109479,0 -102.688791,38.109309,0 -102.689436,38.109262,0 -102.690946,38.109151,0 -102.692843,38.109012,0 -102.694925,38.108860,0 -102.695277,38.108844,0 -102.695605,38.108842,0 -102.696109,38.108853,0 -102.696528,38.108895,0 -102.696887,38.108936,0 -102.697558,38.109058,0 -102.698178,38.109218,0 -102.698805,38.109430,0 -102.699323,38.109653,0 -102.699694,38.109838,0 -102.700076,38.110049,0 -102.702389,38.111473,0 -102.703092,38.111909,0 -102.703811,38.112348,0 -102.704507,38.112757,0 -102.705068,38.113046,0 -102.705379,38.113191,0 -102.705750,38.113350,0 -102.706206,38.113536,0 -102.706828,38.113744,0 -102.707324,38.113888,0 -102.707831,38.114016,0 -102.708148,38.114087,0 -102.714853,38.115531,0 -102.716397,38.115860,0 -102.717450,38.116081,0 -102.717944,38.116166,0 -102.718357,38.116227,0 -102.718667,38.116259,0 -102.718841,38.116267,0 -102.718874,38.116268,0 -102.719368,38.116283,0 -102.719982,38.116244,0 -102.720347,38.116205,0 -102.720724,38.116152,0 -102.721031,38.116093,0 -102.721313,38.116024,0 -102.721756,38.115903,0 -102.722505,38.115654,0 -102.724777,38.114827,0 -102.725291,38.114655,0 -102.725718,38.114540,0 -102.726043,38.114468,0 -102.726332,38.114420,0 -102.726671,38.114373,0 -102.727046,38.114337,0 -102.727767,38.114317,0 -102.728819,38.114316,0 -102.731482,38.114332,0 -102.732168,38.114337,0 -102.732525,38.114339,0 -102.737731,38.114351,0 -102.741235,38.114198,0 -102.741904,38.114198,0 -102.749362,38.114207,0 -102.751392,38.114222,0 -102.753092,38.114271,0 -102.759641,38.114525,0 -102.760169,38.114538,0 -102.768617,38.114530,0 -102.778543,38.114467,0 -102.787819,38.114455,0 -102.794253,38.114370,0 -102.794371,38.114368,0 -102.796985,38.114340,0 -102.803141,38.114323,0 -102.803335,38.114322,0 -102.807989,38.114302,0 -102.815356,38.114274,0 -102.827867,38.114231,0 -102.829969,38.114231,0 -102.830224,38.114231,0 -102.846550,38.114027,0 -102.849254,38.114037,0 -102.851168,38.114042,0 -102.851647,38.114050,0 -102.855621,38.114131,0 -102.868332,38.114466,0 -102.869355,38.114487,0 -102.870481,38.114502,0 -102.870847,38.114504,0 -102.887659,38.114456,0 -102.898802,38.114412,0 -102.899185,38.114407,0 -102.904452,38.114399,0 -102.904921,38.114396,0 -102.915263,38.114365,0 -102.924555,38.114335,0 -102.931204,38.114309,0 -102.931363,38.114308,0 -102.935277,38.114291,0 -102.936135,38.114275,0 -102.937005,38.114238,0 -102.937859,38.114188,0 -102.938590,38.114134,0 -102.941591,38.113886,0 -102.942493,38.113821,0 -102.943487,38.113771,0 -102.947459,38.113674,0 -102.952756,38.113592,0 -102.954099,38.113593,0 -102.955941,38.113620,0 -102.956606,38.113613,0 -102.957254,38.113606,0 -102.957992,38.113588,0 -102.958246,38.113580,0 -102.958614,38.113569,0 -102.959286,38.113550,0 -102.959958,38.113528,0 -102.961338,38.113500,0 -102.962684,38.113505,0 -102.964227,38.113510,0 -102.966588,38.113528,0 -102.993860,38.113664,0 -102.995206,38.113671,0 -102.998112,38.113654,0 -103.031849,38.113452,0 -103.044748,38.113446,0 -103.045211,38.113446,0 -103.050434,38.113449,0 -103.059852,38.113460,0 -103.064932,38.113448,0 -103.069322,38.113433,0 -103.076546,38.113342,0 -103.077035,38.113333,0 -103.087567,38.113172,0 -103.088372,38.113152,0 -103.089197,38.113110,0 -103.090144,38.113051,0 -103.090952,38.112977,0 -103.091716,38.112900,0 -103.092306,38.112832,0 -103.092925,38.112753,0 -103.093704,38.112650,0 -103.094519,38.112516,0 -103.095339,38.112374,0 -103.096078,38.112239,0 -103.096858,38.112071,0 -103.097611,38.111908,0 -103.101568,38.110911,0 -103.105989,38.109786,0 -103.122496,38.105616,0 -103.123638,38.105325,0 -103.124518,38.105086,0 -103.126460,38.104491,0 -103.132720,38.102519,0 -103.138988,38.100556,0 -103.139516,38.100464,0 -103.140239,38.100283,0 -103.141008,38.100086,0 -103.141742,38.099862,0 -103.142706,38.099539,0 -103.143471,38.099297,0 -103.146189,38.098452,0 -103.149815,38.097295,0 -103.151941,38.096624,0 -103.155993,38.095353,0 -103.158763,38.094492,0 -103.160984,38.093776,0 -103.161308,38.093668,0 -103.162099,38.093407,0 -103.170168,38.090737,0 -103.176284,38.088721,0 -103.176776,38.088582,0 -103.177237,38.088475,0 -103.177719,38.088383,0 -103.178108,38.088325,0 -103.178463,38.088282,0 -103.178798,38.088253,0 -103.179221,38.088228,0 -103.180300,38.088208,0 -103.188431,38.088202,0 -103.192801,38.088202,0 -103.193446,38.088206,0 -103.194126,38.088225,0 -103.195783,38.088281,0 -103.197629,38.088310,0 -103.199167,38.088311,0 -103.201170,38.088312,0 -103.207347,38.088321,0 -103.208466,38.088324,0 -103.210223,38.088310,0 -103.210821,38.088296,0 -103.211423,38.088264,0 -103.211868,38.088226,0 -103.212295,38.088172,0 -103.212710,38.088107,0 -103.213107,38.088029,0 -103.213615,38.087912,0 -103.214935,38.087535,0 -103.215978,38.087237,0 -103.217306,38.086852,0 -103.217692,38.086740,0 -103.218032,38.086636,0 -103.218506,38.086488,0 -103.218707,38.086419,0 -103.218862,38.086355,0 -103.219005,38.086289,0 -103.219135,38.086226,0 -103.219509,38.085978,0 -103.219700,38.085840,0 -103.219914,38.085651,0 -103.220166,38.085345,0 -103.220349,38.085070,0 -103.220459,38.084865,0 -103.220526,38.084673,0 -103.220570,38.084528,0 -103.220607,38.084365,0 -103.220629,38.084189,0 -103.220632,38.084059,0 -103.220635,38.083918,0 -103.220626,38.083785,0 -103.220597,38.083560,0 -103.220577,38.083475,0 -103.220528,38.083250,0 -103.219967,38.081020,0 -103.219921,38.080768,0 -103.219889,38.080589,0 -103.219879,38.080539,0 -103.219842,38.080331,0 -103.219817,38.080095,0 -103.219810,38.079803,0 -103.219824,38.079502,0 -103.219904,38.078227,0 -103.219944,38.077142,0 -103.219945,38.076963,0 -103.219950,38.075973,0 -103.219955,38.074776,0 -103.219962,38.073521,0 -103.219964,38.072931,0 -103.219967,38.072115,0 -103.219969,38.071614,0 -103.219973,38.071130,0 -103.219981,38.070284,0 -103.219979,38.069933,0 -103.219983,38.068967,0 -103.219985,38.068633,0 -103.219988,38.068156,0 -103.219990,38.067651,0 -103.219993,38.066876,0 -103.219996,38.066425,0 -103.219996,38.066334,0 -103.220047,38.066246,0 -103.220051,38.065853,0 -103.220053,38.065585,0 -103.220054,38.065475,0 -103.220060,38.065404,0 -103.220077,38.065343,0 -103.220101,38.065291,0 -103.220143,38.065230,0 -103.220223,38.065161,0 -103.220301,38.065118,0 -103.220398,38.065091,0 -103.220501,38.065071,0 -103.220666,38.065068,0 -103.220928,38.065064,0 -103.221153,38.065063,0 -103.221219,38.065058,0 -103.221329,38.065026,0 -103.221952,38.065032,0 -103.222523,38.065038,0 -103.222643,38.065039,0 -103.223963,38.065045,0 -103.225314,38.065050,0 -103.226668,38.065052,0 -103.227983,38.065060,0 -103.229189,38.065067,0 -103.229311,38.065067,0 -103.229437,38.065068,0 -103.230622,38.065072,0 -103.230755,38.065073,0 -103.231953,38.065080,0 -103.232075,38.065081,0 -103.233144,38.065085,0 -103.233260,38.065086,0 -103.234314,38.065092,0 -103.235457,38.065100,0 -103.235714,38.065096,0 -103.235948,38.065086,0 -103.236215,38.065067,0 -103.236497,38.065031,0 -103.236741,38.064982,0 -103.236985,38.064918,0 -103.237248,38.064842,0 -103.237522,38.064745,0 -103.237822,38.064601,0 -103.238138,38.064432,0 -103.238424,38.064225,0 -103.238703,38.064003,0 -103.238973,38.063731,0 -103.239178,38.063455,0 -103.239377,38.063158,0 -103.239691,38.062655,0 -103.239935,38.062277,0 -103.240116,38.062044,0 -103.240344,38.061789,0 -103.240645,38.061534,0 -103.241033,38.061277,0 -103.241369,38.061101,0 -103.241903,38.060882,0 -103.242443,38.060731,0 -103.242626,38.060699,0 -103.242856,38.060673,0 -103.243061,38.060651,0 -103.243246,38.060635,0 -103.243453,38.060629,0 -103.243604,38.060640,0 -103.243822,38.060651,0 -103.244011,38.060667,0 -103.244264,38.060702,0 -103.247718,38.061496,0 -103.247989,38.061560,0 -103.249164,38.061828,0 -103.249395,38.061880,0 -103.249683,38.061932,0 -103.249942,38.061965,0 -103.250217,38.061989,0 -103.250482,38.062001,0 -103.250602,38.062005,0 -103.250822,38.062000,0 -103.251693,38.061966,0 -103.252593,38.061919,0 -103.255518,38.061768,0 -103.257291,38.061666,0 -103.258098,38.061635,0 -103.258957,38.061589,0 -103.261914,38.061430,0 -103.262952,38.061380,0 -103.265131,38.061268,0 -103.265732,38.061240,0 -103.266493,38.061204,0 -103.268991,38.061064,0 -103.270484,38.060968,0 -103.277625,38.060591,0 -103.279195,38.060508,0 -103.280329,38.060448,0 -103.281500,38.060387,0 -103.283024,38.060310,0 -103.288568,38.060027,0 -103.291104,38.059922,0 -103.298122,38.059555,0 -103.300916,38.059419,0 -103.302754,38.059323,0 -103.304659,38.059227,0 -103.305235,38.059197,0 -103.310454,38.058922,0 -103.315503,38.058656,0 -103.316488,38.058609,0 -103.319205,38.058459,0 -103.326454,38.058076,0 -103.327197,38.058031,0 -103.327469,38.058007,0 -103.327841,38.057975,0 -103.328511,38.057900,0 -103.329098,38.057819,0 -103.329866,38.057685,0 -103.330753,38.057505,0 -103.332332,38.057160,0 -103.341088,38.055216,0 -103.343231,38.054737,0 -103.344393,38.054421,0 -103.350223,38.052777,0 -103.355156,38.051354,0 -103.360098,38.049951,0 -103.370001,38.047149,0 -103.387453,38.042207,0 -103.388685,38.041857,0 -103.389844,38.041519,0 -103.391282,38.041074,0 -103.394808,38.039977,0 -103.396882,38.039315,0 -103.398645,38.038782,0 -103.399615,38.038510,0 -103.401198,38.038066,0 -103.405202,38.036812,0 -103.407728,38.036057,0 -103.417981,38.032885,0 -103.432687,38.028326,0 -103.433431,38.028075,0 -103.434042,38.027839,0 -103.434715,38.027559,0 -103.435118,38.027384,0 -103.435339,38.027287,0 -103.435909,38.027009,0 -103.436354,38.026777,0 -103.436765,38.026556,0 -103.438521,38.025523,0 -103.439467,38.024968,0 -103.440888,38.024139,0 -103.443965,38.022351,0 -103.444338,38.022123,0 -103.444653,38.021913,0 -103.444878,38.021735,0 -103.445109,38.021534,0 -103.445352,38.021276,0 -103.445606,38.020958,0 -103.446502,38.019712,0 -103.448984,38.016298,0 -103.449325,38.015829,0 -103.451215,38.013231,0 -103.451531,38.012849,0 -103.451818,38.012533,0 -103.452451,38.011941,0 -103.453152,38.011401,0 -103.453889,38.010933,0 -103.454373,38.010656,0 -103.466623,38.003589,0 -103.469413,38.001983,0 -103.470300,38.001471,0 -103.471139,38.001008,0 -103.471858,38.000651,0 -103.472525,38.000339,0 -103.473186,38.000078,0 -103.473979,37.999789,0 -103.482587,37.996770,0 -103.487619,37.994996,0 -103.487946,37.994878,0 -103.493197,37.993040,0 -103.498323,37.991240,0 -103.501856,37.989997,0 -103.503728,37.989338,0 -103.504104,37.989211,0 -103.506606,37.988330,0 -103.509515,37.987305,0 -103.510229,37.987094,0 -103.511028,37.986900,0 -103.511468,37.986826,0 -103.511674,37.986792,0 -103.512065,37.986740,0 -103.512498,37.986694,0 -103.514057,37.986615,0 -103.515299,37.986556,0 -103.516410,37.986500,0 -103.517365,37.986455,0 -103.522322,37.986209,0 -103.522658,37.986213,0 -103.522852,37.986223,0 -103.523078,37.986245,0 -103.523199,37.986261,0 -103.523328,37.986277,0 -103.523515,37.986316,0 -103.523730,37.986370,0 -103.523980,37.986434,0 -103.524708,37.986646,0 -103.525193,37.986789,0 -103.528791,37.987850,0 -103.529263,37.987978,0 -103.529557,37.988054,0 -103.529852,37.988120,0 -103.530047,37.988150,0 -103.530277,37.988173,0 -103.530528,37.988188,0 -103.530757,37.988191,0 -103.531027,37.988183,0 -103.531593,37.988147,0 -103.532151,37.988107,0 -103.532471,37.988086,0 -103.532817,37.988072,0 -103.533281,37.988072,0 -103.533890,37.988077,0 -103.534604,37.988083,0 -103.535322,37.988087,0 -103.535896,37.988089,0 -103.537465,37.988107,0 -103.538163,37.988111,0 -103.538731,37.988108,0 -103.539142,37.988106,0 -103.539937,37.988105,0 -103.540492,37.988099,0 -103.541277,37.988085,0 -103.541809,37.988083,0 -103.542653,37.988079,0 -103.543041,37.988074,0 -103.543177,37.988074,0 -103.543175,37.987958,0 -103.543172,37.987877,0 -103.543163,37.987600,0 -103.543159,37.987469,0 -103.543157,37.987061,0 -103.543156,37.986962,0 -103.543156,37.986877,0 -103.543154,37.986769,0 -103.543149,37.986183,0 -103.543148,37.986072,0 -103.543146,37.985957,0 -103.543144,37.985854,0 -103.543126,37.985049,0 -103.543124,37.984956,0 -103.543267,37.984954,0 -103.543761,37.984947,0 -103.543762,37.985001,0</coordinates>
        </LineString>
      </Placemark>
      <Placemark>
        <name>Day 4</name>
        <description>La Junta, CO to Canon City, CO</description>
        <LineString>
          <tessellate>1</tessellate>
          <coordinates>-103.543762,37.985001,0 -103.543761,37.984947,0 -103.544355,37.984938,0 -103.544470,37.984937,0 -103.544471,37.985037,0 -103.544482,37.985851,0 -103.544483,37.985952,0 -103.544485,37.986043,0 -103.544487,37.986179,0 -103.544497,37.986756,0 -103.544499,37.986854,0 -103.544501,37.986955,0 -103.544502,37.987046,0 -103.544509,37.987463,0 -103.544516,37.987876,0 -103.544517,37.987945,0 -103.544518,37.988066,0 -103.545322,37.988061,0 -103.545839,37.988058,0 -103.546609,37.988052,0 -103.547148,37.988044,0 -103.547942,37.988040,0 -103.548470,37.988038,0 -103.549216,37.988033,0 -103.549775,37.988030,0 -103.550363,37.988027,0 -103.550751,37.988023,0 -103.551403,37.988017,0 -103.552737,37.988007,0 -103.552999,37.988004,0 -103.553230,37.987996,0 -103.553448,37.987978,0 -103.553624,37.987950,0 -103.553773,37.987917,0 -103.553945,37.987864,0 -103.554103,37.987802,0 -103.554244,37.987729,0 -103.554394,37.987642,0 -103.554523,37.987551,0 -103.554891,37.987241,0 -103.555587,37.986596,0 -103.555767,37.986439,0 -103.555907,37.986332,0 -103.556059,37.986235,0 -103.556285,37.986125,0 -103.556540,37.986048,0 -103.556828,37.985991,0 -103.557092,37.985973,0 -103.557461,37.985975,0 -103.557803,37.985982,0 -103.557994,37.985998,0 -103.558095,37.986008,0 -103.558187,37.986026,0 -103.558368,37.986063,0 -103.558600,37.986124,0 -103.558796,37.986192,0 -103.558953,37.986255,0 -103.559160,37.986362,0 -103.559451,37.986554,0 -103.559619,37.986694,0 -103.559767,37.986834,0 -103.560087,37.987163,0 -103.560368,37.987438,0 -103.560522,37.987572,0 -103.560694,37.987718,0 -103.560820,37.987812,0 -103.560985,37.987927,0 -103.561145,37.988032,0 -103.561251,37.988092,0 -103.561404,37.988177,0 -103.561612,37.988284,0 -103.561836,37.988390,0 -103.562156,37.988527,0 -103.563413,37.989045,0 -103.564105,37.989335,0 -103.565353,37.989850,0 -103.567330,37.990666,0 -103.568690,37.991220,0 -103.570108,37.991799,0 -103.571479,37.992359,0 -103.576420,37.994366,0 -103.577809,37.994933,0 -103.580740,37.996119,0 -103.582448,37.996809,0 -103.587158,37.998743,0 -103.587346,37.998812,0 -103.587674,37.998945,0 -103.588176,37.999148,0 -103.588902,37.999440,0 -103.590035,37.999890,0 -103.591732,38.000582,0 -103.595283,38.002022,0 -103.601166,38.004407,0 -103.604009,38.005569,0 -103.609954,38.007971,0 -103.610107,38.008036,0 -103.611751,38.008701,0 -103.616215,38.010508,0 -103.617659,38.011096,0 -103.619005,38.011650,0 -103.620014,38.012050,0 -103.623420,38.013438,0 -103.625506,38.014282,0 -103.625812,38.014352,0 -103.627156,38.014901,0 -103.627588,38.015065,0 -103.627747,38.015108,0 -103.627890,38.015143,0 -103.628052,38.015170,0 -103.628192,38.015183,0 -103.628352,38.015193,0 -103.628575,38.015197,0 -103.628728,38.015195,0 -103.629264,38.015197,0 -103.629380,38.015197,0 -103.629927,38.015204,0 -103.630579,38.015204,0 -103.630944,38.015211,0 -103.631240,38.015232,0 -103.631431,38.015331,0 -103.631652,38.015398,0 -103.631774,38.015450,0 -103.631905,38.015515,0 -103.632050,38.015597,0 -103.632195,38.015690,0 -103.632296,38.015775,0 -103.632416,38.015884,0 -103.632501,38.015981,0 -103.632565,38.016071,0 -103.632658,38.016224,0 -103.632709,38.016325,0 -103.632749,38.016436,0 -103.632795,38.016590,0 -103.632813,38.016739,0 -103.632819,38.016931,0 -103.632801,38.017703,0 -103.632812,38.017946,0 -103.632827,38.018147,0 -103.632860,38.018335,0 -103.632902,38.018520,0 -103.632970,38.018730,0 -103.633045,38.018917,0 -103.633153,38.019128,0 -103.633273,38.019326,0 -103.633414,38.019521,0 -103.633570,38.019710,0 -103.633775,38.019909,0 -103.633969,38.020071,0 -103.634188,38.020229,0 -103.634412,38.020372,0 -103.634674,38.020510,0 -103.634879,38.020613,0 -103.635124,38.020711,0 -103.635370,38.020795,0 -103.635580,38.020850,0 -103.635836,38.020905,0 -103.636068,38.020938,0 -103.637245,38.021111,0 -103.638657,38.021312,0 -103.639428,38.021415,0 -103.639770,38.021472,0 -103.640225,38.021545,0 -103.640856,38.021650,0 -103.641427,38.021764,0 -103.641818,38.021854,0 -103.642328,38.021987,0 -103.642896,38.022153,0 -103.643540,38.022347,0 -103.643826,38.022446,0 -103.644217,38.022581,0 -103.645525,38.023083,0 -103.646132,38.023328,0 -103.646882,38.023631,0 -103.648226,38.024181,0 -103.649596,38.024755,0 -103.650733,38.025186,0 -103.654325,38.026652,0 -103.655865,38.027280,0 -103.658780,38.028443,0 -103.659638,38.028794,0 -103.660498,38.029145,0 -103.661929,38.029721,0 -103.663679,38.030425,0 -103.664940,38.030941,0 -103.669941,38.032969,0 -103.672383,38.033945,0 -103.672500,38.033993,0 -103.673177,38.034267,0 -103.674214,38.034693,0 -103.675640,38.035268,0 -103.678119,38.036278,0 -103.681330,38.037574,0 -103.682011,38.037854,0 -103.683152,38.038322,0 -103.685132,38.039118,0 -103.687057,38.039892,0 -103.690677,38.041358,0 -103.692540,38.042116,0 -103.693546,38.042518,0 -103.695157,38.043160,0 -103.696112,38.043548,0 -103.697413,38.044076,0 -103.699617,38.044967,0 -103.700123,38.045171,0 -103.701505,38.045729,0 -103.702067,38.045962,0 -103.702222,38.046026,0 -103.702672,38.046208,0 -103.703272,38.046450,0 -103.703740,38.046640,0 -103.705297,38.047265,0 -103.705667,38.047415,0 -103.706026,38.047568,0 -103.706336,38.047718,0 -103.706555,38.047837,0 -103.706689,38.047917,0 -103.706880,38.048036,0 -103.706942,38.048077,0 -103.707263,38.048305,0 -103.707579,38.048556,0 -103.707856,38.048807,0 -103.708407,38.049337,0 -103.708759,38.049679,0 -103.708988,38.049893,0 -103.709275,38.050146,0 -103.709497,38.050316,0 -103.709741,38.050475,0 -103.709919,38.050573,0 -103.710117,38.050680,0 -103.710453,38.050850,0 -103.710817,38.051031,0 -103.710894,38.051068,0 -103.710969,38.051106,0 -103.711338,38.051290,0 -103.711868,38.051530,0 -103.711975,38.051574,0 -103.712566,38.051815,0 -103.713160,38.052050,0 -103.713743,38.052283,0 -103.714334,38.052528,0 -103.714922,38.052762,0 -103.716080,38.053226,0 -103.716430,38.053374,0 -103.716754,38.053506,0 -103.717040,38.053624,0 -103.717451,38.053792,0 -103.718145,38.054071,0 -103.718709,38.054291,0 -103.718860,38.054353,0 -103.719004,38.054412,0 -103.719863,38.054766,0 -103.720042,38.054836,0 -103.721221,38.055311,0 -103.722385,38.055784,0 -103.722988,38.056026,0 -103.723574,38.056261,0 -103.724146,38.056490,0 -103.724750,38.056732,0 -103.725446,38.057011,0 -103.725935,38.057207,0 -103.726519,38.057449,0 -103.727111,38.057691,0 -103.727689,38.057910,0 -103.728323,38.058165,0 -103.728843,38.058373,0 -103.729304,38.058577,0 -103.729407,38.058612,0 -103.730005,38.058858,0 -103.730365,38.059005,0 -103.731645,38.059525,0 -103.735792,38.061205,0 -103.736378,38.061444,0 -103.737763,38.062007,0 -103.738180,38.062167,0 -103.738572,38.062295,0 -103.738901,38.062385,0 -103.739076,38.062422,0 -103.739122,38.062432,0 -103.739339,38.062469,0 -103.739603,38.062500,0 -103.739992,38.062531,0 -103.740424,38.062547,0 -103.741187,38.062549,0 -103.741649,38.062553,0 -103.741979,38.062569,0 -103.742277,38.062590,0 -103.742579,38.062629,0 -103.743052,38.062706,0 -103.743633,38.062847,0 -103.744244,38.063025,0 -103.744509,38.063111,0 -103.744783,38.063217,0 -103.745507,38.063518,0 -103.745572,38.063544,0 -103.747256,38.064223,0 -103.747683,38.064392,0 -103.748227,38.064616,0 -103.748699,38.064789,0 -103.748850,38.064843,0 -103.749356,38.065022,0 -103.750520,38.065394,0 -103.754464,38.066984,0 -103.756642,38.067857,0 -103.756888,38.067960,0 -103.766010,38.071637,0 -103.770448,38.073429,0 -103.775108,38.075299,0 -103.777303,38.076188,0 -103.784210,38.078968,0 -103.784436,38.079062,0 -103.788785,38.080809,0 -103.802538,38.086357,0 -103.812047,38.090186,0 -103.813280,38.090679,0 -103.820778,38.093701,0 -103.825095,38.095435,0 -103.830853,38.097751,0 -103.833760,38.098921,0 -103.835926,38.099793,0 -103.836856,38.100183,0 -103.837042,38.100275,0 -103.837289,38.100416,0 -103.837611,38.100616,0 -103.837863,38.100788,0 -103.838128,38.100998,0 -103.838328,38.101281,0 -103.838400,38.101354,0 -103.838628,38.101581,0 -103.839006,38.101938,0 -103.839203,38.102115,0 -103.839367,38.102241,0 -103.839563,38.102380,0 -103.839719,38.102476,0 -103.839911,38.102580,0 -103.840146,38.102689,0 -103.840386,38.102782,0 -103.840599,38.102844,0 -103.840811,38.102898,0 -103.841008,38.102937,0 -103.841269,38.102973,0 -103.841584,38.102996,0 -103.841766,38.102998,0 -103.842008,38.102992,0 -103.842224,38.102972,0 -103.842418,38.102947,0 -103.842621,38.102910,0 -103.842857,38.102856,0 -103.843440,38.102715,0 -103.844013,38.102562,0 -103.844490,38.102443,0 -103.844819,38.102371,0 -103.845056,38.102326,0 -103.845317,38.102293,0 -103.845617,38.102272,0 -103.845838,38.102265,0 -103.846106,38.102271,0 -103.846365,38.102287,0 -103.846683,38.102327,0 -103.846998,38.102381,0 -103.848733,38.102772,0 -103.849399,38.102908,0 -103.855002,38.104094,0 -103.857099,38.104534,0 -103.858041,38.104743,0 -103.858537,38.104878,0 -103.858775,38.104958,0 -103.859012,38.104987,0 -103.859448,38.105156,0 -103.860139,38.105443,0 -103.861664,38.106075,0 -103.862059,38.106234,0 -103.862621,38.106459,0 -103.862885,38.106564,0 -103.863114,38.106643,0 -103.863484,38.106759,0 -103.864144,38.106962,0 -103.864801,38.107156,0 -103.865438,38.107345,0 -103.865568,38.107382,0 -103.866097,38.107535,0 -103.866607,38.107682,0 -103.866722,38.107715,0 -103.866862,38.107756,0 -103.867284,38.107878,0 -103.867855,38.108043,0 -103.867996,38.108085,0 -103.868429,38.108216,0 -103.868872,38.108348,0 -103.868987,38.108383,0 -103.869554,38.108552,0 -103.870109,38.108717,0 -103.870613,38.108904,0 -103.870902,38.109048,0 -103.871162,38.109209,0 -103.872854,38.110389,0 -103.873006,38.110495,0 -103.873212,38.110638,0 -103.873866,38.111092,0 -103.874264,38.111359,0 -103.874397,38.111449,0 -103.874740,38.111659,0 -103.875081,38.111852,0 -103.875538,38.112071,0 -103.876199,38.112369,0 -103.876504,38.112485,0 -103.876843,38.112607,0 -103.877364,38.112778,0 -103.879547,38.113427,0 -103.880242,38.113633,0 -103.881244,38.113923,0 -103.881913,38.114116,0 -103.882422,38.114241,0 -103.882909,38.114343,0 -103.883467,38.114435,0 -103.884248,38.114527,0 -103.887244,38.114818,0 -103.887765,38.114869,0 -103.888340,38.114926,0 -103.889311,38.115083,0 -103.890219,38.115244,0 -103.890793,38.115330,0 -103.893815,38.115634,0 -103.897019,38.115963,0 -103.900965,38.116361,0 -103.903029,38.116576,0 -103.912120,38.117493,0 -103.930625,38.119382,0 -103.942361,38.120568,0 -103.944429,38.120788,0 -103.945971,38.120939,0 -103.946983,38.121036,0 -103.948204,38.121160,0 -103.948602,38.121198,0 -103.949879,38.121322,0 -103.951476,38.121487,0 -103.960638,38.122834,0 -103.967418,38.123804,0 -103.967507,38.123816,0 -103.972840,38.124582,0 -103.976543,38.125126,0 -103.981253,38.125810,0 -103.985802,38.126474,0 -103.993650,38.127602,0 -103.994027,38.127657,0 -103.995063,38.127812,0 -104.001207,38.128701,0 -104.006273,38.129435,0 -104.007715,38.129644,0 -104.009060,38.129842,0 -104.012803,38.130394,0 -104.013128,38.130438,0 -104.013502,38.130470,0 -104.014071,38.130481,0 -104.014669,38.130469,0 -104.015267,38.130456,0 -104.016376,38.130428,0 -104.017588,38.130406,0 -104.018676,38.130383,0 -104.019805,38.130352,0 -104.020358,38.130361,0 -104.020684,38.130384,0 -104.021051,38.130432,0 -104.021714,38.130526,0 -104.022363,38.130626,0 -104.023004,38.130715,0 -104.023253,38.130752,0 -104.023564,38.130797,0 -104.023690,38.130815,0 -104.023865,38.130840,0 -104.024179,38.130883,0 -104.024399,38.130913,0 -104.025029,38.131000,0 -104.025692,38.131097,0 -104.026314,38.131187,0 -104.026584,38.131235,0 -104.026779,38.131284,0 -104.026994,38.131348,0 -104.027203,38.131443,0 -104.027616,38.131638,0 -104.028170,38.131918,0 -104.028941,38.132303,0 -104.029442,38.132544,0 -104.029665,38.132642,0 -104.029903,38.132735,0 -104.030144,38.132814,0 -104.030391,38.132874,0 -104.030640,38.132928,0 -104.030926,38.132979,0 -104.031398,38.133051,0 -104.031894,38.133122,0 -104.032439,38.133198,0 -104.032962,38.133279,0 -104.033645,38.133396,0 -104.033891,38.133442,0 -104.034466,38.133554,0 -104.034821,38.133632,0 -104.035358,38.133768,0 -104.035701,38.133855,0 -104.036359,38.134034,0 -104.036948,38.134211,0 -104.037392,38.134357,0 -104.038423,38.134748,0 -104.038542,38.134795,0 -104.041069,38.135848,0 -104.042972,38.136630,0 -104.043379,38.136800,0 -104.050756,38.139861,0 -104.058179,38.142929,0 -104.061938,38.144477,0 -104.067340,38.146718,0 -104.068139,38.147049,0 -104.069158,38.147471,0 -104.070567,38.148056,0 -104.071771,38.148553,0 -104.072154,38.148696,0 -104.072593,38.148829,0 -104.073011,38.148931,0 -104.073483,38.149037,0 -104.073989,38.149122,0 -104.074595,38.149209,0 -104.075130,38.149257,0 -104.075670,38.149289,0 -104.076098,38.149293,0 -104.076617,38.149279,0 -104.077015,38.149255,0 -104.078111,38.149162,0 -104.079776,38.149031,0 -104.080049,38.149007,0 -104.081570,38.148895,0 -104.084088,38.148690,0 -104.085097,38.148629,0 -104.085848,38.148608,0 -104.087896,38.148634,0 -104.089598,38.148672,0 -104.091032,38.148698,0 -104.092020,38.148753,0 -104.092721,38.148820,0 -104.093375,38.148917,0 -104.094134,38.149066,0 -104.094807,38.149228,0 -104.095379,38.149389,0 -104.095980,38.149582,0 -104.096518,38.149780,0 -104.097046,38.150001,0 -104.098069,38.150458,0 -104.102985,38.152659,0 -104.103718,38.153008,0 -104.106128,38.154174,0 -104.106934,38.154563,0 -104.108698,38.155405,0 -104.112205,38.156999,0 -104.113602,38.157629,0 -104.115138,38.158321,0 -104.115772,38.158605,0 -104.116156,38.158773,0 -104.116537,38.158941,0 -104.116904,38.159120,0 -104.117363,38.159347,0 -104.117763,38.159552,0 -104.118176,38.159797,0 -104.118713,38.160110,0 -104.119324,38.160451,0 -104.120034,38.160845,0 -104.121664,38.161750,0 -104.123513,38.162670,0 -104.125324,38.163567,0 -104.125697,38.163750,0 -104.130699,38.166207,0 -104.131597,38.166607,0 -104.132424,38.166939,0 -104.133178,38.167203,0 -104.133656,38.167352,0 -104.134629,38.167625,0 -104.135618,38.167862,0 -104.136399,38.168020,0 -104.137128,38.168140,0 -104.137819,38.168235,0 -104.138701,38.168325,0 -104.139814,38.168410,0 -104.143200,38.168614,0 -104.145263,38.168749,0 -104.147067,38.168862,0 -104.148500,38.168952,0 -104.150645,38.169087,0 -104.154377,38.169318,0 -104.154908,38.169395,0 -104.155326,38.169466,0 -104.156348,38.169690,0 -104.157635,38.170061,0 -104.173909,38.174809,0 -104.175685,38.175321,0 -104.178166,38.176059,0 -104.178590,38.176184,0 -104.179084,38.176349,0 -104.180032,38.176678,0 -104.181070,38.177070,0 -104.182250,38.177538,0 -104.183681,38.178169,0 -104.184612,38.178619,0 -104.185379,38.178995,0 -104.186042,38.179342,0 -104.187397,38.180098,0 -104.192061,38.182910,0 -104.196399,38.185532,0 -104.197313,38.186076,0 -104.197622,38.186263,0 -104.197853,38.186393,0 -104.198081,38.186507,0 -104.198332,38.186624,0 -104.198922,38.186867,0 -104.199359,38.187037,0 -104.200007,38.187299,0 -104.202943,38.188450,0 -104.213722,38.192643,0 -104.213897,38.192710,0 -104.221233,38.195534,0 -104.226054,38.197388,0 -104.228016,38.198143,0 -104.228550,38.198348,0 -104.228893,38.198471,0 -104.229325,38.198602,0 -104.229911,38.198755,0 -104.230500,38.198905,0 -104.235672,38.200187,0 -104.236877,38.200490,0 -104.237120,38.200561,0 -104.237340,38.200639,0 -104.237637,38.200761,0 -104.237836,38.200854,0 -104.238010,38.200942,0 -104.238232,38.201066,0 -104.238431,38.201196,0 -104.238684,38.201373,0 -104.238924,38.201566,0 -104.239207,38.201832,0 -104.239491,38.202129,0 -104.242802,38.205536,0 -104.249622,38.212931,0 -104.257412,38.221227,0 -104.259210,38.223152,0 -104.260041,38.224043,0 -104.260935,38.225002,0 -104.261941,38.226070,0 -104.262265,38.226427,0 -104.262849,38.227054,0 -104.263100,38.227251,0 -104.263347,38.227434,0 -104.263561,38.227575,0 -104.263773,38.227701,0 -104.263987,38.227812,0 -104.264221,38.227922,0 -104.264478,38.228035,0 -104.264710,38.228119,0 -104.264982,38.228203,0 -104.265276,38.228284,0 -104.265490,38.228328,0 -104.265863,38.228393,0 -104.266177,38.228423,0 -104.266498,38.228440,0 -104.275939,38.228785,0 -104.277786,38.228851,0 -104.283108,38.229039,0 -104.284185,38.229084,0 -104.285246,38.229134,0 -104.288784,38.229334,0 -104.291631,38.229493,0 -104.294457,38.229666,0 -104.295652,38.229759,0 -104.304143,38.230625,0 -104.309877,38.231215,0 -104.310878,38.231313,0 -104.311919,38.231423,0 -104.312780,38.231536,0 -104.313872,38.231694,0 -104.315515,38.231969,0 -104.316997,38.232225,0 -104.318594,38.232504,0 -104.322248,38.233136,0 -104.323089,38.233348,0 -104.323283,38.233398,0 -104.324142,38.233651,0 -104.324909,38.233906,0 -104.326531,38.234466,0 -104.326744,38.234545,0 -104.327996,38.235064,0 -104.328837,38.235430,0 -104.329452,38.235709,0 -104.330082,38.236031,0 -104.330914,38.236493,0 -104.334269,38.238645,0 -104.339519,38.241987,0 -104.343618,38.244606,0 -104.344743,38.245313,0 -104.346845,38.246652,0 -104.348976,38.247989,0 -104.350327,38.248854,0 -104.350517,38.248976,0 -104.350952,38.249252,0 -104.351938,38.249878,0 -104.353796,38.251120,0 -104.354383,38.251537,0 -104.363604,38.258520,0 -104.364592,38.259410,0 -104.365108,38.259841,0 -104.365452,38.260128,0 -104.365908,38.260479,0 -104.366714,38.261081,0 -104.366873,38.261209,0 -104.367199,38.261459,0 -104.368200,38.262229,0 -104.368900,38.262752,0 -104.369886,38.263497,0 -104.371601,38.264798,0 -104.372217,38.265268,0 -104.372987,38.265854,0 -104.373565,38.266265,0 -104.373990,38.266530,0 -104.374393,38.266743,0 -104.374923,38.266974,0 -104.375280,38.267100,0 -104.375688,38.267231,0 -104.376110,38.267336,0 -104.376550,38.267423,0 -104.377035,38.267490,0 -104.387400,38.268417,0 -104.389928,38.268644,0 -104.391046,38.268745,0 -104.392116,38.268832,0 -104.393288,38.268907,0 -104.395773,38.269041,0 -104.396400,38.269077,0 -104.397003,38.269124,0 -104.399861,38.269375,0 -104.400981,38.269474,0 -104.401282,38.269498,0 -104.402334,38.269591,0 -104.403339,38.269689,0 -104.404017,38.269759,0 -104.404575,38.269813,0 -104.405395,38.269905,0 -104.406862,38.270082,0 -104.408404,38.270269,0 -104.409969,38.270447,0 -104.411554,38.270608,0 -104.413173,38.270755,0 -104.416484,38.271047,0 -104.418284,38.271201,0 -104.423025,38.271619,0 -104.433965,38.272581,0 -104.436817,38.272831,0 -104.438829,38.273009,0 -104.441128,38.273212,0 -104.443107,38.273388,0 -104.445568,38.273603,0 -104.448458,38.273862,0 -104.450730,38.274060,0 -104.453471,38.274287,0 -104.453972,38.274334,0 -104.454726,38.274410,0 -104.455528,38.274500,0 -104.456966,38.274673,0 -104.457661,38.274760,0 -104.457755,38.274771,0 -104.459073,38.274925,0 -104.460060,38.275025,0 -104.460697,38.275080,0 -104.461419,38.275133,0 -104.461954,38.275172,0 -104.462612,38.275207,0 -104.463846,38.275278,0 -104.464812,38.275328,0 -104.465188,38.275348,0 -104.469220,38.275667,0 -104.470693,38.275793,0 -104.471923,38.275894,0 -104.472387,38.275918,0 -104.472824,38.275924,0 -104.473136,38.275924,0 -104.473552,38.275919,0 -104.476564,38.275833,0 -104.478684,38.275764,0 -104.481961,38.275670,0 -104.483706,38.275616,0 -104.486571,38.275529,0 -104.492239,38.275349,0 -104.492655,38.275337,0 -104.495852,38.275239,0 -104.496042,38.275234,0 -104.496724,38.275215,0 -104.498042,38.275175,0 -104.500752,38.275090,0 -104.501703,38.275060,0 -104.503033,38.275019,0 -104.505885,38.274928,0 -104.506315,38.274916,0 -104.509159,38.274831,0 -104.510406,38.274792,0 -104.511185,38.274768,0 -104.515353,38.274639,0 -104.516588,38.274601,0 -104.517447,38.274582,0 -104.518296,38.274569,0 -104.518793,38.274564,0 -104.520008,38.274552,0 -104.524467,38.274496,0 -104.525534,38.274483,0 -104.529487,38.274438,0 -104.531065,38.274409,0 -104.534186,38.274352,0 -104.534727,38.274346,0 -104.535356,38.274337,0 -104.535914,38.274310,0 -104.536284,38.274286,0 -104.536635,38.274260,0 -104.537115,38.274216,0 -104.537704,38.274145,0 -104.538220,38.274077,0 -104.538829,38.273981,0 -104.540231,38.273733,0 -104.540445,38.273694,0 -104.541266,38.273550,0 -104.543086,38.273218,0 -104.543749,38.273087,0 -104.544182,38.272991,0 -104.544512,38.272908,0 -104.544797,38.272829,0 -104.545077,38.272733,0 -104.545398,38.272614,0 -104.545864,38.272421,0 -104.546371,38.272200,0 -104.547344,38.271776,0 -104.547644,38.271650,0 -104.547882,38.271562,0 -104.548205,38.271462,0 -104.548466,38.271397,0 -104.548737,38.271347,0 -104.549025,38.271307,0 -104.549365,38.271278,0 -104.549723,38.271272,0 -104.549984,38.271280,0 -104.550250,38.271302,0 -104.550535,38.271338,0 -104.550828,38.271393,0 -104.551041,38.271444,0 -104.551322,38.271525,0 -104.551584,38.271614,0 -104.551813,38.271705,0 -104.552173,38.271874,0 -104.552550,38.272066,0 -104.553739,38.272679,0 -104.554755,38.273320,0 -104.554983,38.273472,0 -104.555265,38.273671,0 -104.555528,38.273886,0 -104.556514,38.274824,0 -104.556739,38.275189,0 -104.556800,38.275325,0 -104.556843,38.275450,0 -104.556879,38.275588,0 -104.556897,38.275723,0 -104.556908,38.275849,0 -104.556908,38.275972,0 -104.556891,38.276141,0 -104.556858,38.276308,0 -104.556738,38.276737,0 -104.556657,38.276917,0 -104.556466,38.277364,0 -104.556382,38.277611,0 -104.556327,38.277807,0 -104.556264,38.278067,0 -104.556218,38.278317,0 -104.556196,38.278459,0 -104.556175,38.278622,0 -104.556149,38.279123,0 -104.556130,38.279559,0 -104.556135,38.280128,0 -104.556141,38.280717,0 -104.556147,38.281313,0 -104.556155,38.282179,0 -104.556185,38.282941,0 -104.556197,38.283183,0 -104.556228,38.283706,0 -104.556255,38.284593,0 -104.556285,38.285776,0 -104.556293,38.286333,0 -104.556299,38.286642,0 -104.556288,38.286880,0 -104.556335,38.289014,0 -104.556364,38.290185,0 -104.556371,38.290351,0 -104.556393,38.290561,0 -104.556418,38.290755,0 -104.556460,38.290967,0 -104.556542,38.291257,0 -104.556635,38.291546,0 -104.556732,38.291781,0 -104.556814,38.291950,0 -104.556904,38.292134,0 -104.556988,38.292273,0 -104.557085,38.292432,0 -104.557260,38.292694,0 -104.557407,38.292883,0 -104.557503,38.292999,0 -104.557549,38.293053,0 -104.557656,38.293178,0 -104.557792,38.293323,0 -104.558078,38.293595,0 -104.558430,38.293887,0 -104.558674,38.294068,0 -104.558921,38.294229,0 -104.559194,38.294390,0 -104.559503,38.294551,0 -104.559830,38.294711,0 -104.560405,38.294961,0 -104.561336,38.295362,0 -104.562711,38.295964,0 -104.564384,38.296693,0 -104.568393,38.298426,0 -104.571562,38.299802,0 -104.572164,38.300063,0 -104.575152,38.301373,0 -104.580113,38.303526,0 -104.584830,38.305572,0 -104.587455,38.306726,0 -104.588041,38.306981,0 -104.589250,38.307503,0 -104.589699,38.307695,0 -104.589970,38.307800,0 -104.590267,38.307902,0 -104.590650,38.308010,0 -104.591012,38.308101,0 -104.591378,38.308172,0 -104.591680,38.308221,0 -104.592028,38.308258,0 -104.592380,38.308284,0 -104.592725,38.308290,0 -104.593214,38.308281,0 -104.593625,38.308255,0 -104.593972,38.308227,0 -104.594849,38.308166,0 -104.601907,38.307613,0 -104.602373,38.307610,0 -104.602754,38.307578,0 -104.604674,38.307431,0 -104.606159,38.307279,0 -104.606656,38.307249,0 -104.606742,38.307244,0 -104.606917,38.307239,0 -104.607020,38.307243,0 -104.607393,38.307260,0 -104.608837,38.307297,0 -104.609977,38.307347,0 -104.610837,38.307414,0 -104.612569,38.307538,0 -104.613194,38.307594,0 -104.613677,38.307624,0 -104.613845,38.307639,0 -104.614197,38.307670,0 -104.614569,38.307699,0 -104.615130,38.307742,0 -104.615234,38.307750,0 -104.615845,38.307791,0 -104.616058,38.307808,0 -104.616230,38.307824,0 -104.616507,38.307845,0 -104.616967,38.307879,0 -104.617200,38.307897,0 -104.617547,38.307918,0 -104.617580,38.307920,0 -104.617745,38.307929,0 -104.617761,38.307930,0 -104.617882,38.307937,0 -104.618253,38.307960,0 -104.618350,38.307969,0 -104.618722,38.307992,0 -104.619113,38.308023,0 -104.619653,38.308060,0 -104.620037,38.308096,0 -104.620524,38.308129,0 -104.620988,38.308181,0 -104.624094,38.308675,0 -104.625155,38.308843,0 -104.625795,38.308941,0 -104.626343,38.309026,0 -104.626492,38.309049,0 -104.626943,38.309119,0 -104.627496,38.309206,0 -104.627952,38.309276,0 -104.628371,38.309336,0 -104.628550,38.309363,0 -104.629903,38.309563,0 -104.630347,38.309621,0 -104.630367,38.309623,0 -104.630460,38.309632,0 -104.630604,38.309660,0 -104.630616,38.309662,0 -104.631024,38.309723,0 -104.632009,38.309869,0 -104.632750,38.309966,0 -104.633056,38.310010,0 -104.633236,38.310036,0 -104.633370,38.310055,0 -104.634814,38.310262,0 -104.635166,38.310313,0 -104.635253,38.310325,0 -104.635351,38.310339,0 -104.635408,38.310348,0 -104.635700,38.310391,0 -104.638150,38.310760,0 -104.638821,38.310857,0 -104.639660,38.310980,0 -104.641807,38.311293,0 -104.641898,38.311309,0 -104.642034,38.311325,0 -104.643823,38.311591,0 -104.644827,38.311736,0 -104.646423,38.311971,0 -104.648421,38.312259,0 -104.649254,38.312389,0 -104.652023,38.312845,0 -104.652806,38.312955,0 -104.654207,38.313172,0 -104.654809,38.313338,0 -104.655136,38.313441,0 -104.655710,38.313639,0 -104.656107,38.313799,0 -104.656692,38.314102,0 -104.657405,38.314481,0 -104.658145,38.314788,0 -104.659095,38.315125,0 -104.659706,38.315331,0 -104.660519,38.315587,0 -104.660657,38.315620,0 -104.660877,38.315670,0 -104.661152,38.315727,0 -104.661549,38.315799,0 -104.662020,38.315859,0 -104.662399,38.315889,0 -104.662696,38.315911,0 -104.663277,38.315935,0 -104.664298,38.315943,0 -104.664686,38.315945,0 -104.668865,38.315978,0 -104.670466,38.315995,0 -104.670852,38.316002,0 -104.671147,38.316015,0 -104.671402,38.316033,0 -104.671819,38.316069,0 -104.672255,38.316120,0 -104.672647,38.316180,0 -104.673058,38.316261,0 -104.673355,38.316330,0 -104.673782,38.316445,0 -104.676084,38.317078,0 -104.694063,38.322025,0 -104.696744,38.322765,0 -104.699162,38.323427,0 -104.700979,38.323928,0 -104.701749,38.324136,0 -104.704413,38.324871,0 -104.705687,38.325217,0 -104.707061,38.325595,0 -104.715835,38.328006,0 -104.720503,38.329287,0 -104.726022,38.330802,0 -104.737996,38.334079,0 -104.738882,38.334324,0 -104.740726,38.334829,0 -104.742847,38.335416,0 -104.743523,38.335595,0 -104.743645,38.335631,0 -104.743807,38.335678,0 -104.743943,38.335717,0 -104.744131,38.335769,0 -104.748466,38.336955,0 -104.765004,38.341478,0 -104.769080,38.342590,0 -104.770568,38.342996,0 -104.771736,38.343320,0 -104.772166,38.343438,0 -104.772557,38.343541,0 -104.772930,38.343629,0 -104.773357,38.343723,0 -104.773812,38.343809,0 -104.774474,38.343924,0 -104.782380,38.345275,0 -104.793958,38.347245,0 -104.823950,38.352347,0 -104.833626,38.353990,0 -104.833889,38.354036,0 -104.834173,38.354085,0 -104.836557,38.354484,0 -104.842193,38.355440,0 -104.842824,38.355550,0 -104.843280,38.355627,0 -104.846450,38.356163,0 -104.866302,38.359515,0 -104.866888,38.359612,0 -104.867443,38.359706,0 -104.885264,38.362707,0 -104.912206,38.367243,0 -104.912822,38.367347,0 -104.913317,38.367430,0 -104.925165,38.369424,0 -104.934880,38.371064,0 -104.935708,38.371196,0 -104.939589,38.371853,0 -104.940099,38.371964,0 -104.940576,38.372093,0 -104.940888,38.372208,0 -104.941306,38.372343,0 -104.941935,38.372589,0 -104.942281,38.372743,0 -104.942723,38.372975,0 -104.943200,38.373255,0 -104.943546,38.373478,0 -104.944014,38.373799,0 -104.944712,38.374304,0 -104.949124,38.377554,0 -104.949653,38.377937,0 -104.955855,38.382507,0 -104.960162,38.385667,0 -104.967163,38.390808,0 -104.967764,38.391261,0 -104.968305,38.391656,0 -104.969653,38.392639,0 -104.978179,38.398913,0 -104.979020,38.399531,0 -104.981590,38.401416,0 -104.982681,38.402215,0 -104.983054,38.402485,0 -104.983449,38.402755,0 -104.983832,38.402986,0 -104.984090,38.403133,0 -104.984379,38.403286,0 -104.984903,38.403534,0 -104.985372,38.403731,0 -104.985669,38.403849,0 -104.986076,38.403980,0 -104.986456,38.404100,0 -104.986814,38.404191,0 -104.991380,38.405410,0 -104.995962,38.406622,0 -104.999683,38.407614,0 -105.000662,38.407874,0 -105.005112,38.409061,0 -105.006177,38.409341,0 -105.012875,38.411115,0 -105.014717,38.411604,0 -105.018066,38.412491,0 -105.024118,38.414094,0 -105.028345,38.415212,0 -105.029621,38.415532,0 -105.036104,38.417180,0 -105.041379,38.418554,0 -105.042564,38.418878,0 -105.044690,38.419453,0 -105.046741,38.419992,0 -105.051394,38.421221,0 -105.053921,38.421901,0 -105.054299,38.421998,0 -105.057839,38.422932,0 -105.066572,38.425238,0 -105.077195,38.428044,0 -105.078899,38.428492,0 -105.080605,38.428928,0 -105.082946,38.429530,0 -105.086018,38.430316,0 -105.087324,38.430646,0 -105.096030,38.432889,0 -105.096599,38.433041,0 -105.102494,38.434548,0 -105.104353,38.435015,0 -105.107965,38.435940,0 -105.109103,38.436232,0 -105.109778,38.436405,0 -105.111007,38.436719,0 -105.113598,38.437387,0 -105.115544,38.437885,0 -105.129644,38.441494,0 -105.152615,38.447380,0 -105.152996,38.447476,0 -105.155812,38.448197,0 -105.155996,38.448245,0 -105.160105,38.449295,0 -105.162893,38.450007,0 -105.163402,38.450128,0 -105.163843,38.450214,0 -105.164199,38.450272,0 -105.164657,38.450332,0 -105.165059,38.450367,0 -105.165533,38.450396,0 -105.166022,38.450406,0 -105.166439,38.450396,0 -105.166918,38.450375,0 -105.167386,38.450332,0 -105.167727,38.450291,0 -105.167957,38.450257,0 -105.168303,38.450198,0 -105.168666,38.450123,0 -105.169000,38.450044,0 -105.169277,38.449974,0 -105.169613,38.449876,0 -105.170128,38.449707,0 -105.171182,38.449325,0 -105.172418,38.448875,0 -105.172665,38.448786,0 -105.173603,38.448447,0 -105.174047,38.448286,0 -105.174902,38.447977,0 -105.175323,38.447825,0 -105.175647,38.447711,0 -105.175918,38.447629,0 -105.176271,38.447531,0 -105.176707,38.447426,0 -105.177197,38.447319,0 -105.177255,38.447281,0 -105.177296,38.447234,0 -105.177479,38.447188,0 -105.177618,38.447165,0 -105.177921,38.447125,0 -105.178288,38.447089,0 -105.178711,38.447070,0 -105.179208,38.447054,0 -105.179695,38.447043,0 -105.180340,38.447046,0 -105.180864,38.447049,0 -105.181185,38.447053,0 -105.181475,38.447057,0 -105.182010,38.447053,0 -105.183123,38.447045,0 -105.183257,38.447044,0 -105.184343,38.447036,0 -105.184697,38.447033,0 -105.184831,38.447033,0 -105.185332,38.447033,0 -105.185468,38.447033,0 -105.185509,38.447033,0 -105.186249,38.447034,0 -105.186746,38.447034,0 -105.187707,38.447035,0 -105.188268,38.447032,0 -105.188489,38.447031,0 -105.189258,38.447027,0 -105.189513,38.447026,0 -105.189669,38.447025,0 -105.189750,38.447024,0 -105.189937,38.447023,0 -105.190193,38.447021,0 -105.191067,38.447015,0 -105.192170,38.447020,0 -105.192432,38.447018,0 -105.192455,38.447018,0 -105.192756,38.447016,0 -105.193458,38.447015,0 -105.193508,38.447031,0 -105.193591,38.447053,0 -105.193667,38.447062,0 -105.193697,38.447066,0 -105.193837,38.447066,0 -105.194236,38.447067,0 -105.194407,38.447067,0 -105.194720,38.447066,0 -105.194788,38.447064,0 -105.194840,38.447063,0 -105.194945,38.447052,0 -105.195044,38.447035,0 -105.195127,38.447011,0 -105.196084,38.447010,0 -105.196565,38.447009,0 -105.196668,38.447009,0 -105.196771,38.447009,0 -105.197471,38.447008,0 -105.197637,38.447008,0 -105.198427,38.447006,0 -105.199530,38.447005,0 -105.199803,38.447004,0 -105.200105,38.447004,0 -105.200229,38.447004,0 -105.200971,38.446998,0 -105.201392,38.446994,0 -105.201782,38.446999,0 -105.202102,38.447004,0 -105.202497,38.447035,0 -105.202822,38.447079,0 -105.203183,38.447143,0 -105.203494,38.447208,0 -105.203668,38.447245,0 -105.203759,38.447264,0 -105.204043,38.447382,0 -105.204311,38.447485,0 -105.204743,38.447602,0 -105.205057,38.447690,0 -105.205360,38.447770,0 -105.205574,38.447814,0 -105.205939,38.447888,0 -105.206143,38.447905,0 -105.206371,38.447938,0 -105.206572,38.447963,0 -105.206882,38.447998,0 -105.207009,38.448001,0 -105.207402,38.448023,0 -105.207837,38.448046,0 -105.209392,38.448037,0 -105.210707,38.448037,0 -105.212334,38.448038,0 -105.213966,38.448034,0 -105.214889,38.448022,0 -105.215711,38.448028,0 -105.217520,38.448029,0 -105.217506,38.448260,0 -105.217627,38.448265,0 -105.218143,38.448168,0 -105.218193,38.448168,0 -105.218681,38.448169,0 -105.219058,38.448171,0 -105.219531,38.448172,0 -105.219646,38.448177,0 -105.219716,38.448179,0 -105.219889,38.448186,0 -105.219949,38.448194,0 -105.220086,38.448211,0 -105.220199,38.448219,0 -105.220268,38.448223,0 -105.220405,38.448210,0 -105.220410,38.448654,0 -105.220412,38.448825,0 -105.220412,38.448874,0 -105.220413,38.448934,0 -105.220413,38.448952,0 -105.220416,38.449196,0 -105.220418,38.449314,0 -105.220418,38.449330,0 -105.220423,38.449775,0 -105.222659,38.449773,0 -105.222847,38.449773,0 -105.223011,38.449773,0 -105.223703,38.449774,0 -105.225421,38.449776,0 -105.225423,38.449400,0</coordinates>
        </LineString>
      </Placemark>
      <Placemark>
        <name>Day 5</name>
        <description>Canon City, CO to Parachute, CO</description>
        <LineString>
          <tessellate>1</tessellate>
          <coordinates>-105.225423,38.449400,0 -105.225423,38.449325,0 -105.225668,38.449325,0 -105.225809,38.449325,0 -105.225886,38.449325,0 -105.225880,38.448812,0 -105.225878,38.448630,0 -105.225877,38.448601,0 -105.225876,38.448522,0 -105.225872,38.448163,0 -105.225870,38.447985,0 -105.225869,38.447882,0 -105.225869,38.447860,0 -105.225857,38.446867,0 -105.225855,38.446766,0 -105.226050,38.446703,0 -105.226275,38.446704,0 -105.226530,38.446705,0 -105.226743,38.446706,0 -105.226973,38.446707,0 -105.227130,38.446744,0 -105.227293,38.446762,0 -105.227322,38.446797,0 -105.227356,38.446817,0 -105.227395,38.446830,0 -105.227437,38.446833,0 -105.227479,38.446828,0 -105.227517,38.446813,0 -105.227543,38.446797,0 -105.227563,38.446776,0 -105.227581,38.446744,0 -105.227585,38.446709,0 -105.227577,38.446674,0 -105.227556,38.446643,0 -105.227525,38.446618,0 -105.227519,38.446476,0 -105.227482,38.446395,0 -105.227483,38.446323,0 -105.227447,38.446238,0 -105.227263,38.446000,0 -105.227165,38.445863,0 -105.227280,38.445810,0 -105.227736,38.445596,0 -105.228450,38.445255,0 -105.229753,38.444634,0 -105.230472,38.444292,0 -105.230495,38.444281,0 -105.231027,38.444028,0 -105.231242,38.443924,0 -105.231455,38.443825,0 -105.231472,38.443816,0 -105.231680,38.443718,0 -105.231829,38.443647,0 -105.232113,38.443514,0 -105.232323,38.443413,0 -105.232545,38.443308,0 -105.232751,38.443210,0 -105.232801,38.443186,0 -105.232955,38.443117,0 -105.233030,38.443079,0 -105.233609,38.442803,0 -105.233853,38.442688,0 -105.234807,38.442237,0 -105.234890,38.442198,0 -105.235002,38.442146,0 -105.235011,38.442141,0 -105.235324,38.441990,0 -105.235527,38.441895,0 -105.236209,38.441569,0 -105.237505,38.440953,0 -105.237996,38.440720,0 -105.238064,38.440687,0 -105.238788,38.440342,0 -105.239102,38.440192,0 -105.239255,38.440118,0 -105.239352,38.440072,0 -105.239399,38.440050,0 -105.239496,38.440005,0 -105.239633,38.439941,0 -105.240093,38.439724,0 -105.240487,38.439536,0 -105.240536,38.439512,0 -105.240647,38.439459,0 -105.241021,38.439281,0 -105.241268,38.439163,0 -105.241389,38.439106,0 -105.242025,38.438802,0 -105.242087,38.438773,0 -105.242578,38.438539,0 -105.242674,38.438493,0 -105.242767,38.438449,0 -105.242776,38.438444,0 -105.242961,38.438354,0 -105.243348,38.438164,0 -105.243561,38.438057,0 -105.243967,38.437843,0 -105.244161,38.437722,0 -105.244725,38.437332,0 -105.244815,38.437266,0 -105.245047,38.437111,0 -105.245287,38.436959,0 -105.245527,38.436824,0 -105.245803,38.436690,0 -105.246033,38.436595,0 -105.246263,38.436510,0 -105.246747,38.436356,0 -105.247243,38.436215,0 -105.247854,38.436040,0 -105.248244,38.435939,0 -105.248267,38.435933,0 -105.248583,38.435866,0 -105.249054,38.435786,0 -105.251849,38.435400,0 -105.252286,38.435346,0 -105.252517,38.435325,0 -105.252712,38.435313,0 -105.252883,38.435318,0 -105.253006,38.435332,0 -105.253120,38.435353,0 -105.253303,38.435395,0 -105.253486,38.435461,0 -105.253644,38.435539,0 -105.253750,38.435602,0 -105.253878,38.435693,0 -105.253970,38.435769,0 -105.254081,38.435889,0 -105.254158,38.435999,0 -105.254221,38.436112,0 -105.254275,38.436233,0 -105.254316,38.436365,0 -105.254334,38.436497,0 -105.254339,38.436697,0 -105.254334,38.436747,0 -105.254327,38.436810,0 -105.254293,38.437029,0 -105.254217,38.437334,0 -105.253352,38.440787,0 -105.253072,38.441950,0 -105.252187,38.445514,0 -105.252115,38.445863,0 -105.252046,38.446292,0 -105.252003,38.446666,0 -105.251980,38.446885,0 -105.251964,38.447285,0 -105.251958,38.447473,0 -105.251954,38.447549,0 -105.251964,38.447886,0 -105.251981,38.448248,0 -105.252006,38.448749,0 -105.252021,38.449029,0 -105.252056,38.449674,0 -105.252057,38.450089,0 -105.252048,38.450405,0 -105.252030,38.450736,0 -105.251997,38.451056,0 -105.251792,38.452092,0 -105.251753,38.452531,0 -105.251741,38.452763,0 -105.251744,38.452995,0 -105.251775,38.453344,0 -105.251809,38.453568,0 -105.251862,38.453819,0 -105.251947,38.454132,0 -105.252368,38.455708,0 -105.252454,38.456064,0 -105.252770,38.457585,0 -105.253031,38.458824,0 -105.253158,38.459465,0 -105.253253,38.460004,0 -105.253740,38.463012,0 -105.253799,38.463346,0 -105.253873,38.463632,0 -105.253973,38.463930,0 -105.254106,38.464231,0 -105.254268,38.464546,0 -105.255698,38.467180,0 -105.255940,38.467625,0 -105.256729,38.469077,0 -105.256932,38.469452,0 -105.257141,38.469860,0 -105.257403,38.470422,0 -105.257647,38.471011,0 -105.257968,38.471838,0 -105.258136,38.472279,0 -105.258235,38.472528,0 -105.258335,38.472775,0 -105.259046,38.474619,0 -105.259165,38.474894,0 -105.259288,38.475138,0 -105.259402,38.475332,0 -105.259522,38.475517,0 -105.259980,38.476041,0 -105.260141,38.476229,0 -105.262309,38.478575,0 -105.263411,38.479760,0 -105.263612,38.479954,0 -105.263735,38.480069,0 -105.263950,38.480263,0 -105.264032,38.480327,0 -105.265343,38.481442,0 -105.268128,38.483811,0 -105.268351,38.483986,0 -105.268599,38.484148,0 -105.268951,38.484348,0 -105.271112,38.485426,0 -105.272482,38.486099,0 -105.275583,38.487614,0 -105.277739,38.488667,0 -105.278075,38.488837,0 -105.278391,38.489020,0 -105.278641,38.489193,0 -105.278842,38.489347,0 -105.279015,38.489491,0 -105.279173,38.489636,0 -105.279299,38.489766,0 -105.279686,38.490234,0 -105.279979,38.490587,0 -105.280120,38.490756,0 -105.280234,38.490887,0 -105.280357,38.491014,0 -105.280513,38.491160,0 -105.280690,38.491304,0 -105.280892,38.491453,0 -105.281058,38.491558,0 -105.281223,38.491653,0 -105.281412,38.491748,0 -105.281639,38.491854,0 -105.281943,38.491978,0 -105.282284,38.492132,0 -105.282638,38.492305,0 -105.282854,38.492423,0 -105.283096,38.492575,0 -105.283286,38.492715,0 -105.283477,38.492879,0 -105.283814,38.493188,0 -105.284027,38.493381,0 -105.284219,38.493533,0 -105.284467,38.493719,0 -105.284752,38.493911,0 -105.285237,38.494202,0 -105.285721,38.494492,0 -105.286528,38.494946,0 -105.286624,38.495001,0 -105.286821,38.495113,0 -105.287127,38.495280,0 -105.287363,38.495398,0 -105.287633,38.495512,0 -105.287898,38.495602,0 -105.288141,38.495675,0 -105.288410,38.495737,0 -105.288611,38.495777,0 -105.288869,38.495816,0 -105.289158,38.495844,0 -105.289419,38.495860,0 -105.289640,38.495863,0 -105.289877,38.495859,0 -105.290099,38.495844,0 -105.290307,38.495819,0 -105.290502,38.495790,0 -105.290800,38.495726,0 -105.291048,38.495661,0 -105.292170,38.495338,0 -105.292498,38.495242,0 -105.292834,38.495164,0 -105.293069,38.495120,0 -105.293280,38.495089,0 -105.293573,38.495059,0 -105.293879,38.495042,0 -105.294076,38.495041,0 -105.294337,38.495050,0 -105.294774,38.495079,0 -105.297417,38.495309,0 -105.301546,38.495683,0 -105.302271,38.495745,0 -105.303233,38.495827,0 -105.304898,38.495977,0 -105.305895,38.496065,0 -105.307829,38.496238,0 -105.308275,38.496277,0 -105.308787,38.496314,0 -105.309195,38.496335,0 -105.309476,38.496341,0 -105.309905,38.496345,0 -105.310555,38.496348,0 -105.310904,38.496342,0 -105.311022,38.496340,0 -105.312317,38.496323,0 -105.312985,38.496315,0 -105.314197,38.496296,0 -105.315941,38.496261,0 -105.319075,38.496199,0 -105.319984,38.496182,0 -105.320736,38.496168,0 -105.321469,38.496150,0 -105.321610,38.496150,0 -105.322142,38.496149,0 -105.322332,38.496153,0 -105.322673,38.496159,0 -105.323374,38.496192,0 -105.324060,38.496232,0 -105.324698,38.496292,0 -105.325861,38.496378,0 -105.326349,38.496420,0 -105.327063,38.496481,0 -105.327799,38.496545,0 -105.328587,38.496614,0 -105.329121,38.496654,0 -105.329651,38.496690,0 -105.330218,38.496752,0 -105.330445,38.496777,0 -105.331446,38.496857,0 -105.332895,38.496989,0 -105.337347,38.497359,0 -105.337780,38.497397,0 -105.338888,38.497489,0 -105.343743,38.497908,0 -105.345601,38.498066,0 -105.346422,38.498136,0 -105.347469,38.498230,0 -105.348551,38.498317,0 -105.349016,38.498354,0 -105.349179,38.498368,0 -105.350323,38.498461,0 -105.350646,38.498468,0 -105.351012,38.498465,0 -105.351222,38.498458,0 -105.351430,38.498443,0 -105.351647,38.498425,0 -105.351964,38.498388,0 -105.352258,38.498338,0 -105.352581,38.498276,0 -105.352825,38.498218,0 -105.353081,38.498145,0 -105.353383,38.498049,0 -105.354544,38.497637,0 -105.354819,38.497540,0 -105.355093,38.497454,0 -105.355301,38.497395,0 -105.355534,38.497347,0 -105.355783,38.497319,0 -105.356025,38.497311,0 -105.356219,38.497320,0 -105.356452,38.497347,0 -105.356675,38.497394,0 -105.356872,38.497449,0 -105.357073,38.497523,0 -105.357268,38.497611,0 -105.357490,38.497730,0 -105.357748,38.497873,0 -105.357936,38.497960,0 -105.358110,38.498031,0 -105.358307,38.498098,0 -105.358501,38.498138,0 -105.358687,38.498168,0 -105.358886,38.498188,0 -105.359085,38.498197,0 -105.359255,38.498192,0 -105.359440,38.498172,0 -105.359613,38.498142,0 -105.359787,38.498103,0 -105.359966,38.498046,0 -105.360140,38.497975,0 -105.360281,38.497909,0 -105.360424,38.497825,0 -105.360571,38.497722,0 -105.360722,38.497600,0 -105.360838,38.497476,0 -105.360939,38.497331,0 -105.361013,38.497190,0 -105.361096,38.496925,0 -105.361198,38.496579,0 -105.361263,38.496389,0 -105.361338,38.496180,0 -105.361412,38.496032,0 -105.361528,38.495852,0 -105.361649,38.495704,0 -105.361768,38.495581,0 -105.361973,38.495400,0 -105.362567,38.494911,0 -105.362761,38.494743,0 -105.362933,38.494582,0 -105.363052,38.494452,0 -105.363147,38.494329,0 -105.363237,38.494198,0 -105.363317,38.494056,0 -105.363387,38.493903,0 -105.363447,38.493735,0 -105.363484,38.493588,0 -105.363511,38.493421,0 -105.363541,38.493199,0 -105.363576,38.492970,0 -105.363610,38.492783,0 -105.363670,38.492575,0 -105.363747,38.492361,0 -105.363842,38.492174,0 -105.363930,38.492022,0 -105.364055,38.491842,0 -105.364166,38.491707,0 -105.364288,38.491575,0 -105.364473,38.491400,0 -105.364687,38.491227,0 -105.364816,38.491131,0 -105.366942,38.489543,0 -105.367479,38.489162,0 -105.367976,38.488844,0 -105.368813,38.488370,0 -105.369808,38.487831,0 -105.370372,38.487519,0 -105.370739,38.487332,0 -105.371140,38.487186,0 -105.371555,38.487041,0 -105.372532,38.486694,0 -105.373470,38.486394,0 -105.375040,38.485894,0 -105.375442,38.485772,0 -105.375873,38.485644,0 -105.376332,38.485524,0 -105.376770,38.485413,0 -105.377077,38.485342,0 -105.377394,38.485277,0 -105.377764,38.485208,0 -105.378196,38.485135,0 -105.378672,38.485057,0 -105.378979,38.485011,0 -105.379279,38.484971,0 -105.379561,38.484938,0 -105.379923,38.484900,0 -105.380397,38.484861,0 -105.381124,38.484814,0 -105.381752,38.484788,0 -105.382352,38.484774,0 -105.383038,38.484786,0 -105.383419,38.484803,0 -105.383777,38.484825,0 -105.384329,38.484870,0 -105.384925,38.484929,0 -105.385560,38.485005,0 -105.385871,38.485045,0 -105.386548,38.485150,0 -105.387436,38.485284,0 -105.388246,38.485400,0 -105.389553,38.485596,0 -105.389913,38.485636,0 -105.390219,38.485668,0 -105.390485,38.485689,0 -105.390801,38.485706,0 -105.391135,38.485723,0 -105.391436,38.485725,0 -105.391718,38.485721,0 -105.392236,38.485707,0 -105.392462,38.485697,0 -105.392667,38.485684,0 -105.392989,38.485657,0 -105.393295,38.485627,0 -105.393813,38.485569,0 -105.394477,38.485480,0 -105.396102,38.485250,0 -105.397758,38.485010,0 -105.399351,38.484771,0 -105.399627,38.484740,0 -105.399812,38.484716,0 -105.400048,38.484689,0 -105.400254,38.484675,0 -105.400442,38.484672,0 -105.400639,38.484677,0 -105.400883,38.484713,0 -105.401230,38.484785,0 -105.401628,38.484877,0 -105.401921,38.484940,0 -105.402189,38.484994,0 -105.402419,38.485030,0 -105.402631,38.485056,0 -105.402812,38.485069,0 -105.403010,38.485072,0 -105.403258,38.485062,0 -105.403565,38.485032,0 -105.404329,38.484953,0 -105.404917,38.484885,0 -105.405628,38.484807,0 -105.406083,38.484758,0 -105.406420,38.484714,0 -105.406654,38.484674,0 -105.406846,38.484633,0 -105.407251,38.484546,0 -105.407629,38.484458,0 -105.410408,38.483800,0 -105.410802,38.483705,0 -105.411193,38.483599,0 -105.411604,38.483470,0 -105.413198,38.482956,0 -105.414727,38.482463,0 -105.414963,38.482372,0 -105.415202,38.482268,0 -105.415457,38.482148,0 -105.416045,38.481864,0 -105.416906,38.481450,0 -105.417133,38.481360,0 -105.417340,38.481281,0 -105.417548,38.481216,0 -105.417781,38.481153,0 -105.418158,38.481074,0 -105.418588,38.480990,0 -105.419555,38.480804,0 -105.420975,38.480532,0 -105.422049,38.480334,0 -105.422589,38.480231,0 -105.422957,38.480152,0 -105.423365,38.480046,0 -105.423686,38.479948,0 -105.424010,38.479841,0 -105.424270,38.479750,0 -105.425342,38.479321,0 -105.425846,38.479122,0 -105.426132,38.479003,0 -105.426383,38.478885,0 -105.426625,38.478737,0 -105.426806,38.478595,0 -105.426971,38.478456,0 -105.427250,38.478173,0 -105.427450,38.477992,0 -105.427659,38.477815,0 -105.427946,38.477604,0 -105.428097,38.477503,0 -105.428283,38.477380,0 -105.428534,38.477245,0 -105.428695,38.477175,0 -105.428840,38.477117,0 -105.429021,38.477061,0 -105.429174,38.477018,0 -105.429404,38.476979,0 -105.429617,38.476959,0 -105.432253,38.476899,0 -105.432584,38.476882,0 -105.432888,38.476859,0 -105.433979,38.476736,0 -105.434901,38.476629,0 -105.435541,38.476561,0 -105.436011,38.476496,0 -105.436231,38.476457,0 -105.436488,38.476394,0 -105.438694,38.475781,0 -105.439232,38.475630,0 -105.439467,38.475563,0 -105.439683,38.475495,0 -105.439943,38.475399,0 -105.440267,38.475260,0 -105.440573,38.475120,0 -105.441133,38.474833,0 -105.441398,38.474679,0 -105.441588,38.474544,0 -105.441730,38.474415,0 -105.441863,38.474269,0 -105.442006,38.474066,0 -105.442168,38.473808,0 -105.442373,38.473454,0 -105.442481,38.473286,0 -105.442618,38.473092,0 -105.442696,38.473004,0 -105.442800,38.472902,0 -105.442902,38.472824,0 -105.443016,38.472743,0 -105.443199,38.472642,0 -105.443425,38.472543,0 -105.443702,38.472438,0 -105.444167,38.472288,0 -105.444398,38.472218,0 -105.444595,38.472170,0 -105.444850,38.472131,0 -105.445075,38.472112,0 -105.445744,38.472112,0 -105.446730,38.472118,0 -105.447074,38.472110,0 -105.447375,38.472099,0 -105.447700,38.472065,0 -105.447940,38.472032,0 -105.448189,38.471977,0 -105.448418,38.471916,0 -105.448659,38.471842,0 -105.448943,38.471734,0 -105.449341,38.471588,0 -105.449561,38.471498,0 -105.449800,38.471383,0 -105.449949,38.471298,0 -105.450128,38.471171,0 -105.450249,38.471075,0 -105.450356,38.470973,0 -105.450446,38.470878,0 -105.450547,38.470761,0 -105.450629,38.470645,0 -105.450714,38.470511,0 -105.450777,38.470389,0 -105.450839,38.470232,0 -105.450902,38.470022,0 -105.450951,38.469767,0 -105.451130,38.468795,0 -105.451188,38.468531,0 -105.451267,38.468242,0 -105.451339,38.468014,0 -105.451448,38.467709,0 -105.452391,38.465180,0 -105.452500,38.464903,0 -105.452626,38.464613,0 -105.452709,38.464441,0 -105.452855,38.464181,0 -105.452977,38.463986,0 -105.453109,38.463795,0 -105.453263,38.463584,0 -105.453483,38.463309,0 -105.455269,38.461156,0 -105.455444,38.460955,0 -105.455624,38.460752,0 -105.455816,38.460557,0 -105.455993,38.460390,0 -105.456144,38.460268,0 -105.456318,38.460129,0 -105.456501,38.460001,0 -105.456767,38.459833,0 -105.456960,38.459723,0 -105.457158,38.459625,0 -105.457380,38.459526,0 -105.457577,38.459446,0 -105.457817,38.459363,0 -105.458188,38.459261,0 -105.458555,38.459179,0 -105.458794,38.459134,0 -105.459207,38.459059,0 -105.459635,38.458981,0 -105.459849,38.458950,0 -105.460520,38.458853,0 -105.462211,38.458618,0 -105.463146,38.458486,0 -105.463876,38.458385,0 -105.464863,38.458273,0 -105.465594,38.458201,0 -105.467906,38.458010,0 -105.468325,38.457970,0 -105.469398,38.457881,0 -105.469949,38.457838,0 -105.470418,38.457797,0 -105.470787,38.457772,0 -105.471012,38.457769,0 -105.471326,38.457774,0 -105.471670,38.457791,0 -105.473375,38.457901,0 -105.474244,38.457961,0 -105.474399,38.457970,0 -105.475975,38.458068,0 -105.477113,38.458133,0 -105.477432,38.458145,0 -105.477758,38.458152,0 -105.478046,38.458147,0 -105.478302,38.458141,0 -105.478855,38.458101,0 -105.479495,38.458045,0 -105.481081,38.457919,0 -105.482211,38.457829,0 -105.482816,38.457776,0 -105.483209,38.457734,0 -105.483409,38.457699,0 -105.483699,38.457640,0 -105.484059,38.457550,0 -105.484890,38.457306,0 -105.485369,38.457176,0 -105.485638,38.457091,0 -105.485910,38.456981,0 -105.486148,38.456868,0 -105.486307,38.456784,0 -105.486536,38.456646,0 -105.486808,38.456467,0 -105.487164,38.456209,0 -105.487995,38.455571,0 -105.488545,38.455151,0 -105.489078,38.454746,0 -105.489286,38.454592,0 -105.489652,38.454335,0 -105.489869,38.454192,0 -105.490028,38.454100,0 -105.490240,38.453999,0 -105.490503,38.453898,0 -105.490750,38.453823,0 -105.491053,38.453749,0 -105.491905,38.453582,0 -105.492398,38.453485,0 -105.492551,38.453453,0 -105.493308,38.453299,0 -105.493998,38.453147,0 -105.494568,38.453036,0 -105.494618,38.453027,0 -105.494762,38.453004,0 -105.494905,38.452993,0 -105.495275,38.452986,0 -105.495587,38.453023,0 -105.495864,38.453081,0 -105.496123,38.453162,0 -105.496321,38.453240,0 -105.496518,38.453338,0 -105.496748,38.453483,0 -105.496982,38.453638,0 -105.497297,38.453870,0 -105.497496,38.453998,0 -105.497965,38.454279,0 -105.498391,38.454472,0 -105.498638,38.454573,0 -105.498862,38.454654,0 -105.499121,38.454732,0 -105.500110,38.455008,0 -105.500864,38.455225,0 -105.501081,38.455287,0 -105.501703,38.455442,0 -105.501960,38.455490,0 -105.502225,38.455531,0 -105.502472,38.455554,0 -105.502670,38.455567,0 -105.502834,38.455572,0 -105.503078,38.455575,0 -105.503294,38.455567,0 -105.503596,38.455541,0 -105.503811,38.455516,0 -105.504084,38.455470,0 -105.504452,38.455409,0 -105.504683,38.455376,0 -105.504911,38.455357,0 -105.505097,38.455353,0 -105.505412,38.455368,0 -105.505629,38.455392,0 -105.505845,38.455431,0 -105.506053,38.455486,0 -105.506285,38.455563,0 -105.506555,38.455678,0 -105.506757,38.455785,0 -105.507015,38.455923,0 -105.507238,38.456041,0 -105.507391,38.456109,0 -105.507543,38.456172,0 -105.507684,38.456213,0 -105.507872,38.456260,0 -105.508111,38.456303,0 -105.508333,38.456342,0 -105.508580,38.456378,0 -105.509333,38.456489,0 -105.510309,38.456637,0 -105.510570,38.456678,0 -105.510809,38.456709,0 -105.510989,38.456723,0 -105.511135,38.456734,0 -105.511246,38.456728,0 -105.511388,38.456724,0 -105.511531,38.456713,0 -105.511687,38.456690,0 -105.511850,38.456655,0 -105.511993,38.456620,0 -105.512122,38.456577,0 -105.512261,38.456524,0 -105.512363,38.456479,0 -105.512560,38.456373,0 -105.512814,38.456196,0 -105.513544,38.455655,0 -105.513690,38.455556,0 -105.513873,38.455445,0 -105.514034,38.455359,0 -105.514209,38.455280,0 -105.514393,38.455209,0 -105.514609,38.455138,0 -105.514806,38.455072,0 -105.514956,38.455018,0 -105.515072,38.454968,0 -105.515180,38.454911,0 -105.515291,38.454840,0 -105.515390,38.454768,0 -105.515493,38.454683,0 -105.515592,38.454585,0 -105.515720,38.454438,0 -105.518081,38.451453,0 -105.518246,38.451227,0 -105.518628,38.450743,0 -105.518801,38.450523,0 -105.519008,38.450309,0 -105.519176,38.450158,0 -105.519434,38.449985,0 -105.519768,38.449793,0 -105.519943,38.449696,0 -105.520130,38.449578,0 -105.520281,38.449462,0 -105.520434,38.449344,0 -105.520609,38.449181,0 -105.520724,38.449065,0 -105.520805,38.448974,0 -105.521042,38.448679,0 -105.522014,38.447486,0 -105.522354,38.447066,0 -105.522628,38.446753,0 -105.522986,38.446377,0 -105.523316,38.446108,0 -105.523684,38.445869,0 -105.524379,38.445483,0 -105.524745,38.445287,0 -105.524958,38.445200,0 -105.525154,38.445137,0 -105.525346,38.445092,0 -105.525569,38.445057,0 -105.525757,38.445043,0 -105.525948,38.445039,0 -105.526123,38.445044,0 -105.526318,38.445065,0 -105.526517,38.445103,0 -105.526758,38.445156,0 -105.526957,38.445195,0 -105.527142,38.445210,0 -105.527331,38.445209,0 -105.527529,38.445193,0 -105.527707,38.445165,0 -105.527873,38.445119,0 -105.528069,38.445049,0 -105.528232,38.444967,0 -105.528372,38.444874,0 -105.528539,38.444729,0 -105.528623,38.444645,0 -105.528728,38.444517,0 -105.528797,38.444402,0 -105.528857,38.444268,0 -105.528915,38.444126,0 -105.529193,38.443450,0 -105.529341,38.443087,0 -105.529439,38.442845,0 -105.529591,38.442549,0 -105.529741,38.442347,0 -105.529877,38.442206,0 -105.530017,38.442088,0 -105.530172,38.441990,0 -105.530389,38.441881,0 -105.530631,38.441779,0 -105.531160,38.441577,0 -105.531433,38.441474,0 -105.531672,38.441394,0 -105.531913,38.441329,0 -105.532183,38.441271,0 -105.532385,38.441247,0 -105.532575,38.441232,0 -105.532761,38.441223,0 -105.532938,38.441225,0 -105.533065,38.441230,0 -105.533372,38.441264,0 -105.533611,38.441307,0 -105.534002,38.441408,0 -105.534271,38.441494,0 -105.535109,38.441775,0 -105.535581,38.441929,0 -105.535773,38.441993,0 -105.536125,38.442108,0 -105.536333,38.442173,0 -105.536507,38.442214,0 -105.536677,38.442240,0 -105.536904,38.442265,0 -105.537484,38.442298,0 -105.537988,38.442315,0 -105.538316,38.442315,0 -105.538595,38.442294,0 -105.538785,38.442268,0 -105.538994,38.442229,0 -105.539197,38.442171,0 -105.539404,38.442099,0 -105.539603,38.442013,0 -105.539786,38.441926,0 -105.539969,38.441811,0 -105.540128,38.441702,0 -105.540295,38.441574,0 -105.540440,38.441430,0 -105.540523,38.441343,0 -105.540627,38.441207,0 -105.540721,38.441070,0 -105.540769,38.440976,0 -105.540843,38.440816,0 -105.540893,38.440681,0 -105.540919,38.440595,0 -105.540940,38.440520,0 -105.540960,38.440396,0 -105.540978,38.440194,0 -105.540983,38.440110,0 -105.540974,38.439998,0 -105.540954,38.439871,0 -105.540918,38.439726,0 -105.540885,38.439636,0 -105.540843,38.439545,0 -105.540762,38.439379,0 -105.540666,38.439237,0 -105.540567,38.439126,0 -105.540458,38.439021,0 -105.540359,38.438928,0 -105.540228,38.438835,0 -105.539874,38.438616,0 -105.539782,38.438559,0 -105.539645,38.438464,0 -105.539550,38.438382,0 -105.539464,38.438304,0 -105.539337,38.438152,0 -105.539237,38.437995,0 -105.539158,38.437844,0 -105.539125,38.437756,0 -105.539096,38.437649,0 -105.539076,38.437554,0 -105.539061,38.437432,0 -105.539060,38.437361,0 -105.539064,38.437218,0 -105.539088,38.437071,0 -105.539116,38.436955,0 -105.539157,38.436856,0 -105.539265,38.436630,0 -105.539644,38.435867,0 -105.539862,38.435476,0 -105.540086,38.435125,0 -105.540188,38.434948,0 -105.540244,38.434843,0 -105.540295,38.434699,0 -105.540313,38.434564,0 -105.540316,38.434441,0 -105.540300,38.434282,0 -105.540276,38.434074,0 -105.540260,38.433914,0 -105.540261,38.433795,0 -105.540273,38.433679,0 -105.540305,38.433550,0 -105.540352,38.433447,0 -105.540426,38.433335,0 -105.540535,38.433212,0 -105.540682,38.433053,0 -105.540852,38.432881,0 -105.541056,38.432669,0 -105.541191,38.432504,0 -105.541319,38.432320,0 -105.541448,38.432119,0 -105.541909,38.431353,0 -105.542245,38.430804,0 -105.542411,38.430552,0 -105.542538,38.430392,0 -105.542666,38.430267,0 -105.542797,38.430160,0 -105.542982,38.430027,0 -105.543263,38.429849,0 -105.543501,38.429719,0 -105.543781,38.429585,0 -105.543946,38.429513,0 -105.544132,38.429450,0 -105.544422,38.429368,0 -105.544658,38.429325,0 -105.545021,38.429273,0 -105.545338,38.429257,0 -105.545796,38.429263,0 -105.547002,38.429331,0 -105.547347,38.429352,0 -105.547582,38.429381,0 -105.547866,38.429438,0 -105.548139,38.429500,0 -105.548406,38.429570,0 -105.548660,38.429639,0 -105.548865,38.429688,0 -105.549079,38.429728,0 -105.549321,38.429764,0 -105.549527,38.429781,0 -105.549781,38.429789,0 -105.550000,38.429788,0 -105.550528,38.429775,0 -105.550931,38.429762,0 -105.551153,38.429747,0 -105.551354,38.429718,0 -105.551570,38.429669,0 -105.551813,38.429592,0 -105.551991,38.429517,0 -105.552170,38.429426,0 -105.552339,38.429319,0 -105.552502,38.429184,0 -105.552612,38.429083,0 -105.552747,38.428928,0 -105.552896,38.428699,0 -105.553636,38.427374,0 -105.553834,38.427011,0 -105.553912,38.426887,0 -105.554012,38.426770,0 -105.554104,38.426670,0 -105.554214,38.426564,0 -105.554349,38.426469,0 -105.554478,38.426391,0 -105.554611,38.426324,0 -105.554790,38.426242,0 -105.554974,38.426182,0 -105.555161,38.426133,0 -105.555328,38.426105,0 -105.555509,38.426085,0 -105.555713,38.426079,0 -105.555948,38.426091,0 -105.556246,38.426125,0 -105.556456,38.426146,0 -105.556667,38.426156,0 -105.556854,38.426152,0 -105.557076,38.426130,0 -105.557261,38.426099,0 -105.557483,38.426051,0 -105.557722,38.425979,0 -105.557919,38.425898,0 -105.558103,38.425801,0 -105.558279,38.425693,0 -105.558446,38.425577,0 -105.558597,38.425450,0 -105.558827,38.425238,0 -105.558959,38.425102,0 -105.559074,38.424976,0 -105.559345,38.424605,0 -105.559546,38.424322,0 -105.559665,38.424167,0 -105.559781,38.424026,0 -105.559876,38.423925,0 -105.560045,38.423773,0 -105.560190,38.423661,0 -105.560343,38.423552,0 -105.560521,38.423437,0 -105.560687,38.423349,0 -105.560872,38.423266,0 -105.561091,38.423189,0 -105.561332,38.423130,0 -105.561601,38.423096,0 -105.561953,38.423090,0 -105.562842,38.423100,0 -105.563080,38.423108,0 -105.563339,38.423133,0 -105.563537,38.423172,0 -105.563716,38.423217,0 -105.563929,38.423302,0 -105.564108,38.423393,0 -105.564298,38.423512,0 -105.564487,38.423648,0 -105.564680,38.423807,0 -105.564878,38.423995,0 -105.565137,38.424293,0 -105.565318,38.424493,0 -105.565487,38.424651,0 -105.565661,38.424775,0 -105.565927,38.424921,0 -105.566242,38.425077,0 -105.566497,38.425191,0 -105.566784,38.425302,0 -105.567050,38.425375,0 -105.567316,38.425427,0 -105.567538,38.425448,0 -105.567784,38.425449,0 -105.568027,38.425435,0 -105.568295,38.425394,0 -105.568497,38.425341,0 -105.568707,38.425268,0 -105.568957,38.425154,0 -105.569165,38.425032,0 -105.569297,38.424937,0 -105.569488,38.424790,0 -105.570059,38.424307,0 -105.570578,38.423863,0 -105.571236,38.423301,0 -105.571427,38.423110,0 -105.571541,38.422991,0 -105.571689,38.422823,0 -105.571905,38.422550,0 -105.572263,38.422040,0 -105.572631,38.421544,0 -105.572748,38.421393,0 -105.572986,38.421106,0 -105.573238,38.420838,0 -105.573413,38.420660,0 -105.573561,38.420506,0 -105.573735,38.420297,0 -105.573860,38.420107,0 -105.573955,38.419914,0 -105.574002,38.419806,0 -105.574045,38.419684,0 -105.574077,38.419557,0 -105.574152,38.419148,0 -105.574255,38.418538,0 -105.574441,38.417365,0 -105.574944,38.414192,0 -105.574988,38.413944,0 -105.575043,38.413717,0 -105.575105,38.413516,0 -105.575188,38.413323,0 -105.575300,38.413109,0 -105.575440,38.412898,0 -105.576488,38.411403,0 -105.576610,38.411237,0 -105.576784,38.411025,0 -105.577008,38.410784,0 -105.577215,38.410578,0 -105.577487,38.410334,0 -105.577699,38.410161,0 -105.577902,38.410014,0 -105.578115,38.409872,0 -105.578323,38.409744,0 -105.578566,38.409614,0 -105.578759,38.409530,0 -105.578868,38.409488,0 -105.578998,38.409438,0 -105.579258,38.409360,0 -105.579569,38.409291,0 -105.579745,38.409263,0 -105.579902,38.409244,0 -105.580177,38.409230,0 -105.580395,38.409230,0 -105.580636,38.409242,0 -105.581259,38.409289,0 -105.582120,38.409369,0 -105.583320,38.409472,0 -105.583411,38.409479,0 -105.583690,38.409499,0 -105.584282,38.409538,0 -105.584496,38.409549,0 -105.585105,38.409556,0 -105.585492,38.409558,0 -105.585866,38.409552,0 -105.586160,38.409550,0 -105.586449,38.409545,0 -105.586877,38.409529,0 -105.587084,38.409519,0 -105.590919,38.409266,0 -105.592678,38.409150,0 -105.593398,38.409103,0 -105.593634,38.409099,0 -105.593856,38.409105,0 -105.594067,38.409125,0 -105.594272,38.409153,0 -105.594429,38.409181,0 -105.594628,38.409227,0 -105.594865,38.409293,0 -105.595239,38.409439,0 -105.595928,38.409735,0 -105.596156,38.409824,0 -105.596411,38.409903,0 -105.596637,38.409963,0 -105.596847,38.410007,0 -105.597091,38.410050,0 -105.597309,38.410078,0 -105.597622,38.410105,0 -105.597780,38.410110,0 -105.597938,38.410112,0 -105.598139,38.410101,0 -105.598367,38.410085,0 -105.598709,38.410055,0 -105.601232,38.409825,0 -105.602755,38.409684,0 -105.603214,38.409642,0 -105.603523,38.409608,0 -105.603924,38.409555,0 -105.604363,38.409479,0 -105.604666,38.409417,0 -105.605106,38.409321,0 -105.605521,38.409203,0 -105.605831,38.409109,0 -105.606118,38.409008,0 -105.606415,38.408899,0 -105.606737,38.408769,0 -105.607051,38.408632,0 -105.607405,38.408464,0 -105.607720,38.408301,0 -105.607975,38.408153,0 -105.608239,38.407995,0 -105.608502,38.407822,0 -105.608733,38.407665,0 -105.608906,38.407537,0 -105.609115,38.407374,0 -105.609288,38.407234,0 -105.609443,38.407103,0 -105.609649,38.406914,0 -105.609868,38.406704,0 -105.610853,38.405776,0 -105.611590,38.405087,0 -105.612113,38.404594,0 -105.612574,38.404132,0 -105.612895,38.403770,0 -105.613111,38.403495,0 -105.613311,38.403211,0 -105.613478,38.402970,0 -105.613607,38.402744,0 -105.613847,38.402285,0 -105.614092,38.401807,0 -105.615513,38.398998,0 -105.615637,38.398754,0 -105.615846,38.398356,0 -105.616040,38.398020,0 -105.616223,38.397738,0 -105.616507,38.397350,0 -105.616875,38.396912,0 -105.617148,38.396618,0 -105.617460,38.396337,0 -105.617821,38.396031,0 -105.618354,38.395598,0 -105.620190,38.394016,0 -105.620551,38.393719,0 -105.620801,38.393529,0 -105.621040,38.393377,0 -105.621285,38.393237,0 -105.621495,38.393133,0 -105.621744,38.393027,0 -105.621970,38.392946,0 -105.622202,38.392884,0 -105.622437,38.392831,0 -105.622635,38.392793,0 -105.622859,38.392759,0 -105.623088,38.392734,0 -105.623350,38.392722,0 -105.623625,38.392724,0 -105.623948,38.392744,0 -105.624543,38.392783,0 -105.625498,38.392862,0 -105.625757,38.392887,0 -105.626083,38.392941,0 -105.626303,38.392997,0 -105.626528,38.393070,0 -105.626844,38.393201,0 -105.627043,38.393311,0 -105.627224,38.393427,0 -105.627437,38.393601,0 -105.627672,38.393823,0 -105.628156,38.394290,0 -105.629533,38.395625,0 -105.629767,38.395837,0 -105.629957,38.395987,0 -105.630087,38.396078,0 -105.630221,38.396147,0 -105.630376,38.396221,0 -105.630535,38.396293,0 -105.630715,38.396353,0 -105.630891,38.396405,0 -105.631053,38.396444,0 -105.631207,38.396474,0 -105.631361,38.396496,0 -105.631514,38.396511,0 -105.631695,38.396518,0 -105.631856,38.396513,0 -105.632029,38.396503,0 -105.632166,38.396489,0 -105.632295,38.396468,0 -105.632427,38.396446,0 -105.632588,38.396404,0 -105.632734,38.396357,0 -105.632933,38.396292,0 -105.633144,38.396213,0 -105.633742,38.395966,0 -105.634022,38.395829,0 -105.634348,38.395671,0 -105.634657,38.395509,0 -105.635038,38.395288,0 -105.635476,38.395009,0 -105.635848,38.394752,0 -105.636177,38.394512,0 -105.637222,38.393679,0 -105.637980,38.393068,0 -105.638232,38.392891,0 -105.638449,38.392757,0 -105.639310,38.392264,0 -105.639707,38.392048,0 -105.640045,38.391874,0 -105.640559,38.391656,0 -105.641798,38.391111,0 -105.642408,38.390847,0 -105.642785,38.390698,0 -105.643089,38.390593,0 -105.643360,38.390511,0 -105.643638,38.390447,0 -105.643882,38.390404,0 -105.644171,38.390362,0 -105.644535,38.390323,0 -105.644900,38.390310,0 -105.645112,38.390313,0 -105.645296,38.390322,0 -105.645579,38.390341,0 -105.645869,38.390375,0 -105.646128,38.390414,0 -105.646548,38.390492,0 -105.646791,38.390538,0 -105.647025,38.390575,0 -105.647265,38.390611,0 -105.647554,38.390649,0 -105.647990,38.390699,0 -105.648399,38.390737,0 -105.648765,38.390764,0 -105.649074,38.390782,0 -105.649359,38.390794,0 -105.649669,38.390805,0 -105.650024,38.390806,0 -105.650331,38.390799,0 -105.650857,38.390762,0 -105.651202,38.390720,0 -105.651466,38.390681,0 -105.651722,38.390628,0 -105.652056,38.390554,0 -105.652398,38.390464,0 -105.652732,38.390358,0 -105.653135,38.390216,0 -105.653355,38.390118,0 -105.653641,38.389987,0 -105.653897,38.389857,0 -105.654171,38.389703,0 -105.654466,38.389517,0 -105.654711,38.389358,0 -105.654986,38.389158,0 -105.655300,38.388893,0 -105.656296,38.387923,0 -105.656635,38.387569,0 -105.657836,38.386293,0 -105.658072,38.386048,0 -105.658253,38.385872,0 -105.658510,38.385640,0 -105.658841,38.385365,0 -105.659129,38.385153,0 -105.659452,38.384945,0 -105.659786,38.384743,0 -105.660368,38.384408,0 -105.660773,38.384169,0 -105.661172,38.383899,0 -105.661455,38.383694,0 -105.661708,38.383506,0 -105.662104,38.383173,0 -105.662579,38.382743,0 -105.663658,38.381753,0 -105.664147,38.381305,0 -105.666567,38.379050,0 -105.667234,38.378434,0 -105.667819,38.377888,0 -105.668471,38.377288,0 -105.669731,38.376127,0 -105.670166,38.375730,0 -105.670632,38.375288,0 -105.670954,38.374993,0 -105.671288,38.374682,0 -105.671551,38.374430,0 -105.671717,38.374246,0 -105.671867,38.374077,0 -105.672028,38.373874,0 -105.672250,38.373600,0 -105.672583,38.373169,0 -105.672739,38.372968,0 -105.672902,38.372767,0 -105.673048,38.372631,0 -105.673223,38.372480,0 -105.673383,38.372379,0 -105.673580,38.372292,0 -105.673787,38.372225,0 -105.673996,38.372173,0 -105.674230,38.372144,0 -105.674586,38.372124,0 -105.675136,38.372123,0 -105.675508,38.372131,0 -105.675998,38.372160,0 -105.676433,38.372205,0 -105.676739,38.372248,0 -105.676988,38.372295,0 -105.677224,38.372350,0 -105.677472,38.372431,0 -105.677808,38.372568,0 -105.678050,38.372697,0 -105.678215,38.372801,0 -105.678395,38.372923,0 -105.678536,38.373027,0 -105.678694,38.373145,0 -105.678855,38.373252,0 -105.679017,38.373333,0 -105.679182,38.373400,0 -105.679362,38.373455,0 -105.679569,38.373506,0 -105.679781,38.373542,0 -105.680044,38.373558,0 -105.680249,38.373556,0 -105.680438,38.373544,0 -105.680625,38.373515,0 -105.680838,38.373466,0 -105.681019,38.373408,0 -105.681208,38.373333,0 -105.681403,38.373237,0 -105.681602,38.373113,0 -105.681912,38.372903,0 -105.682339,38.372614,0 -105.682866,38.372263,0 -105.683049,38.372140,0 -105.683271,38.372007,0 -105.683460,38.371902,0 -105.683692,38.371785,0 -105.684075,38.371613,0 -105.684424,38.371477,0 -105.684835,38.371332,0 -105.685258,38.371206,0 -105.685606,38.371119,0 -105.685936,38.371041,0 -105.686230,38.370989,0 -105.686547,38.370943,0 -105.686832,38.370907,0 -105.687063,38.370887,0 -105.687403,38.370869,0 -105.687512,38.370866,0 -105.687791,38.370864,0 -105.687993,38.370869,0 -105.688189,38.370879,0 -105.688350,38.370891,0 -105.688915,38.370950,0 -105.689332,38.370996,0 -105.689612,38.371037,0 -105.689873,38.371079,0 -105.690254,38.371148,0 -105.690701,38.371251,0 -105.691127,38.371365,0 -105.691655,38.371510,0 -105.692176,38.371659,0 -105.692482,38.371741,0 -105.692759,38.371808,0 -105.693010,38.371860,0 -105.693252,38.371900,0 -105.693512,38.371925,0 -105.693740,38.371945,0 -105.693967,38.371951,0 -105.694224,38.371950,0 -105.694455,38.371937,0 -105.694699,38.371914,0 -105.694957,38.371880,0 -105.695214,38.371841,0 -105.696514,38.371618,0 -105.697259,38.371491,0 -105.697653,38.371421,0 -105.697984,38.371356,0 -105.698320,38.371287,0 -105.698579,38.371216,0 -105.698828,38.371135,0 -105.699069,38.371039,0 -105.699302,38.370927,0 -105.699539,38.370807,0 -105.699772,38.370672,0 -105.700392,38.370269,0 -105.702029,38.369179,0 -105.702653,38.368761,0 -105.703801,38.367999,0 -105.705013,38.367223,0 -105.705214,38.367096,0 -105.705554,38.366880,0 -105.705682,38.366797,0 -105.705801,38.366737,0 -105.705933,38.366673,0 -105.706085,38.366613,0 -105.706228,38.366564,0 -105.706373,38.366528,0 -105.706517,38.366501,0 -105.706638,38.366485,0 -105.706759,38.366474,0 -105.706875,38.366470,0 -105.707008,38.366471,0 -105.707117,38.366475,0 -105.707263,38.366491,0 -105.707427,38.366524,0 -105.707632,38.366578,0 -105.707958,38.366694,0 -105.708864,38.367058,0 -105.709582,38.367343,0 -105.709826,38.367432,0 -105.710034,38.367505,0 -105.710329,38.367591,0 -105.710537,38.367644,0 -105.710802,38.367694,0 -105.711097,38.367736,0 -105.711357,38.367756,0 -105.711589,38.367762,0 -105.711909,38.367757,0 -105.712210,38.367742,0 -105.712465,38.367723,0 -105.712886,38.367673,0 -105.713161,38.367636,0 -105.713552,38.367570,0 -105.713930,38.367498,0 -105.714370,38.367400,0 -105.714747,38.367303,0 -105.715111,38.367206,0 -105.715426,38.367107,0 -105.715789,38.366977,0 -105.716069,38.366863,0 -105.716366,38.366733,0 -105.716725,38.366567,0 -105.717060,38.366396,0 -105.717361,38.366238,0 -105.717665,38.366076,0 -105.718040,38.365862,0 -105.718430,38.365614,0 -105.718845,38.365342,0 -105.720078,38.364508,0 -105.720706,38.364081,0 -105.721024,38.363874,0 -105.721275,38.363732,0 -105.721501,38.363607,0 -105.721854,38.363432,0 -105.722176,38.363287,0 -105.722822,38.363011,0 -105.723111,38.362886,0 -105.723292,38.362800,0 -105.723468,38.362708,0 -105.723640,38.362604,0 -105.723780,38.362508,0 -105.723899,38.362412,0 -105.724042,38.362292,0 -105.724199,38.362131,0 -105.724355,38.361953,0 -105.724910,38.361341,0 -105.726081,38.360029,0 -105.726223,38.359865,0 -105.726365,38.359714,0 -105.726504,38.359578,0 -105.726639,38.359460,0 -105.726762,38.359363,0 -105.726889,38.359276,0 -105.727022,38.359198,0 -105.727157,38.359121,0 -105.727591,38.358909,0 -105.727838,38.358789,0 -105.728208,38.358617,0 -105.728385,38.358540,0 -105.728539,38.358489,0 -105.728720,38.358434,0 -105.728883,38.358401,0 -105.729115,38.358375,0 -105.729322,38.358375,0 -105.729573,38.358394,0 -105.729782,38.358434,0 -105.730018,38.358491,0 -105.730406,38.358612,0 -105.730711,38.358724,0 -105.730909,38.358805,0 -105.731099,38.358919,0 -105.731281,38.359058,0 -105.731471,38.359237,0 -105.731778,38.359628,0 -105.732032,38.359903,0 -105.732190,38.360066,0 -105.732366,38.360234,0 -105.732486,38.360338,0 -105.732633,38.360458,0 -105.732785,38.360577,0 -105.732934,38.360670,0 -105.733076,38.360747,0 -105.733231,38.360825,0 -105.733463,38.360924,0 -105.733649,38.360983,0 -105.733848,38.361032,0 -105.734018,38.361071,0 -105.734212,38.361099,0 -105.734421,38.361112,0 -105.734642,38.361117,0 -105.734829,38.361110,0 -105.735036,38.361095,0 -105.735313,38.361053,0 -105.735806,38.360964,0 -105.736330,38.360866,0 -105.736782,38.360778,0 -105.737111,38.360699,0 -105.737694,38.360537,0 -105.738165,38.360409,0 -105.738490,38.360331,0 -105.738668,38.360297,0 -105.738853,38.360272,0 -105.739067,38.360253,0 -105.739275,38.360247,0 -105.739458,38.360244,0 -105.739689,38.360253,0 -105.739968,38.360282,0 -105.740274,38.360321,0 -105.740557,38.360372,0 -105.740721,38.360406,0 -105.741031,38.360507,0 -105.741219,38.360576,0 -105.741425,38.360665,0 -105.741581,38.360742,0 -105.741732,38.360822,0 -105.742035,38.361007,0 -105.745547,38.363273,0 -105.752294,38.367633,0 -105.752568,38.367815,0 -105.752670,38.367882,0 -105.752859,38.367999,0 -105.753797,38.368611,0 -105.754138,38.368831,0 -105.755507,38.369709,0 -105.755593,38.369765,0 -105.759641,38.372385,0 -105.759909,38.372564,0 -105.760158,38.372739,0 -105.760373,38.372901,0 -105.760556,38.373053,0 -105.760771,38.373237,0 -105.760935,38.373394,0 -105.761142,38.373600,0 -105.761322,38.373790,0 -105.761520,38.374016,0 -105.761734,38.374283,0 -105.761913,38.374525,0 -105.762098,38.374796,0 -105.763286,38.376572,0 -105.763939,38.377546,0 -105.765261,38.379547,0 -105.766142,38.380842,0 -105.766552,38.381449,0 -105.766903,38.381909,0 -105.767171,38.382246,0 -105.767453,38.382584,0 -105.767706,38.382876,0 -105.768575,38.383845,0 -105.769965,38.385419,0 -105.772055,38.387772,0 -105.773239,38.389112,0 -105.773755,38.389697,0 -105.774130,38.390101,0 -105.774402,38.390376,0 -105.775471,38.391413,0 -105.776093,38.392026,0 -105.776332,38.392265,0 -105.776505,38.392462,0 -105.776658,38.392651,0 -105.776801,38.392854,0 -105.776931,38.393068,0 -105.777040,38.393298,0 -105.777113,38.393472,0 -105.777190,38.393711,0 -105.777264,38.393977,0 -105.777338,38.394304,0 -105.778041,38.397444,0 -105.778073,38.397586,0 -105.778160,38.398023,0 -105.778491,38.399427,0 -105.778588,38.399880,0 -105.778649,38.400104,0 -105.778747,38.400385,0 -105.778846,38.400639,0 -105.779004,38.400995,0 -105.779182,38.401333,0 -105.779396,38.401702,0 -105.779616,38.402029,0 -105.779744,38.402213,0 -105.779926,38.402447,0 -105.780446,38.403031,0 -105.781165,38.403829,0 -105.781686,38.404395,0 -105.781845,38.404551,0 -105.782007,38.404731,0 -105.782351,38.405126,0 -105.782690,38.405509,0 -105.782939,38.405780,0 -105.783121,38.405982,0 -105.783287,38.406157,0 -105.783448,38.406319,0 -105.783611,38.406478,0 -105.783773,38.406620,0 -105.784162,38.406971,0 -105.784618,38.407368,0 -105.785036,38.407736,0 -105.785398,38.408052,0 -105.785929,38.408473,0 -105.786334,38.408783,0 -105.786809,38.409154,0 -105.786998,38.409313,0 -105.787102,38.409404,0 -105.787266,38.409547,0 -105.787411,38.409669,0 -105.787759,38.409959,0 -105.787988,38.410160,0 -105.788224,38.410359,0 -105.788431,38.410522,0 -105.788649,38.410675,0 -105.788843,38.410804,0 -105.789115,38.410974,0 -105.789839,38.411388,0 -105.790116,38.411558,0 -105.790428,38.411757,0 -105.790664,38.411920,0 -105.791039,38.412186,0 -105.791453,38.412512,0 -105.791852,38.412849,0 -105.791979,38.412953,0 -105.792683,38.413513,0 -105.796055,38.416245,0 -105.797761,38.417619,0 -105.802227,38.421223,0 -105.802761,38.421658,0 -105.803181,38.422002,0 -105.803265,38.422066,0 -105.803948,38.422605,0 -105.808203,38.426046,0 -105.808695,38.426441,0 -105.809163,38.426815,0 -105.809446,38.427031,0 -105.809692,38.427205,0 -105.809811,38.427286,0 -105.809942,38.427370,0 -105.810164,38.427504,0 -105.810287,38.427571,0 -105.810394,38.427629,0 -105.810602,38.427738,0 -105.810961,38.427908,0 -105.811250,38.428029,0 -105.811538,38.428145,0 -105.811805,38.428247,0 -105.811873,38.428272,0 -105.812639,38.428553,0 -105.812738,38.428590,0 -105.813183,38.428750,0 -105.813640,38.428914,0 -105.814520,38.429225,0 -105.814772,38.429308,0 -105.815005,38.429386,0 -105.815170,38.429437,0 -105.815378,38.429500,0 -105.815557,38.429547,0 -105.815705,38.429581,0 -105.815880,38.429611,0 -105.816117,38.429641,0 -105.816400,38.429668,0 -105.816640,38.429686,0 -105.816823,38.429701,0 -105.817708,38.429768,0 -105.818799,38.429848,0 -105.819357,38.429888,0 -105.819856,38.429928,0 -105.820715,38.429996,0 -105.821062,38.430021,0 -105.821485,38.430044,0 -105.821848,38.430056,0 -105.822243,38.430068,0 -105.823217,38.430083,0 -105.824879,38.430103,0 -105.825422,38.430115,0 -105.825743,38.430133,0 -105.826110,38.430166,0 -105.826335,38.430196,0 -105.826900,38.430286,0 -105.828013,38.430497,0 -105.829108,38.430722,0 -105.830518,38.431016,0 -105.830817,38.431084,0 -105.831082,38.431154,0 -105.831361,38.431240,0 -105.831615,38.431334,0 -105.831883,38.431444,0 -105.832140,38.431563,0 -105.832526,38.431778,0 -105.832631,38.431848,0 -105.832902,38.432047,0 -105.833188,38.432294,0 -105.833333,38.432435,0 -105.833677,38.432773,0 -105.835088,38.434272,0 -105.836623,38.435853,0 -105.836776,38.436025,0 -105.837011,38.436330,0 -105.837112,38.436496,0 -105.837225,38.436712,0 -105.837294,38.436894,0 -105.837350,38.437060,0 -105.837407,38.437318,0 -105.837450,38.437513,0 -105.837515,38.437808,0 -105.838186,38.440930,0 -105.838355,38.441731,0 -105.838390,38.441888,0 -105.838733,38.443544,0 -105.838752,38.443626,0 -105.838837,38.444012,0 -105.839223,38.445891,0 -105.839691,38.448112,0 -105.839954,38.449327,0 -105.840053,38.449751,0 -105.840156,38.450208,0 -105.840330,38.450761,0 -105.840436,38.451064,0 -105.840544,38.451336,0 -105.840752,38.451871,0 -105.840996,38.452557,0 -105.841208,38.453117,0 -105.841583,38.454081,0 -105.841764,38.454553,0 -105.841864,38.454828,0 -105.842136,38.455570,0 -105.842210,38.455772,0 -105.842484,38.456476,0 -105.842616,38.456817,0 -105.842647,38.456894,0 -105.842991,38.457757,0 -105.843219,38.458269,0 -105.843300,38.458399,0 -105.843403,38.458572,0 -105.843495,38.458714,0 -105.843681,38.458997,0 -105.843882,38.459240,0 -105.844053,38.459435,0 -105.844573,38.459983,0 -105.844856,38.460258,0 -105.845111,38.460488,0 -105.845536,38.460832,0 -105.845810,38.461034,0 -105.846604,38.461618,0 -105.847157,38.461985,0 -105.847565,38.462210,0 -105.847818,38.462333,0 -105.848105,38.462459,0 -105.848257,38.462514,0 -105.848434,38.462578,0 -105.848724,38.462663,0 -105.849063,38.462749,0 -105.849373,38.462815,0 -105.852879,38.463512,0 -105.854194,38.463762,0 -105.854545,38.463821,0 -105.854886,38.463872,0 -105.855216,38.463906,0 -105.855601,38.463938,0 -105.859030,38.464163,0 -105.859411,38.464201,0 -105.859939,38.464281,0 -105.860389,38.464384,0 -105.860928,38.464520,0 -105.861180,38.464596,0 -105.861656,38.464764,0 -105.861974,38.464907,0 -105.862248,38.465053,0 -105.862760,38.465349,0 -105.862994,38.465489,0 -105.863257,38.465653,0 -105.863520,38.465831,0 -105.863813,38.466077,0 -105.864086,38.466335,0 -105.864376,38.466657,0 -105.864732,38.467092,0 -105.864895,38.467356,0 -105.865003,38.467623,0 -105.865101,38.467969,0 -105.865197,38.468350,0 -105.865285,38.468727,0 -105.865367,38.469259,0 -105.865555,38.470655,0 -105.865579,38.470836,0 -105.865671,38.471451,0 -105.865719,38.471617,0 -105.865754,38.471701,0 -105.865791,38.471776,0 -105.865847,38.471855,0 -105.865907,38.471935,0 -105.865979,38.472011,0 -105.866056,38.472084,0 -105.866157,38.472165,0 -105.866286,38.472250,0 -105.866453,38.472332,0 -105.866618,38.472387,0 -105.866711,38.472415,0 -105.866819,38.472432,0 -105.866971,38.472443,0 -105.867130,38.472439,0 -105.867278,38.472421,0 -105.867453,38.472387,0 -105.867660,38.472328,0 -105.867822,38.472277,0 -105.867918,38.472240,0 -105.868077,38.472171,0 -105.868166,38.472126,0 -105.868238,38.472084,0 -105.868320,38.472024,0 -105.868401,38.471959,0 -105.868500,38.471831,0 -105.868594,38.471691,0 -105.868641,38.471572,0 -105.868685,38.471329,0 -105.868726,38.471159,0 -105.868817,38.471001,0 -105.868915,38.470853,0 -105.869091,38.470655,0 -105.869271,38.470457,0 -105.869393,38.470284,0 -105.869519,38.470087,0 -105.869646,38.469925,0 -105.869745,38.469818,0 -105.869920,38.469670,0 -105.870066,38.469581,0 -105.870261,38.469476,0 -105.870451,38.469402,0 -105.870681,38.469345,0 -105.870888,38.469319,0 -105.871076,38.469305,0 -105.871364,38.469306,0 -105.871619,38.469331,0 -105.871843,38.469365,0 -105.872079,38.469430,0 -105.872284,38.469536,0 -105.872438,38.469635,0 -105.872611,38.469807,0 -105.872741,38.470020,0 -105.872924,38.470407,0 -105.873012,38.470660,0 -105.873073,38.470916,0 -105.873071,38.471140,0 -105.873039,38.471388,0 -105.873032,38.471614,0 -105.873055,38.471775,0 -105.873123,38.471937,0 -105.873209,38.472071,0 -105.873325,38.472173,0 -105.873466,38.472250,0 -105.873608,38.472308,0 -105.873761,38.472347,0 -105.873908,38.472366,0 -105.874089,38.472366,0 -105.874249,38.472341,0 -105.874307,38.472327,0 -105.874424,38.472298,0 -105.874562,38.472247,0 -105.875051,38.472050,0 -105.875315,38.471954,0 -105.875564,38.471890,0 -105.875796,38.471863,0 -105.876061,38.471853,0 -105.876298,38.471874,0 -105.876526,38.471912,0 -105.876812,38.471969,0 -105.877223,38.472087,0 -105.877441,38.472159,0 -105.877645,38.472233,0 -105.877811,38.472299,0 -105.878340,38.472559,0 -105.878845,38.472835,0 -105.879191,38.473048,0 -105.879417,38.473228,0 -105.879634,38.473465,0 -105.879781,38.473699,0 -105.879977,38.474032,0 -105.880147,38.474268,0 -105.880300,38.474449,0 -105.880474,38.474611,0 -105.880650,38.474750,0 -105.880847,38.474889,0 -105.881071,38.475001,0 -105.881283,38.475094,0 -105.881543,38.475189,0 -105.881828,38.475263,0 -105.882145,38.475317,0 -105.882387,38.475346,0 -105.882754,38.475352,0 -105.883114,38.475327,0 -105.883659,38.475261,0 -105.884189,38.475204,0 -105.884527,38.475178,0 -105.884869,38.475177,0 -105.885093,38.475188,0 -105.885377,38.475213,0 -105.885675,38.475263,0 -105.885986,38.475332,0 -105.886281,38.475410,0 -105.886654,38.475563,0 -105.886959,38.475701,0 -105.887223,38.475852,0 -105.887504,38.476043,0 -105.887988,38.476434,0 -105.888275,38.476644,0 -105.888621,38.476798,0 -105.890903,38.477720,0 -105.893211,38.478655,0 -105.894271,38.479064,0 -105.895031,38.479313,0 -105.896174,38.479603,0 -105.897015,38.479807,0 -105.897903,38.479998,0 -105.898687,38.480144,0 -105.900153,38.480405,0 -105.904198,38.481182,0 -105.904497,38.481252,0 -105.904759,38.481325,0 -105.905547,38.481556,0 -105.905793,38.481615,0 -105.906152,38.481669,0 -105.906664,38.481698,0 -105.907013,38.481734,0 -105.907251,38.481769,0 -105.907526,38.481847,0 -105.907824,38.481960,0 -105.908042,38.482087,0 -105.908240,38.482213,0 -105.908842,38.482687,0 -105.909261,38.482981,0 -105.909537,38.483150,0 -105.909676,38.483232,0 -105.909847,38.483318,0 -105.910246,38.483491,0 -105.910555,38.483585,0 -105.910834,38.483654,0 -105.911237,38.483758,0 -105.911414,38.483828,0 -105.911616,38.483932,0 -105.911772,38.484040,0 -105.911927,38.484185,0 -105.912090,38.484383,0 -105.912422,38.484957,0 -105.912618,38.485220,0 -105.912790,38.485377,0 -105.912993,38.485542,0 -105.913215,38.485690,0 -105.913479,38.485827,0 -105.915091,38.486474,0 -105.915498,38.486665,0 -105.915707,38.486768,0 -105.915965,38.486912,0 -105.916810,38.487457,0 -105.917152,38.487646,0 -105.917513,38.487795,0 -105.918022,38.487983,0 -105.918288,38.488112,0 -105.918498,38.488220,0 -105.918826,38.488456,0 -105.918983,38.488608,0 -105.919110,38.488743,0 -105.919280,38.488954,0 -105.919390,38.489149,0 -105.919439,38.489265,0 -105.919535,38.489549,0 -105.919561,38.489783,0 -105.919569,38.490069,0 -105.919557,38.490260,0 -105.919506,38.490464,0 -105.919424,38.490683,0 -105.919331,38.490896,0 -105.918372,38.492831,0 -105.918289,38.493020,0 -105.917669,38.494282,0 -105.917339,38.494939,0 -105.917258,38.495152,0 -105.917202,38.495364,0 -105.917178,38.495527,0 -105.917175,38.495813,0 -105.917200,38.496008,0 -105.917255,38.496216,0 -105.917318,38.496394,0 -105.917436,38.496616,0 -105.917580,38.496843,0 -105.917768,38.497064,0 -105.917975,38.497257,0 -105.918257,38.497449,0 -105.918591,38.497634,0 -105.918921,38.497757,0 -105.919239,38.497852,0 -105.919568,38.497920,0 -105.919823,38.497945,0 -105.919898,38.497952,0 -105.920196,38.497954,0 -105.920561,38.497917,0 -105.920823,38.497870,0 -105.922438,38.497504,0 -105.922706,38.497476,0 -105.923000,38.497464,0 -105.923366,38.497500,0 -105.923930,38.497630,0 -105.924550,38.497798,0 -105.925572,38.498037,0 -105.925950,38.498135,0 -105.926164,38.498203,0 -105.926382,38.498290,0 -105.926828,38.498483,0 -105.927873,38.499003,0 -105.928208,38.499147,0 -105.928525,38.499250,0 -105.928937,38.499357,0 -105.929518,38.499481,0 -105.929791,38.499559,0 -105.930051,38.499669,0 -105.930293,38.499791,0 -105.930674,38.500035,0 -105.931426,38.500584,0 -105.931722,38.500816,0 -105.931954,38.501006,0 -105.932228,38.501253,0 -105.932875,38.501841,0 -105.933060,38.501986,0 -105.933264,38.502125,0 -105.933453,38.502236,0 -105.933681,38.502343,0 -105.934037,38.502477,0 -105.934332,38.502547,0 -105.934602,38.502596,0 -105.934895,38.502625,0 -105.935176,38.502627,0 -105.935686,38.502611,0 -105.938635,38.502401,0 -105.939411,38.502364,0 -105.940099,38.502342,0 -105.943640,38.502319,0 -105.944155,38.502338,0 -105.944490,38.502386,0 -105.944752,38.502446,0 -105.945016,38.502524,0 -105.945267,38.502625,0 -105.945501,38.502749,0 -105.945666,38.502862,0 -105.945818,38.502990,0 -105.945973,38.503123,0 -105.946184,38.503366,0 -105.946350,38.503549,0 -105.947279,38.504719,0 -105.947459,38.504903,0 -105.947602,38.505030,0 -105.947752,38.505142,0 -105.947902,38.505248,0 -105.948101,38.505362,0 -105.948317,38.505476,0 -105.948560,38.505572,0 -105.948883,38.505669,0 -105.949279,38.505739,0 -105.949682,38.505760,0 -105.949997,38.505744,0 -105.950260,38.505717,0 -105.950536,38.505673,0 -105.950809,38.505616,0 -105.951887,38.505356,0 -105.952260,38.505274,0 -105.953185,38.505033,0 -105.953498,38.504951,0 -105.953953,38.504846,0 -105.954324,38.504796,0 -105.954564,38.504762,0 -105.954893,38.504744,0 -105.955030,38.504741,0 -105.955237,38.504742,0 -105.955447,38.504761,0 -105.955702,38.504789,0 -105.955995,38.504835,0 -105.956267,38.504891,0 -105.956533,38.504972,0 -105.956741,38.505038,0 -105.956986,38.505139,0 -105.957234,38.505235,0 -105.957992,38.505619,0 -105.960798,38.507102,0 -105.963314,38.508425,0 -105.964655,38.509132,0 -105.965022,38.509309,0 -105.965303,38.509435,0 -105.965570,38.509547,0 -105.965862,38.509661,0 -105.966220,38.509787,0 -105.966761,38.509955,0 -105.967626,38.510181,0 -105.968183,38.510301,0 -105.968464,38.510346,0 -105.968804,38.510406,0 -105.969170,38.510458,0 -105.969760,38.510525,0 -105.970246,38.510560,0 -105.971677,38.510593,0 -105.972729,38.510621,0 -105.973324,38.510645,0 -105.973610,38.510673,0 -105.973885,38.510712,0 -105.974153,38.510765,0 -105.974369,38.510814,0 -105.974646,38.510886,0 -105.974989,38.511007,0 -105.975175,38.511087,0 -105.975574,38.511271,0 -105.975890,38.511446,0 -105.976215,38.511651,0 -105.976350,38.511761,0 -105.976576,38.511934,0 -105.976721,38.512071,0 -105.976885,38.512251,0 -105.977062,38.512474,0 -105.977229,38.512690,0 -105.977455,38.512995,0 -105.977578,38.513188,0 -105.978060,38.513937,0 -105.978313,38.514337,0 -105.978742,38.514987,0 -105.979948,38.516798,0 -105.981135,38.518582,0 -105.981590,38.519261,0 -105.982082,38.519974,0 -105.982378,38.520401,0 -105.982770,38.521041,0 -105.983630,38.522350,0 -105.983716,38.522480,0 -105.983848,38.522681,0 -105.984150,38.523057,0 -105.984359,38.523225,0 -105.984504,38.523349,0 -105.984546,38.523380,0 -105.984987,38.523654,0 -105.984899,38.523759,0 -105.984789,38.523904,0 -105.984746,38.523996,0 -105.984727,38.524064,0 -105.984719,38.524141,0 -105.984715,38.524202,0 -105.984696,38.524572,0 -105.984696,38.524679,0 -105.984701,38.524998,0 -105.984713,38.525411,0 -105.984707,38.525842,0 -105.984697,38.526723,0 -105.984696,38.527142,0 -105.984706,38.527541,0 -105.984708,38.527635,0 -105.984696,38.528078,0 -105.984693,38.528690,0 -105.984701,38.529215,0 -105.984696,38.529578,0 -105.984694,38.530040,0 -105.984697,38.530536,0 -105.984693,38.531026,0 -105.984690,38.531549,0 -105.984692,38.531793,0 -105.984711,38.531927,0 -105.984733,38.532013,0 -105.984832,38.532202,0 -105.984913,38.532296,0 -105.985012,38.532380,0 -105.985124,38.532447,0 -105.985335,38.532542,0 -105.985632,38.532634,0 -105.985906,38.532726,0 -105.986136,38.532824,0 -105.986309,38.532913,0 -105.986957,38.533319,0 -105.987269,38.533517,0 -105.987531,38.533674,0 -105.988519,38.534275,0 -105.988528,38.534280,0 -105.988594,38.534318,0 -105.988676,38.534369,0 -105.988908,38.534512,0 -105.989594,38.534929,0 -105.989665,38.534972,0 -105.989740,38.535019,0 -105.990653,38.535570,0 -105.990732,38.535621,0 -105.990808,38.535667,0 -105.991261,38.535944,0 -105.991719,38.536221,0 -105.991797,38.536265,0 -105.991874,38.536312,0 -105.992072,38.536438,0 -105.992292,38.536568,0 -105.992772,38.536867,0 -105.992853,38.536930,0 -105.992913,38.536982,0 -105.993016,38.537082,0 -105.993121,38.537205,0 -105.993155,38.537244,0 -105.993496,38.537571,0 -105.993647,38.537716,0 -105.993897,38.537950,0 -105.993958,38.538002,0 -105.994024,38.538061,0 -105.994435,38.538430,0 -105.994848,38.538801,0 -105.995597,38.539498,0 -105.996090,38.539932,0 -105.996493,38.540297,0 -105.997322,38.541038,0 -105.997383,38.541092,0 -105.998191,38.541802,0 -105.998308,38.541889,0 -105.998385,38.541929,0 -105.998534,38.541984,0 -105.998721,38.542021,0 -105.998933,38.542039,0 -105.999337,38.542053,0 -105.999813,38.542060,0 -106.000193,38.542062,0 -106.000568,38.542054,0 -106.000661,38.542053,0 -106.000948,38.542051,0 -106.001093,38.542049,0 -106.001813,38.542038,0 -106.001879,38.542042,0 -106.002003,38.542043,0 -106.002390,38.542048,0 -106.002872,38.542054,0 -106.003085,38.542066,0 -106.003278,38.542080,0 -106.003520,38.542108,0 -106.003897,38.542162,0 -106.004262,38.542230,0 -106.004700,38.542330,0 -106.005091,38.542431,0 -106.005579,38.542589,0 -106.005817,38.542679,0 -106.006082,38.542797,0 -106.006276,38.542897,0 -106.006597,38.543072,0 -106.006880,38.543253,0 -106.006984,38.543321,0 -106.007276,38.543534,0 -106.007517,38.543727,0 -106.007754,38.543942,0 -106.007913,38.544101,0 -106.008075,38.544299,0 -106.008383,38.544711,0 -106.008562,38.545031,0 -106.008850,38.545546,0 -106.008897,38.545646,0 -106.008995,38.545933,0 -106.009338,38.546697,0 -106.009583,38.547246,0 -106.009633,38.547367,0 -106.009940,38.548008,0 -106.010184,38.548506,0 -106.010370,38.548839,0 -106.010722,38.549327,0 -106.010921,38.549564,0 -106.011113,38.549819,0 -106.011244,38.549967,0 -106.011728,38.550450,0 -106.012023,38.550716,0 -106.012236,38.550908,0 -106.013393,38.551911,0 -106.014089,38.552514,0 -106.014136,38.552555,0 -106.015046,38.553354,0 -106.015422,38.553654,0 -106.015755,38.553945,0 -106.015992,38.554190,0 -106.016955,38.555032,0 -106.017162,38.555203,0 -106.017354,38.555362,0 -106.017975,38.555835,0 -106.018615,38.556291,0 -106.019053,38.556581,0 -106.019620,38.556897,0 -106.024625,38.560140,0 -106.026178,38.561139,0 -106.026825,38.561550,0 -106.027434,38.561947,0 -106.027829,38.562217,0 -106.029794,38.563656,0 -106.029907,38.563741,0 -106.032553,38.565716,0 -106.034577,38.567216,0 -106.037284,38.569239,0 -106.039370,38.570787,0 -106.039772,38.571117,0 -106.040197,38.571416,0 -106.041249,38.572180,0 -106.042080,38.572802,0 -106.042688,38.573246,0 -106.042910,38.573427,0 -106.046042,38.575744,0 -106.047084,38.576524,0 -106.048229,38.577373,0 -106.049213,38.578102,0 -106.049784,38.578542,0 -106.049918,38.578639,0 -106.050207,38.578848,0 -106.051165,38.579527,0 -106.052703,38.580716,0 -106.054379,38.581955,0 -106.055418,38.582730,0 -106.056032,38.583206,0 -106.056434,38.583533,0 -106.057009,38.584039,0 -106.057372,38.584389,0 -106.057885,38.584936,0 -106.058435,38.585448,0 -106.058758,38.585846,0 -106.058889,38.586003,0 -106.059217,38.586424,0 -106.060121,38.587734,0 -106.060838,38.588807,0 -106.061836,38.590175,0 -106.063677,38.592732,0 -106.063968,38.593367,0 -106.064123,38.593803,0 -106.064251,38.594477,0 -106.064279,38.594927,0 -106.064237,38.595601,0 -106.064044,38.596715,0 -106.063972,38.597050,0 -106.063665,38.598729,0 -106.063498,38.599593,0 -106.063082,38.601741,0 -106.063012,38.602075,0 -106.062842,38.603194,0 -106.062818,38.603577,0 -106.062799,38.603869,0 -106.062817,38.604547,0 -106.062873,38.604999,0 -106.062978,38.605441,0 -106.063050,38.605659,0 -106.063233,38.606087,0 -106.063387,38.606393,0 -106.063508,38.606634,0 -106.063734,38.606986,0 -106.064430,38.607961,0 -106.064881,38.608611,0 -106.065621,38.609707,0 -106.065890,38.610147,0 -106.067300,38.612156,0 -106.067633,38.612663,0 -106.068316,38.613656,0 -106.069018,38.614636,0 -106.069330,38.615012,0 -106.069923,38.615633,0 -106.070822,38.616324,0 -106.070917,38.616384,0 -106.071222,38.616590,0 -106.071299,38.616642,0 -106.071992,38.617038,0 -106.072476,38.617278,0 -106.073237,38.617569,0 -106.073752,38.617733,0 -106.074523,38.617928,0 -106.075059,38.618041,0 -106.076135,38.618228,0 -106.077367,38.618409,0 -106.077672,38.618466,0 -106.078192,38.618536,0 -106.079026,38.618656,0 -106.078819,38.619429,0 -106.078785,38.619568,0 -106.078340,38.621394,0 -106.078022,38.622544,0 -106.077877,38.623122,0 -106.077731,38.623701,0 -106.077622,38.624222,0 -106.077585,38.624402,0 -106.077525,38.624873,0 -106.077505,38.625345,0 -106.077538,38.626054,0 -106.077682,38.626875,0 -106.077804,38.627339,0 -106.077874,38.627579,0 -106.078107,38.628375,0 -106.078153,38.628490,0 -106.078305,38.629012,0 -106.078588,38.629983,0 -106.078622,38.630059,0 -106.079123,38.631880,0 -106.079381,38.632707,0 -106.079754,38.633713,0 -106.079824,38.633970,0 -106.080142,38.634665,0 -106.080232,38.634888,0 -106.080540,38.635423,0 -106.080587,38.635508,0 -106.080724,38.635759,0 -106.081439,38.637030,0 -106.081742,38.637618,0 -106.081962,38.638071,0 -106.082357,38.638964,0 -106.082430,38.639302,0 -106.082499,38.639520,0 -106.082694,38.640134,0 -106.082782,38.640366,0 -106.082801,38.640523,0 -106.082874,38.640807,0 -106.082946,38.641211,0 -106.083067,38.641881,0 -106.083361,38.643231,0 -106.083522,38.644151,0 -106.084219,38.647522,0 -106.085191,38.652071,0 -106.086003,38.654919,0 -106.087119,38.658690,0 -106.087342,38.659387,0 -106.088103,38.661903,0 -106.088462,38.663124,0 -106.088604,38.663607,0 -106.088843,38.664492,0 -106.089028,38.665128,0 -106.089244,38.665872,0 -106.089546,38.666913,0 -106.089594,38.667074,0 -106.089937,38.668227,0 -106.089994,38.668407,0 -106.090081,38.668709,0 -106.090926,38.671540,0 -106.091269,38.672689,0 -106.091611,38.673835,0 -106.091935,38.675062,0 -106.092100,38.675979,0 -106.092188,38.676735,0 -106.092208,38.677071,0 -106.092225,38.677807,0 -106.092220,38.678778,0 -106.092172,38.679586,0 -106.092071,38.681088,0 -106.092049,38.681438,0 -106.092030,38.681790,0 -106.092023,38.681912,0 -106.091993,38.682476,0 -106.091977,38.682968,0 -106.091909,38.684097,0 -106.091884,38.684316,0 -106.091766,38.685183,0 -106.091038,38.688390,0 -106.090706,38.689907,0 -106.090430,38.691167,0 -106.090244,38.691964,0 -106.090184,38.692513,0 -106.090130,38.693191,0 -106.090123,38.693920,0 -106.090123,38.695566,0 -106.090156,38.696577,0 -106.090178,38.700184,0 -106.090187,38.701556,0 -106.090200,38.702678,0 -106.090265,38.703673,0 -106.090375,38.704475,0 -106.090617,38.705593,0 -106.091060,38.706948,0 -106.091433,38.707913,0 -106.091747,38.708840,0 -106.091902,38.709504,0 -106.091921,38.709728,0 -106.091920,38.709761,0 -106.091912,38.710175,0 -106.091817,38.710759,0 -106.091804,38.710841,0 -106.091684,38.711280,0 -106.091412,38.711921,0 -106.091177,38.712332,0 -106.090241,38.713492,0 -106.089828,38.714062,0 -106.088431,38.715722,0 -106.088008,38.716237,0 -106.087030,38.717473,0 -106.086740,38.717863,0 -106.086474,38.718235,0 -106.086276,38.718571,0 -106.086081,38.719063,0 -106.085991,38.719325,0 -106.085930,38.719546,0 -106.085848,38.719991,0 -106.085796,38.720665,0 -106.085814,38.723002,0 -106.085852,38.727883,0 -106.085830,38.731719,0 -106.085771,38.734221,0 -106.085726,38.734725,0 -106.085546,38.735661,0 -106.085408,38.736032,0 -106.084578,38.737795,0 -106.084420,38.738122,0 -106.083625,38.739759,0 -106.083070,38.740897,0 -106.082942,38.741185,0 -106.082896,38.741289,0 -106.082416,38.742295,0 -106.082270,38.742601,0 -106.081982,38.743188,0 -106.081781,38.743613,0 -106.081606,38.743974,0 -106.081235,38.744792,0 -106.081146,38.745025,0 -106.081018,38.745407,0 -106.080929,38.745786,0 -106.080901,38.745968,0 -106.080884,38.746057,0 -106.080882,38.746208,0 -106.080898,38.746803,0 -106.080949,38.747461,0 -106.081029,38.748066,0 -106.081368,38.750814,0 -106.081486,38.751732,0 -106.081590,38.752323,0 -106.081684,38.752776,0 -106.081776,38.753050,0 -106.081967,38.753520,0 -106.082133,38.753835,0 -106.082241,38.754008,0 -106.082400,38.754244,0 -106.082612,38.754507,0 -106.082935,38.754875,0 -106.083118,38.755080,0 -106.083833,38.755768,0 -106.084767,38.756675,0 -106.085829,38.757711,0 -106.089484,38.761223,0 -106.090091,38.761736,0 -106.091040,38.762495,0 -106.091804,38.763055,0 -106.093033,38.763856,0 -106.095550,38.765471,0 -106.096231,38.765883,0 -106.096551,38.766091,0 -106.098248,38.767136,0 -106.102009,38.769450,0 -106.102563,38.769819,0 -106.103145,38.770244,0 -106.103695,38.770715,0 -106.104051,38.771063,0 -106.104408,38.771456,0 -106.104716,38.771849,0 -106.105002,38.772266,0 -106.105286,38.772742,0 -106.105547,38.773283,0 -106.105788,38.773910,0 -106.106242,38.775159,0 -106.106670,38.776348,0 -106.106929,38.777085,0 -106.106957,38.777159,0 -106.107048,38.777386,0 -106.107186,38.777647,0 -106.107390,38.777988,0 -106.107669,38.778394,0 -106.108020,38.778804,0 -106.108184,38.778969,0 -106.108541,38.779283,0 -106.108809,38.779482,0 -106.109226,38.779747,0 -106.109510,38.779924,0 -106.109874,38.780111,0 -106.111132,38.780787,0 -106.111515,38.781006,0 -106.112034,38.781341,0 -106.112301,38.781553,0 -106.112611,38.781826,0 -106.112836,38.782042,0 -106.113075,38.782294,0 -106.113262,38.782524,0 -106.113488,38.782822,0 -106.113697,38.783174,0 -106.113901,38.783580,0 -106.114013,38.783828,0 -106.114116,38.784184,0 -106.114167,38.784456,0 -106.114217,38.784749,0 -106.114242,38.785130,0 -106.114214,38.785603,0 -106.114165,38.785971,0 -106.113727,38.788041,0 -106.113620,38.788519,0 -106.113553,38.788933,0 -106.113524,38.789193,0 -106.113494,38.789576,0 -106.113482,38.789917,0 -106.113492,38.790314,0 -106.113507,38.790577,0 -106.113561,38.791407,0 -106.113707,38.792258,0 -106.113783,38.792626,0 -106.113906,38.793168,0 -106.114027,38.793856,0 -106.114074,38.794173,0 -106.114094,38.794489,0 -106.114114,38.794790,0 -106.114128,38.795617,0 -106.113984,38.801713,0 -106.113994,38.802087,0 -106.114011,38.802403,0 -106.114035,38.802657,0 -106.114095,38.803000,0 -106.114166,38.803307,0 -106.114262,38.803660,0 -106.114692,38.804873,0 -106.115691,38.807681,0 -106.116421,38.809591,0 -106.116816,38.810685,0 -106.117014,38.811304,0 -106.117240,38.812029,0 -106.117711,38.813333,0 -106.119409,38.818024,0 -106.120051,38.819311,0 -106.120916,38.820728,0 -106.121413,38.821499,0 -106.121586,38.821782,0 -106.122516,38.823292,0 -106.122947,38.824064,0 -106.124387,38.827008,0 -106.126935,38.832334,0 -106.127020,38.832513,0 -106.127373,38.833256,0 -106.127403,38.833319,0 -106.127609,38.833746,0 -106.127696,38.833918,0 -106.127788,38.834100,0 -106.127972,38.834430,0 -106.128113,38.834630,0 -106.128395,38.835030,0 -106.128453,38.835111,0 -106.128557,38.835258,0 -106.128647,38.835385,0 -106.128746,38.835525,0 -106.128798,38.835599,0 -106.128845,38.835666,0 -106.128959,38.835826,0 -106.128989,38.835869,0 -106.129075,38.835989,0 -106.129195,38.836155,0 -106.129359,38.836381,0 -106.129420,38.836466,0 -106.129535,38.836625,0 -106.129687,38.836834,0 -106.129830,38.837033,0 -106.129877,38.837098,0 -106.129973,38.837229,0 -106.130044,38.837328,0 -106.130142,38.837464,0 -106.130184,38.837523,0 -106.130224,38.837576,0 -106.130606,38.838105,0 -106.130724,38.838265,0 -106.130765,38.838321,0 -106.130839,38.838427,0 -106.131199,38.838908,0 -106.131365,38.839156,0 -106.131605,38.839507,0 -106.131763,38.839798,0 -106.131818,38.839896,0 -106.131968,38.840233,0 -106.132031,38.840374,0 -106.132073,38.840478,0 -106.132159,38.840706,0 -106.132216,38.840861,0 -106.132321,38.841123,0 -106.132420,38.841367,0 -106.132444,38.841423,0 -106.132555,38.841697,0 -106.132597,38.841792,0 -106.132644,38.841884,0 -106.132731,38.842055,0 -106.132854,38.842296,0 -106.132994,38.842567,0 -106.133097,38.842769,0 -106.133276,38.843115,0 -106.133302,38.843172,0 -106.133536,38.843658,0 -106.133702,38.844020,0 -106.133980,38.844479,0 -106.134229,38.844861,0 -106.134531,38.845323,0 -106.135128,38.846214,0 -106.135595,38.846912,0 -106.135759,38.847159,0 -106.136298,38.847972,0 -106.137025,38.849067,0 -106.137394,38.849620,0 -106.138530,38.851321,0 -106.139086,38.852199,0 -106.139212,38.852396,0 -106.139322,38.852561,0 -106.139362,38.852619,0 -106.139537,38.852883,0 -106.140269,38.853984,0 -106.140309,38.854044,0 -106.142691,38.857691,0 -106.143293,38.858530,0 -106.143765,38.859045,0 -106.144589,38.859734,0 -106.145648,38.860450,0 -106.146585,38.861097,0 -106.148674,38.862550,0 -106.149160,38.862917,0 -106.150040,38.863563,0 -106.150559,38.864031,0 -106.151155,38.864653,0 -106.151868,38.865470,0 -106.153794,38.867899,0 -106.157598,38.872737,0 -106.158513,38.873901,0 -106.159000,38.874723,0 -106.159376,38.875587,0 -106.159553,38.875992,0 -106.160802,38.879063,0 -106.161162,38.879949,0 -106.161767,38.880876,0 -106.162597,38.881695,0 -106.163945,38.882594,0 -106.164534,38.882986,0 -106.165123,38.883541,0 -106.165607,38.884274,0 -106.165872,38.884999,0 -106.166104,38.885705,0 -106.166208,38.886020,0 -106.166639,38.887050,0 -106.166968,38.887596,0 -106.167552,38.888360,0 -106.168445,38.889311,0 -106.170622,38.891445,0 -106.171924,38.892521,0 -106.172063,38.892636,0 -106.172643,38.893119,0 -106.173291,38.893878,0 -106.173579,38.894686,0 -106.173664,38.895684,0 -106.173637,38.897488,0 -106.173617,38.898823,0 -106.173595,38.899751,0 -106.173554,38.901464,0 -106.173573,38.901753,0 -106.173767,38.902379,0 -106.174285,38.902980,0 -106.175127,38.903738,0 -106.175500,38.904336,0 -106.175812,38.904941,0 -106.176413,38.905617,0 -106.177018,38.906211,0 -106.177354,38.906625,0 -106.177987,38.907476,0 -106.178336,38.908067,0 -106.178697,38.908872,0 -106.178759,38.909018,0 -106.179334,38.910180,0 -106.179509,38.910604,0 -106.179832,38.911394,0 -106.180357,38.912763,0 -106.180706,38.913519,0 -106.180853,38.914073,0 -106.180925,38.914627,0 -106.181132,38.915949,0 -106.182220,38.923393,0 -106.182562,38.925673,0 -106.182589,38.925851,0 -106.183250,38.930259,0 -106.183357,38.930637,0 -106.183387,38.930712,0 -106.183506,38.931005,0 -106.183767,38.931479,0 -106.184600,38.932760,0 -106.186460,38.935587,0 -106.186854,38.936124,0 -106.187315,38.936840,0 -106.187846,38.937669,0 -106.188289,38.938384,0 -106.189221,38.939718,0 -106.190226,38.941193,0 -106.190885,38.942243,0 -106.191962,38.943947,0 -106.192588,38.944878,0 -106.192615,38.944921,0 -106.193462,38.946235,0 -106.194507,38.947814,0 -106.195578,38.949451,0 -106.195944,38.950001,0 -106.197205,38.951923,0 -106.197876,38.952946,0 -106.198667,38.954156,0 -106.200072,38.956301,0 -106.201265,38.958117,0 -106.201941,38.959154,0 -106.202156,38.959464,0 -106.202561,38.960093,0 -106.202975,38.960734,0 -106.203912,38.962156,0 -106.203996,38.962284,0 -106.204353,38.962838,0 -106.204657,38.963374,0 -106.204923,38.963904,0 -106.205289,38.964705,0 -106.205682,38.965527,0 -106.206233,38.966751,0 -106.206694,38.967742,0 -106.207052,38.968525,0 -106.207339,38.969013,0 -106.207618,38.969400,0 -106.207948,38.969783,0 -106.208118,38.969971,0 -106.208456,38.970313,0 -106.209331,38.971047,0 -106.210209,38.971773,0 -106.210702,38.972177,0 -106.211146,38.972554,0 -106.211479,38.972853,0 -106.211847,38.973204,0 -106.212268,38.973700,0 -106.212856,38.974386,0 -106.213692,38.975336,0 -106.214643,38.976453,0 -106.214767,38.976644,0 -106.214908,38.976863,0 -106.215041,38.977112,0 -106.215309,38.977681,0 -106.215528,38.978345,0 -106.216334,38.981271,0 -106.216455,38.981614,0 -106.216688,38.982122,0 -106.216838,38.982431,0 -106.217205,38.982991,0 -106.217967,38.984036,0 -106.218482,38.984714,0 -106.218643,38.985002,0 -106.218818,38.985331,0 -106.219082,38.985843,0 -106.219216,38.986216,0 -106.219280,38.986484,0 -106.219372,38.986953,0 -106.219528,38.988208,0 -106.219786,38.990546,0 -106.219882,38.991058,0 -106.220070,38.991824,0 -106.220327,38.992603,0 -106.220634,38.993537,0 -106.220772,38.993980,0 -106.221078,38.994865,0 -106.221723,38.996989,0 -106.221808,38.997181,0 -106.222022,38.997542,0 -106.222294,38.997888,0 -106.222632,38.998207,0 -106.224184,38.999596,0 -106.224542,38.999913,0 -106.225099,39.000428,0 -106.225272,39.000582,0 -106.225464,39.000745,0 -106.225872,39.001044,0 -106.226320,39.001290,0 -106.226557,39.001391,0 -106.226778,39.001460,0 -106.227157,39.001566,0 -106.227569,39.001633,0 -106.227930,39.001689,0 -106.228969,39.001801,0 -106.231138,39.002010,0 -106.233677,39.002270,0 -106.234409,39.002349,0 -106.235049,39.002452,0 -106.235561,39.002576,0 -106.236322,39.002792,0 -106.236634,39.002890,0 -106.237176,39.003115,0 -106.237565,39.003289,0 -106.238071,39.003555,0 -106.238496,39.003817,0 -106.238953,39.004129,0 -106.239464,39.004539,0 -106.239923,39.004970,0 -106.240925,39.005895,0 -106.241324,39.006249,0 -106.241718,39.006634,0 -106.241940,39.006895,0 -106.242184,39.007203,0 -106.242363,39.007438,0 -106.242508,39.007694,0 -106.242654,39.007953,0 -106.242772,39.008216,0 -106.242918,39.008543,0 -106.242982,39.008709,0 -106.243015,39.008908,0 -106.243021,39.008941,0 -106.243108,39.009568,0 -106.243121,39.010013,0 -106.243068,39.010483,0 -106.242962,39.010986,0 -106.242821,39.011412,0 -106.242575,39.011932,0 -106.242310,39.012349,0 -106.242032,39.012732,0 -106.241439,39.013389,0 -106.239300,39.015683,0 -106.239262,39.015743,0 -106.239053,39.016079,0 -106.238919,39.016385,0 -106.238808,39.016800,0 -106.238780,39.017112,0 -106.238796,39.017428,0 -106.238802,39.017457,0 -106.238855,39.017712,0 -106.238882,39.017844,0 -106.238996,39.018143,0 -106.239213,39.018525,0 -106.239420,39.018796,0 -106.239758,39.019132,0 -106.240550,39.019728,0 -106.241712,39.020649,0 -106.242635,39.021368,0 -106.243260,39.021925,0 -106.243549,39.022228,0 -106.243773,39.022490,0 -106.244228,39.023100,0 -106.244418,39.023391,0 -106.244611,39.023788,0 -106.244857,39.024318,0 -106.244919,39.024459,0 -106.245266,39.025347,0 -106.245459,39.025920,0 -106.245603,39.026439,0 -106.245730,39.026902,0 -106.246192,39.028275,0 -106.246365,39.028564,0 -106.246588,39.028847,0 -106.246898,39.029098,0 -106.247186,39.029371,0 -106.247557,39.029591,0 -106.249015,39.030237,0 -106.249281,39.030404,0 -106.249510,39.030595,0 -106.249762,39.030876,0 -106.250473,39.031797,0 -106.250733,39.032042,0 -106.251029,39.032263,0 -106.251363,39.032461,0 -106.251739,39.032628,0 -106.252154,39.032762,0 -106.252607,39.032862,0 -106.252885,39.032912,0 -106.257382,39.033719,0 -106.257745,39.033839,0 -106.258076,39.034000,0 -106.258369,39.034204,0 -106.258628,39.034436,0 -106.259536,39.035423,0 -106.259882,39.035776,0 -106.260486,39.036278,0 -106.261280,39.036906,0 -106.261712,39.037236,0 -106.262049,39.037480,0 -106.262335,39.037656,0 -106.262860,39.037964,0 -106.263620,39.038410,0 -106.263970,39.038660,0 -106.264238,39.038892,0 -106.264459,39.039157,0 -106.264587,39.039345,0 -106.264738,39.039605,0 -106.264899,39.039954,0 -106.265207,39.040737,0 -106.265590,39.041685,0 -106.265958,39.042574,0 -106.266118,39.043052,0 -106.266147,39.043233,0 -106.266173,39.043376,0 -106.266164,39.044563,0 -106.266087,39.045585,0 -106.266065,39.046240,0 -106.266111,39.046606,0 -106.266213,39.046962,0 -106.266367,39.047307,0 -106.266588,39.047648,0 -106.266976,39.048181,0 -106.267358,39.048753,0 -106.267706,39.049456,0 -106.268023,39.050130,0 -106.268397,39.051175,0 -106.268486,39.051395,0 -106.268562,39.051574,0 -106.268678,39.051773,0 -106.268848,39.051998,0 -106.269069,39.052239,0 -106.269347,39.052447,0 -106.269683,39.052623,0 -106.269989,39.052736,0 -106.270278,39.052813,0 -106.271097,39.052981,0 -106.271392,39.053057,0 -106.271721,39.053181,0 -106.272017,39.053340,0 -106.272239,39.053524,0 -106.272459,39.053738,0 -106.272640,39.053987,0 -106.272789,39.054256,0 -106.272870,39.054528,0 -106.272903,39.054778,0 -106.272891,39.055088,0 -106.272825,39.055705,0 -106.272804,39.056160,0 -106.272812,39.056421,0 -106.272828,39.056728,0 -106.272920,39.057300,0 -106.273024,39.057782,0 -106.273430,39.059057,0 -106.273520,39.059351,0 -106.273584,39.059703,0 -106.273651,39.060247,0 -106.273661,39.060620,0 -106.273606,39.061237,0 -106.273501,39.062244,0 -106.273428,39.062618,0 -106.273297,39.062956,0 -106.272824,39.063907,0 -106.272777,39.064253,0 -106.272791,39.064426,0 -106.272887,39.064757,0 -106.273030,39.064995,0 -106.273235,39.065231,0 -106.273467,39.065413,0 -106.273713,39.065564,0 -106.273983,39.065683,0 -106.274566,39.065926,0 -106.275253,39.066229,0 -106.275674,39.066456,0 -106.275990,39.066646,0 -106.276384,39.066952,0 -106.276608,39.067177,0 -106.276908,39.067508,0 -106.277643,39.068555,0 -106.277790,39.068750,0 -106.277842,39.068821,0 -106.278068,39.069135,0 -106.279090,39.070358,0 -106.279781,39.071110,0 -106.280032,39.071425,0 -106.280181,39.071639,0 -106.280371,39.072014,0 -106.280441,39.072299,0 -106.280500,39.072518,0 -106.280656,39.074764,0 -106.280680,39.074955,0 -106.280746,39.075331,0 -106.280777,39.075461,0 -106.280873,39.075869,0 -106.281126,39.076484,0 -106.281161,39.076569,0 -106.281620,39.077477,0 -106.281753,39.077727,0 -106.282286,39.078771,0 -106.282770,39.079708,0 -106.283224,39.080583,0 -106.283449,39.081030,0 -106.284097,39.082269,0 -106.284503,39.083170,0 -106.285748,39.086284,0 -106.286183,39.087311,0 -106.286667,39.088563,0 -106.287011,39.089956,0 -106.287284,39.091114,0 -106.287483,39.091800,0 -106.287657,39.092249,0 -106.287966,39.092886,0 -106.288205,39.093268,0 -106.288601,39.093827,0 -106.289049,39.094396,0 -106.289468,39.094929,0 -106.291849,39.097942,0 -106.292657,39.098969,0 -106.294220,39.101002,0 -106.295077,39.101941,0 -106.295550,39.102329,0 -106.296129,39.102749,0 -106.296557,39.103013,0 -106.297233,39.103364,0 -106.297990,39.103772,0 -106.298487,39.104093,0 -106.298901,39.104465,0 -106.299484,39.105218,0 -106.300203,39.106259,0 -106.300953,39.107381,0 -106.301208,39.107729,0 -106.301921,39.108775,0 -106.303533,39.111078,0 -106.307203,39.116420,0 -106.309234,39.119353,0 -106.310188,39.120701,0 -106.311685,39.122857,0 -106.312551,39.124217,0 -106.314953,39.128861,0 -106.315932,39.130748,0 -106.316645,39.132260,0 -106.316991,39.133273,0 -106.318649,39.139645,0 -106.319704,39.143778,0 -106.320142,39.145510,0 -106.320569,39.147234,0 -106.320729,39.147916,0 -106.320878,39.148430,0 -106.321666,39.151512,0 -106.322465,39.154608,0 -106.322996,39.156651,0 -106.323147,39.157161,0 -106.323414,39.157918,0 -106.323733,39.158664,0 -106.323968,39.159155,0 -106.324361,39.159880,0 -106.324503,39.160117,0 -106.324965,39.160754,0 -106.325447,39.161418,0 -106.325657,39.161754,0 -106.325870,39.162123,0 -106.326055,39.162581,0 -106.326182,39.163029,0 -106.326246,39.163495,0 -106.326244,39.163975,0 -106.326181,39.164464,0 -106.326029,39.164876,0 -106.325804,39.165458,0 -106.325503,39.165974,0 -106.325096,39.166647,0 -106.324055,39.168386,0 -106.323835,39.168812,0 -106.322665,39.170892,0 -106.322369,39.171459,0 -106.322158,39.171956,0 -106.321954,39.172618,0 -106.321820,39.173281,0 -106.321756,39.173912,0 -106.321759,39.174502,0 -106.321815,39.175040,0 -106.321890,39.175481,0 -106.322025,39.175969,0 -106.322225,39.176610,0 -106.322749,39.177653,0 -106.323025,39.178071,0 -106.323354,39.178555,0 -106.323984,39.179505,0 -106.324721,39.180586,0 -106.325331,39.181495,0 -106.326486,39.183232,0 -106.326822,39.183731,0 -106.326995,39.183988,0 -106.327632,39.184923,0 -106.328052,39.185469,0 -106.328841,39.186525,0 -106.329177,39.186996,0 -106.329648,39.187547,0 -106.329966,39.187909,0 -106.330619,39.188633,0 -106.330727,39.188754,0 -106.331508,39.189598,0 -106.332836,39.191049,0 -106.333696,39.192026,0 -106.334363,39.192748,0 -106.335176,39.193710,0 -106.335479,39.194051,0 -106.337813,39.196672,0 -106.338286,39.197208,0 -106.338820,39.197788,0 -106.340565,39.199746,0 -106.341272,39.200548,0 -106.341394,39.200669,0 -106.341748,39.201058,0 -106.342450,39.201848,0 -106.343395,39.202990,0 -106.343470,39.203103,0 -106.343905,39.203762,0 -106.344018,39.203961,0 -106.344361,39.204795,0 -106.344494,39.205223,0 -106.344835,39.206410,0 -106.344986,39.206903,0 -106.345925,39.210564,0 -106.346342,39.212193,0 -106.346662,39.213353,0 -106.347040,39.214802,0 -106.347201,39.215392,0 -106.347681,39.217195,0 -106.347915,39.218086,0 -106.347990,39.218399,0 -106.348478,39.220187,0 -106.348588,39.220613,0 -106.348725,39.221137,0 -106.348748,39.221319,0 -106.348768,39.221610,0 -106.349527,39.221712,0 -106.349564,39.221716,0 -106.351980,39.222031,0 -106.354448,39.222356,0 -106.354598,39.222374,0 -106.355729,39.222513,0 -106.356628,39.222582,0 -106.357213,39.222616,0 -106.357356,39.222624,0 -106.357403,39.222710,0 -106.357508,39.222859,0 -106.358403,39.224359,0 -106.358851,39.225144,0 -106.359078,39.225721,0 -106.359217,39.226397,0 -106.359272,39.227141,0 -106.359282,39.227395,0 -106.359285,39.227470,0 -106.359239,39.227956,0 -106.359139,39.228523,0 -106.358889,39.229573,0 -106.358326,39.232333,0 -106.358254,39.232586,0 -106.357670,39.234947,0 -106.357520,39.235526,0 -106.357365,39.236521,0 -106.357097,39.237711,0 -106.356573,39.240017,0 -106.356176,39.241762,0 -106.355956,39.242793,0 -106.355505,39.244712,0 -106.355214,39.245947,0 -106.355099,39.246226,0 -106.354930,39.246490,0 -106.354540,39.247023,0 -106.354311,39.247283,0 -106.353771,39.247719,0 -106.353379,39.247963,0 -106.352782,39.248208,0 -106.352404,39.248351,0 -106.351772,39.248607,0 -106.351290,39.248619,0 -106.349851,39.248758,0 -106.349413,39.248804,0 -106.348472,39.248881,0 -106.348406,39.248883,0 -106.347766,39.248906,0 -106.347094,39.248904,0 -106.346536,39.248879,0 -106.345800,39.248788,0 -106.345521,39.248725,0 -106.345056,39.248598,0 -106.344992,39.248829,0 -106.344928,39.249190,0 -106.344911,39.249469,0 -106.344817,39.249779,0 -106.344675,39.250183,0 -106.344507,39.250545,0 -106.344301,39.251005,0 -106.344247,39.251270,0 -106.344099,39.251875,0 -106.343867,39.252680,0 -106.343542,39.253588,0 -106.343365,39.254106,0 -106.343084,39.254739,0 -106.343032,39.255051,0 -106.342836,39.255531,0 -106.342491,39.256319,0 -106.342289,39.256602,0 -106.341754,39.257050,0 -106.341222,39.257421,0 -106.340468,39.257879,0 -106.340262,39.258074,0 -106.340089,39.258299,0 -106.340033,39.258398,0 -106.339934,39.258500,0 -106.339984,39.258575,0 -106.340015,39.258655,0 -106.340123,39.258962,0 -106.340187,39.259127,0 -106.340330,39.259327,0 -106.340379,39.259376,0 -106.340467,39.259462,0 -106.340732,39.259723,0 -106.340888,39.259909,0 -106.341007,39.260135,0 -106.341048,39.260322,0 -106.341013,39.260500,0 -106.340915,39.260660,0 -106.340791,39.260849,0 -106.340643,39.261058,0 -106.340556,39.261205,0 -106.340502,39.261398,0 -106.340414,39.262466,0 -106.340352,39.262705,0 -106.340112,39.263199,0 -106.339916,39.263764,0 -106.339879,39.263886,0 -106.339218,39.265713,0 -106.338881,39.266642,0 -106.338328,39.268169,0 -106.338275,39.268286,0 -106.338068,39.268761,0 -106.337952,39.269017,0 -106.337705,39.269344,0 -106.337484,39.269560,0 -106.336986,39.269925,0 -106.336318,39.270234,0 -106.336050,39.270332,0 -106.335749,39.270399,0 -106.335480,39.270475,0 -106.335117,39.270518,0 -106.334721,39.270528,0 -106.332999,39.270338,0 -106.332465,39.270283,0 -106.331814,39.270211,0 -106.331549,39.270185,0 -106.329755,39.269970,0 -106.328904,39.269862,0 -106.328602,39.269827,0 -106.327905,39.269745,0 -106.327406,39.269734,0 -106.327076,39.269759,0 -106.326586,39.269854,0 -106.326425,39.269899,0 -106.325287,39.270250,0 -106.325145,39.270291,0 -106.324667,39.270456,0 -106.323772,39.270730,0 -106.322541,39.271128,0 -106.321664,39.271407,0 -106.320395,39.271800,0 -106.319656,39.272041,0 -106.318620,39.272362,0 -106.318165,39.272510,0 -106.317877,39.272621,0 -106.317627,39.272784,0 -106.317468,39.273016,0 -106.317070,39.274018,0 -106.316933,39.274223,0 -106.318239,39.274527,0 -106.318487,39.274585,0 -106.318714,39.274655,0 -106.319608,39.274882,0 -106.320029,39.275017,0 -106.320892,39.275400,0 -106.321541,39.275808,0 -106.321956,39.276187,0 -106.322042,39.276266,0 -106.322251,39.276441,0 -106.322502,39.276795,0 -106.322701,39.277075,0 -106.322861,39.277377,0 -106.323085,39.277834,0 -106.323446,39.279007,0 -106.323480,39.279145,0 -106.323583,39.279557,0 -106.323709,39.280033,0 -106.324196,39.281864,0 -106.324236,39.281980,0 -106.324560,39.283209,0 -106.324704,39.283807,0 -106.324804,39.284136,0 -106.325097,39.285191,0 -106.325590,39.287042,0 -106.325725,39.287512,0 -106.325761,39.287617,0 -106.326482,39.290312,0 -106.326523,39.290430,0 -106.326568,39.290608,0 -106.326995,39.292207,0 -106.327087,39.292529,0 -106.328665,39.298260,0 -106.328740,39.298554,0 -106.329631,39.301786,0 -106.330660,39.305004,0 -106.330712,39.305146,0 -106.333266,39.313047,0 -106.334042,39.315464,0 -106.334796,39.317820,0 -106.335065,39.318570,0 -106.335184,39.319074,0 -106.335272,39.319218,0 -106.335661,39.320436,0 -106.335876,39.321179,0 -106.335952,39.321582,0 -106.336000,39.322070,0 -106.336001,39.322532,0 -106.335934,39.324772,0 -106.335882,39.325138,0 -106.335807,39.325495,0 -106.335706,39.325816,0 -106.335637,39.326009,0 -106.335522,39.326279,0 -106.335248,39.326794,0 -106.334775,39.327673,0 -106.334303,39.328673,0 -106.334000,39.329487,0 -106.333626,39.330891,0 -106.333514,39.331180,0 -106.333301,39.331533,0 -106.333043,39.331825,0 -106.332665,39.332156,0 -106.331945,39.332803,0 -106.331568,39.333143,0 -106.331290,39.333434,0 -106.331065,39.333689,0 -106.330964,39.333847,0 -106.330704,39.334291,0 -106.330421,39.334995,0 -106.329889,39.336874,0 -106.329670,39.337659,0 -106.329327,39.338870,0 -106.329124,39.339792,0 -106.329132,39.340128,0 -106.329193,39.340442,0 -106.329273,39.340642,0 -106.329654,39.341744,0 -106.329845,39.342301,0 -106.330103,39.342974,0 -106.330320,39.343409,0 -106.330522,39.343665,0 -106.330816,39.343915,0 -106.331241,39.344269,0 -106.331583,39.344634,0 -106.331823,39.345037,0 -106.331997,39.345594,0 -106.332229,39.346635,0 -106.332251,39.346955,0 -106.332247,39.347280,0 -106.332085,39.347597,0 -106.331856,39.347868,0 -106.331622,39.348059,0 -106.331296,39.348290,0 -106.330428,39.348797,0 -106.329898,39.349070,0 -106.329635,39.349188,0 -106.329434,39.349266,0 -106.329074,39.349331,0 -106.328298,39.349377,0 -106.327822,39.349439,0 -106.327443,39.349568,0 -106.326122,39.350198,0 -106.325246,39.350606,0 -106.324686,39.350879,0 -106.322372,39.351980,0 -106.321830,39.352281,0 -106.321691,39.352362,0 -106.321204,39.352724,0 -106.320777,39.353109,0 -106.320502,39.353386,0 -106.320304,39.353634,0 -106.319803,39.354223,0 -106.319511,39.354578,0 -106.319309,39.354824,0 -106.319126,39.355055,0 -106.318857,39.355359,0 -106.318486,39.355735,0 -106.317857,39.356210,0 -106.315907,39.357700,0 -106.315365,39.358188,0 -106.315030,39.358591,0 -106.314266,39.359485,0 -106.313655,39.360256,0 -106.313351,39.360763,0 -106.313173,39.361017,0 -106.312973,39.361180,0 -106.312684,39.361312,0 -106.311976,39.361527,0 -106.311659,39.361673,0 -106.311312,39.361935,0 -106.311063,39.362220,0 -106.311030,39.362266,0 -106.310912,39.362663,0 -106.310889,39.362814,0 -106.310875,39.362963,0 -106.310890,39.363183,0 -106.310937,39.363359,0 -106.311025,39.363536,0 -106.311165,39.363741,0 -106.311327,39.363908,0 -106.311518,39.364066,0 -106.311748,39.364235,0 -106.312564,39.364736,0 -106.313080,39.365013,0 -106.313359,39.365130,0 -106.313765,39.365247,0 -106.313950,39.365328,0 -106.314077,39.365414,0 -106.314144,39.365534,0 -106.314176,39.365684,0 -106.314140,39.365821,0 -106.314035,39.365934,0 -106.313873,39.366008,0 -106.313730,39.366051,0 -106.313480,39.366038,0 -106.312213,39.365815,0 -106.311661,39.365677,0 -106.311091,39.365513,0 -106.309739,39.365115,0 -106.309278,39.365002,0 -106.309046,39.364963,0 -106.308837,39.364967,0 -106.308676,39.365013,0 -106.308484,39.365113,0 -106.308343,39.365253,0 -106.308266,39.365360,0 -106.308217,39.365521,0 -106.308240,39.365674,0 -106.308314,39.365850,0 -106.308482,39.366025,0 -106.309553,39.366993,0 -106.310028,39.367533,0 -106.310248,39.367835,0 -106.310405,39.368116,0 -106.310553,39.368475,0 -106.310828,39.369485,0 -106.310984,39.370059,0 -106.311188,39.370776,0 -106.311345,39.371193,0 -106.311549,39.371561,0 -106.311760,39.371847,0 -106.312359,39.372505,0 -106.312757,39.373024,0 -106.313101,39.373490,0 -106.313318,39.373713,0 -106.313537,39.373894,0 -106.313856,39.374110,0 -106.314077,39.374230,0 -106.314350,39.374394,0 -106.314658,39.374602,0 -106.314907,39.374846,0 -106.315045,39.375023,0 -106.315157,39.375220,0 -106.315272,39.375494,0 -106.315470,39.376120,0 -106.315618,39.376557,0 -106.315789,39.376924,0 -106.316142,39.377599,0 -106.316524,39.378828,0 -106.316663,39.379316,0 -106.316843,39.379775,0 -106.316946,39.379992,0 -106.317090,39.380224,0 -106.317295,39.380468,0 -106.317430,39.380676,0 -106.317480,39.380836,0 -106.317466,39.380980,0 -106.317427,39.381171,0 -106.317020,39.381991,0 -106.316890,39.382355,0 -106.316829,39.382629,0 -106.316791,39.382982,0 -106.316797,39.383320,0 -106.316800,39.384186,0 -106.316770,39.384486,0 -106.316727,39.384750,0 -106.316351,39.385822,0 -106.316314,39.385950,0 -106.316261,39.386276,0 -106.316266,39.386518,0 -106.316285,39.386715,0 -106.316403,39.387111,0 -106.316722,39.387915,0 -106.316881,39.388216,0 -106.317328,39.388925,0 -106.317802,39.389687,0 -106.318010,39.390043,0 -106.318167,39.390343,0 -106.318242,39.390569,0 -106.318294,39.390881,0 -106.318292,39.391213,0 -106.318246,39.391549,0 -106.318109,39.392028,0 -106.317904,39.392747,0 -106.317753,39.393448,0 -106.317706,39.393925,0 -106.317707,39.394641,0 -106.317719,39.394906,0 -106.317895,39.396515,0 -106.318010,39.397121,0 -106.318069,39.397740,0 -106.318151,39.398526,0 -106.318181,39.399212,0 -106.318162,39.399751,0 -106.318127,39.400313,0 -106.318032,39.401270,0 -106.317874,39.402245,0 -106.317674,39.403965,0 -106.317587,39.404524,0 -106.317536,39.405012,0 -106.317422,39.405750,0 -106.317247,39.407064,0 -106.317127,39.407784,0 -106.316838,39.409171,0 -106.316635,39.410135,0 -106.316603,39.410396,0 -106.316613,39.410635,0 -106.316660,39.410908,0 -106.317042,39.411913,0 -106.317167,39.412292,0 -106.317210,39.412526,0 -106.317227,39.412837,0 -106.317212,39.413919,0 -106.317215,39.414275,0 -106.317198,39.414561,0 -106.317149,39.414898,0 -106.317040,39.415339,0 -106.316732,39.416216,0 -106.316650,39.416451,0 -106.316629,39.416687,0 -106.316646,39.416909,0 -106.316689,39.417117,0 -106.316778,39.417350,0 -106.316898,39.417547,0 -106.317050,39.417776,0 -106.317261,39.418005,0 -106.318154,39.418794,0 -106.319365,39.419895,0 -106.319667,39.420231,0 -106.319983,39.420649,0 -106.320183,39.420966,0 -106.320404,39.421427,0 -106.320557,39.421857,0 -106.320888,39.423333,0 -106.321258,39.425174,0 -106.321571,39.426671,0 -106.321709,39.427244,0 -106.321847,39.427649,0 -106.321949,39.427932,0 -106.322110,39.428250,0 -106.322787,39.429855,0 -106.323590,39.431793,0 -106.323744,39.432114,0 -106.323892,39.432362,0 -106.324180,39.432881,0 -106.324803,39.433829,0 -106.326292,39.436380,0 -106.326682,39.437231,0 -106.326752,39.437384,0 -106.327223,39.438460,0 -106.327436,39.438929,0 -106.327657,39.439286,0 -106.327899,39.439600,0 -106.328261,39.440012,0 -106.328628,39.440338,0 -106.328866,39.440539,0 -106.329871,39.441259,0 -106.330718,39.441868,0 -106.331273,39.442312,0 -106.331552,39.442572,0 -106.331976,39.443028,0 -106.332432,39.443590,0 -106.332724,39.444003,0 -106.333011,39.444412,0 -106.333286,39.444797,0 -106.334477,39.446467,0 -106.334823,39.446977,0 -106.335491,39.447954,0 -106.335683,39.448284,0 -106.335817,39.448584,0 -106.335973,39.449019,0 -106.336035,39.449319,0 -106.336087,39.449656,0 -106.336102,39.450250,0 -106.336066,39.450625,0 -106.336003,39.450932,0 -106.335881,39.451332,0 -106.335721,39.451733,0 -106.335470,39.452198,0 -106.335205,39.452572,0 -106.334886,39.452931,0 -106.334084,39.453681,0 -106.333322,39.454422,0 -106.333067,39.454737,0 -106.332873,39.455095,0 -106.332799,39.455326,0 -106.332758,39.455508,0 -106.332743,39.455696,0 -106.332762,39.455880,0 -106.332817,39.456087,0 -106.332906,39.456336,0 -106.333013,39.456531,0 -106.333192,39.456802,0 -106.333328,39.456958,0 -106.333530,39.457209,0 -106.333774,39.457530,0 -106.334014,39.457818,0 -106.336331,39.460682,0 -106.337819,39.462522,0 -106.338762,39.463232,0 -106.340996,39.464314,0 -106.342071,39.464848,0 -106.342381,39.464946,0 -106.344105,39.465368,0 -106.344580,39.465632,0 -106.344788,39.465794,0 -106.345073,39.466095,0 -106.345236,39.466375,0 -106.345379,39.466780,0 -106.345538,39.467311,0 -106.345840,39.467762,0 -106.346352,39.468141,0 -106.346894,39.468465,0 -106.348046,39.469053,0 -106.350060,39.469787,0 -106.350606,39.469908,0 -106.351149,39.469892,0 -106.351696,39.469770,0 -106.352304,39.469728,0 -106.352864,39.469833,0 -106.353401,39.470063,0 -106.355888,39.471800,0 -106.357996,39.473862,0 -106.359095,39.474913,0 -106.359158,39.474970,0 -106.359661,39.475429,0 -106.359975,39.475672,0 -106.360164,39.475753,0 -106.360391,39.475788,0 -106.360674,39.475724,0 -106.360865,39.475561,0 -106.360933,39.475426,0 -106.360906,39.475235,0 -106.360824,39.474945,0 -106.360812,39.474651,0 -106.360865,39.474499,0 -106.361006,39.474325,0 -106.361300,39.474195,0 -106.361622,39.474171,0 -106.361833,39.474213,0 -106.361994,39.474288,0 -106.362204,39.474436,0 -106.362308,39.474617,0 -106.362438,39.475001,0 -106.362710,39.475368,0 -106.362963,39.475724,0 -106.363041,39.476024,0 -106.363085,39.476282,0 -106.363108,39.476569,0 -106.363181,39.476844,0 -106.363344,39.477070,0 -106.363509,39.477238,0 -106.363629,39.477400,0 -106.363727,39.477597,0 -106.363757,39.477906,0 -106.363798,39.478138,0 -106.363931,39.478473,0 -106.364105,39.478818,0 -106.364304,39.479070,0 -106.364555,39.479287,0 -106.364897,39.479530,0 -106.365013,39.479663,0 -106.365194,39.479887,0 -106.365313,39.480132,0 -106.365369,39.480332,0 -106.365373,39.480769,0 -106.365343,39.481163,0 -106.365343,39.481522,0 -106.365421,39.482129,0 -106.365602,39.482969,0 -106.365755,39.483554,0 -106.365909,39.484049,0 -106.366370,39.485403,0 -106.366519,39.485714,0 -106.366937,39.486265,0 -106.367193,39.486811,0 -106.367648,39.487902,0 -106.367759,39.488289,0 -106.367730,39.489187,0 -106.367639,39.491846,0 -106.367677,39.492965,0 -106.367668,39.493224,0 -106.367590,39.493598,0 -106.367561,39.493857,0 -106.367599,39.494114,0 -106.367686,39.494366,0 -106.368817,39.496129,0 -106.369142,39.496563,0 -106.369472,39.496941,0 -106.370141,39.497516,0 -106.370514,39.497838,0 -106.370983,39.498217,0 -106.371555,39.498677,0 -106.372166,39.499180,0 -106.372777,39.499700,0 -106.373079,39.499972,0 -106.373288,39.500157,0 -106.373454,39.500293,0 -106.373606,39.500405,0 -106.373797,39.500533,0 -106.374078,39.500714,0 -106.374546,39.500981,0 -106.375433,39.501485,0 -106.375982,39.501794,0 -106.376116,39.501876,0 -106.376242,39.501955,0 -106.376367,39.502043,0 -106.376493,39.502145,0 -106.376586,39.502238,0 -106.376655,39.502311,0 -106.376745,39.502426,0 -106.376813,39.502529,0 -106.376878,39.502642,0 -106.376923,39.502757,0 -106.376970,39.502900,0 -106.376994,39.503039,0 -106.377010,39.503159,0 -106.377014,39.503303,0 -106.377021,39.503425,0 -106.377017,39.503644,0 -106.377003,39.503902,0 -106.376984,39.504161,0 -106.376978,39.504375,0 -106.376976,39.504546,0 -106.376975,39.504799,0 -106.376980,39.505027,0 -106.376985,39.505159,0 -106.376981,39.505294,0 -106.376973,39.505437,0 -106.376969,39.505576,0 -106.376963,39.505790,0 -106.376951,39.505973,0 -106.376945,39.506097,0 -106.376942,39.506207,0 -106.376938,39.506299,0 -106.376932,39.506393,0 -106.376920,39.506560,0 -106.376904,39.506719,0 -106.376885,39.506842,0 -106.376861,39.506996,0 -106.376815,39.507252,0 -106.376503,39.508554,0 -106.376492,39.508593,0 -106.376447,39.508789,0 -106.376438,39.508893,0 -106.376458,39.508976,0 -106.376500,39.509071,0 -106.376557,39.509159,0 -106.376636,39.509250,0 -106.376719,39.509320,0 -106.376802,39.509362,0 -106.376868,39.509406,0 -106.376946,39.509450,0 -106.377023,39.509487,0 -106.377111,39.509524,0 -106.377203,39.509555,0 -106.377303,39.509581,0 -106.377410,39.509602,0 -106.377516,39.509616,0 -106.377627,39.509624,0 -106.377743,39.509626,0 -106.377854,39.509622,0 -106.377976,39.509609,0 -106.378130,39.509583,0 -106.378278,39.509545,0 -106.378441,39.509492,0 -106.378589,39.509436,0 -106.378770,39.509352,0 -106.378913,39.509294,0 -106.379079,39.509236,0 -106.379205,39.509205,0 -106.379313,39.509190,0 -106.379420,39.509187,0 -106.379532,39.509200,0 -106.379638,39.509224,0 -106.379742,39.509259,0 -106.379838,39.509306,0 -106.379932,39.509363,0 -106.380028,39.509432,0 -106.380141,39.509505,0 -106.380261,39.509557,0 -106.380401,39.509598,0 -106.380494,39.509616,0 -106.380604,39.509626,0 -106.380824,39.509638,0 -106.381042,39.509647,0 -106.381211,39.509661,0 -106.381351,39.509676,0 -106.381547,39.509702,0 -106.381750,39.509734,0 -106.381907,39.509763,0 -106.382009,39.509787,0 -106.382092,39.509817,0 -106.382172,39.509859,0 -106.382242,39.509907,0 -106.382311,39.509976,0 -106.382396,39.510076,0 -106.382553,39.510250,0 -106.382614,39.510328,0 -106.382671,39.510407,0 -106.382703,39.510466,0 -106.382726,39.510517,0 -106.382748,39.510584,0 -106.382757,39.510645,0 -106.382761,39.510710,0 -106.382758,39.510802,0 -106.382736,39.510906,0 -106.382702,39.511043,0 -106.382638,39.511262,0 -106.382531,39.511637,0 -106.382511,39.511719,0 -106.382500,39.511803,0 -106.382495,39.511879,0 -106.382498,39.511963,0 -106.382504,39.512042,0 -106.382515,39.512136,0 -106.382532,39.512224,0 -106.382554,39.512307,0 -106.382574,39.512375,0 -106.382597,39.512454,0 -106.382605,39.512510,0 -106.382610,39.512564,0 -106.382605,39.512641,0 -106.382595,39.512714,0 -106.382582,39.512785,0 -106.382565,39.512880,0 -106.382552,39.512960,0 -106.382543,39.513034,0 -106.382543,39.513106,0 -106.382548,39.513167,0 -106.382565,39.513236,0 -106.382590,39.513296,0 -106.382623,39.513361,0 -106.382658,39.513423,0 -106.382717,39.513500,0 -106.382782,39.513573,0 -106.382866,39.513654,0 -106.382990,39.513767,0 -106.383060,39.513834,0 -106.383128,39.513900,0 -106.383187,39.513963,0 -106.383242,39.514032,0 -106.383280,39.514086,0 -106.383315,39.514148,0 -106.383352,39.514230,0 -106.383379,39.514308,0 -106.383412,39.514428,0 -106.383446,39.514521,0 -106.383476,39.514597,0 -106.383511,39.514665,0 -106.383557,39.514734,0 -106.383623,39.514806,0 -106.383699,39.514878,0 -106.383785,39.514946,0 -106.383891,39.515017,0 -106.383999,39.515077,0 -106.384157,39.515159,0 -106.384294,39.515228,0 -106.384391,39.515282,0 -106.384473,39.515340,0 -106.384555,39.515404,0 -106.384612,39.515458,0 -106.384684,39.515523,0 -106.384746,39.515589,0 -106.384795,39.515654,0 -106.384839,39.515730,0 -106.384886,39.515819,0 -106.384963,39.515977,0 -106.385022,39.516113,0 -106.385069,39.516212,0 -106.385117,39.516304,0 -106.385187,39.516421,0 -106.385266,39.516547,0 -106.385352,39.516691,0 -106.385413,39.516786,0 -106.385454,39.516852,0 -106.385496,39.516937,0 -106.385530,39.517018,0 -106.385558,39.517101,0 -106.385580,39.517182,0 -106.385602,39.517305,0 -106.385629,39.517527,0 -106.385685,39.518141,0 -106.385715,39.518332,0 -106.385732,39.518435,0 -106.385748,39.518512,0 -106.385763,39.518584,0 -106.385789,39.518666,0 -106.385821,39.518749,0 -106.385856,39.518815,0 -106.385893,39.518874,0 -106.385940,39.518932,0 -106.385987,39.518983,0 -106.386054,39.519031,0 -106.386135,39.519077,0 -106.386226,39.519117,0 -106.386343,39.519157,0 -106.386458,39.519184,0 -106.386650,39.519218,0 -106.386962,39.519262,0 -106.387686,39.519359,0 -106.387912,39.519388,0 -106.388063,39.519412,0 -106.388176,39.519437,0 -106.388259,39.519460,0 -106.388350,39.519491,0 -106.388445,39.519529,0 -106.388529,39.519571,0 -106.388614,39.519618,0 -106.388694,39.519669,0 -106.388764,39.519720,0 -106.388822,39.519771,0 -106.388884,39.519829,0 -106.388940,39.519888,0 -106.388998,39.519954,0 -106.389044,39.520019,0 -106.389091,39.520097,0 -106.389124,39.520174,0 -106.389146,39.520248,0 -106.389164,39.520323,0 -106.389176,39.520395,0 -106.389185,39.520474,0 -106.389183,39.520570,0 -106.389171,39.520679,0 -106.389148,39.520816,0 -106.389126,39.520929,0 -106.389086,39.521105,0 -106.388966,39.521591,0 -106.388929,39.521752,0 -106.388910,39.521862,0 -106.388900,39.521941,0 -106.388896,39.522021,0 -106.388895,39.522084,0 -106.388899,39.522148,0 -106.388911,39.522212,0 -106.388929,39.522267,0 -106.388956,39.522331,0 -106.388986,39.522383,0 -106.389018,39.522435,0 -106.389061,39.522486,0 -106.389116,39.522535,0 -106.389194,39.522587,0 -106.389280,39.522642,0 -106.389379,39.522695,0 -106.389520,39.522759,0 -106.389624,39.522808,0 -106.389725,39.522853,0 -106.389821,39.522898,0 -106.389911,39.522941,0 -106.390004,39.522992,0 -106.390082,39.523045,0 -106.390141,39.523097,0 -106.390195,39.523151,0 -106.390249,39.523219,0 -106.390288,39.523280,0 -106.390317,39.523342,0 -106.390341,39.523410,0 -106.390353,39.523475,0 -106.390356,39.523546,0 -106.390351,39.523613,0 -106.390331,39.523688,0 -106.390294,39.523776,0 -106.390244,39.523872,0 -106.390151,39.524013,0 -106.390048,39.524161,0 -106.389977,39.524264,0 -106.389927,39.524347,0 -106.389884,39.524426,0 -106.389841,39.524509,0 -106.389807,39.524604,0 -106.389770,39.524717,0 -106.389741,39.524825,0 -106.389712,39.524974,0 -106.389688,39.525129,0 -106.389668,39.525259,0 -106.389651,39.525394,0 -106.389632,39.525550,0 -106.389610,39.525730,0 -106.389564,39.526097,0 -106.389518,39.526405,0 -106.389490,39.526626,0 -106.389440,39.526930,0 -106.389408,39.527108,0 -106.389356,39.527378,0 -106.389293,39.527743,0 -106.389275,39.527863,0 -106.389264,39.527957,0 -106.389258,39.528032,0 -106.389253,39.528132,0 -106.389260,39.528210,0 -106.389276,39.528284,0 -106.389302,39.528364,0 -106.389332,39.528436,0 -106.389379,39.528515,0 -106.389441,39.528581,0 -106.389499,39.528637,0 -106.389571,39.528687,0 -106.389664,39.528733,0 -106.389775,39.528778,0 -106.389908,39.528819,0 -106.390059,39.528857,0 -106.390248,39.528899,0 -106.390578,39.528970,0 -106.390912,39.529045,0 -106.391131,39.529093,0 -106.391289,39.529133,0 -106.391427,39.529167,0 -106.391531,39.529194,0 -106.391629,39.529230,0 -106.391718,39.529269,0 -106.391806,39.529320,0 -106.391907,39.529387,0 -106.392009,39.529470,0 -106.392101,39.529557,0 -106.392304,39.529769,0 -106.392635,39.530128,0 -106.392704,39.530203,0 -106.392765,39.530275,0 -106.392831,39.530353,0 -106.392882,39.530420,0 -106.392926,39.530483,0 -106.392963,39.530549,0 -106.393003,39.530626,0 -106.393028,39.530699,0 -106.393048,39.530778,0 -106.393064,39.530871,0 -106.393070,39.530972,0 -106.393071,39.531060,0 -106.393063,39.531153,0 -106.393048,39.531267,0 -106.393023,39.531386,0 -106.392985,39.531519,0 -106.392937,39.531648,0 -106.392865,39.531798,0 -106.392786,39.531940,0 -106.392677,39.532121,0 -106.392542,39.532340,0 -106.392245,39.532916,0 -106.392038,39.533240,0 -106.391988,39.533329,0 -106.391939,39.533414,0 -106.391891,39.533506,0 -106.391847,39.533599,0 -106.391810,39.533681,0 -106.391772,39.533780,0 -106.391737,39.533882,0 -106.391708,39.533999,0 -106.391685,39.534106,0 -106.391663,39.534222,0 -106.391652,39.534331,0 -106.391640,39.534449,0 -106.391620,39.534731,0 -106.391595,39.535178,0 -106.391569,39.535430,0 -106.391528,39.535690,0 -106.391500,39.535866,0 -106.391397,39.536258,0 -106.391304,39.536606,0 -106.391269,39.536741,0 -106.391246,39.536858,0 -106.391248,39.536970,0 -106.391264,39.537069,0 -106.391294,39.537168,0 -106.391322,39.537222,0 -106.391367,39.537294,0 -106.391428,39.537368,0 -106.391527,39.537475,0 -106.391614,39.537513,0 -106.391706,39.537543,0 -106.391792,39.537558,0 -106.391884,39.537568,0 -106.391978,39.537569,0 -106.392103,39.537563,0 -106.392237,39.537540,0 -106.392373,39.537508,0 -106.392570,39.537444,0 -106.392847,39.537342,0 -106.393023,39.537272,0 -106.393165,39.537212,0 -106.393260,39.537170,0 -106.393368,39.537119,0 -106.393491,39.537056,0 -106.393695,39.536949,0 -106.393897,39.536842,0 -106.393997,39.536790,0 -106.394099,39.536746,0 -106.394208,39.536708,0 -106.394320,39.536674,0 -106.394436,39.536640,0 -106.394563,39.536615,0 -106.394711,39.536596,0 -106.394876,39.536580,0 -106.395012,39.536570,0 -106.395140,39.536557,0 -106.395258,39.536543,0 -106.395359,39.536530,0 -106.395469,39.536507,0 -106.395561,39.536477,0 -106.395654,39.536437,0 -106.395746,39.536383,0 -106.395852,39.536302,0 -106.396069,39.536131,0 -106.396209,39.536022,0 -106.396314,39.535948,0 -106.396406,39.535885,0 -106.396506,39.535825,0 -106.396619,39.535760,0 -106.396729,39.535714,0 -106.396821,39.535685,0 -106.396928,39.535665,0 -106.397037,39.535652,0 -106.397151,39.535651,0 -106.397267,39.535662,0 -106.397372,39.535687,0 -106.397463,39.535723,0 -106.397561,39.535773,0 -106.397645,39.535829,0 -106.397711,39.535885,0 -106.397772,39.535947,0 -106.397817,39.536003,0 -106.397857,39.536065,0 -106.397880,39.536132,0 -106.397895,39.536211,0 -106.397897,39.536295,0 -106.397889,39.536367,0 -106.397866,39.536440,0 -106.397832,39.536518,0 -106.397793,39.536590,0 -106.397731,39.536681,0 -106.397669,39.536766,0 -106.397622,39.536845,0 -106.397586,39.536928,0 -106.397560,39.537013,0 -106.397549,39.537100,0 -106.397552,39.537174,0 -106.397564,39.537247,0 -106.397591,39.537348,0 -106.397664,39.537518,0 -106.397749,39.537690,0 -106.397795,39.537795,0 -106.397829,39.537883,0 -106.397857,39.537972,0 -106.397879,39.538056,0 -106.397894,39.538134,0 -106.397926,39.538283,0 -106.397948,39.538385,0 -106.397969,39.538458,0 -106.398006,39.538558,0 -106.398036,39.538621,0 -106.398078,39.538685,0 -106.398142,39.538772,0 -106.398254,39.538889,0 -106.398423,39.539053,0 -106.398635,39.539252,0 -106.398714,39.539333,0 -106.398778,39.539400,0 -106.398840,39.539471,0 -106.398887,39.539532,0 -106.398926,39.539594,0 -106.398956,39.539665,0 -106.398978,39.539726,0 -106.398999,39.539802,0 -106.399010,39.539905,0 -106.399012,39.540029,0 -106.399000,39.540143,0 -106.398994,39.540273,0 -106.398999,39.540357,0 -106.399012,39.540440,0 -106.399038,39.540509,0 -106.399080,39.540582,0 -106.399139,39.540656,0 -106.399217,39.540731,0 -106.399326,39.540813,0 -106.399453,39.540906,0 -106.399581,39.540990,0 -106.399666,39.541060,0 -106.399739,39.541126,0 -106.399800,39.541193,0 -106.399863,39.541270,0 -106.399914,39.541352,0 -106.399954,39.541432,0 -106.399983,39.541519,0 -106.400006,39.541624,0 -106.400019,39.541721,0 -106.400035,39.541896,0 -106.400043,39.541995,0 -106.400055,39.542097,0 -106.400079,39.542252,0 -106.400106,39.542400,0 -106.400140,39.542568,0 -106.400173,39.542710,0 -106.400209,39.542843,0 -106.400258,39.543017,0 -106.400334,39.543283,0 -106.400384,39.543448,0 -106.400408,39.543542,0 -106.400423,39.543612,0 -106.400433,39.543695,0 -106.400435,39.543767,0 -106.400432,39.543840,0 -106.400420,39.543920,0 -106.400399,39.543999,0 -106.400371,39.544067,0 -106.400334,39.544138,0 -106.400284,39.544215,0 -106.400220,39.544314,0 -106.400159,39.544395,0 -106.400066,39.544499,0 -106.399957,39.544606,0 -106.399811,39.544726,0 -106.399595,39.544902,0 -106.399485,39.544993,0 -106.399393,39.545071,0 -106.399330,39.545130,0 -106.399278,39.545183,0 -106.399221,39.545255,0 -106.399183,39.545322,0 -106.399151,39.545387,0 -106.399135,39.545462,0 -106.399129,39.545533,0 -106.399132,39.545602,0 -106.399145,39.545664,0 -106.399166,39.545738,0 -106.399198,39.545809,0 -106.399247,39.545890,0 -106.399293,39.545941,0 -106.399362,39.546000,0 -106.399437,39.546046,0 -106.399531,39.546104,0 -106.399683,39.546175,0 -106.399803,39.546234,0 -106.399917,39.546289,0 -106.400006,39.546341,0 -106.400088,39.546396,0 -106.400186,39.546471,0 -106.400276,39.546553,0 -106.400338,39.546623,0 -106.400383,39.546689,0 -106.400430,39.546769,0 -106.400466,39.546846,0 -106.400493,39.546934,0 -106.400510,39.547010,0 -106.400522,39.547091,0 -106.400530,39.547210,0 -106.400530,39.547331,0 -106.400527,39.547577,0 -106.400527,39.547703,0 -106.400532,39.547806,0 -106.400544,39.547906,0 -106.400561,39.548002,0 -106.400594,39.548150,0 -106.400641,39.548311,0 -106.400684,39.548460,0 -106.400702,39.548541,0 -106.400719,39.548640,0 -106.400719,39.548714,0 -106.400713,39.548809,0 -106.400693,39.548883,0 -106.400661,39.548960,0 -106.400610,39.549047,0 -106.400553,39.549127,0 -106.400476,39.549217,0 -106.400358,39.549328,0 -106.400185,39.549475,0 -106.400019,39.549606,0 -106.399808,39.549762,0 -106.399615,39.549897,0 -106.399441,39.550020,0 -106.399309,39.550110,0 -106.399206,39.550189,0 -106.399130,39.550249,0 -106.399060,39.550309,0 -106.398998,39.550378,0 -106.398938,39.550454,0 -106.398883,39.550532,0 -106.398839,39.550606,0 -106.398806,39.550690,0 -106.398768,39.550815,0 -106.398731,39.550951,0 -106.398681,39.551125,0 -106.398653,39.551222,0 -106.398619,39.551313,0 -106.398575,39.551417,0 -106.398543,39.551486,0 -106.398496,39.551568,0 -106.398441,39.551653,0 -106.398313,39.551831,0 -106.398127,39.552079,0 -106.398045,39.552187,0 -106.397985,39.552277,0 -106.397930,39.552365,0 -106.397879,39.552456,0 -106.397829,39.552567,0 -106.397782,39.552705,0 -106.397727,39.552876,0 -106.397687,39.552981,0 -106.397644,39.553084,0 -106.397606,39.553165,0 -106.397557,39.553261,0 -106.397484,39.553401,0 -106.397362,39.553618,0 -106.397274,39.553772,0 -106.397205,39.553889,0 -106.397149,39.553996,0 -106.397117,39.554074,0 -106.397085,39.554165,0 -106.397050,39.554264,0 -106.397022,39.554374,0 -106.397002,39.554496,0 -106.396989,39.554673,0 -106.396970,39.554888,0 -106.396936,39.555286,0 -106.396900,39.555757,0 -106.396891,39.555877,0 -106.396883,39.555965,0 -106.396880,39.556034,0 -106.396881,39.556113,0 -106.396889,39.556177,0 -106.396909,39.556235,0 -106.396946,39.556289,0 -106.397006,39.556343,0 -106.397068,39.556382,0 -106.397146,39.556409,0 -106.397221,39.556424,0 -106.397300,39.556429,0 -106.397383,39.556420,0 -106.397462,39.556395,0 -106.397520,39.556362,0 -106.397585,39.556309,0 -106.397630,39.556251,0 -106.397653,39.556195,0 -106.397669,39.556126,0 -106.397674,39.556045,0 -106.397668,39.555941,0 -106.397646,39.555780,0 -106.397636,39.555639,0 -106.397635,39.555544,0 -106.397634,39.555466,0 -106.397645,39.555385,0 -106.397661,39.555299,0 -106.397684,39.555228,0 -106.397716,39.555138,0 -106.397763,39.555044,0 -106.397818,39.554941,0 -106.397883,39.554836,0 -106.397953,39.554751,0 -106.398101,39.554581,0 -106.398425,39.554266,0 -106.398653,39.554035,0 -106.398919,39.553771,0 -106.399058,39.553628,0 -106.399130,39.553555,0 -106.399184,39.553494,0 -106.399237,39.553426,0 -106.399284,39.553358,0 -106.399339,39.553274,0 -106.399405,39.553166,0 -106.399476,39.553028,0 -106.399541,39.552910,0 -106.399581,39.552852,0 -106.399626,39.552792,0 -106.399679,39.552727,0 -106.399742,39.552665,0 -106.399808,39.552613,0 -106.399883,39.552565,0 -106.399961,39.552525,0 -106.400052,39.552485,0 -106.400157,39.552452,0 -106.400266,39.552432,0 -106.400376,39.552420,0 -106.400502,39.552418,0 -106.400523,39.552419,0 -106.400621,39.552424,0 -106.400703,39.552437,0 -106.400803,39.552459,0 -106.400867,39.552480,0 -106.400948,39.552513,0 -106.401016,39.552547,0 -106.401082,39.552583,0 -106.401144,39.552625,0 -106.401202,39.552670,0 -106.401251,39.552718,0 -106.401306,39.552776,0 -106.401348,39.552838,0 -106.401379,39.552900,0 -106.401418,39.552977,0 -106.401441,39.553063,0 -106.401457,39.553171,0 -106.401462,39.553343,0 -106.401482,39.553850,0 -106.401510,39.554548,0 -106.401533,39.555183,0 -106.401543,39.555398,0 -106.401563,39.556037,0 -106.401569,39.556338,0 -106.401568,39.556496,0 -106.401563,39.556612,0 -106.401553,39.556724,0 -106.401534,39.556839,0 -106.401510,39.556953,0 -106.401486,39.557062,0 -106.401454,39.557166,0 -106.401418,39.557275,0 -106.401373,39.557389,0 -106.401321,39.557505,0 -106.401249,39.557650,0 -106.401130,39.557863,0 -106.400977,39.558123,0 -106.400891,39.558267,0 -106.400796,39.558420,0 -106.400714,39.558549,0 -106.400652,39.558648,0 -106.400597,39.558743,0 -106.400538,39.558844,0 -106.400490,39.558941,0 -106.400442,39.559044,0 -106.400397,39.559148,0 -106.400356,39.559262,0 -106.400317,39.559381,0 -106.400289,39.559497,0 -106.400265,39.559630,0 -106.400254,39.559765,0 -106.400253,39.559890,0 -106.400255,39.559998,0 -106.400268,39.560092,0 -106.400283,39.560206,0 -106.400306,39.560316,0 -106.400348,39.560462,0 -106.400384,39.560591,0 -106.400423,39.560688,0 -106.400477,39.560818,0 -106.400545,39.560961,0 -106.400803,39.561412,0 -106.401182,39.562017,0 -106.401423,39.562433,0 -106.401598,39.562733,0 -106.401747,39.562973,0 -106.401945,39.563263,0 -106.402193,39.563635,0 -106.402505,39.564070,0 -106.402831,39.564523,0 -106.403263,39.565149,0 -106.404288,39.566675,0 -106.404541,39.567044,0 -106.404735,39.567306,0 -106.404931,39.567593,0 -106.405159,39.567926,0 -106.405305,39.568141,0 -106.405344,39.568199,0 -106.405645,39.568630,0 -106.405908,39.568999,0 -106.406064,39.569218,0 -106.406227,39.569439,0 -106.406477,39.569785,0 -106.406725,39.570112,0 -106.406856,39.570298,0 -106.406979,39.570475,0 -106.407052,39.570588,0 -106.407097,39.570660,0 -106.407145,39.570749,0 -106.407195,39.570858,0 -106.407240,39.570971,0 -106.407274,39.571076,0 -106.407303,39.571194,0 -106.407325,39.571306,0 -106.407338,39.571365,0 -106.407347,39.571434,0 -106.407370,39.571602,0 -106.407403,39.572016,0 -106.407425,39.572278,0 -106.407441,39.572587,0 -106.407461,39.572895,0 -106.407470,39.573125,0 -106.407481,39.573241,0 -106.407496,39.573340,0 -106.407520,39.573446,0 -106.407548,39.573556,0 -106.407591,39.573671,0 -106.407644,39.573802,0 -106.407715,39.573938,0 -106.407812,39.574096,0 -106.407906,39.574220,0 -106.407998,39.574329,0 -106.408076,39.574408,0 -106.408146,39.574482,0 -106.408203,39.574541,0 -106.408285,39.574614,0 -106.408382,39.574690,0 -106.408489,39.574766,0 -106.408598,39.574837,0 -106.408762,39.574943,0 -106.409302,39.575255,0 -106.409496,39.575360,0 -106.409666,39.575454,0 -106.409783,39.575518,0 -106.409890,39.575572,0 -106.409996,39.575619,0 -106.410096,39.575663,0 -106.410210,39.575709,0 -106.410377,39.575769,0 -106.410570,39.575837,0 -106.410848,39.575926,0 -106.412308,39.576361,0 -106.412761,39.576499,0 -106.413157,39.576620,0 -106.413621,39.576761,0 -106.413988,39.576867,0 -106.414370,39.576982,0 -106.414674,39.577065,0 -106.415041,39.577174,0 -106.415380,39.577278,0 -106.415702,39.577377,0 -106.415935,39.577449,0 -106.416620,39.577660,0 -106.417117,39.577816,0 -106.417163,39.577830,0 -106.417276,39.577871,0 -106.417719,39.578010,0 -106.418108,39.578153,0 -106.418365,39.578255,0 -106.418547,39.578333,0 -106.418860,39.578501,0 -106.419099,39.578632,0 -106.419385,39.578802,0 -106.419852,39.579099,0 -106.420042,39.579226,0 -106.420282,39.579385,0 -106.422055,39.580578,0 -106.423077,39.581276,0 -106.423466,39.581536,0 -106.423729,39.581716,0 -106.423867,39.581813,0 -106.423977,39.581889,0 -106.424140,39.582001,0 -106.424690,39.582360,0 -106.424981,39.582560,0 -106.425249,39.582747,0 -106.425745,39.583102,0 -106.426061,39.583323,0 -106.426328,39.583508,0 -106.426575,39.583678,0 -106.426950,39.583937,0 -106.427168,39.584090,0 -106.427665,39.584459,0 -106.427844,39.584589,0 -106.428450,39.585053,0 -106.429118,39.585567,0 -106.429140,39.585585,0 -106.429260,39.585686,0 -106.429345,39.585771,0 -106.429378,39.585812,0 -106.429445,39.585894,0 -106.429901,39.586569,0 -106.430633,39.587689,0 -106.430677,39.587762,0 -106.430720,39.587850,0 -106.430766,39.587922,0 -106.430810,39.588018,0 -106.430855,39.588122,0 -106.430987,39.588420,0 -106.431114,39.588719,0 -106.431173,39.588847,0 -106.431205,39.588910,0 -106.431240,39.588977,0 -106.431294,39.589035,0 -106.431341,39.589070,0 -106.431399,39.589100,0 -106.431431,39.589113,0 -106.431522,39.589147,0 -106.431684,39.589208,0 -106.431796,39.589253,0 -106.431896,39.589298,0 -106.431960,39.589330,0 -106.432024,39.589371,0 -106.432083,39.589418,0 -106.432129,39.589457,0 -106.432172,39.589502,0 -106.432219,39.589557,0 -106.432290,39.589648,0 -106.432390,39.589776,0 -106.432501,39.589928,0 -106.432680,39.590205,0 -106.432740,39.590306,0 -106.432775,39.590378,0 -106.432810,39.590456,0 -106.432830,39.590516,0 -106.432850,39.590589,0 -106.432865,39.590666,0 -106.432879,39.590738,0 -106.432885,39.590801,0 -106.432884,39.590865,0 -106.432877,39.590948,0 -106.432844,39.591146,0 -106.432813,39.591342,0 -106.432802,39.591428,0 -106.432797,39.591515,0 -106.432790,39.591594,0 -106.432788,39.591680,0 -106.432788,39.591759,0 -106.432794,39.591833,0 -106.432804,39.591900,0 -106.432818,39.591979,0 -106.432836,39.592048,0 -106.432859,39.592114,0 -106.432890,39.592195,0 -106.432924,39.592274,0 -106.432973,39.592366,0 -106.433055,39.592504,0 -106.433269,39.592835,0 -106.433621,39.593379,0 -106.433682,39.593481,0 -106.433729,39.593566,0 -106.433773,39.593645,0 -106.433815,39.593722,0 -106.433865,39.593815,0 -106.433913,39.593912,0 -106.433938,39.593967,0 -106.433965,39.594030,0 -106.433990,39.594103,0 -106.434008,39.594166,0 -106.434023,39.594229,0 -106.434040,39.594303,0 -106.434054,39.594382,0 -106.434067,39.594459,0 -106.434082,39.594605,0 -106.434098,39.594818,0 -106.434105,39.594960,0 -106.434114,39.595132,0 -106.434132,39.595437,0 -106.434155,39.596044,0 -106.434176,39.596571,0 -106.434187,39.596864,0 -106.434198,39.597069,0 -106.434206,39.597180,0 -106.434217,39.597256,0 -106.434231,39.597331,0 -106.434250,39.597400,0 -106.434275,39.597475,0 -106.434304,39.597544,0 -106.434338,39.597617,0 -106.434378,39.597688,0 -106.434424,39.597761,0 -106.434489,39.597839,0 -106.434580,39.597934,0 -106.434707,39.598047,0 -106.434915,39.598217,0 -106.435142,39.598402,0 -106.435268,39.598507,0 -106.435316,39.598554,0 -106.435386,39.598616,0 -106.435449,39.598679,0 -106.435512,39.598744,0 -106.435562,39.598808,0 -106.435610,39.598875,0 -106.435646,39.598928,0 -106.435682,39.598989,0 -106.435714,39.599049,0 -106.435742,39.599110,0 -106.435773,39.599190,0 -106.435793,39.599269,0 -106.435810,39.599340,0 -106.435824,39.599438,0 -106.435851,39.599702,0 -106.435868,39.599841,0 -106.435885,39.599934,0 -106.435906,39.600009,0 -106.435924,39.600071,0 -106.435951,39.600134,0 -106.435986,39.600209,0 -106.436022,39.600272,0 -106.436066,39.600341,0 -106.436107,39.600403,0 -106.436169,39.600478,0 -106.436245,39.600552,0 -106.436330,39.600620,0 -106.436419,39.600684,0 -106.436510,39.600738,0 -106.436616,39.600787,0 -106.436765,39.600852,0 -106.436976,39.600930,0 -106.437324,39.601051,0 -106.437484,39.601112,0 -106.437589,39.601156,0 -106.437676,39.601200,0 -106.437773,39.601250,0 -106.437865,39.601311,0 -106.437938,39.601361,0 -106.438017,39.601419,0 -106.438095,39.601484,0 -106.438182,39.601576,0 -106.438266,39.601677,0 -106.438347,39.601780,0 -106.438540,39.602040,0 -106.438656,39.602196,0 -106.438703,39.602256,0 -106.438747,39.602305,0 -106.438799,39.602359,0 -106.438870,39.602422,0 -106.438959,39.602494,0 -106.439064,39.602565,0 -106.439241,39.602672,0 -106.439453,39.602793,0 -106.439596,39.602874,0 -106.439689,39.602924,0 -106.439786,39.602980,0 -106.439869,39.603035,0 -106.439958,39.603094,0 -106.440065,39.603170,0 -106.440155,39.603241,0 -106.440246,39.603316,0 -106.440700,39.603827,0 -106.440957,39.604063,0 -106.441233,39.604355,0 -106.441689,39.604781,0 -106.441905,39.604963,0 -106.442140,39.605164,0 -106.442458,39.605397,0 -106.443029,39.605776,0 -106.443770,39.606337,0 -106.443944,39.606461,0 -106.444030,39.606517,0 -106.444123,39.606573,0 -106.444255,39.606647,0 -106.444363,39.606700,0 -106.444505,39.606760,0 -106.444796,39.606873,0 -106.445394,39.607135,0 -106.446760,39.607633,0 -106.447419,39.607878,0 -106.447474,39.607899,0 -106.447925,39.608069,0 -106.450228,39.608907,0 -106.450459,39.608991,0 -106.451042,39.609216,0 -106.451208,39.609288,0 -106.451420,39.609360,0 -106.451739,39.609482,0 -106.451960,39.609574,0 -106.452147,39.609635,0 -106.452651,39.609753,0 -106.452811,39.609733,0 -106.452869,39.609714,0 -106.452957,39.609676,0 -106.453080,39.609629,0 -106.453194,39.609546,0 -106.453299,39.609514,0 -106.453404,39.609502,0 -106.453527,39.609512,0 -106.453655,39.609531,0 -106.453888,39.609576,0 -106.454389,39.609670,0 -106.454892,39.609750,0 -106.455631,39.609862,0 -106.455978,39.609929,0 -106.456305,39.609994,0 -106.456547,39.610054,0 -106.456794,39.610139,0 -106.457082,39.610253,0 -106.457369,39.610401,0 -106.457635,39.610555,0 -106.457942,39.610762,0 -106.458120,39.610840,0 -106.458496,39.611247,0 -106.458603,39.611409,0 -106.458714,39.611587,0 -106.458830,39.611812,0 -106.458926,39.612048,0 -106.459003,39.612301,0 -106.459029,39.612444,0 -106.459057,39.612619,0 -106.459069,39.612789,0 -106.459074,39.612968,0 -106.459065,39.613218,0 -106.459035,39.613620,0 -106.459021,39.613929,0 -106.459013,39.614267,0 -106.459034,39.614492,0 -106.459065,39.614684,0 -106.459088,39.614850,0 -106.459145,39.615058,0 -106.459225,39.615255,0 -106.459273,39.615379,0 -106.459348,39.615551,0 -106.459462,39.615741,0 -106.459603,39.615927,0 -106.459775,39.616115,0 -106.459962,39.616286,0 -106.460099,39.616413,0 -106.460268,39.616535,0 -106.460489,39.616671,0 -106.460607,39.616747,0 -106.460748,39.616828,0 -106.460881,39.616897,0 -106.461020,39.616972,0 -106.461173,39.617046,0 -106.461507,39.617187,0 -106.461995,39.617367,0 -106.463013,39.617754,0 -106.464314,39.618197,0 -106.465594,39.618625,0 -106.466348,39.618882,0 -106.467074,39.619123,0 -106.467571,39.619296,0 -106.468126,39.619477,0 -106.468712,39.619672,0 -106.469228,39.619834,0 -106.469745,39.619990,0 -106.470266,39.620144,0 -106.470777,39.620264,0 -106.471230,39.620372,0 -106.471707,39.620484,0 -106.472196,39.620587,0 -106.472771,39.620701,0 -106.473297,39.620796,0 -106.473875,39.620891,0 -106.474405,39.620974,0 -106.475038,39.621074,0 -106.475742,39.621152,0 -106.476444,39.621222,0 -106.477450,39.621280,0 -106.479036,39.621384,0 -106.480276,39.621500,0 -106.480899,39.621569,0 -106.481400,39.621643,0 -106.481734,39.621712,0 -106.482051,39.621799,0 -106.482307,39.621876,0 -106.482575,39.621975,0 -106.482842,39.622084,0 -106.483151,39.622217,0 -106.483841,39.622577,0 -106.484434,39.622881,0 -106.485000,39.623177,0 -106.485797,39.623601,0 -106.486181,39.623788,0 -106.486468,39.623931,0 -106.486650,39.624022,0 -106.487179,39.624277,0 -106.487297,39.624329,0 -106.487445,39.624398,0 -106.487563,39.624443,0 -106.487764,39.624541,0 -106.488135,39.624672,0 -106.488565,39.624800,0 -106.489013,39.624907,0 -106.489458,39.624974,0 -106.489878,39.625034,0 -106.490826,39.625149,0 -106.491167,39.625193,0 -106.491496,39.625252,0 -106.491849,39.625321,0 -106.492218,39.625404,0 -106.492585,39.625522,0 -106.492881,39.625642,0 -106.493193,39.625771,0 -106.493466,39.625927,0 -106.493765,39.626113,0 -106.494071,39.626337,0 -106.494320,39.626512,0 -106.494546,39.626723,0 -106.494821,39.626991,0 -106.494993,39.627183,0 -106.495328,39.627597,0 -106.495987,39.628337,0 -106.496661,39.628896,0 -106.497399,39.629319,0 -106.498143,39.629634,0 -106.499528,39.630017,0 -106.500795,39.630395,0 -106.509105,39.632669,0 -106.513362,39.633855,0 -106.513845,39.633980,0 -106.514396,39.634148,0 -106.516058,39.634777,0 -106.517775,39.635539,0 -106.518815,39.636125,0 -106.520663,39.637151,0 -106.521413,39.637580,0 -106.523799,39.638868,0 -106.524629,39.639243,0 -106.525353,39.639509,0 -106.526172,39.639794,0 -106.527013,39.640018,0 -106.527728,39.640195,0 -106.528785,39.640399,0 -106.529910,39.640521,0 -106.530353,39.640571,0 -106.531106,39.640620,0 -106.531892,39.640678,0 -106.532674,39.640695,0 -106.534171,39.640602,0 -106.535343,39.640451,0 -106.536538,39.640238,0 -106.537743,39.639954,0 -106.539327,39.639456,0 -106.540165,39.639184,0 -106.541837,39.638642,0 -106.543161,39.638254,0 -106.543789,39.638143,0 -106.544529,39.638072,0 -106.545316,39.638082,0 -106.545970,39.638162,0 -106.546603,39.638291,0 -106.547115,39.638448,0 -106.547689,39.638680,0 -106.548443,39.639070,0 -106.549082,39.639393,0 -106.549918,39.639843,0 -106.550934,39.640398,0 -106.552534,39.641248,0 -106.552993,39.641485,0 -106.553394,39.641689,0 -106.553766,39.641865,0 -106.554183,39.642059,0 -106.554503,39.642181,0 -106.554794,39.642290,0 -106.555127,39.642400,0 -106.555434,39.642500,0 -106.555782,39.642597,0 -106.556109,39.642684,0 -106.556421,39.642759,0 -106.556767,39.642833,0 -106.557085,39.642888,0 -106.557389,39.642936,0 -106.557746,39.642986,0 -106.558111,39.643034,0 -106.558542,39.643071,0 -106.558922,39.643094,0 -106.559242,39.643108,0 -106.559736,39.643124,0 -106.560591,39.643111,0 -106.561921,39.643084,0 -106.563797,39.643022,0 -106.566079,39.642966,0 -106.567211,39.642946,0 -106.569605,39.642885,0 -106.571012,39.642895,0 -106.571774,39.642961,0 -106.572353,39.643050,0 -106.573960,39.643455,0 -106.574179,39.643515,0 -106.577893,39.644412,0 -106.579136,39.644765,0 -106.579935,39.645099,0 -106.580849,39.645697,0 -106.581289,39.646076,0 -106.582255,39.647005,0 -106.583031,39.647703,0 -106.583958,39.648324,0 -106.584717,39.648658,0 -106.585335,39.648909,0 -106.585588,39.648991,0 -106.586309,39.649209,0 -106.586729,39.649320,0 -106.587165,39.649430,0 -106.587689,39.649576,0 -106.589500,39.650080,0 -106.590520,39.650394,0 -106.592025,39.650793,0 -106.592292,39.650869,0 -106.592792,39.651011,0 -106.593353,39.651187,0 -106.594045,39.651438,0 -106.594110,39.651463,0 -106.594439,39.651591,0 -106.594660,39.651677,0 -106.597625,39.652872,0 -106.600593,39.654068,0 -106.601956,39.654606,0 -106.602209,39.654696,0 -106.602482,39.654778,0 -106.602536,39.654792,0 -106.602931,39.654892,0 -106.603347,39.654977,0 -106.603788,39.655044,0 -106.604235,39.655088,0 -106.604684,39.655110,0 -106.605148,39.655109,0 -106.605552,39.655091,0 -106.605667,39.655080,0 -106.605953,39.655054,0 -106.606337,39.655000,0 -106.606895,39.654897,0 -106.607251,39.654827,0 -106.608122,39.654637,0 -106.608569,39.654548,0 -106.608976,39.654488,0 -106.609406,39.654445,0 -106.609845,39.654421,0 -106.610309,39.654417,0 -106.610782,39.654433,0 -106.611249,39.654472,0 -106.611649,39.654521,0 -106.611711,39.654532,0 -106.612168,39.654610,0 -106.612745,39.654736,0 -106.614142,39.655065,0 -106.618802,39.656163,0 -106.619947,39.656424,0 -106.620506,39.656532,0 -106.620997,39.656610,0 -106.621421,39.656661,0 -106.621834,39.656694,0 -106.622253,39.656712,0 -106.622673,39.656713,0 -106.622980,39.656704,0 -106.623300,39.656685,0 -106.623591,39.656659,0 -106.623863,39.656626,0 -106.625188,39.656409,0 -106.625592,39.656339,0 -106.626423,39.656196,0 -106.626753,39.656146,0 -106.627014,39.656112,0 -106.627112,39.656099,0 -106.627458,39.656065,0 -106.627792,39.656044,0 -106.628111,39.656041,0 -106.628395,39.656042,0 -106.628754,39.656074,0 -106.628829,39.656082,0 -106.628990,39.656097,0 -106.629307,39.656146,0 -106.629745,39.656253,0 -106.629998,39.656315,0 -106.630267,39.656399,0 -106.630674,39.656558,0 -106.631119,39.656753,0 -106.632628,39.657483,0 -106.634365,39.658329,0 -106.634574,39.658431,0 -106.635878,39.659108,0 -106.636203,39.659244,0 -106.636643,39.659454,0 -106.637247,39.659750,0 -106.637637,39.659956,0 -106.637995,39.660158,0 -106.638379,39.660391,0 -106.638709,39.660605,0 -106.639027,39.660823,0 -106.639494,39.661162,0 -106.639786,39.661390,0 -106.640204,39.661734,0 -106.640423,39.661925,0 -106.640820,39.662294,0 -106.641247,39.662725,0 -106.641583,39.663097,0 -106.641916,39.663497,0 -106.642163,39.663819,0 -106.642258,39.663943,0 -106.642567,39.664379,0 -106.642848,39.664826,0 -106.643110,39.665286,0 -106.643294,39.665640,0 -106.643455,39.665977,0 -106.643563,39.666221,0 -106.643620,39.666357,0 -106.643768,39.666750,0 -106.643849,39.666993,0 -106.643963,39.667332,0 -106.644447,39.668875,0 -106.644530,39.669134,0 -106.644841,39.670102,0 -106.644846,39.670118,0 -106.644994,39.670543,0 -106.645148,39.670940,0 -106.645309,39.671313,0 -106.645600,39.671936,0 -106.645718,39.672159,0 -106.646178,39.672986,0 -106.646642,39.673793,0 -106.647201,39.674787,0 -106.647434,39.675237,0 -106.647523,39.675439,0 -106.647560,39.675576,0 -106.647618,39.675754,0 -106.647676,39.675966,0 -106.647746,39.676315,0 -106.647778,39.676661,0 -106.647820,39.677589,0 -106.647830,39.678047,0 -106.647851,39.678326,0 -106.647897,39.678639,0 -106.647965,39.678939,0 -106.648058,39.679235,0 -106.648176,39.679525,0 -106.648322,39.679819,0 -106.648487,39.680096,0 -106.648676,39.680365,0 -106.648872,39.680606,0 -106.649086,39.680838,0 -106.649330,39.681066,0 -106.649593,39.681280,0 -106.649862,39.681472,0 -106.650169,39.681665,0 -106.650478,39.681837,0 -106.650813,39.681999,0 -106.651196,39.682160,0 -106.651475,39.682260,0 -106.651775,39.682351,0 -106.652082,39.682428,0 -106.652380,39.682488,0 -106.653679,39.682685,0 -106.656400,39.683059,0 -106.656999,39.683163,0 -106.657354,39.683246,0 -106.657854,39.683385,0 -106.658176,39.683489,0 -106.658500,39.683616,0 -106.658729,39.683719,0 -106.658964,39.683838,0 -106.659200,39.683973,0 -106.659416,39.684111,0 -106.659624,39.684257,0 -106.659821,39.684412,0 -106.660018,39.684582,0 -106.660197,39.684751,0 -106.660349,39.684910,0 -106.660615,39.685228,0 -106.660736,39.685406,0 -106.660937,39.685729,0 -106.661313,39.686430,0 -106.664202,39.692078,0 -106.664403,39.692448,0 -106.664608,39.692792,0 -106.664782,39.693052,0 -106.664949,39.693278,0 -106.665138,39.693507,0 -106.665347,39.693739,0 -106.665579,39.693972,0 -106.665806,39.694181,0 -106.666043,39.694382,0 -106.666350,39.694616,0 -106.666813,39.694928,0 -106.667108,39.695106,0 -106.668618,39.695888,0 -106.670119,39.696611,0 -106.671236,39.697150,0 -106.671724,39.697402,0 -106.673898,39.698495,0 -106.674475,39.698791,0 -106.674526,39.698817,0 -106.677173,39.700066,0 -106.678012,39.700334,0 -106.678478,39.700451,0 -106.678910,39.700540,0 -106.679323,39.700607,0 -106.679739,39.700658,0 -106.680157,39.700691,0 -106.680859,39.700721,0 -106.684084,39.700787,0 -106.684665,39.700807,0 -106.685299,39.700860,0 -106.685888,39.700968,0 -106.686166,39.701047,0 -106.686691,39.701247,0 -106.686992,39.701403,0 -106.687263,39.701573,0 -106.687503,39.701751,0 -106.687722,39.701944,0 -106.687919,39.702152,0 -106.688106,39.702388,0 -106.688271,39.702634,0 -106.691052,39.707400,0 -106.691293,39.707782,0 -106.691552,39.708142,0 -106.691837,39.708492,0 -106.692128,39.708814,0 -106.692440,39.709125,0 -106.692769,39.709421,0 -106.693131,39.709715,0 -106.693504,39.709991,0 -106.693919,39.710269,0 -106.694317,39.710508,0 -106.694871,39.710803,0 -106.695520,39.711094,0 -106.696034,39.711297,0 -106.696510,39.711459,0 -106.697101,39.711627,0 -106.697690,39.711769,0 -106.698257,39.711877,0 -106.698903,39.711969,0 -106.699528,39.712028,0 -106.700014,39.712051,0 -106.700500,39.712056,0 -106.701430,39.712004,0 -106.701869,39.711954,0 -106.704582,39.711551,0 -106.706461,39.711306,0 -106.706999,39.711249,0 -106.708143,39.711156,0 -106.708938,39.711098,0 -106.712148,39.710870,0 -106.712515,39.710853,0 -106.712903,39.710809,0 -106.713391,39.710739,0 -106.713739,39.710667,0 -106.714064,39.710583,0 -106.714641,39.710408,0 -106.715091,39.710228,0 -106.715521,39.710023,0 -106.716419,39.709525,0 -106.719456,39.707786,0 -106.720084,39.707465,0 -106.720694,39.707202,0 -106.721352,39.706963,0 -106.722122,39.706738,0 -106.725155,39.706030,0 -106.725868,39.705854,0 -106.726562,39.705650,0 -106.726925,39.705517,0 -106.727642,39.705203,0 -106.727959,39.705043,0 -106.728638,39.704650,0 -106.728955,39.704434,0 -106.730150,39.703582,0 -106.732969,39.701599,0 -106.734117,39.700791,0 -106.734419,39.700538,0 -106.735079,39.700088,0 -106.736121,39.699472,0 -106.737004,39.699002,0 -106.742872,39.696162,0 -106.743836,39.695625,0 -106.744547,39.695169,0 -106.744908,39.694915,0 -106.745836,39.694156,0 -106.746215,39.693796,0 -106.747318,39.692690,0 -106.753489,39.686398,0 -106.754366,39.685533,0 -106.754606,39.685322,0 -106.755223,39.684858,0 -106.755541,39.684652,0 -106.756292,39.684243,0 -106.756709,39.684059,0 -106.757158,39.683883,0 -106.760090,39.682820,0 -106.765185,39.680942,0 -106.765874,39.680700,0 -106.766458,39.680531,0 -106.766773,39.680455,0 -106.767401,39.680336,0 -106.767775,39.680285,0 -106.768431,39.680227,0 -106.769005,39.680211,0 -106.769804,39.680245,0 -106.770419,39.680307,0 -106.771970,39.680525,0 -106.772509,39.680582,0 -106.772872,39.680601,0 -106.773350,39.680603,0 -106.774141,39.680542,0 -106.774632,39.680460,0 -106.774960,39.680384,0 -106.775390,39.680261,0 -106.775978,39.680046,0 -106.776259,39.679921,0 -106.776799,39.679628,0 -106.777219,39.679347,0 -106.777562,39.679070,0 -106.778041,39.678609,0 -106.778847,39.677772,0 -106.779252,39.677413,0 -106.779649,39.677112,0 -106.779877,39.676962,0 -106.780393,39.676660,0 -106.780915,39.676423,0 -106.781606,39.676172,0 -106.781883,39.676092,0 -106.782601,39.675929,0 -106.788029,39.674979,0 -106.794239,39.673942,0 -106.797005,39.673476,0 -106.798347,39.673221,0 -106.799626,39.672907,0 -106.800259,39.672725,0 -106.800886,39.672525,0 -106.801622,39.672267,0 -106.802521,39.671914,0 -106.803451,39.671514,0 -106.816394,39.665851,0 -106.817391,39.665446,0 -106.817818,39.665295,0 -106.820148,39.664552,0 -106.820911,39.664285,0 -106.821414,39.664083,0 -106.822189,39.663728,0 -106.822500,39.663572,0 -106.823243,39.663154,0 -106.824318,39.662463,0 -106.825713,39.661534,0 -106.831577,39.657616,0 -106.832700,39.656866,0 -106.833109,39.656594,0 -106.834811,39.655462,0 -106.835274,39.655175,0 -106.835656,39.654970,0 -106.835961,39.654827,0 -106.836397,39.654649,0 -106.836936,39.654472,0 -106.837484,39.654334,0 -106.837997,39.654241,0 -106.838714,39.654164,0 -106.839275,39.654146,0 -106.840045,39.654181,0 -106.840653,39.654257,0 -106.841031,39.654322,0 -106.843566,39.654815,0 -106.844411,39.654940,0 -106.844797,39.654971,0 -106.845438,39.654981,0 -106.845804,39.654958,0 -106.846262,39.654908,0 -106.846687,39.654836,0 -106.847008,39.654765,0 -106.847672,39.654568,0 -106.848354,39.654302,0 -106.851278,39.653049,0 -106.852003,39.652793,0 -106.852794,39.652600,0 -106.853163,39.652535,0 -106.853846,39.652461,0 -106.854100,39.652447,0 -106.854664,39.652445,0 -106.854978,39.652461,0 -106.855608,39.652523,0 -106.863846,39.653906,0 -106.864813,39.654035,0 -106.865849,39.654109,0 -106.866903,39.654127,0 -106.867408,39.654112,0 -106.867911,39.654082,0 -106.868623,39.654016,0 -106.869303,39.653928,0 -106.873214,39.653316,0 -106.873973,39.653192,0 -106.874448,39.653097,0 -106.875562,39.652883,0 -106.875965,39.652799,0 -106.876462,39.652696,0 -106.878904,39.652188,0 -106.879358,39.652106,0 -106.879759,39.652043,0 -106.880206,39.651988,0 -106.880611,39.651952,0 -106.881139,39.651926,0 -106.881650,39.651922,0 -106.882148,39.651938,0 -106.882662,39.651977,0 -106.883064,39.652021,0 -106.883561,39.652092,0 -106.885552,39.652445,0 -106.887158,39.652729,0 -106.887626,39.652806,0 -106.888096,39.652874,0 -106.888470,39.652914,0 -106.888788,39.652934,0 -106.889204,39.652940,0 -106.889595,39.652934,0 -106.890014,39.652915,0 -106.890432,39.652881,0 -106.890848,39.652834,0 -106.891260,39.652774,0 -106.891566,39.652717,0 -106.893822,39.652247,0 -106.894213,39.652174,0 -106.894537,39.652122,0 -106.894838,39.652085,0 -106.895142,39.652060,0 -106.895462,39.652048,0 -106.895776,39.652049,0 -106.896038,39.652060,0 -106.896299,39.652081,0 -106.896915,39.652164,0 -106.897273,39.652228,0 -106.899200,39.652608,0 -106.900022,39.652749,0 -106.900753,39.652848,0 -106.902533,39.653060,0 -106.903319,39.653178,0 -106.903932,39.653288,0 -106.904610,39.653427,0 -106.908866,39.654387,0 -106.909486,39.654513,0 -106.909830,39.654570,0 -106.910177,39.654613,0 -106.910510,39.654640,0 -106.910843,39.654652,0 -106.911175,39.654650,0 -106.911496,39.654633,0 -106.911802,39.654605,0 -106.912132,39.654561,0 -106.912688,39.654459,0 -106.914288,39.654110,0 -106.914611,39.654055,0 -106.914969,39.654009,0 -106.915516,39.653964,0 -106.915797,39.653951,0 -106.916338,39.653947,0 -106.916614,39.653956,0 -106.917127,39.653994,0 -106.918592,39.654146,0 -106.920073,39.654310,0 -106.920988,39.654389,0 -106.921894,39.654433,0 -106.922358,39.654446,0 -106.923045,39.654448,0 -106.923975,39.654425,0 -106.932906,39.653955,0 -106.934426,39.653898,0 -106.935229,39.653887,0 -106.936194,39.653890,0 -106.939327,39.653977,0 -106.939849,39.653980,0 -106.940480,39.653961,0 -106.941111,39.653920,0 -106.941882,39.653846,0 -106.947067,39.653283,0 -106.949075,39.653064,0 -106.949559,39.653021,0 -106.949984,39.652943,0 -106.953459,39.652534,0 -106.954063,39.652475,0 -106.956139,39.652238,0 -106.956935,39.652189,0 -106.957490,39.652180,0 -106.958143,39.652204,0 -106.958852,39.652264,0 -106.959298,39.652318,0 -106.959821,39.652406,0 -106.960137,39.652475,0 -106.960511,39.652568,0 -106.960897,39.652680,0 -106.961129,39.652747,0 -106.962493,39.653206,0 -106.964196,39.653826,0 -106.968550,39.655408,0 -106.969069,39.655585,0 -106.969979,39.655850,0 -106.970448,39.655963,0 -106.971121,39.656101,0 -106.971818,39.656218,0 -106.972492,39.656301,0 -106.973151,39.656358,0 -106.973833,39.656391,0 -106.974508,39.656397,0 -106.975156,39.656378,0 -106.975848,39.656332,0 -106.976482,39.656266,0 -106.977090,39.656181,0 -106.978110,39.655987,0 -106.979155,39.655722,0 -106.980026,39.655447,0 -106.981085,39.655046,0 -106.993896,39.649947,0 -106.994721,39.649652,0 -106.995120,39.649535,0 -106.995564,39.649421,0 -106.996490,39.649232,0 -106.997349,39.649127,0 -106.997981,39.649086,0 -106.998576,39.649070,0 -107.001435,39.649026,0 -107.008030,39.648926,0 -107.009060,39.648896,0 -107.010128,39.648818,0 -107.011478,39.648642,0 -107.011984,39.648551,0 -107.012910,39.648351,0 -107.013546,39.648189,0 -107.014027,39.648048,0 -107.022945,39.645200,0 -107.023835,39.644971,0 -107.024677,39.644809,0 -107.025351,39.644715,0 -107.026209,39.644642,0 -107.027125,39.644615,0 -107.027739,39.644631,0 -107.028281,39.644663,0 -107.028879,39.644723,0 -107.029298,39.644783,0 -107.030134,39.644932,0 -107.037760,39.646506,0 -107.042967,39.647581,0 -107.045346,39.648047,0 -107.046565,39.648226,0 -107.047065,39.648286,0 -107.047663,39.648348,0 -107.049006,39.648448,0 -107.051799,39.648589,0 -107.052782,39.648680,0 -107.053182,39.648703,0 -107.057873,39.648932,0 -107.058471,39.648964,0 -107.058980,39.649012,0 -107.059426,39.649025,0 -107.059915,39.649035,0 -107.060411,39.649025,0 -107.060844,39.649000,0 -107.061262,39.648963,0 -107.061714,39.648914,0 -107.062146,39.648849,0 -107.062560,39.648772,0 -107.062867,39.648705,0 -107.063126,39.648636,0 -107.063415,39.648550,0 -107.063965,39.648363,0 -107.065220,39.647953,0 -107.065603,39.647828,0 -107.066414,39.647552,0 -107.067171,39.647313,0 -107.067839,39.647112,0 -107.068271,39.646984,0 -107.068386,39.646950,0 -107.069309,39.646694,0 -107.069789,39.646569,0 -107.070318,39.646450,0 -107.070729,39.646376,0 -107.071222,39.646301,0 -107.071811,39.646228,0 -107.075796,39.645766,0 -107.076313,39.645697,0 -107.076780,39.645619,0 -107.077157,39.645541,0 -107.077611,39.645425,0 -107.078105,39.645273,0 -107.078432,39.645158,0 -107.078688,39.645058,0 -107.079099,39.644878,0 -107.079685,39.644581,0 -107.080494,39.644096,0 -107.080885,39.643848,0 -107.081600,39.643328,0 -107.083034,39.642225,0 -107.083367,39.642004,0 -107.084972,39.641047,0 -107.085744,39.640617,0 -107.086268,39.640335,0 -107.086755,39.640095,0 -107.087845,39.639602,0 -107.088616,39.639275,0 -107.091264,39.638262,0 -107.092040,39.637951,0 -107.094884,39.636688,0 -107.098984,39.634855,0 -107.099248,39.634737,0 -107.099592,39.634568,0 -107.100166,39.634256,0 -107.100506,39.634048,0 -107.100715,39.633902,0 -107.101124,39.633593,0 -107.101275,39.633468,0 -107.101598,39.633174,0 -107.101850,39.632918,0 -107.102051,39.632692,0 -107.102282,39.632402,0 -107.102458,39.632154,0 -107.102672,39.631819,0 -107.102850,39.631500,0 -107.103035,39.631093,0 -107.103175,39.630709,0 -107.103258,39.630432,0 -107.103343,39.630055,0 -107.103407,39.629563,0 -107.103429,39.629251,0 -107.103445,39.628690,0 -107.103469,39.628277,0 -107.103483,39.628116,0 -107.103514,39.627913,0 -107.103580,39.627711,0 -107.103665,39.627520,0 -107.103759,39.627339,0 -107.103885,39.627152,0 -107.104098,39.626899,0 -107.104231,39.626770,0 -107.104369,39.626649,0 -107.104702,39.626397,0 -107.104872,39.626281,0 -107.105208,39.626093,0 -107.105530,39.625969,0 -107.105696,39.625916,0 -107.105933,39.625856,0 -107.106272,39.625795,0 -107.106478,39.625766,0 -107.106684,39.625748,0 -107.106888,39.625738,0 -107.107287,39.625740,0 -107.108252,39.625786,0 -107.108482,39.625790,0 -107.108759,39.625785,0 -107.109153,39.625759,0 -107.109549,39.625716,0 -107.112593,39.625327,0 -107.113049,39.625259,0 -107.113597,39.625154,0 -107.113898,39.625085,0 -107.114354,39.624941,0 -107.114869,39.624755,0 -107.115295,39.624615,0 -107.115703,39.624461,0 -107.116017,39.624365,0 -107.116356,39.624282,0 -107.116677,39.624234,0 -107.117001,39.624214,0 -107.117294,39.624226,0 -107.117622,39.624266,0 -107.117824,39.624314,0 -107.118119,39.624395,0 -107.119148,39.624803,0 -107.119414,39.624889,0 -107.119676,39.624958,0 -107.119909,39.624996,0 -107.120127,39.625016,0 -107.120476,39.625032,0 -107.120930,39.624994,0 -107.121207,39.624946,0 -107.121429,39.624880,0 -107.121747,39.624773,0 -107.121975,39.624660,0 -107.122198,39.624530,0 -107.122365,39.624417,0 -107.122544,39.624278,0 -107.122683,39.624136,0 -107.122830,39.623958,0 -107.122983,39.623727,0 -107.123482,39.622846,0 -107.123649,39.622608,0 -107.123873,39.622347,0 -107.124152,39.622044,0 -107.124408,39.621790,0 -107.124675,39.621498,0 -107.124827,39.621326,0 -107.125146,39.620911,0 -107.125269,39.620708,0 -107.125652,39.619868,0 -107.125785,39.619607,0 -107.125982,39.619361,0 -107.126200,39.619140,0 -107.126441,39.618962,0 -107.126649,39.618837,0 -107.126869,39.618725,0 -107.127087,39.618634,0 -107.127340,39.618551,0 -107.127661,39.618477,0 -107.128119,39.618388,0 -107.128566,39.618289,0 -107.129174,39.618142,0 -107.129518,39.618037,0 -107.129747,39.617939,0 -107.130069,39.617814,0 -107.130589,39.617537,0 -107.130781,39.617419,0 -107.131204,39.617139,0 -107.131672,39.616831,0 -107.131863,39.616709,0 -107.132389,39.616424,0 -107.132637,39.616313,0 -107.133054,39.616144,0 -107.133506,39.615997,0 -107.133886,39.615899,0 -107.134404,39.615795,0 -107.134914,39.615727,0 -107.135309,39.615687,0 -107.135668,39.615670,0 -107.137045,39.615661,0 -107.137327,39.615647,0 -107.137760,39.615591,0 -107.138043,39.615541,0 -107.138374,39.615461,0 -107.138594,39.615391,0 -107.138803,39.615302,0 -107.139024,39.615192,0 -107.139399,39.614992,0 -107.139885,39.614719,0 -107.140730,39.614204,0 -107.140908,39.614089,0 -107.141407,39.613756,0 -107.141662,39.613609,0 -107.142263,39.613200,0 -107.143039,39.612621,0 -107.143705,39.612085,0 -107.143844,39.611974,0 -107.144581,39.611399,0 -107.144940,39.611167,0 -107.145022,39.611114,0 -107.145314,39.610954,0 -107.145653,39.610787,0 -107.145913,39.610677,0 -107.146180,39.610574,0 -107.146498,39.610468,0 -107.147238,39.610250,0 -107.147544,39.610185,0 -107.148124,39.610080,0 -107.148677,39.609992,0 -107.149617,39.609822,0 -107.150569,39.609668,0 -107.151161,39.609555,0 -107.151871,39.609409,0 -107.152459,39.609236,0 -107.154069,39.608682,0 -107.154279,39.608598,0 -107.154712,39.608383,0 -107.154874,39.608280,0 -107.155012,39.608175,0 -107.155183,39.608017,0 -107.155397,39.607796,0 -107.155567,39.607537,0 -107.155708,39.607242,0 -107.155787,39.606969,0 -107.155851,39.606671,0 -107.155907,39.606211,0 -107.156055,39.605541,0 -107.156149,39.605308,0 -107.156242,39.605104,0 -107.156344,39.604949,0 -107.156477,39.604781,0 -107.156611,39.604636,0 -107.156909,39.604377,0 -107.157078,39.604257,0 -107.157331,39.604103,0 -107.157768,39.603894,0 -107.158280,39.603671,0 -107.159216,39.603296,0 -107.160430,39.602914,0 -107.162610,39.602261,0 -107.162954,39.602161,0 -107.163586,39.602024,0 -107.164884,39.601812,0 -107.165569,39.601693,0 -107.166503,39.601506,0 -107.167551,39.601279,0 -107.168421,39.601074,0 -107.170249,39.600592,0 -107.170530,39.600500,0 -107.171002,39.600280,0 -107.171317,39.600092,0 -107.171512,39.599957,0 -107.171707,39.599792,0 -107.172151,39.599387,0 -107.173529,39.598188,0 -107.173995,39.597759,0 -107.174137,39.597650,0 -107.174493,39.597331,0 -107.174966,39.596804,0 -107.175818,39.595758,0 -107.176032,39.595571,0 -107.176437,39.595189,0 -107.176799,39.594875,0 -107.177102,39.594588,0 -107.177538,39.594106,0 -107.178455,39.593069,0 -107.178744,39.592762,0 -107.179111,39.592334,0 -107.179502,39.591979,0 -107.179761,39.591756,0 -107.179963,39.591604,0 -107.180311,39.591373,0 -107.180646,39.591188,0 -107.181190,39.590938,0 -107.181605,39.590767,0 -107.182272,39.590521,0 -107.182722,39.590357,0 -107.183417,39.590106,0 -107.184028,39.589869,0 -107.184631,39.589627,0 -107.184970,39.589477,0 -107.185283,39.589326,0 -107.186142,39.588877,0 -107.187696,39.587965,0 -107.188298,39.587620,0 -107.188674,39.587438,0 -107.189135,39.587253,0 -107.189604,39.587101,0 -107.190085,39.586967,0 -107.190606,39.586867,0 -107.191018,39.586810,0 -107.191466,39.586771,0 -107.191914,39.586761,0 -107.192331,39.586767,0 -107.193258,39.586820,0 -107.194178,39.586889,0 -107.194701,39.586914,0 -107.194849,39.586918,0 -107.194981,39.586917,0 -107.195123,39.586913,0 -107.195265,39.586904,0 -107.195408,39.586892,0 -107.195550,39.586875,0 -107.195684,39.586856,0 -107.195829,39.586829,0 -107.195967,39.586798,0 -107.196104,39.586763,0 -107.196224,39.586728,0 -107.196368,39.586681,0 -107.196501,39.586629,0 -107.196570,39.586604,0 -107.196698,39.586550,0 -107.196778,39.586505,0 -107.196895,39.586431,0 -107.197005,39.586363,0 -107.197357,39.586144,0 -107.197585,39.585958,0 -107.197756,39.585787,0 -107.197927,39.585566,0 -107.198098,39.585326,0 -107.198276,39.584996,0 -107.198445,39.584619,0 -107.198660,39.584049,0 -107.198778,39.583800,0 -107.198922,39.583540,0 -107.198997,39.583426,0 -107.199081,39.583315,0 -107.199185,39.583184,0 -107.199290,39.583067,0 -107.199427,39.582941,0 -107.199657,39.582771,0 -107.199812,39.582670,0 -107.200014,39.582562,0 -107.200239,39.582453,0 -107.200738,39.582238,0 -107.201664,39.581890,0 -107.202067,39.581710,0 -107.202374,39.581546,0 -107.202663,39.581371,0 -107.203002,39.581133,0 -107.203291,39.580913,0 -107.203532,39.580665,0 -107.203834,39.580340,0 -107.204048,39.580065,0 -107.204176,39.579858,0 -107.204377,39.579520,0 -107.204525,39.579260,0 -107.204755,39.578908,0 -107.205055,39.578592,0 -107.205305,39.578385,0 -107.205685,39.578152,0 -107.206109,39.577913,0 -107.206559,39.577657,0 -107.206866,39.577491,0 -107.207302,39.577250,0 -107.207764,39.576995,0 -107.208087,39.576859,0 -107.208348,39.576752,0 -107.208574,39.576676,0 -107.208875,39.576609,0 -107.209151,39.576546,0 -107.209498,39.576513,0 -107.209854,39.576504,0 -107.210305,39.576516,0 -107.210932,39.576566,0 -107.212337,39.576666,0 -107.213534,39.576748,0 -107.214664,39.576826,0 -107.215178,39.576869,0 -107.215513,39.576914,0 -107.215926,39.576983,0 -107.216288,39.577054,0 -107.216624,39.577130,0 -107.216909,39.577202,0 -107.217397,39.577320,0 -107.217650,39.577369,0 -107.217836,39.577401,0 -107.218294,39.577444,0 -107.218679,39.577430,0 -107.219014,39.577394,0 -107.219516,39.577320,0 -107.219923,39.577250,0 -107.220575,39.577147,0 -107.221000,39.577070,0 -107.221488,39.576942,0 -107.221840,39.576819,0 -107.222138,39.576680,0 -107.222371,39.576538,0 -107.222606,39.576387,0 -107.222820,39.576208,0 -107.222970,39.576074,0 -107.223121,39.575904,0 -107.223259,39.575723,0 -107.223391,39.575545,0 -107.223497,39.575350,0 -107.223551,39.575220,0 -107.223603,39.575047,0 -107.223663,39.574807,0 -107.223720,39.574488,0 -107.223747,39.574034,0 -107.223767,39.573606,0 -107.223778,39.573222,0 -107.223792,39.572949,0 -107.223829,39.572692,0 -107.223928,39.572322,0 -107.224004,39.572084,0 -107.224138,39.571790,0 -107.224321,39.571438,0 -107.224479,39.571219,0 -107.224689,39.570994,0 -107.224971,39.570769,0 -107.225276,39.570570,0 -107.225583,39.570428,0 -107.228110,39.569382,0 -107.228431,39.569212,0 -107.228674,39.569068,0 -107.228954,39.568881,0 -107.229596,39.568405,0 -107.230656,39.567597,0 -107.230965,39.567408,0 -107.231255,39.567269,0 -107.231512,39.567162,0 -107.231885,39.567035,0 -107.233552,39.566499,0 -107.234040,39.566301,0 -107.234468,39.566080,0 -107.235074,39.565704,0 -107.235412,39.565464,0 -107.235770,39.565205,0 -107.235997,39.565043,0 -107.236350,39.564793,0 -107.236653,39.564542,0 -107.236854,39.564355,0 -107.237049,39.564160,0 -107.237274,39.563920,0 -107.237517,39.563668,0 -107.237716,39.563400,0 -107.237948,39.563109,0 -107.238403,39.562401,0 -107.239052,39.561363,0 -107.239154,39.561209,0 -107.239346,39.560937,0 -107.239522,39.560682,0 -107.239665,39.560529,0 -107.239889,39.560322,0 -107.240241,39.560060,0 -107.240981,39.559541,0 -107.241097,39.559453,0 -107.241277,39.559321,0 -107.241574,39.559042,0 -107.242203,39.558375,0 -107.242540,39.558084,0 -107.242919,39.557848,0 -107.243363,39.557665,0 -107.243768,39.557539,0 -107.244007,39.557493,0 -107.244254,39.557464,0 -107.244564,39.557452,0 -107.244776,39.557462,0 -107.245089,39.557489,0 -107.245346,39.557534,0 -107.245665,39.557616,0 -107.245971,39.557724,0 -107.246245,39.557850,0 -107.246425,39.557947,0 -107.246637,39.558080,0 -107.246865,39.558244,0 -107.247122,39.558480,0 -107.247310,39.558675,0 -107.247944,39.559445,0 -107.248319,39.559870,0 -107.248548,39.560089,0 -107.248766,39.560277,0 -107.248932,39.560403,0 -107.249189,39.560565,0 -107.249369,39.560672,0 -107.249786,39.560868,0 -107.250169,39.561006,0 -107.250551,39.561114,0 -107.250873,39.561181,0 -107.251227,39.561234,0 -107.251692,39.561280,0 -107.252713,39.561378,0 -107.254031,39.561499,0 -107.254257,39.561522,0 -107.254615,39.561568,0 -107.255096,39.561654,0 -107.255889,39.561825,0 -107.256675,39.562023,0 -107.257567,39.562281,0 -107.257816,39.562368,0 -107.258161,39.562473,0 -107.258850,39.562714,0 -107.259471,39.562856,0 -107.259742,39.562889,0 -107.260012,39.562919,0 -107.260348,39.562944,0 -107.260896,39.562976,0 -107.261316,39.562994,0 -107.261652,39.562992,0 -107.262018,39.562993,0 -107.262784,39.562974,0 -107.263160,39.562964,0 -107.263583,39.562966,0 -107.264126,39.562998,0 -107.264715,39.563055,0 -107.265618,39.563157,0 -107.265942,39.563195,0 -107.266267,39.563266,0 -107.266477,39.563329,0 -107.266700,39.563414,0 -107.266888,39.563495,0 -107.267035,39.563574,0 -107.267191,39.563670,0 -107.267377,39.563810,0 -107.267469,39.563884,0 -107.267707,39.564120,0 -107.267885,39.564362,0 -107.268079,39.564638,0 -107.268235,39.564859,0 -107.268786,39.565599,0 -107.268946,39.565788,0 -107.269060,39.565897,0 -107.269249,39.566052,0 -107.269448,39.566201,0 -107.269679,39.566352,0 -107.269906,39.566472,0 -107.270188,39.566607,0 -107.270462,39.566702,0 -107.270740,39.566781,0 -107.270990,39.566839,0 -107.271264,39.566883,0 -107.271633,39.566916,0 -107.271962,39.566929,0 -107.272286,39.566916,0 -107.272693,39.566859,0 -107.273054,39.566792,0 -107.273422,39.566682,0 -107.273813,39.566532,0 -107.274246,39.566360,0 -107.274640,39.566183,0 -107.275019,39.566005,0 -107.275323,39.565855,0 -107.275540,39.565730,0 -107.275726,39.565592,0 -107.275906,39.565453,0 -107.276085,39.565288,0 -107.276179,39.565179,0 -107.276338,39.564968,0 -107.276424,39.564839,0 -107.276524,39.564686,0 -107.276688,39.564407,0 -107.276836,39.564174,0 -107.277042,39.563819,0 -107.277190,39.563535,0 -107.277355,39.563275,0 -107.277505,39.563008,0 -107.277745,39.562666,0 -107.278070,39.562289,0 -107.278473,39.561847,0 -107.278734,39.561584,0 -107.278998,39.561311,0 -107.279255,39.561095,0 -107.279486,39.560929,0 -107.279782,39.560747,0 -107.280122,39.560582,0 -107.280377,39.560480,0 -107.280678,39.560389,0 -107.280945,39.560326,0 -107.281182,39.560283,0 -107.281403,39.560258,0 -107.281663,39.560235,0 -107.281849,39.560228,0 -107.282126,39.560236,0 -107.282450,39.560259,0 -107.282740,39.560300,0 -107.283034,39.560362,0 -107.283397,39.560472,0 -107.283708,39.560578,0 -107.284131,39.560724,0 -107.284603,39.560889,0 -107.285541,39.561213,0 -107.286196,39.561434,0 -107.286640,39.561560,0 -107.286949,39.561621,0 -107.287278,39.561663,0 -107.287541,39.561681,0 -107.287775,39.561682,0 -107.288046,39.561666,0 -107.288334,39.561630,0 -107.288601,39.561583,0 -107.288878,39.561518,0 -107.289185,39.561424,0 -107.289372,39.561381,0 -107.289977,39.561191,0 -107.290323,39.561103,0 -107.290565,39.561054,0 -107.290848,39.561007,0 -107.291197,39.560959,0 -107.291546,39.560956,0 -107.291724,39.560953,0 -107.291965,39.560956,0 -107.292288,39.560988,0 -107.292612,39.561028,0 -107.293146,39.561129,0 -107.293620,39.561212,0 -107.293941,39.561278,0 -107.294429,39.561373,0 -107.294728,39.561422,0 -107.294994,39.561475,0 -107.295435,39.561554,0 -107.296688,39.561786,0 -107.297031,39.561847,0 -107.297505,39.561928,0 -107.297982,39.561998,0 -107.298404,39.562070,0 -107.298718,39.562111,0 -107.299072,39.562151,0 -107.299464,39.562192,0 -107.300025,39.562232,0 -107.300508,39.562248,0 -107.300989,39.562250,0 -107.301412,39.562246,0 -107.301835,39.562228,0 -107.302238,39.562202,0 -107.303407,39.562079,0 -107.305817,39.561709,0 -107.309441,39.561131,0 -107.309935,39.561038,0 -107.310262,39.560960,0 -107.310636,39.560836,0 -107.311099,39.560630,0 -107.311494,39.560415,0 -107.311850,39.560176,0 -107.312152,39.559938,0 -107.312761,39.559395,0 -107.313240,39.558902,0 -107.313632,39.558437,0 -107.314000,39.557919,0 -107.314179,39.557631,0 -107.314812,39.556502,0 -107.315871,39.554554,0 -107.316349,39.553764,0 -107.316698,39.553286,0 -107.317073,39.552832,0 -107.317511,39.552378,0 -107.318260,39.551712,0 -107.318697,39.551377,0 -107.319056,39.551129,0 -107.319775,39.550689,0 -107.320779,39.550159,0 -107.322237,39.549357,0 -107.322810,39.549070,0 -107.323263,39.548910,0 -107.323686,39.548820,0 -107.323940,39.548796,0 -107.324181,39.548784,0 -107.324685,39.548814,0 -107.325319,39.548901,0 -107.325457,39.548920,0 -107.326038,39.549002,0 -107.326763,39.549139,0 -107.327428,39.549316,0 -107.327906,39.549482,0 -107.328192,39.549606,0 -107.328464,39.549740,0 -107.328892,39.549982,0 -107.329085,39.550105,0 -107.329290,39.550249,0 -107.329890,39.550727,0 -107.330178,39.550970,0 -107.330753,39.551495,0 -107.331153,39.551827,0 -107.334382,39.554499,0 -107.335013,39.555067,0 -107.335368,39.555410,0 -107.335856,39.555922,0 -107.336442,39.556597,0 -107.336964,39.557235,0 -107.337163,39.557464,0 -107.337414,39.557722,0 -107.337703,39.557990,0 -107.338050,39.558264,0 -107.338312,39.558446,0 -107.338629,39.558642,0 -107.339026,39.558861,0 -107.339288,39.558990,0 -107.339723,39.559175,0 -107.340078,39.559308,0 -107.340589,39.559469,0 -107.341201,39.559617,0 -107.341585,39.559689,0 -107.342803,39.559841,0 -107.351562,39.560881,0 -107.352449,39.560976,0 -107.353408,39.561055,0 -107.354185,39.561100,0 -107.354686,39.561118,0 -107.355890,39.561135,0 -107.356621,39.561133,0 -107.357080,39.561120,0 -107.357494,39.561106,0 -107.358486,39.561030,0 -107.360068,39.560895,0 -107.360544,39.560861,0 -107.361075,39.560846,0 -107.361550,39.560864,0 -107.362022,39.560910,0 -107.362436,39.560965,0 -107.365201,39.561418,0 -107.365913,39.561534,0 -107.367431,39.561781,0 -107.367760,39.561834,0 -107.368149,39.561884,0 -107.368581,39.561922,0 -107.368881,39.561936,0 -107.369341,39.561930,0 -107.369756,39.561902,0 -107.370336,39.561823,0 -107.370871,39.561708,0 -107.374470,39.560841,0 -107.374911,39.560748,0 -107.375241,39.560702,0 -107.375655,39.560667,0 -107.375969,39.560658,0 -107.376276,39.560664,0 -107.376652,39.560689,0 -107.377378,39.560783,0 -107.379430,39.561074,0 -107.380199,39.561161,0 -107.380851,39.561214,0 -107.381579,39.561253,0 -107.382238,39.561271,0 -107.383240,39.561260,0 -107.384130,39.561211,0 -107.384849,39.561150,0 -107.385603,39.561066,0 -107.386392,39.560943,0 -107.387030,39.560829,0 -107.387596,39.560708,0 -107.388401,39.560514,0 -107.389091,39.560320,0 -107.389794,39.560102,0 -107.390777,39.559745,0 -107.391667,39.559379,0 -107.392978,39.558802,0 -107.393629,39.558541,0 -107.394337,39.558294,0 -107.396014,39.557820,0 -107.396616,39.557666,0 -107.396985,39.557593,0 -107.397284,39.557558,0 -107.397723,39.557534,0 -107.398136,39.557547,0 -107.398433,39.557573,0 -107.398779,39.557628,0 -107.399125,39.557709,0 -107.399405,39.557797,0 -107.399757,39.557933,0 -107.400114,39.558095,0 -107.400970,39.558504,0 -107.402292,39.559165,0 -107.403787,39.559883,0 -107.404692,39.560333,0 -107.405051,39.560539,0 -107.405419,39.560777,0 -107.405750,39.561030,0 -107.405990,39.561233,0 -107.406817,39.562011,0 -107.407474,39.562648,0 -107.408231,39.563252,0 -107.408658,39.563547,0 -107.409208,39.563859,0 -107.409574,39.564038,0 -107.410102,39.564254,0 -107.410580,39.564423,0 -107.410961,39.564538,0 -107.411498,39.564671,0 -107.411990,39.564774,0 -107.412349,39.564849,0 -107.413906,39.565172,0 -107.415878,39.565569,0 -107.417039,39.565744,0 -107.417641,39.565816,0 -107.418374,39.565880,0 -107.419008,39.565914,0 -107.421175,39.566008,0 -107.421503,39.566029,0 -107.422049,39.566090,0 -107.422334,39.566133,0 -107.422607,39.566186,0 -107.422876,39.566246,0 -107.423297,39.566361,0 -107.423541,39.566440,0 -107.423792,39.566532,0 -107.424169,39.566687,0 -107.424701,39.566948,0 -107.425112,39.567197,0 -107.425558,39.567507,0 -107.425918,39.567815,0 -107.426224,39.568112,0 -107.426488,39.568425,0 -107.427309,39.569572,0 -107.427526,39.569845,0 -107.427763,39.570091,0 -107.428056,39.570348,0 -107.428247,39.570492,0 -107.428420,39.570610,0 -107.428726,39.570788,0 -107.429240,39.571031,0 -107.430501,39.571608,0 -107.435900,39.574081,0 -107.436317,39.574260,0 -107.437045,39.574527,0 -107.437443,39.574652,0 -107.437958,39.574791,0 -107.438527,39.574920,0 -107.439116,39.575023,0 -107.439742,39.575101,0 -107.440179,39.575140,0 -107.440990,39.575174,0 -107.441440,39.575172,0 -107.442616,39.575129,0 -107.446239,39.574979,0 -107.448326,39.574891,0 -107.449103,39.574831,0 -107.449389,39.574795,0 -107.449719,39.574745,0 -107.450199,39.574650,0 -107.450601,39.574559,0 -107.450990,39.574454,0 -107.451499,39.574294,0 -107.451656,39.574235,0 -107.451972,39.574115,0 -107.452033,39.574089,0 -107.452586,39.573849,0 -107.453213,39.573520,0 -107.453635,39.573262,0 -107.454329,39.572760,0 -107.454571,39.572563,0 -107.454985,39.572206,0 -107.455388,39.571861,0 -107.455641,39.571659,0 -107.455902,39.571468,0 -107.456189,39.571298,0 -107.456497,39.571137,0 -107.456812,39.571008,0 -107.457145,39.570901,0 -107.457466,39.570818,0 -107.457732,39.570770,0 -107.458050,39.570727,0 -107.458429,39.570708,0 -107.458791,39.570717,0 -107.459290,39.570771,0 -107.459619,39.570837,0 -107.459998,39.570941,0 -107.460355,39.571063,0 -107.462040,39.571745,0 -107.463194,39.572199,0 -107.463913,39.572470,0 -107.464686,39.572728,0 -107.465254,39.572895,0 -107.465938,39.573068,0 -107.466693,39.573230,0 -107.467373,39.573355,0 -107.468056,39.573452,0 -107.468800,39.573529,0 -107.469530,39.573589,0 -107.469980,39.573608,0 -107.470927,39.573620,0 -107.471594,39.573601,0 -107.472351,39.573555,0 -107.473111,39.573483,0 -107.473652,39.573412,0 -107.474472,39.573279,0 -107.475416,39.573096,0 -107.479160,39.572345,0 -107.480080,39.572135,0 -107.480709,39.571960,0 -107.481334,39.571746,0 -107.481914,39.571513,0 -107.482413,39.571284,0 -107.482936,39.571004,0 -107.483410,39.570721,0 -107.484831,39.569769,0 -107.488102,39.567552,0 -107.488505,39.567303,0 -107.488754,39.567162,0 -107.489107,39.566976,0 -107.489681,39.566716,0 -107.490318,39.566483,0 -107.490722,39.566358,0 -107.491295,39.566208,0 -107.491729,39.566115,0 -107.492270,39.566027,0 -107.492805,39.565964,0 -107.493307,39.565926,0 -107.493707,39.565913,0 -107.494120,39.565908,0 -107.508722,39.566263,0 -107.509199,39.566260,0 -107.509574,39.566243,0 -107.510082,39.566206,0 -107.511127,39.566088,0 -107.511754,39.566015,0 -107.513572,39.565815,0 -107.514207,39.565767,0 -107.514826,39.565755,0 -107.515274,39.565767,0 -107.515541,39.565783,0 -107.515875,39.565814,0 -107.516409,39.565883,0 -107.517034,39.566003,0 -107.517505,39.566119,0 -107.517912,39.566238,0 -107.518355,39.566390,0 -107.518768,39.566554,0 -107.519173,39.566736,0 -107.519558,39.566932,0 -107.521413,39.567966,0 -107.522514,39.568585,0 -107.523437,39.569094,0 -107.523908,39.569329,0 -107.524390,39.569551,0 -107.524804,39.569718,0 -107.525339,39.569908,0 -107.525890,39.570079,0 -107.526355,39.570202,0 -107.526769,39.570300,0 -107.527189,39.570387,0 -107.527798,39.570488,0 -107.528142,39.570533,0 -107.528501,39.570572,0 -107.529124,39.570617,0 -107.529715,39.570638,0 -107.530423,39.570626,0 -107.531203,39.570582,0 -107.531951,39.570510,0 -107.535068,39.570140,0 -107.539488,39.569601,0 -107.539705,39.569575,0 -107.540836,39.569410,0 -107.541582,39.569276,0 -107.542077,39.569173,0 -107.542832,39.568995,0 -107.543500,39.568818,0 -107.544457,39.568527,0 -107.545011,39.568340,0 -107.545720,39.568078,0 -107.546455,39.567779,0 -107.547022,39.567523,0 -107.547576,39.567253,0 -107.548155,39.566952,0 -107.548776,39.566594,0 -107.549338,39.566232,0 -107.549721,39.565962,0 -107.550245,39.565554,0 -107.550756,39.565108,0 -107.551309,39.564570,0 -107.554437,39.561309,0 -107.555013,39.560721,0 -107.555300,39.560455,0 -107.555806,39.560030,0 -107.556144,39.559769,0 -107.556714,39.559366,0 -107.557176,39.559074,0 -107.557612,39.558825,0 -107.557956,39.558640,0 -107.558469,39.558387,0 -107.559039,39.558137,0 -107.559917,39.557801,0 -107.560515,39.557602,0 -107.561206,39.557409,0 -107.561736,39.557275,0 -107.562140,39.557186,0 -107.569787,39.555831,0 -107.606831,39.549255,0 -107.625825,39.545866,0 -107.627480,39.545588,0 -107.627901,39.545530,0 -107.632512,39.544965,0 -107.636959,39.544435,0 -107.638208,39.544295,0 -107.639326,39.544201,0 -107.641081,39.544107,0 -107.642428,39.544077,0 -107.643669,39.544080,0 -107.644844,39.544108,0 -107.645947,39.544158,0 -107.646802,39.544210,0 -107.647632,39.544274,0 -107.650334,39.544545,0 -107.658581,39.545385,0 -107.661700,39.545703,0 -107.663806,39.545896,0 -107.664727,39.545933,0 -107.665874,39.545888,0 -107.667213,39.545682,0 -107.668271,39.545431,0 -107.669295,39.545086,0 -107.669996,39.544787,0 -107.672284,39.543610,0 -107.673907,39.542738,0 -107.676259,39.541534,0 -107.678950,39.540136,0 -107.680387,39.539404,0 -107.682543,39.538219,0 -107.683862,39.537540,0 -107.685636,39.536599,0 -107.687309,39.535787,0 -107.689277,39.534734,0 -107.691920,39.533595,0 -107.693311,39.533093,0 -107.696616,39.532387,0 -107.698393,39.532181,0 -107.700187,39.532130,0 -107.704063,39.532109,0 -107.706907,39.532137,0 -107.707617,39.532144,0 -107.711293,39.532183,0 -107.714110,39.532179,0 -107.715914,39.532154,0 -107.718231,39.531903,0 -107.718919,39.531742,0 -107.719303,39.531697,0 -107.722784,39.531013,0 -107.724305,39.530715,0 -107.726934,39.530320,0 -107.728413,39.530202,0 -107.729459,39.530195,0 -107.730302,39.530227,0 -107.731433,39.530246,0 -107.734086,39.530258,0 -107.736075,39.530291,0 -107.737622,39.530240,0 -107.738779,39.530139,0 -107.740189,39.529879,0 -107.741668,39.529351,0 -107.746287,39.527623,0 -107.746817,39.527429,0 -107.749235,39.526520,0 -107.750878,39.525906,0 -107.751963,39.525646,0 -107.752906,39.525449,0 -107.754066,39.525315,0 -107.755371,39.525196,0 -107.756587,39.525260,0 -107.760360,39.525688,0 -107.762774,39.526003,0 -107.765964,39.526418,0 -107.767850,39.526467,0 -107.769015,39.526380,0 -107.771202,39.525954,0 -107.772219,39.525683,0 -107.772955,39.525466,0 -107.773984,39.525247,0 -107.777111,39.524302,0 -107.777863,39.524072,0 -107.779008,39.523716,0 -107.781447,39.523061,0 -107.783222,39.522547,0 -107.787147,39.521401,0 -107.788266,39.521076,0 -107.789209,39.520851,0 -107.790165,39.520677,0 -107.790670,39.520591,0 -107.791040,39.520531,0 -107.791590,39.520455,0 -107.792316,39.520376,0 -107.793083,39.520322,0 -107.793790,39.520283,0 -107.794316,39.520273,0 -107.795790,39.520274,0 -107.809443,39.520352,0 -107.811224,39.520362,0 -107.814705,39.520388,0 -107.821040,39.520417,0 -107.827607,39.520457,0 -107.832409,39.520500,0 -107.833975,39.520504,0 -107.834780,39.520505,0 -107.836950,39.520514,0 -107.837773,39.520519,0 -107.838656,39.520521,0 -107.843312,39.520539,0 -107.843944,39.520542,0 -107.845337,39.520549,0 -107.845836,39.520538,0 -107.846236,39.520523,0 -107.846565,39.520501,0 -107.846886,39.520467,0 -107.847204,39.520426,0 -107.847518,39.520380,0 -107.847917,39.520303,0 -107.848326,39.520208,0 -107.848707,39.520103,0 -107.849177,39.519955,0 -107.849676,39.519786,0 -107.852035,39.518940,0 -107.853415,39.518445,0 -107.881193,39.508508,0 -107.882578,39.508012,0 -107.883273,39.507776,0 -107.884013,39.507529,0 -107.885271,39.507144,0 -107.886253,39.506874,0 -107.887188,39.506636,0 -107.888000,39.506444,0 -107.888930,39.506240,0 -107.889900,39.506046,0 -107.896866,39.504765,0 -107.897953,39.504552,0 -107.899068,39.504304,0 -107.900114,39.504049,0 -107.901041,39.503802,0 -107.908310,39.501732,0 -107.908894,39.501563,0 -107.909679,39.501343,0 -107.912193,39.500628,0 -107.913840,39.500157,0 -107.915147,39.499794,0 -107.915953,39.499603,0 -107.916378,39.499516,0 -107.916915,39.499423,0 -107.917336,39.499363,0 -107.917844,39.499304,0 -107.918417,39.499256,0 -107.919158,39.499228,0 -107.919631,39.499222,0 -107.920107,39.499229,0 -107.920561,39.499247,0 -107.921100,39.499287,0 -107.921788,39.499359,0 -107.922395,39.499449,0 -107.923044,39.499569,0 -107.923831,39.499742,0 -107.928045,39.500802,0 -107.928855,39.500989,0 -107.929539,39.501118,0 -107.930039,39.501196,0 -107.930582,39.501265,0 -107.931057,39.501308,0 -107.931632,39.501348,0 -107.932295,39.501357,0 -107.932828,39.501344,0 -107.933393,39.501310,0 -107.933984,39.501260,0 -107.934389,39.501211,0 -107.934783,39.501149,0 -107.935535,39.501004,0 -107.936231,39.500835,0 -107.936712,39.500701,0 -107.937312,39.500501,0 -107.937927,39.500264,0 -107.938469,39.500023,0 -107.939016,39.499759,0 -107.939471,39.499511,0 -107.939926,39.499239,0 -107.940510,39.498862,0 -107.941757,39.498021,0 -107.942180,39.497728,0 -107.945140,39.495727,0 -107.949771,39.492592,0 -107.950844,39.491879,0 -107.951892,39.491233,0 -107.952964,39.490616,0 -107.958809,39.487417,0 -107.964827,39.484129,0 -107.969635,39.481499,0 -107.971138,39.480645,0 -107.972026,39.480165,0 -107.972940,39.479702,0 -107.973674,39.479384,0 -107.974077,39.479228,0 -107.974598,39.479046,0 -107.975012,39.478917,0 -107.975761,39.478711,0 -107.976420,39.478568,0 -107.976790,39.478500,0 -107.977139,39.478442,0 -107.977859,39.478345,0 -107.978483,39.478286,0 -107.992213,39.477119,0 -108.015859,39.475101,0 -108.016622,39.475026,0 -108.017335,39.474931,0 -108.017941,39.474820,0 -108.018595,39.474667,0 -108.019208,39.474491,0 -108.019752,39.474301,0 -108.020161,39.474140,0 -108.021006,39.473761,0 -108.021614,39.473466,0 -108.022285,39.473138,0 -108.025373,39.471617,0 -108.037859,39.465494,0 -108.038617,39.465133,0 -108.039838,39.464519,0 -108.040258,39.464296,0 -108.040622,39.464092,0 -108.041284,39.463689,0 -108.041939,39.463256,0 -108.042580,39.462791,0 -108.042985,39.462471,0 -108.043374,39.462149,0 -108.044064,39.461526,0 -108.044396,39.461208,0 -108.044708,39.460893,0 -108.045119,39.460451,0 -108.045894,39.459521,0 -108.046362,39.458878,0 -108.046498,39.458802,0 -108.047828,39.457088,0 -108.048443,39.456295,0 -108.048553,39.456162,0 -108.048775,39.456284,0 -108.049667,39.456770,0 -108.049765,39.456517,0 -108.049796,39.456335,0 -108.049791,39.456125,0 -108.049751,39.455906,0 -108.049608,39.455394,0 -108.049592,39.455169,0 -108.049627,39.455009,0 -108.049699,39.454850,0 -108.049791,39.454689,0 -108.050613,39.453890,0 -108.051493,39.453074,0 -108.052063,39.452551,0 -108.052636,39.452007,0 -108.052817,39.451845,0</coordinates>
        </LineString>
      </Placemark>
      <Placemark>
        <name>Day 6</name>
        <description>Parachute, CO to Moab, UT</description>
        <LineString>
          <tessellate>1</tessellate>
          <coordinates>-108.052817,39.451845,0 -108.052636,39.452007,0 -108.052063,39.452551,0 -108.051493,39.453074,0 -108.050613,39.453890,0 -108.049791,39.454689,0 -108.049699,39.454850,0 -108.049627,39.455009,0 -108.049592,39.455169,0 -108.049608,39.455394,0 -108.049751,39.455906,0 -108.049791,39.456125,0 -108.049796,39.456335,0 -108.049765,39.456517,0 -108.049667,39.456770,0 -108.048775,39.456284,0 -108.048553,39.456162,0 -108.048902,39.455686,0 -108.049008,39.455469,0 -108.049270,39.454834,0 -108.049507,39.454324,0 -108.049794,39.453853,0 -108.050253,39.453309,0 -108.050552,39.453008,0 -108.050971,39.452615,0 -108.051049,39.452455,0 -108.051364,39.452164,0 -108.053493,39.450201,0 -108.053764,39.449951,0 -108.054355,39.449411,0 -108.057308,39.446695,0 -108.057633,39.446404,0 -108.058102,39.446006,0 -108.058427,39.445711,0 -108.058669,39.445460,0 -108.059238,39.444902,0 -108.065885,39.438786,0 -108.068274,39.436591,0 -108.069726,39.435242,0 -108.070662,39.434319,0 -108.071142,39.433820,0 -108.071806,39.433093,0 -108.072813,39.431942,0 -108.073448,39.431222,0 -108.074149,39.430504,0 -108.075010,39.429662,0 -108.076315,39.428481,0 -108.077182,39.427758,0 -108.077717,39.427335,0 -108.079134,39.426288,0 -108.080054,39.425655,0 -108.080912,39.425095,0 -108.083047,39.423688,0 -108.084436,39.422781,0 -108.085114,39.422343,0 -108.087411,39.420831,0 -108.088146,39.420311,0 -108.089186,39.419486,0 -108.090314,39.418478,0 -108.091079,39.417717,0 -108.091690,39.417054,0 -108.092050,39.416638,0 -108.092567,39.415979,0 -108.094225,39.413686,0 -108.094688,39.413046,0 -108.095283,39.412274,0 -108.095974,39.411572,0 -108.096451,39.411187,0 -108.096942,39.410837,0 -108.099465,39.409383,0 -108.100973,39.408559,0 -108.107698,39.404780,0 -108.115089,39.400657,0 -108.116033,39.400151,0 -108.116392,39.399972,0 -108.117865,39.399288,0 -108.119221,39.398690,0 -108.122856,39.397159,0 -108.123670,39.396761,0 -108.124141,39.396512,0 -108.124659,39.396204,0 -108.125131,39.395893,0 -108.125614,39.395548,0 -108.126118,39.395149,0 -108.126735,39.394608,0 -108.128893,39.392568,0 -108.129363,39.392176,0 -108.129788,39.391865,0 -108.130240,39.391576,0 -108.130802,39.391263,0 -108.131156,39.391102,0 -108.131925,39.390787,0 -108.147238,39.385598,0 -108.148353,39.385190,0 -108.149407,39.384747,0 -108.150220,39.384348,0 -108.151070,39.383860,0 -108.151985,39.383270,0 -108.153117,39.382423,0 -108.153612,39.382000,0 -108.154640,39.381190,0 -108.155184,39.380713,0 -108.155788,39.380153,0 -108.156417,39.379630,0 -108.157037,39.379157,0 -108.157957,39.378516,0 -108.162381,39.375663,0 -108.162728,39.375439,0 -108.164158,39.374533,0 -108.167068,39.372574,0 -108.167310,39.372391,0 -108.168404,39.371455,0 -108.168701,39.371138,0 -108.168996,39.370778,0 -108.169216,39.370463,0 -108.169551,39.369901,0 -108.169686,39.369578,0 -108.169936,39.368787,0 -108.170060,39.368235,0 -108.170127,39.367740,0 -108.170164,39.367206,0 -108.170168,39.366249,0 -108.170176,39.365883,0 -108.170366,39.358255,0 -108.170450,39.357603,0 -108.170547,39.357141,0 -108.170720,39.356617,0 -108.170860,39.356293,0 -108.171086,39.355856,0 -108.171322,39.355476,0 -108.171521,39.355212,0 -108.171959,39.354716,0 -108.172254,39.354427,0 -108.172769,39.353993,0 -108.173146,39.353729,0 -108.173546,39.353477,0 -108.174246,39.353112,0 -108.175128,39.352753,0 -108.176202,39.352381,0 -108.180118,39.351069,0 -108.180803,39.350800,0 -108.181469,39.350498,0 -108.182090,39.350187,0 -108.183496,39.349422,0 -108.188799,39.346504,0 -108.189505,39.346047,0 -108.189874,39.345771,0 -108.190350,39.345358,0 -108.190733,39.344952,0 -108.191079,39.344529,0 -108.191370,39.344097,0 -108.191595,39.343695,0 -108.191892,39.343036,0 -108.192172,39.342214,0 -108.192364,39.341646,0 -108.193111,39.339387,0 -108.193499,39.338235,0 -108.194336,39.335735,0 -108.194704,39.334633,0 -108.194913,39.334154,0 -108.195169,39.333649,0 -108.195359,39.333347,0 -108.195563,39.333064,0 -108.196004,39.332546,0 -108.196377,39.332183,0 -108.196790,39.331833,0 -108.197638,39.331210,0 -108.198338,39.330720,0 -108.202585,39.327747,0 -108.205273,39.325841,0 -108.206120,39.325196,0 -108.206656,39.324755,0 -108.207178,39.324289,0 -108.207741,39.323745,0 -108.208267,39.323187,0 -108.208811,39.322546,0 -108.209309,39.321895,0 -108.209779,39.321211,0 -108.210204,39.320508,0 -108.210544,39.319882,0 -108.211226,39.318475,0 -108.211543,39.317823,0 -108.213208,39.314308,0 -108.216560,39.307238,0 -108.222480,39.294748,0 -108.222912,39.293889,0 -108.223498,39.292778,0 -108.224179,39.291595,0 -108.224829,39.290526,0 -108.225115,39.290079,0 -108.225277,39.289825,0 -108.225850,39.288990,0 -108.227084,39.287295,0 -108.227463,39.286807,0 -108.228717,39.285268,0 -108.229332,39.284605,0 -108.229672,39.284300,0 -108.230029,39.284010,0 -108.230807,39.283502,0 -108.231222,39.283268,0 -108.231612,39.283081,0 -108.231994,39.282926,0 -108.232372,39.282785,0 -108.232899,39.282625,0 -108.233433,39.282484,0 -108.234957,39.282127,0 -108.236470,39.281774,0 -108.240118,39.280933,0 -108.241789,39.280548,0 -108.243462,39.280150,0 -108.244262,39.279911,0 -108.244925,39.279658,0 -108.245398,39.279442,0 -108.245882,39.279191,0 -108.246345,39.278905,0 -108.246819,39.278559,0 -108.247321,39.278134,0 -108.247831,39.277599,0 -108.248278,39.277019,0 -108.248514,39.276619,0 -108.248727,39.276217,0 -108.249925,39.273435,0 -108.250812,39.271341,0 -108.251339,39.270104,0 -108.251704,39.269227,0 -108.252277,39.267886,0 -108.252488,39.267390,0 -108.252812,39.266656,0 -108.253006,39.266302,0 -108.253103,39.266155,0 -108.253346,39.265819,0 -108.253984,39.265100,0 -108.254261,39.264813,0 -108.254719,39.264378,0 -108.255791,39.263412,0 -108.257820,39.261624,0 -108.258245,39.261240,0 -108.258572,39.260914,0 -108.258873,39.260526,0 -108.259046,39.260215,0 -108.259203,39.259836,0 -108.259313,39.259372,0 -108.259576,39.256941,0 -108.259633,39.256414,0 -108.259699,39.255644,0 -108.259706,39.255272,0 -108.259678,39.254894,0 -108.259620,39.254547,0 -108.259532,39.254196,0 -108.259403,39.253820,0 -108.259233,39.253453,0 -108.259050,39.253125,0 -108.258842,39.252809,0 -108.258238,39.252044,0 -108.257591,39.251182,0 -108.257175,39.250464,0 -108.256948,39.249990,0 -108.256807,39.249608,0 -108.256627,39.249009,0 -108.256544,39.248649,0 -108.256485,39.248287,0 -108.256437,39.247818,0 -108.256391,39.246462,0 -108.256334,39.245866,0 -108.256230,39.245261,0 -108.256118,39.244770,0 -108.255299,39.241970,0 -108.255226,39.241673,0 -108.255191,39.241387,0 -108.255192,39.240955,0 -108.255242,39.240645,0 -108.255307,39.240417,0 -108.255393,39.240190,0 -108.255554,39.239873,0 -108.255759,39.239571,0 -108.255961,39.239343,0 -108.256194,39.239114,0 -108.256465,39.238898,0 -108.256699,39.238741,0 -108.256943,39.238601,0 -108.257279,39.238443,0 -108.257736,39.238279,0 -108.258216,39.238153,0 -108.258553,39.238092,0 -108.258910,39.238048,0 -108.259222,39.238023,0 -108.259544,39.238010,0 -108.259949,39.238014,0 -108.260355,39.238035,0 -108.260837,39.238081,0 -108.261279,39.238140,0 -108.261856,39.238235,0 -108.262420,39.238348,0 -108.263737,39.238645,0 -108.264340,39.238769,0 -108.264939,39.238865,0 -108.265304,39.238896,0 -108.265667,39.238907,0 -108.266001,39.238902,0 -108.266388,39.238873,0 -108.266878,39.238810,0 -108.267366,39.238711,0 -108.267988,39.238521,0 -108.268403,39.238360,0 -108.268787,39.238174,0 -108.269122,39.237977,0 -108.269458,39.237762,0 -108.269810,39.237472,0 -108.270172,39.237132,0 -108.271058,39.236192,0 -108.271663,39.235533,0 -108.271991,39.235131,0 -108.272194,39.234783,0 -108.272361,39.234411,0 -108.272441,39.234139,0 -108.272502,39.233800,0 -108.272513,39.233519,0 -108.272495,39.233235,0 -108.272419,39.232839,0 -108.272287,39.232458,0 -108.272168,39.232218,0 -108.272002,39.231946,0 -108.271737,39.231625,0 -108.271467,39.231362,0 -108.271198,39.231142,0 -108.270897,39.230938,0 -108.270447,39.230697,0 -108.270110,39.230559,0 -108.269766,39.230441,0 -108.269286,39.230306,0 -108.268483,39.230139,0 -108.266564,39.229815,0 -108.265804,39.229631,0 -108.265334,39.229460,0 -108.264746,39.229195,0 -108.263935,39.228770,0 -108.263066,39.228342,0 -108.262594,39.228171,0 -108.262107,39.228015,0 -108.259858,39.227405,0 -108.259447,39.227283,0 -108.258875,39.227067,0 -108.258256,39.226711,0 -108.257957,39.226485,0 -108.257557,39.226086,0 -108.257271,39.225716,0 -108.257094,39.225396,0 -108.256933,39.225058,0 -108.256682,39.224385,0 -108.256380,39.223554,0 -108.256108,39.222735,0 -108.256049,39.222312,0 -108.256045,39.221997,0 -108.256088,39.221444,0 -108.256426,39.217964,0 -108.256480,39.217200,0 -108.256443,39.212022,0 -108.256449,39.211403,0 -108.256506,39.210940,0 -108.256600,39.210620,0 -108.256709,39.210329,0 -108.256933,39.209914,0 -108.257247,39.209493,0 -108.257604,39.209134,0 -108.257968,39.208837,0 -108.258325,39.208610,0 -108.258693,39.208416,0 -108.259085,39.208243,0 -108.259851,39.207969,0 -108.260853,39.207625,0 -108.261440,39.207382,0 -108.261720,39.207236,0 -108.261985,39.207077,0 -108.262470,39.206715,0 -108.262845,39.206388,0 -108.263830,39.205408,0 -108.264648,39.204582,0 -108.265139,39.204034,0 -108.265601,39.203474,0 -108.266502,39.202315,0 -108.267149,39.201413,0 -108.267429,39.200873,0 -108.267542,39.200601,0 -108.267636,39.200327,0 -108.267720,39.200001,0 -108.267788,39.199674,0 -108.267893,39.199020,0 -108.267965,39.198622,0 -108.268061,39.198210,0 -108.268169,39.197903,0 -108.268303,39.197626,0 -108.268429,39.197416,0 -108.268594,39.197196,0 -108.268718,39.197053,0 -108.268913,39.196852,0 -108.269226,39.196593,0 -108.269305,39.196531,0 -108.269764,39.196272,0 -108.270261,39.196053,0 -108.270783,39.195872,0 -108.271410,39.195723,0 -108.271817,39.195692,0 -108.272493,39.195690,0 -108.273655,39.195741,0 -108.274655,39.195794,0 -108.274896,39.195812,0 -108.277371,39.195921,0 -108.277789,39.195930,0 -108.278155,39.195917,0 -108.278502,39.195877,0 -108.279011,39.195790,0 -108.279388,39.195684,0 -108.279716,39.195560,0 -108.279982,39.195436,0 -108.280223,39.195300,0 -108.280487,39.195128,0 -108.280708,39.194946,0 -108.280898,39.194775,0 -108.281071,39.194592,0 -108.281339,39.194233,0 -108.281516,39.193922,0 -108.281644,39.193639,0 -108.281752,39.193292,0 -108.281813,39.192969,0 -108.281836,39.192540,0 -108.281793,39.192132,0 -108.281656,39.191616,0 -108.281385,39.191006,0 -108.281306,39.190827,0 -108.280860,39.189891,0 -108.280788,39.189715,0 -108.280738,39.189593,0 -108.280582,39.189109,0 -108.280520,39.188708,0 -108.280501,39.187869,0 -108.280596,39.184716,0 -108.280637,39.183680,0 -108.280640,39.183595,0 -108.280663,39.183365,0 -108.280705,39.183245,0 -108.280776,39.183032,0 -108.280910,39.182726,0 -108.281088,39.182438,0 -108.281385,39.182064,0 -108.282890,39.180426,0 -108.283392,39.179911,0 -108.283930,39.179417,0 -108.284469,39.178945,0 -108.285023,39.178483,0 -108.285489,39.178118,0 -108.285981,39.177770,0 -108.286927,39.177213,0 -108.287861,39.176707,0 -108.288730,39.176257,0 -108.289621,39.175824,0 -108.291358,39.175002,0 -108.291889,39.174712,0 -108.292373,39.174391,0 -108.292831,39.174013,0 -108.293365,39.173475,0 -108.293602,39.173203,0 -108.294800,39.171738,0 -108.295670,39.170694,0 -108.296493,39.169769,0 -108.297324,39.168901,0 -108.298585,39.167681,0 -108.298975,39.167259,0 -108.299306,39.166840,0 -108.299581,39.166418,0 -108.299830,39.165945,0 -108.300029,39.165487,0 -108.300143,39.165123,0 -108.300234,39.164765,0 -108.300316,39.164347,0 -108.300478,39.162881,0 -108.300866,39.159474,0 -108.301119,39.157149,0 -108.301184,39.156571,0 -108.301315,39.155803,0 -108.301449,39.155316,0 -108.301621,39.154835,0 -108.301870,39.154292,0 -108.302175,39.153755,0 -108.302444,39.153356,0 -108.302742,39.152970,0 -108.303167,39.152498,0 -108.303608,39.152067,0 -108.303998,39.151738,0 -108.304416,39.151425,0 -108.304950,39.151062,0 -108.305499,39.150753,0 -108.305884,39.150555,0 -108.306276,39.150371,0 -108.306677,39.150209,0 -108.307077,39.150059,0 -108.307475,39.149930,0 -108.308281,39.149703,0 -108.310724,39.149089,0 -108.311904,39.148780,0 -108.312478,39.148589,0 -108.312980,39.148373,0 -108.313442,39.148113,0 -108.313867,39.147818,0 -108.314178,39.147553,0 -108.314438,39.147282,0 -108.314624,39.147067,0 -108.314940,39.146599,0 -108.315213,39.145979,0 -108.315333,39.145514,0 -108.315401,39.144990,0 -108.315544,39.143456,0 -108.315577,39.143147,0 -108.315636,39.142464,0 -108.315730,39.141775,0 -108.315859,39.141272,0 -108.316151,39.140548,0 -108.316380,39.140139,0 -108.316562,39.139855,0 -108.316949,39.139346,0 -108.317557,39.138709,0 -108.317924,39.138405,0 -108.318304,39.138117,0 -108.320059,39.136982,0 -108.320513,39.136677,0 -108.320868,39.136395,0 -108.321169,39.136121,0 -108.321438,39.135831,0 -108.321616,39.135600,0 -108.321864,39.135229,0 -108.322066,39.134848,0 -108.322240,39.134423,0 -108.322645,39.133259,0 -108.322728,39.133049,0 -108.322749,39.132998,0 -108.322873,39.132743,0 -108.323102,39.132374,0 -108.323327,39.132086,0 -108.323663,39.131733,0 -108.324541,39.130894,0 -108.324749,39.130651,0 -108.324923,39.130388,0 -108.325056,39.130121,0 -108.325129,39.129891,0 -108.325168,39.129617,0 -108.325175,39.129351,0 -108.325150,39.129094,0 -108.325083,39.128844,0 -108.324975,39.128591,0 -108.324824,39.128339,0 -108.324567,39.127989,0 -108.323813,39.127084,0 -108.323329,39.126479,0 -108.323052,39.126043,0 -108.322860,39.125584,0 -108.322817,39.125431,0 -108.322773,39.125206,0 -108.322745,39.124951,0 -108.322739,39.124757,0 -108.322761,39.124447,0 -108.322804,39.124224,0 -108.322856,39.124024,0 -108.323056,39.123402,0 -108.323538,39.122091,0 -108.323716,39.121655,0 -108.323841,39.121413,0 -108.324011,39.121139,0 -108.324250,39.120845,0 -108.324622,39.120490,0 -108.324920,39.120270,0 -108.325387,39.119985,0 -108.327629,39.118763,0 -108.328287,39.118418,0 -108.328590,39.118282,0 -108.329052,39.118114,0 -108.329560,39.117983,0 -108.330032,39.117917,0 -108.330470,39.117892,0 -108.330806,39.117900,0 -108.331153,39.117932,0 -108.331521,39.117987,0 -108.332283,39.118167,0 -108.334123,39.118658,0 -108.335055,39.118906,0 -108.336566,39.119290,0 -108.337009,39.119379,0 -108.337480,39.119444,0 -108.337857,39.119485,0 -108.338293,39.119508,0 -108.338711,39.119504,0 -108.339121,39.119488,0 -108.339594,39.119443,0 -108.340037,39.119377,0 -108.340657,39.119242,0 -108.340962,39.119161,0 -108.341330,39.119049,0 -108.344158,39.118103,0 -108.344968,39.117842,0 -108.345918,39.117583,0 -108.346537,39.117433,0 -108.347226,39.117289,0 -108.347919,39.117160,0 -108.348694,39.117040,0 -108.349566,39.116936,0 -108.350494,39.116861,0 -108.351785,39.116806,0 -108.352457,39.116806,0 -108.353326,39.116833,0 -108.353975,39.116866,0 -108.354669,39.116931,0 -108.356081,39.117115,0 -108.357071,39.117289,0 -108.358131,39.117526,0 -108.358987,39.117756,0 -108.359412,39.117885,0 -108.360938,39.118402,0 -108.362041,39.118791,0 -108.363807,39.119418,0 -108.364644,39.119705,0 -108.364988,39.119810,0 -108.366094,39.120089,0 -108.366802,39.120212,0 -108.367492,39.120301,0 -108.368455,39.120413,0 -108.368956,39.120465,0 -108.370257,39.120571,0 -108.371087,39.120622,0 -108.372319,39.120679,0 -108.373535,39.120701,0 -108.374301,39.120696,0 -108.375086,39.120664,0 -108.375943,39.120576,0 -108.376678,39.120466,0 -108.377277,39.120346,0 -108.378516,39.120081,0 -108.379835,39.119800,0 -108.382170,39.119307,0 -108.382743,39.119184,0 -108.384095,39.118898,0 -108.387095,39.118263,0 -108.388457,39.117967,0 -108.390138,39.117604,0 -108.391494,39.117288,0 -108.392912,39.116936,0 -108.394513,39.116542,0 -108.397360,39.115842,0 -108.399135,39.115393,0 -108.405822,39.113738,0 -108.407151,39.113414,0 -108.409248,39.112890,0 -108.411646,39.112295,0 -108.415298,39.111392,0 -108.416778,39.111025,0 -108.421874,39.109768,0 -108.422387,39.109644,0 -108.425803,39.108757,0 -108.428358,39.108214,0 -108.429664,39.108002,0 -108.431150,39.107769,0 -108.431879,39.107726,0 -108.433404,39.107665,0 -108.437842,39.107507,0 -108.438349,39.107482,0 -108.438709,39.107451,0 -108.439324,39.107370,0 -108.439584,39.107326,0 -108.439826,39.107285,0 -108.440155,39.107221,0 -108.440469,39.107147,0 -108.440686,39.107096,0 -108.440958,39.107021,0 -108.441233,39.106942,0 -108.441505,39.106851,0 -108.441841,39.106732,0 -108.442212,39.106589,0 -108.442558,39.106434,0 -108.442947,39.106257,0 -108.443456,39.106024,0 -108.444032,39.105771,0 -108.444785,39.105408,0 -108.445268,39.105162,0 -108.445855,39.104910,0 -108.446905,39.104425,0 -108.448530,39.103671,0 -108.449262,39.103337,0 -108.449909,39.103065,0 -108.450301,39.102921,0 -108.450777,39.102779,0 -108.451246,39.102645,0 -108.451733,39.102532,0 -108.452281,39.102420,0 -108.452649,39.102365,0 -108.453044,39.102314,0 -108.453514,39.102277,0 -108.453785,39.102267,0 -108.454392,39.102256,0 -108.454839,39.102264,0 -108.455273,39.102294,0 -108.455840,39.102341,0 -108.456327,39.102410,0 -108.457331,39.102566,0 -108.458658,39.102786,0 -108.461701,39.103325,0 -108.464482,39.103779,0 -108.468198,39.104422,0 -108.471246,39.104960,0 -108.472648,39.105082,0 -108.473946,39.105138,0 -108.475970,39.105157,0 -108.477966,39.105191,0 -108.481711,39.105177,0 -108.483273,39.105199,0 -108.484062,39.105234,0 -108.484837,39.105303,0 -108.486208,39.105471,0 -108.487461,39.105694,0 -108.488059,39.105821,0 -108.488672,39.105964,0 -108.489860,39.106268,0 -108.493130,39.107060,0 -108.494317,39.107351,0 -108.495024,39.107505,0 -108.495519,39.107602,0 -108.496269,39.107725,0 -108.497143,39.107846,0 -108.498340,39.108021,0 -108.498906,39.108091,0 -108.499987,39.108252,0 -108.500728,39.108351,0 -108.501235,39.108424,0 -108.502612,39.108624,0 -108.503258,39.108707,0 -108.503904,39.108761,0 -108.504941,39.108814,0 -108.506205,39.108832,0 -108.507290,39.108794,0 -108.508248,39.108726,0 -108.509621,39.108564,0 -108.512020,39.108165,0 -108.515147,39.107637,0 -108.520981,39.106644,0 -108.523194,39.106259,0 -108.523855,39.106147,0 -108.525859,39.105810,0 -108.529373,39.105224,0 -108.530234,39.105080,0 -108.530602,39.105036,0 -108.530910,39.105008,0 -108.531248,39.104995,0 -108.531582,39.104997,0 -108.531896,39.105012,0 -108.532226,39.105050,0 -108.532525,39.105095,0 -108.532769,39.105141,0 -108.532977,39.105191,0 -108.533383,39.105303,0 -108.533632,39.105383,0 -108.533855,39.105465,0 -108.534126,39.105580,0 -108.534411,39.105714,0 -108.534687,39.105865,0 -108.534923,39.106012,0 -108.535130,39.106150,0 -108.535356,39.106322,0 -108.535586,39.106523,0 -108.535802,39.106730,0 -108.536033,39.106983,0 -108.536296,39.107305,0 -108.536594,39.107702,0 -108.537196,39.108484,0 -108.537862,39.109358,0 -108.538008,39.109548,0 -108.538191,39.109793,0 -108.538406,39.110069,0 -108.538604,39.110321,0 -108.538994,39.110873,0 -108.539579,39.111652,0 -108.539910,39.112087,0 -108.540842,39.113256,0 -108.541013,39.113464,0 -108.541146,39.113619,0 -108.541269,39.113753,0 -108.541406,39.113898,0 -108.541529,39.114014,0 -108.541669,39.114138,0 -108.541814,39.114256,0 -108.541932,39.114350,0 -108.542088,39.114463,0 -108.542305,39.114607,0 -108.542446,39.114695,0 -108.542552,39.114761,0 -108.542702,39.114839,0 -108.542830,39.114905,0 -108.542961,39.114966,0 -108.543106,39.115035,0 -108.543265,39.115102,0 -108.543433,39.115166,0 -108.543597,39.115229,0 -108.543748,39.115279,0 -108.543876,39.115320,0 -108.544041,39.115368,0 -108.544210,39.115412,0 -108.544406,39.115457,0 -108.544542,39.115484,0 -108.544700,39.115515,0 -108.544874,39.115544,0 -108.545055,39.115571,0 -108.545276,39.115598,0 -108.545520,39.115621,0 -108.545728,39.115635,0 -108.545910,39.115644,0 -108.546108,39.115653,0 -108.546285,39.115658,0 -108.546543,39.115666,0 -108.548620,39.115703,0 -108.549687,39.115725,0 -108.551432,39.115761,0 -108.552645,39.115790,0 -108.556684,39.115920,0 -108.559931,39.115885,0 -108.560613,39.115789,0 -108.561238,39.115647,0 -108.562913,39.115169,0 -108.563749,39.114956,0 -108.564595,39.114824,0 -108.565066,39.114754,0 -108.565536,39.114716,0 -108.566482,39.114688,0 -108.571721,39.114791,0 -108.573008,39.114816,0 -108.573643,39.114813,0 -108.574245,39.114792,0 -108.575058,39.114705,0 -108.576054,39.114532,0 -108.577178,39.114313,0 -108.578322,39.114103,0 -108.578588,39.114079,0 -108.579084,39.114032,0 -108.579522,39.114005,0 -108.579992,39.113990,0 -108.588120,39.113920,0 -108.589451,39.113915,0 -108.601456,39.113961,0 -108.603328,39.113970,0 -108.612961,39.114005,0 -108.631496,39.114076,0 -108.634777,39.114087,0 -108.635787,39.114072,0 -108.636529,39.114034,0 -108.637566,39.113946,0 -108.638324,39.113855,0 -108.638805,39.113784,0 -108.639549,39.113656,0 -108.640260,39.113514,0 -108.640664,39.113425,0 -108.641474,39.113220,0 -108.642068,39.113051,0 -108.642679,39.112861,0 -108.643454,39.112591,0 -108.644001,39.112386,0 -108.644553,39.112165,0 -108.645804,39.111671,0 -108.647351,39.111063,0 -108.648144,39.110746,0 -108.648774,39.110534,0 -108.649212,39.110359,0 -108.649615,39.110213,0 -108.650049,39.110067,0 -108.650696,39.109883,0 -108.651197,39.109769,0 -108.651579,39.109694,0 -108.651942,39.109633,0 -108.652318,39.109588,0 -108.652741,39.109549,0 -108.653438,39.109514,0 -108.653793,39.109510,0 -108.654311,39.109525,0 -108.654539,39.109536,0 -108.655173,39.109588,0 -108.655510,39.109631,0 -108.655846,39.109683,0 -108.656187,39.109746,0 -108.656756,39.109871,0 -108.657301,39.110019,0 -108.657631,39.110120,0 -108.657959,39.110233,0 -108.658446,39.110418,0 -108.658824,39.110581,0 -108.659100,39.110715,0 -108.659586,39.110969,0 -108.660129,39.111289,0 -108.660399,39.111462,0 -108.660998,39.111919,0 -108.661373,39.112235,0 -108.664335,39.115025,0 -108.664695,39.115338,0 -108.665180,39.115726,0 -108.665652,39.116064,0 -108.666141,39.116387,0 -108.666576,39.116649,0 -108.667069,39.116922,0 -108.667543,39.117154,0 -108.668011,39.117372,0 -108.668682,39.117662,0 -108.668917,39.117738,0 -108.670148,39.118264,0 -108.671906,39.119024,0 -108.673353,39.119660,0 -108.674279,39.120098,0 -108.675142,39.120542,0 -108.675982,39.121005,0 -108.676878,39.121553,0 -108.677606,39.122046,0 -108.678322,39.122552,0 -108.679045,39.123114,0 -108.679865,39.123772,0 -108.680337,39.124206,0 -108.681007,39.124868,0 -108.681528,39.125411,0 -108.682059,39.125999,0 -108.682561,39.126590,0 -108.683168,39.127376,0 -108.683537,39.127863,0 -108.683997,39.128366,0 -108.684551,39.128929,0 -108.684922,39.129233,0 -108.685279,39.129513,0 -108.685791,39.129862,0 -108.686514,39.130294,0 -108.687249,39.130672,0 -108.689479,39.131810,0 -108.691680,39.132939,0 -108.695061,39.134661,0 -108.697476,39.135901,0 -108.697739,39.136045,0 -108.698953,39.136659,0 -108.700472,39.137467,0 -108.701565,39.138028,0 -108.704712,39.139614,0 -108.710562,39.142611,0 -108.713583,39.144153,0 -108.719378,39.147131,0 -108.721362,39.148158,0 -108.723441,39.149221,0 -108.727878,39.151487,0 -108.728820,39.151974,0 -108.729460,39.152307,0 -108.731081,39.153132,0 -108.731833,39.153506,0 -108.732683,39.153887,0 -108.733624,39.154283,0 -108.734794,39.154713,0 -108.735997,39.155120,0 -108.737660,39.155590,0 -108.740322,39.156203,0 -108.743351,39.156901,0 -108.743818,39.157012,0 -108.745561,39.157415,0 -108.745973,39.157511,0 -108.747364,39.157856,0 -108.748810,39.158182,0 -108.750766,39.158623,0 -108.752884,39.159121,0 -108.753289,39.159210,0 -108.756612,39.159966,0 -108.757085,39.160079,0 -108.759218,39.160589,0 -108.761802,39.161107,0 -108.764299,39.161464,0 -108.765616,39.161655,0 -108.766819,39.161807,0 -108.769274,39.162210,0 -108.775113,39.163061,0 -108.776032,39.163218,0 -108.776833,39.163397,0 -108.779516,39.163992,0 -108.782713,39.164918,0 -108.784808,39.165670,0 -108.785704,39.166022,0 -108.786372,39.166325,0 -108.787560,39.166833,0 -108.787676,39.166882,0 -108.789517,39.167798,0 -108.791082,39.168676,0 -108.792303,39.169362,0 -108.794642,39.171000,0 -108.796733,39.172660,0 -108.799673,39.175165,0 -108.800303,39.175599,0 -108.800582,39.175766,0 -108.802379,39.176689,0 -108.803219,39.177009,0 -108.803882,39.177234,0 -108.804524,39.177421,0 -108.805532,39.177654,0 -108.806565,39.177828,0 -108.807713,39.177947,0 -108.808953,39.178034,0 -108.809167,39.178044,0 -108.812297,39.178296,0 -108.813512,39.178367,0 -108.814330,39.178426,0 -108.816802,39.178604,0 -108.817217,39.178633,0 -108.818772,39.178745,0 -108.819167,39.178779,0 -108.819306,39.178792,0 -108.819563,39.178814,0 -108.820358,39.178882,0 -108.821145,39.178999,0 -108.821914,39.179135,0 -108.822285,39.179235,0 -108.823689,39.179713,0 -108.824856,39.180337,0 -108.826151,39.181091,0 -108.829444,39.183698,0 -108.830080,39.184224,0 -108.831243,39.185186,0 -108.832266,39.186032,0 -108.840617,39.192787,0 -108.842087,39.193828,0 -108.845895,39.196885,0 -108.847727,39.198392,0 -108.855069,39.204263,0 -108.858303,39.206812,0 -108.863661,39.211108,0 -108.864329,39.211624,0 -108.867701,39.214306,0 -108.868090,39.214606,0 -108.868422,39.214801,0 -108.869266,39.215379,0 -108.869643,39.215637,0 -108.871735,39.216473,0 -108.872383,39.216684,0 -108.874826,39.217391,0 -108.875901,39.217714,0 -108.877541,39.218197,0 -108.878318,39.218451,0 -108.884000,39.220616,0 -108.888403,39.222440,0 -108.889921,39.222982,0 -108.890989,39.223398,0 -108.892988,39.224244,0 -108.894241,39.224695,0 -108.894823,39.225007,0 -108.896334,39.225970,0 -108.898239,39.227403,0 -108.901171,39.229902,0 -108.902686,39.231117,0 -108.903979,39.231951,0 -108.905488,39.232513,0 -108.907135,39.232925,0 -108.908517,39.233049,0 -108.910036,39.232931,0 -108.911224,39.232693,0 -108.912140,39.232374,0 -108.916274,39.230668,0 -108.916458,39.230608,0 -108.920771,39.229185,0 -108.923809,39.228340,0 -108.927193,39.227456,0 -108.930433,39.226550,0 -108.931088,39.226395,0 -108.934079,39.225690,0 -108.934104,39.225684,0 -108.939594,39.224253,0 -108.942321,39.223627,0 -108.942753,39.223543,0 -108.946397,39.222892,0 -108.948804,39.222713,0 -108.950108,39.222565,0 -108.951627,39.222390,0 -108.952630,39.222228,0 -108.954064,39.222092,0 -108.955614,39.221803,0 -108.957192,39.221404,0 -108.958736,39.220719,0 -108.960048,39.219830,0 -108.961187,39.218827,0 -108.962863,39.217061,0 -108.963382,39.216507,0 -108.964386,39.215451,0 -108.965146,39.214644,0 -108.965793,39.213966,0 -108.966249,39.213496,0 -108.966719,39.213047,0 -108.967148,39.212685,0 -108.967618,39.212320,0 -108.968035,39.212052,0 -108.968610,39.211707,0 -108.968939,39.211534,0 -108.969512,39.211261,0 -108.969876,39.211118,0 -108.970387,39.210935,0 -108.971492,39.210606,0 -108.974085,39.209946,0 -108.975137,39.209678,0 -108.976747,39.209266,0 -108.978019,39.208951,0 -108.979298,39.208586,0 -108.980057,39.208331,0 -108.980600,39.208121,0 -108.981552,39.207690,0 -108.982111,39.207400,0 -108.983218,39.206715,0 -108.983643,39.206418,0 -108.984766,39.205521,0 -108.985943,39.204552,0 -108.987340,39.203469,0 -108.988035,39.203001,0 -108.988602,39.202648,0 -108.990002,39.201869,0 -108.991364,39.201156,0 -108.992973,39.200320,0 -108.993665,39.199944,0 -108.993865,39.199841,0 -108.994492,39.199513,0 -108.995445,39.199012,0 -108.997944,39.197706,0 -109.000415,39.196411,0 -109.001158,39.196019,0 -109.001698,39.195730,0 -109.002300,39.195416,0 -109.003285,39.194899,0 -109.003911,39.194578,0 -109.004355,39.194350,0 -109.005677,39.193747,0 -109.006191,39.193544,0 -109.007254,39.193142,0 -109.007847,39.192953,0 -109.008489,39.192760,0 -109.009478,39.192504,0 -109.010020,39.192392,0 -109.011367,39.192133,0 -109.012982,39.191917,0 -109.015359,39.191652,0 -109.016813,39.191496,0 -109.018344,39.191329,0 -109.020841,39.191047,0 -109.022141,39.190898,0 -109.024672,39.190455,0 -109.025854,39.190176,0 -109.027272,39.189806,0 -109.028597,39.189430,0 -109.029558,39.189140,0 -109.032526,39.188443,0 -109.033925,39.188332,0 -109.034967,39.188389,0 -109.036013,39.188566,0 -109.037206,39.188936,0 -109.038205,39.189279,0 -109.040855,39.190345,0 -109.042343,39.190944,0 -109.044532,39.191707,0 -109.046354,39.192418,0 -109.049076,39.193481,0 -109.049808,39.193761,0 -109.050554,39.194013,0 -109.050959,39.194141,0 -109.051488,39.194293,0 -109.052288,39.194509,0 -109.053119,39.194697,0 -109.053958,39.194867,0 -109.054900,39.195035,0 -109.056430,39.195242,0 -109.057373,39.195329,0 -109.058409,39.195397,0 -109.059589,39.195442,0 -109.061035,39.195439,0 -109.061983,39.195406,0 -109.063036,39.195329,0 -109.063900,39.195254,0 -109.064574,39.195177,0 -109.065369,39.195059,0 -109.066136,39.194939,0 -109.066813,39.194813,0 -109.067815,39.194603,0 -109.068856,39.194349,0 -109.069397,39.194199,0 -109.070527,39.193867,0 -109.072188,39.193356,0 -109.075175,39.192460,0 -109.076410,39.192079,0 -109.077103,39.191865,0 -109.079614,39.191171,0 -109.080913,39.190919,0 -109.082015,39.190769,0 -109.083183,39.190635,0 -109.084733,39.190565,0 -109.088765,39.190580,0 -109.091225,39.190563,0 -109.093034,39.190504,0 -109.093984,39.190414,0 -109.098145,39.189994,0 -109.100420,39.189770,0 -109.100975,39.189745,0 -109.102542,39.189674,0 -109.105437,39.189660,0 -109.107946,39.189714,0 -109.109303,39.189658,0 -109.110417,39.189537,0 -109.110941,39.189437,0 -109.111117,39.189394,0 -109.111706,39.189226,0 -109.112773,39.188868,0 -109.113456,39.188579,0 -109.113915,39.188352,0 -109.114284,39.188147,0 -109.114816,39.187793,0 -109.115751,39.187075,0 -109.117401,39.185525,0 -109.121236,39.181416,0 -109.123153,39.179309,0 -109.123408,39.179032,0 -109.124557,39.177779,0 -109.125323,39.177001,0 -109.126139,39.176114,0 -109.127656,39.174581,0 -109.128066,39.174170,0 -109.128428,39.173774,0 -109.129490,39.172717,0 -109.130061,39.172163,0 -109.130693,39.171566,0 -109.131519,39.170807,0 -109.131976,39.170391,0 -109.133067,39.169438,0 -109.134274,39.168432,0 -109.134960,39.167876,0 -109.136131,39.166927,0 -109.137634,39.165615,0 -109.138034,39.165252,0 -109.138441,39.164871,0 -109.139605,39.163699,0 -109.140112,39.163144,0 -109.140851,39.162315,0 -109.141373,39.161684,0 -109.141776,39.161160,0 -109.142391,39.160325,0 -109.142903,39.159586,0 -109.144082,39.157812,0 -109.144761,39.156802,0 -109.145064,39.156353,0 -109.145792,39.155231,0 -109.147389,39.152809,0 -109.148890,39.150522,0 -109.150665,39.147899,0 -109.153801,39.143098,0 -109.156031,39.139746,0 -109.158906,39.135512,0 -109.162227,39.131346,0 -109.165493,39.127821,0 -109.168102,39.125260,0 -109.168131,39.125232,0 -109.170686,39.123136,0 -109.171199,39.122718,0 -109.175144,39.119753,0 -109.176249,39.118947,0 -109.179047,39.117127,0 -109.180972,39.115838,0 -109.181677,39.115380,0 -109.183527,39.114122,0 -109.184294,39.113587,0 -109.184732,39.113298,0 -109.189153,39.110246,0 -109.190519,39.109159,0 -109.190737,39.108985,0 -109.192333,39.107716,0 -109.197460,39.103673,0 -109.199450,39.102104,0 -109.199456,39.102100,0 -109.199530,39.102041,0 -109.201325,39.100612,0 -109.204166,39.098387,0 -109.204239,39.098330,0 -109.208831,39.094733,0 -109.215181,39.089820,0 -109.218718,39.087016,0 -109.225747,39.081607,0 -109.225934,39.081463,0 -109.226218,39.081238,0 -109.228653,39.079314,0 -109.229318,39.078809,0 -109.230761,39.077713,0 -109.233680,39.075480,0 -109.239838,39.070768,0 -109.242696,39.068729,0 -109.249440,39.064109,0 -109.250908,39.062903,0 -109.255824,39.059133,0 -109.261006,39.055112,0 -109.268380,39.049412,0 -109.270916,39.047468,0 -109.276312,39.043323,0 -109.277554,39.042369,0 -109.277977,39.042022,0 -109.278308,39.041775,0 -109.279126,39.041128,0 -109.280449,39.040124,0 -109.281202,39.039466,0 -109.281591,39.039146,0 -109.282144,39.038745,0 -109.283261,39.037762,0 -109.283733,39.037354,0 -109.284467,39.036736,0 -109.284845,39.036382,0 -109.285223,39.036033,0 -109.286047,39.035203,0 -109.287245,39.034064,0 -109.288215,39.033025,0 -109.288778,39.032418,0 -109.289852,39.031205,0 -109.296571,39.023614,0 -109.301038,39.018651,0 -109.303709,39.015671,0 -109.306811,39.012118,0 -109.309021,39.009802,0 -109.311050,39.007864,0 -109.314953,39.004561,0 -109.317368,39.002753,0 -109.321351,38.999985,0 -109.322887,38.999049,0 -109.324459,38.998102,0 -109.324554,38.998044,0 -109.326305,38.996929,0 -109.329551,38.994784,0 -109.331072,38.993655,0 -109.332780,38.992344,0 -109.335244,38.990333,0 -109.341043,38.985140,0 -109.343143,38.983448,0 -109.344233,38.982611,0 -109.345739,38.981492,0 -109.348523,38.979649,0 -109.352061,38.977443,0 -109.352991,38.976914,0 -109.353607,38.976586,0 -109.356337,38.975104,0 -109.360132,38.973276,0 -109.361535,38.972615,0 -109.362956,38.971948,0 -109.364742,38.971045,0 -109.366503,38.970121,0 -109.367722,38.969411,0 -109.370337,38.967826,0 -109.371911,38.966846,0 -109.372729,38.966308,0 -109.374600,38.965057,0 -109.376644,38.963615,0 -109.378270,38.962405,0 -109.382543,38.959183,0 -109.383667,38.958252,0 -109.384522,38.957585,0 -109.385309,38.956928,0 -109.387333,38.955278,0 -109.387777,38.954889,0 -109.390126,38.952864,0 -109.392188,38.950987,0 -109.395007,38.948337,0 -109.396201,38.947185,0 -109.396399,38.946988,0 -109.396578,38.946809,0 -109.399737,38.943871,0 -109.401288,38.942579,0 -109.402760,38.941530,0 -109.403243,38.941196,0 -109.403824,38.940813,0 -109.404372,38.940504,0 -109.406040,38.939508,0 -109.408142,38.938359,0 -109.409428,38.937742,0 -109.411481,38.936821,0 -109.411832,38.936655,0 -109.412638,38.936329,0 -109.413192,38.936131,0 -109.414555,38.935628,0 -109.417040,38.934861,0 -109.420232,38.934135,0 -109.424317,38.933491,0 -109.426303,38.933265,0 -109.427586,38.933168,0 -109.428850,38.933099,0 -109.432168,38.932966,0 -109.435274,38.933149,0 -109.458158,38.935549,0 -109.474830,38.937215,0 -109.484419,38.938164,0 -109.485996,38.938333,0 -109.500616,38.939843,0 -109.510574,38.940859,0 -109.521127,38.941993,0 -109.522322,38.942086,0 -109.523882,38.942207,0 -109.524584,38.942261,0 -109.527368,38.942476,0 -109.530357,38.942545,0 -109.540018,38.942696,0 -109.550451,38.942696,0 -109.561771,38.942695,0 -109.564789,38.942710,0 -109.571880,38.942664,0 -109.594121,38.942798,0 -109.601790,38.942806,0 -109.603760,38.942808,0 -109.608045,38.942812,0 -109.611464,38.942817,0 -109.612732,38.942836,0 -109.614287,38.942854,0 -109.615752,38.942824,0 -109.617241,38.942826,0 -109.619436,38.942827,0 -109.622411,38.942827,0 -109.622729,38.942838,0 -109.625678,38.942875,0 -109.625924,38.942873,0 -109.630001,38.942841,0 -109.633578,38.942940,0 -109.636007,38.943231,0 -109.643931,38.944596,0 -109.650397,38.945624,0 -109.673231,38.949526,0 -109.676101,38.949974,0 -109.678788,38.950324,0 -109.680170,38.950447,0 -109.682983,38.950613,0 -109.685842,38.950656,0 -109.687268,38.950740,0 -109.688701,38.950858,0 -109.691189,38.951171,0 -109.691377,38.951199,0 -109.692088,38.951305,0 -109.694743,38.951793,0 -109.698387,38.952824,0 -109.700233,38.953448,0 -109.702649,38.954346,0 -109.704563,38.955224,0 -109.707481,38.956761,0 -109.712409,38.959944,0 -109.713580,38.960603,0 -109.714726,38.961106,0 -109.715661,38.961427,0 -109.716115,38.961590,0 -109.716590,38.961747,0 -109.718007,38.961997,0 -109.718918,38.962122,0 -109.720186,38.962216,0 -109.721381,38.962231,0 -109.722056,38.962211,0 -109.722531,38.962158,0 -109.724913,38.961764,0 -109.728398,38.961047,0 -109.731552,38.960366,0 -109.732220,38.960236,0 -109.735677,38.959445,0 -109.738925,38.958757,0 -109.740531,38.958413,0 -109.742869,38.957895,0 -109.743621,38.957708,0 -109.746575,38.956973,0 -109.747454,38.956829,0 -109.753068,38.955596,0 -109.762095,38.953604,0 -109.765434,38.952926,0 -109.769040,38.952194,0 -109.792305,38.946995,0 -109.801289,38.944982,0 -109.803585,38.944509,0 -109.806185,38.944121,0 -109.810983,38.943433,0 -109.811074,38.943428,0 -109.811598,38.943396,0 -109.812833,38.943321,0 -109.813338,38.943272,0 -109.813767,38.943235,0 -109.814204,38.943211,0 -109.815080,38.943195,0 -109.815458,38.943179,0 -109.815852,38.943155,0 -109.816552,38.943058,0 -109.816766,38.943032,0 -109.816462,38.941791,0 -109.816373,38.941009,0 -109.816354,38.940615,0 -109.815984,38.934077,0 -109.815630,38.927822,0 -109.815462,38.924921,0 -109.815330,38.922735,0 -109.815059,38.917401,0 -109.814918,38.915083,0 -109.814411,38.905906,0 -109.814270,38.903564,0 -109.813854,38.895560,0 -109.813662,38.892596,0 -109.813415,38.888214,0 -109.813018,38.881234,0 -109.812827,38.878960,0 -109.812697,38.878008,0 -109.812490,38.876868,0 -109.812257,38.875655,0 -109.812110,38.874973,0 -109.811791,38.873774,0 -109.811398,38.872461,0 -109.810716,38.870412,0 -109.809963,38.868510,0 -109.809390,38.867265,0 -109.808016,38.864366,0 -109.807816,38.863939,0 -109.805776,38.859675,0 -109.803717,38.855403,0 -109.803133,38.854317,0 -109.802418,38.853051,0 -109.801753,38.851969,0 -109.800989,38.850758,0 -109.800347,38.849840,0 -109.799264,38.848339,0 -109.797318,38.845765,0 -109.794739,38.842334,0 -109.791993,38.838659,0 -109.790807,38.837098,0 -109.790783,38.837065,0 -109.786856,38.831816,0 -109.782240,38.825669,0 -109.781585,38.824783,0 -109.781511,38.824683,0 -109.780463,38.823273,0 -109.778721,38.820946,0 -109.776885,38.818480,0 -109.772857,38.813150,0 -109.771687,38.811602,0 -109.769059,38.808076,0 -109.764473,38.801934,0 -109.763759,38.800987,0 -109.763118,38.800139,0 -109.760497,38.796679,0 -109.758430,38.793709,0 -109.758021,38.793059,0 -109.757441,38.792086,0 -109.757231,38.791704,0 -109.756799,38.790921,0 -109.755865,38.789125,0 -109.754376,38.786104,0 -109.752605,38.782507,0 -109.750636,38.778508,0 -109.749725,38.776658,0 -109.748847,38.774826,0 -109.747733,38.772456,0 -109.744690,38.766089,0 -109.742657,38.761874,0 -109.741995,38.760379,0 -109.741393,38.758874,0 -109.741199,38.758269,0 -109.740232,38.755218,0 -109.740138,38.754908,0 -109.738889,38.750904,0 -109.738595,38.749961,0 -109.738121,38.748427,0 -109.737739,38.747196,0 -109.737158,38.745508,0 -109.736877,38.744832,0 -109.736585,38.744154,0 -109.735530,38.742264,0 -109.735289,38.741912,0 -109.734359,38.740684,0 -109.729996,38.734906,0 -109.728752,38.733244,0 -109.728257,38.732658,0 -109.727559,38.731881,0 -109.725882,38.730328,0 -109.725001,38.729568,0 -109.723858,38.728582,0 -109.723193,38.727996,0 -109.722329,38.727192,0 -109.720648,38.725734,0 -109.719512,38.724748,0 -109.718689,38.724064,0 -109.718409,38.723875,0 -109.717646,38.723359,0 -109.716185,38.722448,0 -109.709235,38.718342,0 -109.708273,38.717779,0 -109.707650,38.717340,0 -109.707159,38.716956,0 -109.706677,38.716547,0 -109.706377,38.716279,0 -109.705999,38.715911,0 -109.705332,38.715123,0 -109.704863,38.714448,0 -109.704453,38.713777,0 -109.704194,38.713227,0 -109.703966,38.712633,0 -109.703753,38.711974,0 -109.703451,38.711064,0 -109.702381,38.707710,0 -109.701445,38.704934,0 -109.700921,38.703250,0 -109.700138,38.700822,0 -109.698798,38.696669,0 -109.698582,38.695959,0 -109.697465,38.692581,0 -109.695795,38.687258,0 -109.695689,38.686937,0 -109.695250,38.685596,0 -109.694900,38.684717,0 -109.694528,38.683953,0 -109.694166,38.683273,0 -109.693716,38.682532,0 -109.693075,38.681637,0 -109.692703,38.681144,0 -109.692380,38.680681,0 -109.691728,38.679786,0 -109.691701,38.679748,0 -109.690928,38.678694,0 -109.688921,38.675952,0 -109.688466,38.675374,0 -109.687778,38.674435,0 -109.687351,38.673846,0 -109.687287,38.673757,0 -109.687005,38.673357,0 -109.686388,38.672507,0 -109.686062,38.672001,0 -109.685897,38.671748,0 -109.685646,38.671337,0 -109.685415,38.670953,0 -109.685109,38.670436,0 -109.684818,38.669950,0 -109.684313,38.669067,0 -109.683585,38.667824,0 -109.682813,38.666487,0 -109.680802,38.662987,0 -109.680755,38.662904,0 -109.679179,38.660162,0 -109.676854,38.656153,0 -109.676374,38.655357,0 -109.674354,38.652041,0 -109.673286,38.650389,0 -109.673251,38.650335,0 -109.672624,38.649162,0 -109.671664,38.647627,0 -109.669014,38.643258,0 -109.668230,38.641960,0 -109.667854,38.641399,0 -109.667416,38.640844,0 -109.665379,38.638481,0 -109.664116,38.636971,0 -109.663256,38.635943,0 -109.662333,38.634968,0 -109.661958,38.634592,0 -109.661443,38.634122,0 -109.661004,38.633744,0 -109.660399,38.633263,0 -109.659415,38.632531,0 -109.658005,38.631536,0 -109.655204,38.629551,0 -109.654268,38.628869,0 -109.653884,38.628607,0 -109.652412,38.627558,0 -109.651149,38.626663,0 -109.650983,38.626543,0 -109.649213,38.625266,0 -109.647593,38.624150,0 -109.646414,38.623384,0 -109.645756,38.622981,0 -109.644651,38.622352,0 -109.643626,38.621790,0 -109.641792,38.620937,0 -109.641401,38.620750,0 -109.640543,38.620324,0 -109.639795,38.619986,0 -109.639586,38.619891,0 -109.638756,38.619538,0 -109.638581,38.619463,0 -109.637013,38.618776,0 -109.636287,38.618448,0 -109.635963,38.618308,0 -109.634812,38.617810,0 -109.633799,38.617349,0 -109.633032,38.617013,0 -109.632243,38.616666,0 -109.631692,38.616416,0 -109.629237,38.615324,0 -109.628353,38.614925,0 -109.626365,38.614050,0 -109.626003,38.613906,0 -109.625779,38.613828,0 -109.625604,38.613772,0 -109.625421,38.613723,0 -109.625217,38.613682,0 -109.625025,38.613646,0 -109.624827,38.613614,0 -109.624592,38.613592,0 -109.624454,38.613586,0 -109.624246,38.613582,0 -109.624005,38.613580,0 -109.623741,38.613590,0 -109.623412,38.613625,0 -109.623113,38.613679,0 -109.622811,38.613755,0 -109.622541,38.613827,0 -109.622284,38.613915,0 -109.622012,38.614020,0 -109.621655,38.614157,0 -109.621048,38.614389,0 -109.620468,38.614635,0 -109.620168,38.614759,0 -109.619613,38.614977,0 -109.619340,38.615078,0 -109.619090,38.615162,0 -109.618846,38.615237,0 -109.618591,38.615296,0 -109.618246,38.615364,0 -109.617851,38.615426,0 -109.617539,38.615467,0 -109.617116,38.615495,0 -109.616746,38.615500,0 -109.616334,38.615498,0 -109.615896,38.615472,0 -109.615507,38.615432,0 -109.615276,38.615400,0 -109.615048,38.615360,0 -109.614847,38.615324,0 -109.614666,38.615279,0 -109.614512,38.615236,0 -109.614364,38.615192,0 -109.614177,38.615130,0 -109.613920,38.615043,0 -109.613554,38.614911,0 -109.613340,38.614822,0 -109.613135,38.614732,0 -109.612975,38.614649,0 -109.612821,38.614562,0 -109.612642,38.614461,0 -109.612465,38.614352,0 -109.612294,38.614253,0 -109.612113,38.614114,0 -109.612048,38.614064,0 -109.611742,38.613827,0 -109.611542,38.613671,0 -109.611126,38.613346,0 -109.610083,38.612475,0 -109.609643,38.612141,0 -109.608581,38.611285,0 -109.608402,38.611140,0 -109.608390,38.611026,0 -109.608350,38.610995,0 -109.608034,38.610744,0 -109.607901,38.610737,0 -109.607459,38.610379,0 -109.607270,38.610226,0 -109.606943,38.609961,0 -109.606249,38.609398,0 -109.605871,38.609089,0 -109.605065,38.608397,0 -109.604811,38.608192,0 -109.604427,38.607850,0 -109.604037,38.607536,0 -109.603395,38.607030,0 -109.602865,38.606615,0 -109.602508,38.606373,0 -109.602159,38.606155,0 -109.601670,38.605901,0 -109.601387,38.605769,0 -109.601133,38.605667,0 -109.600899,38.605568,0 -109.600632,38.605476,0 -109.600406,38.605405,0 -109.600046,38.605308,0 -109.599740,38.605230,0 -109.599458,38.605174,0 -109.599183,38.605113,0 -109.598784,38.605064,0 -109.598386,38.605025,0 -109.598049,38.605012,0 -109.597749,38.604999,0 -109.597408,38.604998,0 -109.597117,38.605008,0 -109.596810,38.605024,0 -109.596365,38.605073,0 -109.595411,38.605229,0 -109.594414,38.605369,0 -109.593257,38.605546,0 -109.591598,38.605798,0 -109.591005,38.605884,0 -109.590379,38.605960,0 -109.589352,38.606123,0 -109.588692,38.606225,0 -109.588046,38.606330,0 -109.587865,38.606357,0 -109.587478,38.606415,0 -109.587083,38.606466,0 -109.586881,38.606493,0 -109.586645,38.606517,0 -109.586440,38.606539,0 -109.585841,38.606575,0 -109.585198,38.606596,0 -109.584799,38.606611,0 -109.584384,38.606616,0 -109.584094,38.606625,0 -109.583284,38.606656,0 -109.582691,38.606665,0 -109.582445,38.606670,0 -109.582193,38.606669,0 -109.581976,38.606658,0 -109.581714,38.606621,0 -109.581500,38.606584,0 -109.581208,38.606497,0 -109.580984,38.606414,0 -109.580635,38.606282,0 -109.580333,38.606135,0 -109.580029,38.605927,0 -109.579984,38.605840,0 -109.579817,38.605642,0 -109.579273,38.605096,0 -109.576949,38.602708,0 -109.576468,38.602198,0 -109.576333,38.602120,0 -109.575778,38.601570,0 -109.575303,38.601043,0 -109.575218,38.600962,0 -109.575187,38.600933,0 -109.575110,38.600855,0 -109.574582,38.600346,0 -109.574373,38.600116,0 -109.574003,38.599734,0 -109.573413,38.599108,0 -109.573099,38.598775,0 -109.572873,38.598544,0 -109.572628,38.598292,0 -109.572342,38.598025,0 -109.572027,38.597772,0 -109.571765,38.597573,0 -109.569897,38.596258,0 -109.568666,38.595391,0 -109.568558,38.595318,0 -109.567071,38.594262,0 -109.565855,38.593409,0 -109.565198,38.592950,0 -109.564900,38.592729,0 -109.564495,38.592410,0 -109.564333,38.592254,0 -109.564053,38.591989,0 -109.563199,38.591117,0 -109.562829,38.590729,0 -109.562797,38.590695,0 -109.562521,38.590377,0 -109.562455,38.590301,0 -109.562235,38.590079,0 -109.562015,38.589856,0 -109.561804,38.589620,0 -109.561172,38.589077,0 -109.561063,38.588981,0 -109.560787,38.588767,0 -109.560668,38.588671,0 -109.560429,38.588479,0 -109.560281,38.588360,0 -109.560097,38.588213,0 -109.559633,38.587840,0 -109.559480,38.587717,0 -109.558909,38.587259,0 -109.558812,38.587181,0 -109.558636,38.587039,0 -109.557137,38.585841,0 -109.555338,38.584409,0 -109.554880,38.584050,0 -109.554420,38.583673,0 -109.553577,38.582990,0 -109.552990,38.582512,0 -109.552881,38.582423,0 -109.552820,38.582373,0 -109.552636,38.582208,0 -109.552459,38.582038,0 -109.552290,38.581863,0 -109.552077,38.581631,0 -109.551877,38.581375,0 -109.551736,38.581182,0 -109.551603,38.580985,0 -109.551480,38.580785,0 -109.551365,38.580581,0 -109.551358,38.580568,0 -109.551267,38.580390,0 -109.551221,38.580296,0 -109.551177,38.580196,0 -109.551152,38.580135,0 -109.551102,38.580016,0 -109.551033,38.579835,0 -109.550972,38.579652,0 -109.550963,38.579626,0 -109.550917,38.579468,0 -109.550872,38.579273,0 -109.550820,38.579049,0 -109.550793,38.578885,0 -109.550782,38.578819,0 -109.550756,38.578588,0 -109.550740,38.578357,0 -109.550734,38.578125,0 -109.550739,38.577761,0 -109.550741,38.577314,0 -109.550742,38.576991,0 -109.550743,38.576812,0 -109.550742,38.576771,0 -109.550746,38.576470,0 -109.550745,38.576375,0 -109.550746,38.576259,0 -109.550747,38.576158,0 -109.550751,38.575976,0 -109.550762,38.575240,0 -109.550766,38.574941,0 -109.550768,38.574823,0 -109.550769,38.574725,0 -109.550773,38.574429,0 -109.550784,38.573697,0 -109.550787,38.573409,0 -109.550788,38.573272,0 -109.550642,38.573205,0 -109.549916,38.573209,0 -109.549723,38.573209,0 -109.549717,38.573250,0 -109.549726,38.573307,0</coordinates>
        </LineString>
      </Placemark>
      <Placemark>
        <name>Day 7</name>
        <description>Moab, UT to Torrey, UT</description>
        <LineString>
          <tessellate>1</tessellate>
          <coordinates>-109.549726,38.573307,0 -109.549728,38.573323,0 -109.549768,38.573363,0 -109.550241,38.573368,0 -109.550509,38.573368,0 -109.550638,38.573368,0 -109.550788,38.573272,0 -109.550787,38.573409,0 -109.550784,38.573697,0 -109.550773,38.574429,0 -109.550769,38.574725,0 -109.550768,38.574823,0 -109.550766,38.574941,0 -109.550762,38.575240,0 -109.550751,38.575976,0 -109.550747,38.576158,0 -109.550746,38.576259,0 -109.550745,38.576375,0 -109.550746,38.576470,0 -109.550742,38.576771,0 -109.550743,38.576812,0 -109.550742,38.576991,0 -109.550741,38.577314,0 -109.550739,38.577761,0 -109.550734,38.578125,0 -109.550740,38.578357,0 -109.550756,38.578588,0 -109.550782,38.578819,0 -109.550793,38.578885,0 -109.550820,38.579049,0 -109.550872,38.579273,0 -109.550917,38.579468,0 -109.550963,38.579626,0 -109.550972,38.579652,0 -109.551033,38.579835,0 -109.551102,38.580016,0 -109.551152,38.580135,0 -109.551177,38.580196,0 -109.551221,38.580296,0 -109.551267,38.580390,0 -109.551358,38.580568,0 -109.551365,38.580581,0 -109.551480,38.580785,0 -109.551603,38.580985,0 -109.551736,38.581182,0 -109.551877,38.581375,0 -109.552077,38.581631,0 -109.552290,38.581863,0 -109.552459,38.582038,0 -109.552636,38.582208,0 -109.552820,38.582373,0 -109.552881,38.582423,0 -109.552990,38.582512,0 -109.553577,38.582990,0 -109.554420,38.583673,0 -109.554880,38.584050,0 -109.555338,38.584409,0 -109.557137,38.585841,0 -109.558636,38.587039,0 -109.558812,38.587181,0 -109.558909,38.587259,0 -109.559480,38.587717,0 -109.559633,38.587840,0 -109.560097,38.588213,0 -109.560281,38.588360,0 -109.560429,38.588479,0 -109.560668,38.588671,0 -109.560787,38.588767,0 -109.561063,38.588981,0 -109.561172,38.589077,0 -109.561804,38.589620,0 -109.562015,38.589856,0 -109.562235,38.590079,0 -109.562455,38.590301,0 -109.562521,38.590377,0 -109.562797,38.590695,0 -109.562829,38.590729,0 -109.563199,38.591117,0 -109.564053,38.591989,0 -109.564333,38.592254,0 -109.564495,38.592410,0 -109.564900,38.592729,0 -109.565198,38.592950,0 -109.565855,38.593409,0 -109.567071,38.594262,0 -109.568558,38.595318,0 -109.568666,38.595391,0 -109.569897,38.596258,0 -109.571765,38.597573,0 -109.572027,38.597772,0 -109.572342,38.598025,0 -109.572628,38.598292,0 -109.572873,38.598544,0 -109.573099,38.598775,0 -109.573413,38.599108,0 -109.574003,38.599734,0 -109.574373,38.600116,0 -109.574582,38.600346,0 -109.575110,38.600855,0 -109.575187,38.600933,0 -109.575218,38.600962,0 -109.575303,38.601043,0 -109.575778,38.601570,0 -109.576333,38.602120,0 -109.576368,38.602257,0 -109.576755,38.602681,0 -109.576849,38.602777,0 -109.579070,38.605087,0 -109.579123,38.605142,0 -109.579406,38.605424,0 -109.579531,38.605548,0 -109.579732,38.605745,0 -109.579886,38.605883,0 -109.580029,38.605927,0 -109.580333,38.606135,0 -109.580635,38.606282,0 -109.580984,38.606414,0 -109.581208,38.606497,0 -109.581500,38.606584,0 -109.581714,38.606621,0 -109.581976,38.606658,0 -109.582193,38.606669,0 -109.582445,38.606670,0 -109.582691,38.606665,0 -109.583284,38.606656,0 -109.584094,38.606625,0 -109.584384,38.606616,0 -109.584799,38.606611,0 -109.585198,38.606596,0 -109.585841,38.606575,0 -109.586440,38.606539,0 -109.586645,38.606517,0 -109.586881,38.606493,0 -109.587083,38.606466,0 -109.587478,38.606415,0 -109.587865,38.606357,0 -109.588046,38.606330,0 -109.588692,38.606225,0 -109.589352,38.606123,0 -109.590379,38.605960,0 -109.591005,38.605884,0 -109.591598,38.605798,0 -109.593257,38.605546,0 -109.594414,38.605369,0 -109.595411,38.605229,0 -109.596365,38.605073,0 -109.596810,38.605024,0 -109.597117,38.605008,0 -109.597408,38.604998,0 -109.597749,38.604999,0 -109.598049,38.605012,0 -109.598386,38.605025,0 -109.598784,38.605064,0 -109.599183,38.605113,0 -109.599458,38.605174,0 -109.599740,38.605230,0 -109.600046,38.605308,0 -109.600406,38.605405,0 -109.600632,38.605476,0 -109.600899,38.605568,0 -109.601133,38.605667,0 -109.601387,38.605769,0 -109.601670,38.605901,0 -109.602159,38.606155,0 -109.602508,38.606373,0 -109.602865,38.606615,0 -109.603395,38.607030,0 -109.604037,38.607536,0 -109.604427,38.607850,0 -109.604811,38.608192,0 -109.605065,38.608397,0 -109.605871,38.609089,0 -109.606249,38.609398,0 -109.606943,38.609961,0 -109.607270,38.610226,0 -109.607459,38.610379,0 -109.607901,38.610737,0 -109.607931,38.610811,0 -109.608033,38.610890,0 -109.608183,38.611009,0 -109.608258,38.611063,0 -109.608314,38.611097,0 -109.608402,38.611140,0 -109.608581,38.611285,0 -109.609643,38.612141,0 -109.610083,38.612475,0 -109.611126,38.613346,0 -109.611542,38.613671,0 -109.611742,38.613827,0 -109.612048,38.614064,0 -109.612113,38.614114,0 -109.612294,38.614253,0 -109.612465,38.614352,0 -109.612642,38.614461,0 -109.612821,38.614562,0 -109.612975,38.614649,0 -109.613135,38.614732,0 -109.613340,38.614822,0 -109.613554,38.614911,0 -109.613920,38.615043,0 -109.614177,38.615130,0 -109.614364,38.615192,0 -109.614512,38.615236,0 -109.614666,38.615279,0 -109.614847,38.615324,0 -109.615048,38.615360,0 -109.615276,38.615400,0 -109.615507,38.615432,0 -109.615896,38.615472,0 -109.616334,38.615498,0 -109.616746,38.615500,0 -109.617116,38.615495,0 -109.617539,38.615467,0 -109.617851,38.615426,0 -109.618246,38.615364,0 -109.618591,38.615296,0 -109.618846,38.615237,0 -109.619090,38.615162,0 -109.619340,38.615078,0 -109.619613,38.614977,0 -109.620168,38.614759,0 -109.620468,38.614635,0 -109.621048,38.614389,0 -109.621655,38.614157,0 -109.622012,38.614020,0 -109.622284,38.613915,0 -109.622541,38.613827,0 -109.622811,38.613755,0 -109.623113,38.613679,0 -109.623412,38.613625,0 -109.623741,38.613590,0 -109.624005,38.613580,0 -109.624246,38.613582,0 -109.624454,38.613586,0 -109.624592,38.613592,0 -109.624827,38.613614,0 -109.625025,38.613646,0 -109.625217,38.613682,0 -109.625421,38.613723,0 -109.625604,38.613772,0 -109.625779,38.613828,0 -109.626003,38.613906,0 -109.626365,38.614050,0 -109.628353,38.614925,0 -109.629237,38.615324,0 -109.631692,38.616416,0 -109.632243,38.616666,0 -109.633032,38.617013,0 -109.633799,38.617349,0 -109.634812,38.617810,0 -109.635963,38.618308,0 -109.636287,38.618448,0 -109.637013,38.618776,0 -109.638581,38.619463,0 -109.638756,38.619538,0 -109.639586,38.619891,0 -109.639795,38.619986,0 -109.640543,38.620324,0 -109.641401,38.620750,0 -109.641792,38.620937,0 -109.643520,38.621904,0 -109.645557,38.623181,0 -109.646203,38.623577,0 -109.647412,38.624348,0 -109.648983,38.625470,0 -109.650777,38.626730,0 -109.650957,38.626857,0 -109.652242,38.627765,0 -109.653437,38.628599,0 -109.654106,38.629090,0 -109.655011,38.629728,0 -109.656262,38.630624,0 -109.657796,38.631723,0 -109.658586,38.632276,0 -109.659322,38.632803,0 -109.660214,38.633448,0 -109.660732,38.633869,0 -109.661225,38.634275,0 -109.661712,38.634738,0 -109.662077,38.635098,0 -109.662972,38.636101,0 -109.663813,38.637106,0 -109.665089,38.638631,0 -109.667120,38.640988,0 -109.667529,38.641507,0 -109.667959,38.642107,0 -109.668699,38.643374,0 -109.671352,38.647747,0 -109.672212,38.649074,0 -109.672700,38.649666,0 -109.673251,38.650335,0 -109.673286,38.650389,0 -109.674354,38.652041,0 -109.676374,38.655357,0 -109.676854,38.656153,0 -109.679179,38.660162,0 -109.680755,38.662904,0 -109.680802,38.662987,0 -109.682813,38.666487,0 -109.683585,38.667824,0 -109.684313,38.669067,0 -109.684818,38.669950,0 -109.685109,38.670436,0 -109.685415,38.670953,0 -109.685646,38.671337,0 -109.685897,38.671748,0 -109.686062,38.672001,0 -109.686388,38.672507,0 -109.687005,38.673357,0 -109.687287,38.673757,0 -109.687351,38.673846,0 -109.687778,38.674435,0 -109.688466,38.675374,0 -109.688921,38.675952,0 -109.690928,38.678694,0 -109.691701,38.679748,0 -109.691728,38.679786,0 -109.692380,38.680681,0 -109.692703,38.681144,0 -109.693075,38.681637,0 -109.693716,38.682532,0 -109.694166,38.683273,0 -109.694528,38.683953,0 -109.694900,38.684717,0 -109.695250,38.685596,0 -109.695689,38.686937,0 -109.695795,38.687258,0 -109.697465,38.692581,0 -109.698582,38.695959,0 -109.698798,38.696669,0 -109.700138,38.700822,0 -109.700921,38.703250,0 -109.701445,38.704934,0 -109.702381,38.707710,0 -109.703451,38.711064,0 -109.703753,38.711974,0 -109.703966,38.712633,0 -109.704194,38.713227,0 -109.704453,38.713777,0 -109.704863,38.714448,0 -109.705332,38.715123,0 -109.705999,38.715911,0 -109.706377,38.716279,0 -109.706677,38.716547,0 -109.707159,38.716956,0 -109.707650,38.717340,0 -109.708273,38.717779,0 -109.709235,38.718342,0 -109.716185,38.722448,0 -109.717646,38.723359,0 -109.718409,38.723875,0 -109.718689,38.724064,0 -109.719512,38.724748,0 -109.720648,38.725734,0 -109.722329,38.727192,0 -109.723193,38.727996,0 -109.723858,38.728582,0 -109.725001,38.729568,0 -109.725882,38.730328,0 -109.727559,38.731881,0 -109.728257,38.732658,0 -109.728752,38.733244,0 -109.729996,38.734906,0 -109.734359,38.740684,0 -109.735289,38.741912,0 -109.735530,38.742264,0 -109.736585,38.744154,0 -109.736877,38.744832,0 -109.737158,38.745508,0 -109.737739,38.747196,0 -109.738121,38.748427,0 -109.738595,38.749961,0 -109.738889,38.750904,0 -109.740138,38.754908,0 -109.740232,38.755218,0 -109.741199,38.758269,0 -109.741393,38.758874,0 -109.741995,38.760379,0 -109.742657,38.761874,0 -109.744690,38.766089,0 -109.747733,38.772456,0 -109.748847,38.774826,0 -109.749725,38.776658,0 -109.750636,38.778508,0 -109.752605,38.782507,0 -109.754376,38.786104,0 -109.755865,38.789125,0 -109.756799,38.790921,0 -109.757231,38.791704,0 -109.757441,38.792086,0 -109.758021,38.793059,0 -109.758430,38.793709,0 -109.760497,38.796679,0 -109.763118,38.800139,0 -109.763759,38.800987,0 -109.764473,38.801934,0 -109.769059,38.808076,0 -109.771687,38.811602,0 -109.772857,38.813150,0 -109.776885,38.818480,0 -109.778721,38.820946,0 -109.780463,38.823273,0 -109.781511,38.824683,0 -109.781585,38.824783,0 -109.782240,38.825669,0 -109.786856,38.831816,0 -109.790783,38.837065,0 -109.790807,38.837098,0 -109.791993,38.838659,0 -109.794739,38.842334,0 -109.797318,38.845765,0 -109.799264,38.848339,0 -109.800347,38.849840,0 -109.800989,38.850758,0 -109.801753,38.851969,0 -109.802418,38.853051,0 -109.803133,38.854317,0 -109.803717,38.855403,0 -109.805776,38.859675,0 -109.807816,38.863939,0 -109.808016,38.864366,0 -109.809390,38.867265,0 -109.809963,38.868510,0 -109.810716,38.870412,0 -109.811398,38.872461,0 -109.811791,38.873774,0 -109.812110,38.874973,0 -109.812257,38.875655,0 -109.812490,38.876868,0 -109.812697,38.878008,0 -109.812827,38.878960,0 -109.813018,38.881234,0 -109.813415,38.888214,0 -109.813662,38.892596,0 -109.813854,38.895560,0 -109.814270,38.903564,0 -109.814411,38.905906,0 -109.814918,38.915083,0 -109.815059,38.917401,0 -109.815330,38.922735,0 -109.815462,38.924921,0 -109.815630,38.927822,0 -109.815984,38.934077,0 -109.816354,38.940615,0 -109.816373,38.941009,0 -109.816462,38.941791,0 -109.816766,38.943032,0 -109.817881,38.942854,0 -109.819225,38.942497,0 -109.819901,38.942320,0 -109.820236,38.942239,0 -109.820571,38.942178,0 -109.821562,38.942021,0 -109.823767,38.941649,0 -109.825289,38.941320,0 -109.825662,38.941228,0 -109.826732,38.940936,0 -109.828306,38.940442,0 -109.831033,38.939533,0 -109.834836,38.938233,0 -109.837282,38.937410,0 -109.838341,38.937053,0 -109.839008,38.936829,0 -109.840289,38.936427,0 -109.841183,38.936164,0 -109.842261,38.935848,0 -109.843614,38.935531,0 -109.844679,38.935295,0 -109.845915,38.935049,0 -109.867867,38.931681,0 -109.874061,38.930736,0 -109.875736,38.930480,0 -109.885470,38.928984,0 -109.895427,38.927471,0 -109.908031,38.925519,0 -109.920278,38.923680,0 -109.921857,38.923417,0 -109.923147,38.923220,0 -109.925798,38.922819,0 -109.925871,38.922807,0 -109.928932,38.922304,0 -109.931863,38.921836,0 -109.933183,38.921654,0 -109.935364,38.921321,0 -109.937770,38.921002,0 -109.940581,38.920779,0 -109.944030,38.920792,0 -109.945122,38.920824,0 -109.946079,38.920856,0 -109.947107,38.920917,0 -109.948021,38.920980,0 -109.949442,38.921093,0 -109.950435,38.921185,0 -109.951940,38.921298,0 -109.954333,38.921523,0 -109.956789,38.921705,0 -109.957879,38.921798,0 -109.960492,38.922019,0 -109.961062,38.922058,0 -109.961922,38.922128,0 -109.963278,38.922253,0 -109.964499,38.922378,0 -109.965713,38.922505,0 -109.966751,38.922639,0 -109.968508,38.922883,0 -109.971782,38.923426,0 -109.973282,38.923704,0 -109.974842,38.924031,0 -109.977949,38.924667,0 -109.979270,38.924959,0 -109.980987,38.925324,0 -109.983331,38.925813,0 -109.984570,38.926033,0 -109.985823,38.926215,0 -109.986728,38.926332,0 -109.988195,38.926492,0 -109.989018,38.926568,0 -109.990222,38.926659,0 -109.990782,38.926680,0 -109.992416,38.926720,0 -109.994051,38.926711,0 -109.996364,38.926708,0 -109.998434,38.926682,0 -109.999503,38.926722,0 -110.000541,38.926795,0 -110.001386,38.926901,0 -110.001773,38.926955,0 -110.002513,38.927072,0 -110.003012,38.927161,0 -110.003480,38.927255,0 -110.003948,38.927350,0 -110.004745,38.927557,0 -110.005156,38.927664,0 -110.005483,38.927758,0 -110.006227,38.927999,0 -110.006817,38.928202,0 -110.007230,38.928367,0 -110.007894,38.928629,0 -110.008418,38.928867,0 -110.009050,38.929150,0 -110.009834,38.929548,0 -110.010964,38.930139,0 -110.012124,38.930761,0 -110.014554,38.931977,0 -110.016122,38.932714,0 -110.017983,38.933462,0 -110.019929,38.934122,0 -110.020800,38.934389,0 -110.021349,38.934569,0 -110.023165,38.935072,0 -110.023757,38.935240,0 -110.024758,38.935536,0 -110.026299,38.936090,0 -110.027611,38.936676,0 -110.028614,38.937197,0 -110.029474,38.937717,0 -110.030392,38.938316,0 -110.031094,38.938872,0 -110.031583,38.939260,0 -110.032865,38.940333,0 -110.036117,38.943035,0 -110.036972,38.943729,0 -110.037509,38.944165,0 -110.038304,38.944768,0 -110.038726,38.945074,0 -110.039324,38.945529,0 -110.040258,38.946205,0 -110.042144,38.947487,0 -110.043513,38.948394,0 -110.047088,38.950532,0 -110.050284,38.952281,0 -110.052877,38.953791,0 -110.054730,38.954932,0 -110.056702,38.956271,0 -110.058764,38.957744,0 -110.060230,38.958845,0 -110.061376,38.959632,0 -110.062626,38.960341,0 -110.063728,38.960872,0 -110.064419,38.961195,0 -110.065897,38.961770,0 -110.067583,38.962295,0 -110.071888,38.963478,0 -110.074420,38.964327,0 -110.078321,38.965936,0 -110.078795,38.966104,0 -110.080726,38.966758,0 -110.084019,38.967682,0 -110.087382,38.968427,0 -110.092454,38.969611,0 -110.095924,38.970434,0 -110.103000,38.972504,0 -110.103856,38.972757,0 -110.104772,38.973045,0 -110.105407,38.973228,0 -110.106329,38.973495,0 -110.107994,38.973997,0 -110.108687,38.974204,0 -110.109561,38.974439,0 -110.110367,38.974655,0 -110.110643,38.974728,0 -110.111195,38.974860,0 -110.111742,38.974979,0 -110.112628,38.975171,0 -110.112869,38.975222,0 -110.113104,38.975271,0 -110.113664,38.975376,0 -110.114228,38.975477,0 -110.114796,38.975576,0 -110.115793,38.975727,0 -110.116429,38.975815,0 -110.116775,38.975862,0 -110.116886,38.975877,0 -110.117618,38.975960,0 -110.117909,38.975992,0 -110.118371,38.976042,0 -110.118921,38.976089,0 -110.119549,38.976141,0 -110.120178,38.976185,0 -110.120535,38.976206,0 -110.122497,38.976282,0 -110.122941,38.976295,0 -110.123536,38.976302,0 -110.124220,38.976291,0 -110.125104,38.976271,0 -110.126072,38.976242,0 -110.126744,38.976208,0 -110.129057,38.976059,0 -110.129501,38.976015,0 -110.130069,38.975942,0 -110.130718,38.975860,0 -110.131207,38.975788,0 -110.131502,38.975745,0 -110.131824,38.975697,0 -110.132414,38.975613,0 -110.133569,38.975410,0 -110.134577,38.975220,0 -110.135429,38.975030,0 -110.136167,38.974877,0 -110.136919,38.974726,0 -110.137302,38.974656,0 -110.137623,38.974599,0 -110.138156,38.974517,0 -110.138536,38.974465,0 -110.138980,38.974415,0 -110.139309,38.974381,0 -110.139730,38.974348,0 -110.140258,38.974313,0 -110.140966,38.974278,0 -110.141410,38.974262,0 -110.142095,38.974264,0 -110.142780,38.974279,0 -110.143201,38.974293,0 -110.143737,38.974312,0 -110.144321,38.974335,0 -110.144765,38.974356,0 -110.146330,38.974423,0 -110.147115,38.974464,0 -110.148109,38.974509,0 -110.149041,38.974531,0 -110.149798,38.974570,0 -110.151175,38.974625,0 -110.152181,38.974670,0 -110.152795,38.974714,0 -110.153067,38.974741,0 -110.153445,38.974787,0 -110.153685,38.974825,0 -110.153999,38.974880,0 -110.154394,38.974958,0 -110.154859,38.975063,0 -110.155256,38.975181,0 -110.155611,38.975298,0 -110.156029,38.975438,0 -110.156303,38.975539,0 -110.156682,38.975691,0 -110.156928,38.975811,0 -110.157309,38.976013,0 -110.157736,38.976256,0 -110.158110,38.976485,0 -110.158609,38.976804,0 -110.159381,38.977422,0 -110.160195,38.978304,0 -110.161225,38.979820,0 -110.162826,38.982123,0 -110.163004,38.982374,0 -110.164358,38.984289,0 -110.164814,38.984854,0 -110.165463,38.985582,0 -110.166160,38.986260,0 -110.166635,38.986667,0 -110.167380,38.987278,0 -110.168670,38.988165,0 -110.170049,38.988974,0 -110.171282,38.989626,0 -110.172457,38.990120,0 -110.173747,38.990581,0 -110.174905,38.990942,0 -110.176056,38.991208,0 -110.176686,38.991340,0 -110.177234,38.991436,0 -110.177393,38.991464,0 -110.178350,38.991605,0 -110.179339,38.991706,0 -110.180078,38.991758,0 -110.180418,38.991775,0 -110.180802,38.991791,0 -110.181173,38.991799,0 -110.182073,38.991794,0 -110.182847,38.991769,0 -110.183439,38.991733,0 -110.184026,38.991681,0 -110.184608,38.991619,0 -110.185190,38.991544,0 -110.185738,38.991457,0 -110.186355,38.991352,0 -110.187853,38.991066,0 -110.188335,38.990973,0 -110.191105,38.990442,0 -110.195666,38.989571,0 -110.198233,38.989080,0 -110.202112,38.988335,0 -110.206846,38.987423,0 -110.211491,38.986532,0 -110.214283,38.986001,0 -110.215935,38.985687,0 -110.218548,38.985186,0 -110.221123,38.984686,0 -110.223274,38.984239,0 -110.224312,38.984015,0 -110.225292,38.983788,0 -110.226089,38.983591,0 -110.226814,38.983398,0 -110.227499,38.983218,0 -110.228179,38.983040,0 -110.228708,38.982892,0 -110.229436,38.982696,0 -110.229608,38.982650,0 -110.230765,38.982311,0 -110.231816,38.981985,0 -110.233710,38.981361,0 -110.239085,38.979509,0 -110.242021,38.978505,0 -110.243202,38.978101,0 -110.243903,38.977857,0 -110.252021,38.975067,0 -110.254468,38.974217,0 -110.259498,38.972448,0 -110.267303,38.969488,0 -110.283752,38.963469,0 -110.297031,38.958493,0 -110.310667,38.953440,0 -110.317974,38.950277,0 -110.321514,38.948306,0 -110.328353,38.944466,0 -110.330751,38.943165,0 -110.335544,38.941072,0 -110.339811,38.939583,0 -110.341624,38.938918,0 -110.343874,38.937931,0 -110.347964,38.935842,0 -110.351240,38.934155,0 -110.351495,38.934024,0 -110.352384,38.933566,0 -110.355956,38.931980,0 -110.362107,38.929444,0 -110.362814,38.929121,0 -110.363245,38.928916,0 -110.363995,38.928549,0 -110.364833,38.928118,0 -110.366041,38.927440,0 -110.366873,38.926976,0 -110.367394,38.926706,0 -110.368337,38.926191,0 -110.369049,38.925819,0 -110.369534,38.925575,0 -110.369767,38.925457,0 -110.370290,38.925276,0 -110.370542,38.925173,0 -110.371226,38.924925,0 -110.371732,38.924752,0 -110.372141,38.924626,0 -110.372487,38.924536,0 -110.372853,38.924465,0 -110.373227,38.924426,0 -110.373467,38.924414,0 -110.373870,38.924420,0 -110.374225,38.924454,0 -110.374509,38.924497,0 -110.374778,38.924551,0 -110.375150,38.924658,0 -110.375509,38.924752,0 -110.375702,38.924795,0 -110.375875,38.924820,0 -110.376023,38.924831,0 -110.376257,38.924825,0 -110.376576,38.924784,0 -110.376857,38.924726,0 -110.377127,38.924672,0 -110.376654,38.923615,0 -110.376197,38.922572,0 -110.375869,38.921786,0 -110.375607,38.921155,0 -110.375293,38.920466,0 -110.374340,38.918283,0 -110.374271,38.918124,0 -110.373371,38.916031,0 -110.371844,38.912687,0 -110.370981,38.911128,0 -110.369872,38.909362,0 -110.368506,38.907211,0 -110.365926,38.903260,0 -110.365842,38.903132,0 -110.362955,38.898645,0 -110.361955,38.897090,0 -110.361267,38.896067,0 -110.360374,38.894705,0 -110.359872,38.893851,0 -110.359244,38.892622,0 -110.358962,38.891810,0 -110.358759,38.891028,0 -110.358638,38.890491,0 -110.358575,38.889942,0 -110.358554,38.889244,0 -110.358575,38.888634,0 -110.358583,38.888393,0 -110.358677,38.886836,0 -110.358711,38.885688,0 -110.359078,38.874926,0 -110.359257,38.873833,0 -110.359417,38.873256,0 -110.359706,38.872484,0 -110.360203,38.871565,0 -110.360797,38.870718,0 -110.361275,38.870174,0 -110.362490,38.869033,0 -110.364844,38.866967,0 -110.366330,38.865679,0 -110.367062,38.865019,0 -110.367704,38.864389,0 -110.368459,38.863492,0 -110.368800,38.863066,0 -110.369210,38.862485,0 -110.369530,38.861985,0 -110.370797,38.860008,0 -110.371174,38.859426,0 -110.372522,38.857363,0 -110.375858,38.852181,0 -110.378130,38.848661,0 -110.380622,38.844831,0 -110.380933,38.844346,0 -110.380992,38.844251,0 -110.381405,38.843591,0 -110.381971,38.842756,0 -110.382547,38.841999,0 -110.383116,38.841350,0 -110.383418,38.841035,0 -110.384163,38.840308,0 -110.387699,38.837347,0 -110.389880,38.835326,0 -110.392117,38.833215,0 -110.396934,38.828682,0 -110.397714,38.827936,0 -110.399400,38.826328,0 -110.400975,38.824890,0 -110.401980,38.824082,0 -110.404030,38.822557,0 -110.410822,38.817529,0 -110.413009,38.815908,0 -110.417323,38.812712,0 -110.433241,38.800914,0 -110.434074,38.800322,0 -110.434536,38.799931,0 -110.435063,38.799343,0 -110.435369,38.798925,0 -110.435706,38.798345,0 -110.435994,38.797711,0 -110.436196,38.797017,0 -110.437249,38.792101,0 -110.438261,38.787118,0 -110.440263,38.777478,0 -110.440709,38.775332,0 -110.440890,38.774462,0 -110.441275,38.772611,0 -110.441602,38.771189,0 -110.441909,38.770155,0 -110.442156,38.769509,0 -110.442575,38.768574,0 -110.443143,38.767547,0 -110.443770,38.766602,0 -110.446811,38.762259,0 -110.448179,38.760354,0 -110.450614,38.756890,0 -110.451133,38.756321,0 -110.451774,38.755796,0 -110.453312,38.754754,0 -110.455581,38.753284,0 -110.458043,38.751651,0 -110.458655,38.751265,0 -110.459306,38.750813,0 -110.459765,38.750439,0 -110.460463,38.749780,0 -110.462499,38.747834,0 -110.464699,38.745722,0 -110.472026,38.738706,0 -110.476599,38.734329,0 -110.490514,38.721001,0 -110.491070,38.720468,0 -110.500517,38.711438,0 -110.502482,38.709565,0 -110.506427,38.705795,0 -110.510127,38.702258,0 -110.512677,38.699813,0 -110.520150,38.692660,0 -110.522480,38.690434,0 -110.525711,38.687326,0 -110.528315,38.684883,0 -110.530639,38.682531,0 -110.531156,38.681965,0 -110.531656,38.681425,0 -110.536699,38.675873,0 -110.540430,38.671764,0 -110.541206,38.670905,0 -110.542034,38.669910,0 -110.542259,38.669607,0 -110.542569,38.669159,0 -110.542934,38.668582,0 -110.544875,38.665477,0 -110.546566,38.662752,0 -110.547152,38.661826,0 -110.552099,38.653895,0 -110.552664,38.653015,0 -110.554079,38.650728,0 -110.556025,38.647595,0 -110.562223,38.637656,0 -110.566596,38.630658,0 -110.567147,38.629748,0 -110.571179,38.623294,0 -110.576220,38.615214,0 -110.582227,38.605595,0 -110.583777,38.602898,0 -110.592654,38.587176,0 -110.592996,38.586581,0 -110.593287,38.586128,0 -110.593765,38.585415,0 -110.595099,38.583507,0 -110.601561,38.574162,0 -110.606843,38.566530,0 -110.609734,38.562331,0 -110.610769,38.560732,0 -110.611921,38.558934,0 -110.618192,38.549123,0 -110.625905,38.537062,0 -110.626817,38.535620,0 -110.627722,38.534202,0 -110.630685,38.529583,0 -110.631899,38.527741,0 -110.637826,38.518482,0 -110.649881,38.499539,0 -110.673752,38.462017,0 -110.674147,38.461408,0 -110.674363,38.461056,0 -110.674813,38.460336,0 -110.681410,38.449962,0 -110.687753,38.439337,0 -110.690389,38.434983,0 -110.690722,38.434277,0 -110.690936,38.433688,0 -110.691059,38.433187,0 -110.691605,38.429952,0 -110.692073,38.427184,0 -110.693184,38.420658,0 -110.693387,38.419003,0 -110.693535,38.416764,0 -110.693637,38.415098,0 -110.693675,38.414472,0 -110.693796,38.412599,0 -110.693894,38.411088,0 -110.693912,38.410488,0 -110.693902,38.410138,0 -110.693854,38.409522,0 -110.693763,38.408996,0 -110.693687,38.408666,0 -110.693350,38.407482,0 -110.693003,38.406367,0 -110.692273,38.404020,0 -110.691862,38.402701,0 -110.691773,38.402397,0 -110.691721,38.402131,0 -110.691703,38.401914,0 -110.691689,38.401619,0 -110.691710,38.401344,0 -110.691733,38.401041,0 -110.691788,38.400688,0 -110.691866,38.400377,0 -110.692681,38.397898,0 -110.692781,38.397521,0 -110.692855,38.397244,0 -110.692939,38.396829,0 -110.693001,38.396441,0 -110.693024,38.396299,0 -110.693126,38.395704,0 -110.693233,38.395058,0 -110.693325,38.394650,0 -110.693525,38.393825,0 -110.693669,38.393285,0 -110.694070,38.392223,0 -110.695085,38.389630,0 -110.696396,38.386202,0 -110.697029,38.384460,0 -110.697043,38.384422,0 -110.697173,38.384043,0 -110.697424,38.383418,0 -110.697626,38.382983,0 -110.698066,38.381868,0 -110.698108,38.381757,0 -110.698116,38.381736,0 -110.698450,38.380853,0 -110.698760,38.380033,0 -110.699110,38.379108,0 -110.699264,38.378700,0 -110.699502,38.378171,0 -110.699693,38.377843,0 -110.699879,38.377564,0 -110.700104,38.377274,0 -110.700367,38.376962,0 -110.700653,38.376663,0 -110.701015,38.376397,0 -110.701304,38.376192,0 -110.701874,38.375831,0 -110.701971,38.375784,0 -110.702546,38.375504,0 -110.703069,38.375303,0 -110.703639,38.375083,0 -110.704516,38.374731,0 -110.704956,38.374529,0 -110.705252,38.374365,0 -110.705385,38.374269,0 -110.705442,38.374212,0 -110.705551,38.374101,0 -110.705652,38.373987,0 -110.705750,38.373870,0 -110.706349,38.374078,0 -110.706419,38.374102,0 -110.706505,38.374132,0 -110.706663,38.374185,0 -110.707026,38.374273,0 -110.707549,38.374353,0 -110.707911,38.374383,0 -110.708513,38.374412,0 -110.709020,38.374418,0 -110.709340,38.374420,0 -110.709803,38.374422,0 -110.710389,38.374425,0 -110.710902,38.374427,0 -110.711279,38.374429,0 -110.711713,38.374428,0 -110.711737,38.374428,0 -110.711767,38.374428,0 -110.712075,38.374427,0 -110.712693,38.374430,0 -110.713061,38.374431,0 -110.713199,38.374432,0 -110.714522,38.374430,0 -110.714613,38.374429,0 -110.716645,38.374419,0 -110.717364,38.374426,0 -110.719402,38.374443,0 -110.720103,38.374449,0 -110.720829,38.374455,0 -110.721100,38.374458,0 -110.721597,38.374462,0 -110.724124,38.374453,0 -110.725616,38.374457,0 -110.725950,38.374458,0 -110.727041,38.374479,0 -110.727269,38.374492,0 -110.727497,38.374517,0 -110.727860,38.374569,0 -110.728220,38.374642,0 -110.728400,38.374689,0 -110.728535,38.374733,0 -110.729091,38.374916,0 -110.729896,38.375302,0 -110.730509,38.375702,0 -110.731214,38.376335,0 -110.732030,38.377280,0 -110.732430,38.377661,0 -110.732827,38.377914,0 -110.733315,38.378135,0 -110.733792,38.378271,0 -110.734106,38.378317,0 -110.734365,38.378322,0 -110.734579,38.378321,0 -110.734760,38.378307,0 -110.735308,38.378224,0 -110.739053,38.377424,0 -110.739622,38.377287,0 -110.740189,38.377134,0 -110.740803,38.376895,0 -110.741290,38.376648,0 -110.741787,38.376358,0 -110.742208,38.376068,0 -110.745701,38.373073,0 -110.747187,38.371781,0 -110.747775,38.371353,0 -110.748367,38.371075,0 -110.749031,38.370896,0 -110.749604,38.370822,0 -110.750237,38.370841,0 -110.750524,38.370890,0 -110.750831,38.370943,0 -110.753812,38.371978,0 -110.754699,38.372225,0 -110.755422,38.372311,0 -110.756090,38.372322,0 -110.756753,38.372272,0 -110.757471,38.372111,0 -110.758924,38.371630,0 -110.759819,38.371412,0 -110.760612,38.371326,0 -110.761315,38.371304,0 -110.762915,38.371431,0 -110.767676,38.371861,0 -110.768554,38.371908,0 -110.768769,38.371910,0 -110.769541,38.371871,0 -110.770292,38.371792,0 -110.770941,38.371690,0 -110.771633,38.371539,0 -110.773121,38.371099,0 -110.774548,38.370681,0 -110.781017,38.368771,0 -110.785638,38.367406,0 -110.786802,38.367083,0 -110.787686,38.366890,0 -110.788699,38.366734,0 -110.789095,38.366685,0 -110.790378,38.366554,0 -110.793929,38.366291,0 -110.800896,38.365788,0 -110.809647,38.365155,0 -110.812454,38.364951,0 -110.812960,38.364947,0 -110.813450,38.364992,0 -110.813872,38.365107,0 -110.814189,38.365254,0 -110.814242,38.365279,0 -110.814566,38.365487,0 -110.814915,38.365826,0 -110.815399,38.366500,0 -110.815724,38.366857,0 -110.816120,38.367200,0 -110.816626,38.367474,0 -110.817236,38.367662,0 -110.820209,38.368124,0 -110.822610,38.368500,0 -110.826227,38.369036,0 -110.828301,38.369216,0 -110.828337,38.369219,0 -110.830652,38.369348,0 -110.831919,38.369365,0 -110.839985,38.369440,0 -110.843568,38.369471,0 -110.847080,38.369502,0 -110.848007,38.369474,0 -110.848773,38.369385,0 -110.849583,38.369239,0 -110.850468,38.369015,0 -110.850855,38.368900,0 -110.851340,38.368724,0 -110.851748,38.368562,0 -110.852342,38.368292,0 -110.858456,38.365284,0 -110.865090,38.362020,0 -110.865475,38.361873,0 -110.865894,38.361765,0 -110.866390,38.361646,0 -110.866874,38.361579,0 -110.867966,38.361490,0 -110.868532,38.361393,0 -110.869065,38.361233,0 -110.869599,38.360971,0 -110.871463,38.359667,0 -110.871850,38.359469,0 -110.872320,38.359301,0 -110.872896,38.359195,0 -110.873492,38.359153,0 -110.874132,38.359188,0 -110.874549,38.359266,0 -110.874863,38.359360,0 -110.875236,38.359515,0 -110.875479,38.359654,0 -110.875791,38.359851,0 -110.876021,38.360053,0 -110.876262,38.360300,0 -110.876437,38.360522,0 -110.876676,38.360954,0 -110.877263,38.363050,0 -110.877585,38.363555,0 -110.877828,38.363841,0 -110.878054,38.364051,0 -110.878316,38.364270,0 -110.878556,38.364426,0 -110.878782,38.364568,0 -110.879106,38.364725,0 -110.879447,38.364850,0 -110.879755,38.364941,0 -110.880403,38.365073,0 -110.880763,38.365110,0 -110.881151,38.365122,0 -110.881544,38.365097,0 -110.882966,38.364950,0 -110.883269,38.364931,0 -110.883685,38.364944,0 -110.884105,38.364982,0 -110.884418,38.365040,0 -110.884925,38.365176,0 -110.885200,38.365275,0 -110.885670,38.365445,0 -110.887905,38.366361,0 -110.888870,38.366657,0 -110.889721,38.366826,0 -110.890634,38.366944,0 -110.891487,38.367011,0 -110.892261,38.367011,0 -110.892901,38.366962,0 -110.893479,38.366899,0 -110.894413,38.366750,0 -110.895306,38.366517,0 -110.898966,38.365456,0 -110.899691,38.365284,0 -110.900429,38.365195,0 -110.900781,38.365176,0 -110.901126,38.365192,0 -110.901544,38.365233,0 -110.902378,38.365380,0 -110.903223,38.365581,0 -110.905406,38.366046,0 -110.906441,38.366192,0 -110.907393,38.366249,0 -110.908150,38.366224,0 -110.908866,38.366167,0 -110.909563,38.366081,0 -110.910160,38.365974,0 -110.910517,38.365887,0 -110.910894,38.365795,0 -110.911417,38.365638,0 -110.911998,38.365449,0 -110.914506,38.364605,0 -110.922019,38.362093,0 -110.925340,38.360999,0 -110.929163,38.359730,0 -110.934957,38.357806,0 -110.951090,38.352443,0 -110.951277,38.352381,0 -110.952536,38.351953,0 -110.953342,38.351680,0 -110.960522,38.349290,0 -110.962094,38.348784,0 -110.962775,38.348589,0 -110.963656,38.348358,0 -110.965317,38.348039,0 -110.966591,38.347878,0 -110.967408,38.347810,0 -110.967414,38.347810,0 -110.968156,38.347769,0 -110.969628,38.347743,0 -110.971746,38.347829,0 -110.973205,38.347834,0 -110.974704,38.347777,0 -110.976471,38.347611,0 -110.977067,38.347541,0 -110.978119,38.347385,0 -110.978879,38.347222,0 -110.979456,38.347118,0 -110.980147,38.346980,0 -110.981085,38.346728,0 -110.981169,38.346706,0 -110.981543,38.346607,0 -110.983340,38.346051,0 -110.984972,38.345439,0 -110.992235,38.342571,0 -110.995251,38.341377,0 -110.996381,38.340929,0 -110.997820,38.340384,0 -110.998926,38.340095,0 -110.999081,38.340064,0 -110.999827,38.339911,0 -111.003638,38.339497,0 -111.004404,38.339369,0 -111.005258,38.339188,0 -111.006525,38.338789,0 -111.007311,38.338498,0 -111.007810,38.338261,0 -111.008670,38.337808,0 -111.009049,38.337583,0 -111.010050,38.336881,0 -111.011554,38.335644,0 -111.011875,38.335384,0 -111.012422,38.334942,0 -111.013069,38.334543,0 -111.013648,38.334274,0 -111.014051,38.334126,0 -111.014480,38.334009,0 -111.014819,38.333923,0 -111.015047,38.333873,0 -111.016015,38.333751,0 -111.016724,38.333746,0 -111.017741,38.333823,0 -111.019468,38.333979,0 -111.019607,38.333991,0 -111.021563,38.334175,0 -111.022297,38.334202,0 -111.022785,38.334179,0 -111.023251,38.334123,0 -111.024081,38.334006,0 -111.025062,38.333855,0 -111.025990,38.333712,0 -111.028233,38.333366,0 -111.028855,38.333205,0 -111.029663,38.332866,0 -111.030311,38.332469,0 -111.030826,38.332025,0 -111.031271,38.331517,0 -111.031659,38.330853,0 -111.032361,38.328864,0 -111.032816,38.327574,0 -111.035105,38.320808,0 -111.035525,38.319568,0 -111.035744,38.318698,0 -111.035989,38.317234,0 -111.036093,38.315959,0 -111.036218,38.314894,0 -111.036428,38.314064,0 -111.036651,38.313551,0 -111.037447,38.312159,0 -111.038522,38.310280,0 -111.039931,38.307820,0 -111.040256,38.307035,0 -111.040553,38.306064,0 -111.040738,38.305338,0 -111.040958,38.304169,0 -111.041600,38.300773,0 -111.042277,38.297116,0 -111.042291,38.297038,0 -111.042495,38.295943,0 -111.042623,38.295390,0 -111.042852,38.294866,0 -111.043165,38.294381,0 -111.043604,38.293899,0 -111.044101,38.293486,0 -111.044611,38.293193,0 -111.045416,38.292825,0 -111.046127,38.292528,0 -111.046699,38.292293,0 -111.046914,38.292145,0 -111.047103,38.292001,0 -111.047315,38.291770,0 -111.047498,38.291475,0 -111.047573,38.291122,0 -111.047560,38.290789,0 -111.047463,38.290394,0 -111.047414,38.290191,0 -111.047279,38.289706,0 -111.047186,38.289209,0 -111.047196,38.288640,0 -111.047841,38.285244,0 -111.048235,38.284343,0 -111.048748,38.283479,0 -111.050004,38.282010,0 -111.051164,38.280455,0 -111.051605,38.279903,0 -111.052257,38.279186,0 -111.052456,38.278908,0 -111.052688,38.278481,0 -111.052946,38.278026,0 -111.053211,38.277607,0 -111.053663,38.277041,0 -111.054283,38.276383,0 -111.054754,38.275969,0 -111.055488,38.275433,0 -111.056201,38.275010,0 -111.057045,38.274581,0 -111.058084,38.274185,0 -111.066031,38.271477,0 -111.070918,38.269782,0 -111.073569,38.268887,0 -111.075915,38.268090,0 -111.076549,38.267950,0 -111.077343,38.267898,0 -111.078245,38.267982,0 -111.079070,38.268164,0 -111.079892,38.268521,0 -111.080558,38.268949,0 -111.080991,38.269358,0 -111.081402,38.269977,0 -111.081773,38.270833,0 -111.081913,38.271185,0 -111.082141,38.271650,0 -111.082356,38.271970,0 -111.082924,38.272560,0 -111.083679,38.273086,0 -111.084584,38.273435,0 -111.088106,38.274253,0 -111.089678,38.274607,0 -111.089777,38.274629,0 -111.092269,38.275184,0 -111.094790,38.275754,0 -111.095079,38.275813,0 -111.095342,38.275847,0 -111.095713,38.275876,0 -111.096147,38.275881,0 -111.096509,38.275866,0 -111.096699,38.275843,0 -111.096997,38.275797,0 -111.097274,38.275752,0 -111.097613,38.275671,0 -111.097951,38.275580,0 -111.099422,38.275021,0 -111.100839,38.274490,0 -111.101396,38.274336,0 -111.102011,38.274246,0 -111.102478,38.274206,0 -111.102894,38.274211,0 -111.103341,38.274232,0 -111.104078,38.274306,0 -111.105326,38.274488,0 -111.105568,38.274531,0 -111.105810,38.274599,0 -111.106043,38.274690,0 -111.106250,38.274798,0 -111.106433,38.274906,0 -111.106603,38.275019,0 -111.106715,38.275111,0 -111.106819,38.275221,0 -111.106935,38.275373,0 -111.107323,38.275979,0 -111.107556,38.276348,0 -111.108083,38.277182,0 -111.108324,38.277488,0 -111.108481,38.277634,0 -111.108657,38.277763,0 -111.108838,38.277876,0 -111.109051,38.277974,0 -111.109264,38.278056,0 -111.109532,38.278115,0 -111.109811,38.278162,0 -111.110077,38.278180,0 -111.110343,38.278173,0 -111.110582,38.278134,0 -111.110843,38.278071,0 -111.112239,38.277570,0 -111.112492,38.277513,0 -111.112765,38.277469,0 -111.113015,38.277465,0 -111.113265,38.277479,0 -111.113494,38.277510,0 -111.113723,38.277559,0 -111.113965,38.277636,0 -111.114217,38.277738,0 -111.115479,38.278432,0 -111.115641,38.278533,0 -111.115766,38.278625,0 -111.115892,38.278741,0 -111.115978,38.278833,0 -111.116060,38.278949,0 -111.116151,38.279089,0 -111.116211,38.279238,0 -111.116246,38.279363,0 -111.116262,38.279506,0 -111.116262,38.279651,0 -111.116238,38.279794,0 -111.116202,38.279925,0 -111.115922,38.280484,0 -111.115574,38.281118,0 -111.115522,38.281218,0 -111.115470,38.281349,0 -111.115439,38.281491,0 -111.115435,38.281624,0 -111.115456,38.281757,0 -111.115491,38.281893,0 -111.115538,38.282011,0 -111.115616,38.282141,0 -111.115729,38.282276,0 -111.115841,38.282382,0 -111.115949,38.282463,0 -111.116053,38.282529,0 -111.116216,38.282600,0 -111.116374,38.282660,0 -111.116729,38.282740,0 -111.116978,38.282804,0 -111.117203,38.282877,0 -111.117302,38.282917,0 -111.117390,38.282962,0 -111.117521,38.283047,0 -111.117646,38.283151,0 -111.117725,38.283231,0 -111.117828,38.283361,0 -111.117886,38.283461,0 -111.117953,38.283600,0 -111.118132,38.284217,0 -111.118190,38.284350,0 -111.118248,38.284454,0 -111.118324,38.284551,0 -111.118428,38.284649,0 -111.118554,38.284738,0 -111.118594,38.284765,0 -111.118726,38.284838,0 -111.118860,38.284901,0 -111.119015,38.284955,0 -111.119163,38.284989,0 -111.119367,38.285015,0 -111.119556,38.285018,0 -111.119709,38.285002,0 -111.119904,38.284971,0 -111.120422,38.284823,0 -111.120697,38.284735,0 -111.120992,38.284700,0 -111.121255,38.284714,0 -111.121581,38.284765,0 -111.122752,38.285280,0 -111.123055,38.285375,0 -111.123353,38.285433,0 -111.123542,38.285446,0 -111.123761,38.285443,0 -111.123932,38.285432,0 -111.124221,38.285384,0 -111.124458,38.285308,0 -111.124770,38.285174,0 -111.125651,38.284668,0 -111.127041,38.283884,0 -111.127489,38.283715,0 -111.127996,38.283592,0 -111.128536,38.283533,0 -111.128650,38.283520,0 -111.128686,38.283517,0 -111.128867,38.283496,0 -111.128903,38.283492,0 -111.129809,38.283391,0 -111.131161,38.283147,0 -111.132954,38.282582,0 -111.133068,38.282547,0 -111.134692,38.282028,0 -111.135327,38.281846,0 -111.135991,38.281750,0 -111.136496,38.281754,0 -111.137004,38.281812,0 -111.137123,38.281825,0 -111.137400,38.281909,0 -111.137698,38.281999,0 -111.138317,38.282311,0 -111.138678,38.282570,0 -111.138962,38.282882,0 -111.139230,38.283222,0 -111.139451,38.283663,0 -111.139542,38.284124,0 -111.139555,38.284194,0 -111.139560,38.284518,0 -111.139541,38.284867,0 -111.139495,38.285394,0 -111.139524,38.285752,0 -111.139647,38.286096,0 -111.139828,38.286388,0 -111.139971,38.286571,0 -111.140165,38.286752,0 -111.140513,38.286981,0 -111.140785,38.287134,0 -111.141071,38.287230,0 -111.141536,38.287343,0 -111.142046,38.287367,0 -111.142588,38.287307,0 -111.143088,38.287177,0 -111.143521,38.286936,0 -111.146257,38.284969,0 -111.146982,38.284497,0 -111.147503,38.284307,0 -111.147946,38.284214,0 -111.148390,38.284194,0 -111.148911,38.284254,0 -111.151505,38.284847,0 -111.152598,38.285105,0 -111.152905,38.285211,0 -111.153150,38.285331,0 -111.153604,38.285647,0 -111.153919,38.286023,0 -111.154373,38.286776,0 -111.154682,38.287149,0 -111.155017,38.287363,0 -111.155240,38.287445,0 -111.155456,38.287501,0 -111.155864,38.287540,0 -111.157512,38.287524,0 -111.157957,38.287566,0 -111.158401,38.287708,0 -111.158860,38.287971,0 -111.160223,38.289012,0 -111.160394,38.289144,0 -111.160549,38.289245,0 -111.160682,38.289317,0 -111.160794,38.289362,0 -111.160928,38.289404,0 -111.161063,38.289432,0 -111.161191,38.289446,0 -111.161337,38.289445,0 -111.161469,38.289436,0 -111.161624,38.289406,0 -111.161751,38.289368,0 -111.161882,38.289304,0 -111.162013,38.289230,0 -111.162147,38.289132,0 -111.162218,38.289058,0 -111.162305,38.288948,0 -111.162435,38.288742,0 -111.162629,38.288412,0 -111.163052,38.287694,0 -111.164012,38.286064,0 -111.164117,38.285833,0 -111.164191,38.285638,0 -111.164234,38.285283,0 -111.164219,38.284627,0 -111.164234,38.284149,0 -111.164363,38.283833,0 -111.164386,38.283799,0 -111.164543,38.283574,0 -111.164780,38.283379,0 -111.164785,38.283374,0 -111.164920,38.283308,0 -111.165147,38.283198,0 -111.165569,38.283133,0 -111.165780,38.283135,0 -111.166070,38.283165,0 -111.167302,38.283457,0 -111.167725,38.283546,0 -111.168107,38.283566,0 -111.168561,38.283518,0 -111.168968,38.283420,0 -111.169432,38.283190,0 -111.170181,38.282715,0 -111.170790,38.282328,0 -111.170894,38.282266,0 -111.171198,38.282081,0 -111.171825,38.281663,0 -111.172069,38.281538,0 -111.172238,38.281457,0 -111.172420,38.281383,0 -111.172481,38.281363,0 -111.172637,38.281322,0 -111.172788,38.281285,0 -111.173021,38.281249,0 -111.173224,38.281230,0 -111.173424,38.281222,0 -111.173533,38.281222,0 -111.173697,38.281232,0 -111.174028,38.281275,0 -111.174507,38.281416,0 -111.174992,38.281647,0 -111.176176,38.282520,0 -111.176467,38.282688,0 -111.176791,38.282793,0 -111.176985,38.282825,0 -111.177211,38.282830,0 -111.177628,38.282752,0 -111.177928,38.282603,0 -111.178186,38.282349,0 -111.178651,38.281633,0 -111.178903,38.281191,0 -111.179221,38.280789,0 -111.179608,38.280445,0 -111.179995,38.280186,0 -111.180548,38.279943,0 -111.181243,38.279761,0 -111.182896,38.279488,0 -111.183736,38.279352,0 -111.184644,38.279205,0 -111.185188,38.279065,0 -111.185728,38.278877,0 -111.188223,38.277703,0 -111.188522,38.277598,0 -111.188817,38.277502,0 -111.189077,38.277440,0 -111.189358,38.277399,0 -111.189640,38.277370,0 -111.189969,38.277362,0 -111.190255,38.277378,0 -111.190556,38.277428,0 -111.190830,38.277477,0 -111.191111,38.277564,0 -111.191179,38.277588,0 -111.191364,38.277651,0 -111.191609,38.277754,0 -111.191833,38.277861,0 -111.191890,38.277897,0 -111.192046,38.278001,0 -111.192193,38.278112,0 -111.192341,38.278230,0 -111.192399,38.278279,0 -111.192520,38.278376,0 -111.192620,38.278473,0 -111.192753,38.278608,0 -111.193065,38.278929,0 -111.193195,38.279062,0 -111.193750,38.279844,0 -111.194158,38.280703,0 -111.194418,38.281580,0 -111.194723,38.284151,0 -111.194839,38.284531,0 -111.195066,38.284828,0 -111.195220,38.284951,0 -111.195438,38.285058,0 -111.195721,38.285159,0 -111.196049,38.285218,0 -111.196299,38.285213,0 -111.196467,38.285184,0 -111.196871,38.285069,0 -111.197274,38.284816,0 -111.197884,38.284230,0 -111.198364,38.283870,0 -111.198764,38.283677,0 -111.198893,38.283629,0 -111.198924,38.283617,0 -111.199061,38.283579,0 -111.199177,38.283554,0 -111.199196,38.283549,0 -111.199333,38.283526,0 -111.199528,38.283499,0 -111.199677,38.283486,0 -111.199811,38.283478,0 -111.199944,38.283480,0 -111.200075,38.283485,0 -111.200319,38.283509,0 -111.201591,38.283755,0 -111.201925,38.283816,0 -111.202200,38.283850,0 -111.202384,38.283859,0 -111.202527,38.283861,0 -111.202747,38.283849,0 -111.202872,38.283834,0 -111.203458,38.283725,0 -111.203789,38.283659,0 -111.204134,38.283604,0 -111.204327,38.283582,0 -111.204539,38.283567,0 -111.204750,38.283559,0 -111.204927,38.283567,0 -111.205099,38.283587,0 -111.205383,38.283625,0 -111.206437,38.283866,0 -111.206702,38.283894,0 -111.206946,38.283906,0 -111.207203,38.283891,0 -111.207395,38.283864,0 -111.207594,38.283826,0 -111.208892,38.283498,0 -111.209492,38.283374,0 -111.209734,38.283346,0 -111.209968,38.283329,0 -111.210204,38.283329,0 -111.210440,38.283335,0 -111.211577,38.283407,0 -111.211776,38.283409,0 -111.211945,38.283401,0 -111.212080,38.283388,0 -111.212223,38.283367,0 -111.212380,38.283331,0 -111.212558,38.283276,0 -111.212734,38.283207,0 -111.212916,38.283122,0 -111.214238,38.282227,0 -111.214418,38.282149,0 -111.214547,38.282108,0 -111.214676,38.282077,0 -111.214891,38.282043,0 -111.215152,38.282018,0 -111.215372,38.282014,0 -111.215589,38.282018,0 -111.215838,38.282053,0 -111.216129,38.282117,0 -111.216416,38.282233,0 -111.216681,38.282350,0 -111.217408,38.282758,0 -111.217999,38.283132,0 -111.218547,38.283534,0 -111.218925,38.283867,0 -111.219275,38.284195,0 -111.221485,38.286845,0 -111.221584,38.286963,0 -111.221688,38.287089,0 -111.222101,38.287584,0 -111.222197,38.287698,0 -111.222315,38.287840,0 -111.222394,38.287935,0 -111.222550,38.288090,0 -111.222716,38.288215,0 -111.222890,38.288311,0 -111.223115,38.288398,0 -111.223329,38.288449,0 -111.223575,38.288471,0 -111.223808,38.288462,0 -111.224047,38.288421,0 -111.224298,38.288357,0 -111.225283,38.288041,0 -111.225410,38.288003,0 -111.225549,38.287972,0 -111.225690,38.287946,0 -111.225845,38.287926,0 -111.225978,38.287913,0 -111.226152,38.287904,0 -111.226358,38.287905,0 -111.226516,38.287916,0 -111.226656,38.287932,0 -111.226805,38.287958,0 -111.226914,38.287985,0 -111.227054,38.288020,0 -111.227279,38.288097,0 -111.227769,38.288283,0 -111.227997,38.288370,0 -111.228520,38.288590,0 -111.228602,38.288617,0 -111.228710,38.288646,0 -111.229032,38.288722,0 -111.229211,38.288755,0 -111.229401,38.288775,0 -111.229661,38.288795,0 -111.229910,38.288803,0 -111.230621,38.288791,0 -111.232007,38.288726,0 -111.232303,38.288726,0 -111.232525,38.288728,0 -111.232955,38.288755,0 -111.233806,38.288832,0 -111.234934,38.288962,0 -111.235315,38.288978,0 -111.235671,38.288964,0 -111.236001,38.288924,0 -111.236309,38.288858,0 -111.236531,38.288801,0 -111.236673,38.288755,0 -111.236837,38.288692,0 -111.237109,38.288575,0 -111.237636,38.288318,0 -111.237830,38.288220,0 -111.238199,38.288042,0 -111.238590,38.287887,0 -111.238971,38.287772,0 -111.239525,38.287686,0 -111.240099,38.287650,0 -111.240550,38.287664,0 -111.240961,38.287721,0 -111.241313,38.287791,0 -111.241663,38.287865,0 -111.241753,38.287884,0 -111.241916,38.287912,0 -111.241937,38.287916,0 -111.242295,38.287955,0 -111.242590,38.287963,0 -111.242765,38.287962,0 -111.242915,38.287958,0 -111.243005,38.287950,0 -111.243117,38.287940,0 -111.243469,38.287879,0 -111.244060,38.287731,0 -111.244797,38.287546,0 -111.245268,38.287465,0 -111.245692,38.287421,0 -111.246061,38.287408,0 -111.246317,38.287413,0 -111.246610,38.287428,0 -111.247033,38.287484,0 -111.247255,38.287521,0 -111.247439,38.287552,0 -111.247617,38.287591,0 -111.247678,38.287609,0 -111.247979,38.287697,0 -111.248374,38.287855,0 -111.248491,38.287905,0 -111.248586,38.287950,0 -111.248692,38.288003,0 -111.249117,38.288214,0 -111.249298,38.288304,0 -111.250232,38.288770,0 -111.250546,38.288926,0 -111.250581,38.288944,0 -111.250644,38.288974,0 -111.250983,38.289136,0 -111.251139,38.289210,0 -111.251596,38.289399,0 -111.251943,38.289511,0 -111.252216,38.289586,0 -111.252524,38.289658,0 -111.252795,38.289712,0 -111.253070,38.289757,0 -111.253352,38.289794,0 -111.253641,38.289826,0 -111.253890,38.289841,0 -111.254136,38.289852,0 -111.255288,38.289830,0 -111.255472,38.289837,0 -111.255687,38.289861,0 -111.255843,38.289884,0 -111.256007,38.289923,0 -111.256177,38.289968,0 -111.256340,38.290024,0 -111.256474,38.290078,0 -111.256608,38.290134,0 -111.256689,38.290177,0 -111.256799,38.290239,0 -111.257846,38.290930,0 -111.257935,38.290981,0 -111.258049,38.291038,0 -111.258195,38.291109,0 -111.258320,38.291162,0 -111.258476,38.291215,0 -111.258592,38.291248,0 -111.258790,38.291295,0 -111.258945,38.291325,0 -111.258999,38.291336,0 -111.259250,38.291363,0 -111.260703,38.291511,0 -111.260839,38.291529,0 -111.261000,38.291550,0 -111.261218,38.291589,0 -111.261494,38.291683,0 -111.261713,38.291767,0 -111.261834,38.291817,0 -111.262351,38.292043,0 -111.262590,38.292145,0 -111.262872,38.292273,0 -111.263105,38.292383,0 -111.264765,38.293100,0 -111.266289,38.293928,0 -111.267755,38.294779,0 -111.268210,38.295043,0 -111.268240,38.295060,0 -111.268898,38.295512,0 -111.269575,38.296064,0 -111.271883,38.298073,0 -111.272634,38.298732,0 -111.274594,38.300451,0 -111.275392,38.301219,0 -111.279643,38.306014,0 -111.280073,38.306446,0 -111.280529,38.306824,0 -111.280921,38.307069,0 -111.280979,38.307105,0 -111.281048,38.307148,0 -111.281630,38.307405,0 -111.281766,38.307448,0 -111.281879,38.307484,0 -111.282274,38.307610,0 -111.282846,38.307737,0 -111.287505,38.308403,0 -111.288068,38.308444,0 -111.288707,38.308437,0 -111.289378,38.308376,0 -111.290537,38.308196,0 -111.291059,38.308135,0 -111.291650,38.308103,0 -111.292288,38.308121,0 -111.292825,38.308180,0 -111.296305,38.308757,0 -111.297022,38.308901,0 -111.297518,38.309080,0 -111.298057,38.309376,0 -111.298470,38.309729,0 -111.298873,38.310185,0 -111.299466,38.311095,0 -111.300007,38.311775,0 -111.300300,38.312064,0 -111.300638,38.312353,0 -111.304404,38.315093,0 -111.304430,38.315111,0 -111.304484,38.315150,0 -111.305876,38.316124,0 -111.306087,38.316253,0 -111.306255,38.316345,0 -111.306493,38.316460,0 -111.306836,38.316601,0 -111.307297,38.316777,0 -111.308549,38.317202,0 -111.308647,38.317237,0 -111.308734,38.317265,0 -111.309338,38.317467,0 -111.309430,38.317501,0 -111.309554,38.317544,0 -111.320670,38.321319,0 -111.321050,38.321444,0 -111.321359,38.321531,0 -111.321598,38.321588,0 -111.321816,38.321631,0 -111.322028,38.321668,0 -111.322365,38.321718,0 -111.322731,38.321751,0 -111.325801,38.321947,0 -111.326514,38.322017,0 -111.327214,38.322115,0 -111.332698,38.322967,0 -111.333055,38.322998,0 -111.333409,38.322983,0 -111.333782,38.322927,0 -111.334104,38.322842,0 -111.334919,38.322564,0 -111.335072,38.322514,0 -111.335262,38.322461,0 -111.335488,38.322408,0 -111.335686,38.322375,0 -111.335902,38.322342,0 -111.336090,38.322320,0 -111.336289,38.322312,0 -111.336474,38.322310,0 -111.336748,38.322316,0 -111.337097,38.322339,0 -111.337213,38.322352,0 -111.337347,38.322362,0 -111.337424,38.322368,0 -111.337929,38.322408,0 -111.338012,38.322415,0 -111.338164,38.322430,0 -111.341029,38.322694,0 -111.342909,38.322844,0 -111.343517,38.322904,0 -111.344171,38.322982,0 -111.344635,38.323066,0 -111.355758,38.325820,0 -111.356580,38.326024,0 -111.357081,38.326148,0 -111.357320,38.326183,0 -111.357530,38.326209,0 -111.357751,38.326220,0 -111.357967,38.326221,0 -111.358178,38.326210,0 -111.358402,38.326190,0 -111.358627,38.326154,0 -111.358730,38.326133,0 -111.358856,38.326106,0 -111.360967,38.325531,0 -111.361235,38.325460,0 -111.361491,38.325409,0 -111.361617,38.325389,0 -111.361765,38.325380,0 -111.361974,38.325373,0 -111.362203,38.325378,0 -111.362437,38.325403,0 -111.362692,38.325451,0 -111.362923,38.325521,0 -111.364249,38.326050,0 -111.364270,38.326059,0 -111.365052,38.326371,0 -111.365237,38.326424,0 -111.365458,38.326478,0 -111.365674,38.326510,0 -111.365889,38.326536,0 -111.366116,38.326544,0 -111.366335,38.326536,0 -111.366588,38.326519,0 -111.366837,38.326478,0 -111.367057,38.326429,0 -111.367269,38.326357,0 -111.367361,38.326316,0 -111.368302,38.325898,0 -111.371967,38.324273,0 -111.375302,38.322794,0 -111.375600,38.322662,0 -111.378654,38.321308,0 -111.381668,38.319971,0 -111.381901,38.319868,0 -111.382861,38.319437,0 -111.383304,38.319185,0 -111.383505,38.319023,0 -111.383599,38.318947,0 -111.383635,38.318915,0 -111.383880,38.318699,0 -111.384159,38.318348,0 -111.384331,38.318045,0 -111.384972,38.316760,0 -111.385106,38.316503,0 -111.385466,38.315752,0 -111.386158,38.314348,0 -111.386199,38.314265,0 -111.386237,38.314185,0 -111.386556,38.313513,0 -111.386583,38.313457,0 -111.386749,38.313097,0 -111.387819,38.310932,0 -111.388232,38.310083,0 -111.388922,38.309050,0 -111.389559,38.308333,0 -111.392226,38.306076,0 -111.392619,38.305664,0 -111.392845,38.305292,0 -111.392999,38.304916,0 -111.393099,38.304379,0 -111.393048,38.303924,0 -111.392927,38.303516,0 -111.391652,38.300921,0 -111.391549,38.300568,0 -111.391546,38.300264,0 -111.391604,38.299925,0 -111.391761,38.299579,0 -111.391790,38.299503,0 -111.391963,38.299294,0 -111.392109,38.299151,0 -111.392284,38.299015,0 -111.392492,38.298894,0 -111.392735,38.298778,0 -111.393176,38.298566,0 -111.395238,38.297608,0 -111.395795,38.297370,0 -111.396250,38.297243,0 -111.396545,38.297193,0 -111.396801,38.297167,0 -111.397070,38.297166,0 -111.397341,38.297187,0 -111.397626,38.297212,0 -111.397919,38.297270,0 -111.398201,38.297337,0 -111.398476,38.297432,0 -111.398787,38.297560,0 -111.398974,38.297667,0 -111.399076,38.297733,0 -111.399415,38.297941,0 -111.400310,38.298425,0 -111.401254,38.298751,0 -111.401670,38.298854,0 -111.402043,38.298894,0 -111.402386,38.298930,0 -111.402584,38.298933,0 -111.402711,38.298934,0 -111.403040,38.298937,0 -111.406029,38.298951,0 -111.406171,38.298951,0 -111.406934,38.298959,0 -111.406965,38.298959,0 -111.408553,38.298972,0 -111.410810,38.298985,0 -111.414033,38.298997,0 -111.414165,38.298996,0 -111.416675,38.299018,0 -111.417159,38.299023,0 -111.417391,38.299026,0 -111.418853,38.299041,0 -111.419099,38.299042,0</coordinates>
        </LineString>
      </Placemark>
      <Placemark>
        <name>Day 8</name>
        <description>Torrey, UT to Springdale, UT</description>
        <LineString>
          <tessellate>1</tessellate>
          <coordinates>-111.419099,38.299042,0 -111.419839,38.299045,0 -111.421069,38.299045,0 -111.421207,38.299046,0 -111.422039,38.299049,0 -111.423266,38.299054,0 -111.424502,38.299054,0 -111.425435,38.299063,0 -111.427586,38.299060,0 -111.429232,38.299062,0 -111.430247,38.299063,0 -111.431066,38.299064,0 -111.432334,38.299065,0 -111.433189,38.299056,0 -111.433959,38.299059,0 -111.434330,38.299061,0 -111.434998,38.299063,0 -111.435275,38.299064,0 -111.435637,38.299072,0 -111.436125,38.299107,0 -111.436525,38.299143,0 -111.436561,38.299148,0 -111.437130,38.299229,0 -111.440217,38.299668,0 -111.441156,38.299801,0 -111.442871,38.300045,0 -111.443321,38.300135,0 -111.444027,38.300291,0 -111.445020,38.300537,0 -111.445928,38.300779,0 -111.447238,38.301123,0 -111.447651,38.301224,0 -111.450217,38.301855,0 -111.450409,38.301904,0 -111.451771,38.302249,0 -111.452690,38.302418,0 -111.453386,38.302512,0 -111.454362,38.302596,0 -111.455583,38.302594,0 -111.459180,38.302586,0 -111.459677,38.302585,0 -111.459933,38.302593,0 -111.470878,38.302501,0 -111.474937,38.302471,0 -111.475539,38.302479,0 -111.475954,38.302493,0 -111.476367,38.302518,0 -111.476804,38.302560,0 -111.477186,38.302607,0 -111.477613,38.302667,0 -111.478322,38.302789,0 -111.479693,38.303099,0 -111.484604,38.304266,0 -111.487077,38.304828,0 -111.488104,38.305026,0 -111.489393,38.305245,0 -111.491801,38.305568,0 -111.502328,38.306405,0 -111.507818,38.306844,0 -111.508776,38.306948,0 -111.512558,38.307455,0 -111.513423,38.307584,0 -111.513800,38.307660,0 -111.514292,38.307778,0 -111.514790,38.307920,0 -111.515277,38.308082,0 -111.515607,38.308207,0 -111.515951,38.308348,0 -111.516337,38.308522,0 -111.516742,38.308724,0 -111.516853,38.308788,0 -111.517211,38.308994,0 -111.517817,38.309388,0 -111.518385,38.309835,0 -111.520274,38.311559,0 -111.523173,38.314205,0 -111.524491,38.315429,0 -111.525039,38.315982,0 -111.525474,38.316478,0 -111.525912,38.317011,0 -111.526288,38.317507,0 -111.526962,38.318525,0 -111.534861,38.331142,0 -111.535833,38.332749,0 -111.536823,38.334385,0 -111.537112,38.334830,0 -111.539233,38.338172,0 -111.539929,38.339245,0 -111.540271,38.339784,0 -111.540417,38.339974,0 -111.540546,38.340101,0 -111.540690,38.340214,0 -111.540883,38.340333,0 -111.541153,38.340453,0 -111.541421,38.340532,0 -111.541692,38.340577,0 -111.541962,38.340593,0 -111.542413,38.340594,0 -111.543045,38.340595,0 -111.544257,38.340596,0 -111.544386,38.340597,0 -111.546099,38.340600,0 -111.547904,38.340603,0 -111.549756,38.340606,0 -111.550144,38.340632,0 -111.550337,38.340660,0 -111.550489,38.340694,0 -111.550698,38.340766,0 -111.550922,38.340883,0 -111.551132,38.341043,0 -111.551447,38.341315,0 -111.551544,38.341400,0 -111.552352,38.342110,0 -111.552655,38.342374,0 -111.553669,38.343332,0 -111.553976,38.343591,0 -111.554322,38.343817,0 -111.554541,38.343951,0 -111.554756,38.344081,0 -111.554944,38.344176,0 -111.555379,38.344387,0 -111.555835,38.344553,0 -111.556097,38.344626,0 -111.556358,38.344686,0 -111.556929,38.344787,0 -111.560212,38.345329,0 -111.561462,38.345577,0 -111.562572,38.345890,0 -111.564375,38.346451,0 -111.566150,38.347192,0 -111.568400,38.348408,0 -111.569491,38.349133,0 -111.570482,38.349865,0 -111.571317,38.350588,0 -111.572188,38.351459,0 -111.572949,38.352338,0 -111.573224,38.352665,0 -111.573866,38.353487,0 -111.574393,38.354328,0 -111.574771,38.355013,0 -111.580021,38.365842,0 -111.582212,38.370363,0 -111.582480,38.370969,0 -111.582749,38.371667,0 -111.582987,38.372386,0 -111.583115,38.372817,0 -111.583334,38.373683,0 -111.583454,38.374305,0 -111.583552,38.374926,0 -111.583595,38.375288,0 -111.583646,38.375877,0 -111.583677,38.376449,0 -111.583691,38.378726,0 -111.583676,38.384825,0 -111.583690,38.385065,0 -111.583735,38.385294,0 -111.583809,38.385558,0 -111.583947,38.385886,0 -111.584037,38.386023,0 -111.584157,38.386198,0 -111.584312,38.386385,0 -111.584497,38.386580,0 -111.584783,38.386811,0 -111.585098,38.387017,0 -111.585928,38.387453,0 -111.587086,38.388070,0 -111.587350,38.388230,0 -111.587602,38.388397,0 -111.587837,38.388584,0 -111.588061,38.388791,0 -111.588354,38.389099,0 -111.588832,38.389649,0 -111.589181,38.390052,0 -111.589308,38.390245,0 -111.589406,38.390450,0 -111.589466,38.390640,0 -111.589486,38.390874,0 -111.589487,38.391091,0 -111.589498,38.392415,0 -111.589487,38.393953,0 -111.589493,38.395390,0 -111.589494,38.395482,0 -111.589490,38.395541,0 -111.589486,38.396032,0 -111.589527,38.396190,0 -111.589584,38.396332,0 -111.589691,38.396497,0 -111.589793,38.396627,0 -111.589932,38.396744,0 -111.590112,38.396853,0 -111.590327,38.396951,0 -111.590588,38.397022,0 -111.590912,38.397046,0 -111.591357,38.397050,0 -111.591431,38.397051,0 -111.597397,38.397057,0 -111.615645,38.397073,0 -111.620188,38.397077,0 -111.620201,38.401064,0 -111.620236,38.403324,0 -111.620264,38.404360,0 -111.620294,38.409712,0 -111.620319,38.410098,0 -111.620369,38.410575,0 -111.620487,38.411108,0 -111.620622,38.411599,0 -111.620707,38.411596,0 -111.620925,38.411589,0 -111.621056,38.411587,0 -111.621884,38.411580,0 -111.628486,38.411596,0 -111.629540,38.411603,0 -111.632015,38.411629,0 -111.634081,38.411648,0 -111.636088,38.411663,0 -111.638396,38.411674,0 -111.638501,38.411675,0 -111.639160,38.411645,0 -111.639654,38.411597,0 -111.639833,38.411572,0 -111.640125,38.411521,0 -111.640650,38.411407,0 -111.640792,38.411375,0 -111.642825,38.410920,0 -111.642843,38.411187,0 -111.642879,38.411415,0 -111.642953,38.411636,0 -111.643068,38.411884,0 -111.643097,38.411932,0 -111.643185,38.412064,0 -111.643286,38.412188,0 -111.643500,38.412433,0 -111.643620,38.412546,0 -111.643701,38.412617,0 -111.643759,38.412663,0 -111.643812,38.412703,0 -111.643877,38.412746,0 -111.643994,38.412818,0 -111.644144,38.412901,0 -111.644288,38.412977,0 -111.644856,38.413243,0 -111.646932,38.414167,0 -111.648292,38.414769,0 -111.649510,38.415314,0 -111.654785,38.417665,0 -111.657461,38.418887,0 -111.660116,38.420014,0 -111.660483,38.420174,0 -111.660847,38.420317,0 -111.661193,38.420434,0 -111.661613,38.420540,0 -111.661960,38.420609,0 -111.662326,38.420666,0 -111.662704,38.420704,0 -111.663088,38.420717,0 -111.663488,38.420704,0 -111.664099,38.420650,0 -111.666401,38.420398,0 -111.668813,38.420147,0 -111.674932,38.419491,0 -111.675492,38.419439,0 -111.675951,38.419417,0 -111.676402,38.419419,0 -111.676996,38.419459,0 -111.677613,38.419549,0 -111.678013,38.419633,0 -111.678406,38.419740,0 -111.678747,38.419858,0 -111.679265,38.420055,0 -111.679724,38.420280,0 -111.680139,38.420511,0 -111.682218,38.421704,0 -111.686321,38.424084,0 -111.687135,38.424580,0 -111.687902,38.425093,0 -111.688667,38.425657,0 -111.689395,38.426234,0 -111.689868,38.426648,0 -111.690531,38.427284,0 -111.696462,38.433060,0 -111.697913,38.434497,0 -111.698114,38.434685,0 -111.698332,38.434852,0 -111.698521,38.434965,0 -111.698727,38.435068,0 -111.698982,38.435147,0 -111.699272,38.435216,0 -111.699576,38.435251,0 -111.699869,38.435229,0 -111.700123,38.435189,0 -111.700414,38.435105,0 -111.700670,38.434995,0 -111.700908,38.434849,0 -111.701141,38.434660,0 -111.701740,38.434106,0 -111.701966,38.433907,0 -111.702238,38.433715,0 -111.702523,38.433556,0 -111.702749,38.433446,0 -111.702999,38.433343,0 -111.703398,38.433225,0 -111.704025,38.433116,0 -111.707982,38.432560,0 -111.709258,38.432409,0 -111.710342,38.432335,0 -111.711575,38.432301,0 -111.716948,38.432344,0 -111.722304,38.432376,0 -111.727168,38.432418,0 -111.728094,38.432446,0 -111.728808,38.432497,0 -111.729682,38.432584,0 -111.750665,38.435108,0 -111.753567,38.435457,0 -111.755479,38.435695,0 -111.755736,38.435726,0 -111.763923,38.436711,0 -111.767645,38.437169,0 -111.768439,38.437279,0 -111.768884,38.437350,0 -111.769324,38.437428,0 -111.770129,38.437596,0 -111.784582,38.441090,0 -111.799706,38.444741,0 -111.802930,38.445519,0 -111.803633,38.445691,0 -111.808093,38.446777,0 -111.822788,38.450320,0 -111.828072,38.451573,0 -111.828499,38.451700,0 -111.828898,38.451846,0 -111.829290,38.452010,0 -111.829653,38.452199,0 -111.830051,38.452451,0 -111.830410,38.452715,0 -111.830653,38.452917,0 -111.830884,38.453135,0 -111.831165,38.453426,0 -111.831399,38.453714,0 -111.831594,38.454015,0 -111.831843,38.454472,0 -111.832015,38.454856,0 -111.832140,38.455223,0 -111.832473,38.456444,0 -111.832559,38.456709,0 -111.832691,38.457014,0 -111.832843,38.457306,0 -111.833097,38.457709,0 -111.833382,38.458093,0 -111.833691,38.458466,0 -111.834464,38.459442,0 -111.834691,38.459779,0 -111.834858,38.460071,0 -111.834993,38.460362,0 -111.835102,38.460672,0 -111.835189,38.460962,0 -111.835251,38.461263,0 -111.835294,38.461690,0 -111.835301,38.462103,0 -111.835251,38.462559,0 -111.835135,38.463004,0 -111.835011,38.463349,0 -111.834858,38.463685,0 -111.833950,38.465231,0 -111.833668,38.465769,0 -111.833507,38.466172,0 -111.833401,38.466602,0 -111.833326,38.466945,0 -111.833277,38.467305,0 -111.833246,38.467610,0 -111.833183,38.469211,0 -111.833148,38.471029,0 -111.833147,38.472317,0 -111.833144,38.473040,0 -111.833111,38.473500,0 -111.833054,38.473851,0 -111.832951,38.474317,0 -111.832799,38.474765,0 -111.832373,38.475942,0 -111.831985,38.476784,0 -111.831589,38.477986,0 -111.831424,38.478666,0 -111.831193,38.479812,0 -111.831072,38.480543,0 -111.830966,38.481589,0 -111.830946,38.482298,0 -111.830985,38.483814,0 -111.831077,38.484859,0 -111.831527,38.487258,0 -111.831968,38.489762,0 -111.832229,38.491263,0 -111.832515,38.492771,0 -111.832994,38.495442,0 -111.833231,38.496919,0 -111.833289,38.497412,0 -111.833284,38.498746,0 -111.833236,38.499420,0 -111.833166,38.499950,0 -111.833021,38.501103,0 -111.832910,38.502074,0 -111.832846,38.502636,0 -111.831904,38.510388,0 -111.831522,38.514168,0 -111.831264,38.516417,0 -111.831279,38.516737,0 -111.831320,38.517005,0 -111.831416,38.517302,0 -111.831605,38.517712,0 -111.832382,38.519070,0 -111.832943,38.520026,0 -111.833128,38.520489,0 -111.833258,38.520926,0 -111.833313,38.521177,0 -111.833354,38.521643,0 -111.833299,38.522160,0 -111.833227,38.522752,0 -111.833159,38.523183,0 -111.832813,38.525201,0 -111.832786,38.525795,0 -111.832796,38.526205,0 -111.832825,38.526478,0 -111.832938,38.526987,0 -111.833066,38.527334,0 -111.833224,38.527721,0 -111.833475,38.528144,0 -111.833789,38.528542,0 -111.834449,38.529212,0 -111.834811,38.529546,0 -111.835191,38.529904,0 -111.835614,38.530345,0 -111.835754,38.530494,0 -111.835886,38.530646,0 -111.836011,38.530803,0 -111.836129,38.530962,0 -111.836946,38.530691,0 -111.840707,38.529889,0 -111.843320,38.529145,0 -111.847109,38.527993,0 -111.849568,38.527274,0 -111.850775,38.526904,0 -111.851420,38.526585,0 -111.852055,38.526024,0 -111.853801,38.524287,0 -111.856015,38.522086,0 -111.856839,38.520894,0 -111.857023,38.520704,0 -111.857155,38.520593,0 -111.857317,38.520509,0 -111.857480,38.520433,0 -111.857651,38.520363,0 -111.858075,38.520259,0 -111.858476,38.520245,0 -111.867830,38.520386,0 -111.878040,38.520506,0 -111.881316,38.520539,0 -111.881356,38.519980,0 -111.881376,38.518651,0 -111.881381,38.518305,0 -111.881382,38.517092,0 -111.881384,38.516587,0 -111.881376,38.514966,0 -111.881374,38.513318,0 -111.881362,38.511718,0 -111.881381,38.510079,0 -111.881344,38.508444,0 -111.881350,38.506783,0 -111.881349,38.505901,0 -111.881338,38.504457,0 -111.881335,38.503034,0 -111.881338,38.502461,0 -111.881344,38.501324,0 -111.881325,38.499970,0 -111.881316,38.498362,0 -111.881313,38.497050,0 -111.881316,38.496840,0 -111.881325,38.496483,0 -111.881333,38.496137,0 -111.881351,38.495813,0 -111.881404,38.495381,0 -111.881455,38.495056,0 -111.881478,38.494911,0 -111.881590,38.494389,0 -111.881599,38.494353,0 -111.881677,38.494053,0 -111.881839,38.493498,0 -111.882211,38.492532,0 -111.882737,38.491485,0 -111.883163,38.490814,0 -111.883671,38.490084,0 -111.884465,38.489195,0 -111.885131,38.488530,0 -111.885869,38.487900,0 -111.887753,38.486426,0 -111.889002,38.485454,0 -111.890204,38.484523,0 -111.890901,38.483973,0 -111.891487,38.483516,0 -111.892079,38.483055,0 -111.893390,38.482030,0 -111.894797,38.480938,0 -111.897168,38.479089,0 -111.899173,38.477526,0 -111.900768,38.476281,0 -111.901668,38.475578,0 -111.902256,38.475090,0 -111.902706,38.474661,0 -111.903158,38.474178,0 -111.903659,38.473559,0 -111.903723,38.473479,0 -111.903994,38.473108,0 -111.904419,38.472420,0 -111.904844,38.471558,0 -111.905415,38.470238,0 -111.905655,38.469688,0 -111.906103,38.468665,0 -111.907654,38.465124,0 -111.908729,38.462666,0 -111.908761,38.462594,0 -111.912079,38.455017,0 -111.912719,38.453562,0 -111.915340,38.447840,0 -111.915621,38.447210,0 -111.916872,38.444474,0 -111.918419,38.441404,0 -111.918775,38.440697,0 -111.919363,38.439575,0 -111.919981,38.438334,0 -111.920300,38.437720,0 -111.921176,38.435984,0 -111.921866,38.434632,0 -111.922371,38.433569,0 -111.922533,38.433100,0 -111.922646,38.432626,0 -111.922670,38.432351,0 -111.922672,38.430796,0 -111.922662,38.430036,0 -111.922650,38.429090,0 -111.922629,38.426218,0 -111.922621,38.425436,0 -111.922622,38.423487,0 -111.922652,38.422824,0 -111.922715,38.422381,0 -111.922822,38.421903,0 -111.923135,38.420935,0 -111.924400,38.416948,0 -111.925145,38.414567,0 -111.925642,38.413023,0 -111.925896,38.412210,0 -111.926147,38.411450,0 -111.928462,38.404130,0 -111.929567,38.400630,0 -111.930136,38.398795,0 -111.930742,38.396898,0 -111.931121,38.395701,0 -111.934005,38.386612,0 -111.934558,38.384888,0 -111.934740,38.384193,0 -111.935202,38.382747,0 -111.937149,38.376662,0 -111.937315,38.376174,0 -111.937690,38.375005,0 -111.938479,38.372460,0 -111.938865,38.371300,0 -111.938976,38.370936,0 -111.940058,38.367438,0 -111.940162,38.367100,0 -111.940342,38.366518,0 -111.940641,38.365571,0 -111.940915,38.364738,0 -111.940979,38.364506,0 -111.941961,38.361328,0 -111.942354,38.360241,0 -111.942597,38.359732,0 -111.942695,38.359527,0 -111.942942,38.359124,0 -111.944420,38.356978,0 -111.945806,38.354981,0 -111.946285,38.354291,0 -111.946675,38.353771,0 -111.947233,38.353221,0 -111.947900,38.352708,0 -111.948392,38.352328,0 -111.949158,38.351644,0 -111.950135,38.350601,0 -111.950339,38.350322,0 -111.950535,38.350055,0 -111.950886,38.349502,0 -111.951112,38.349116,0 -111.951399,38.348533,0 -111.951691,38.347782,0 -111.951845,38.347343,0 -111.951933,38.346988,0 -111.952053,38.346461,0 -111.952120,38.346064,0 -111.952148,38.345742,0 -111.952273,38.344370,0 -111.952396,38.343365,0 -111.952465,38.342826,0 -111.952531,38.342171,0 -111.952659,38.341154,0 -111.952720,38.340860,0 -111.952826,38.340469,0 -111.952949,38.340116,0 -111.953101,38.339758,0 -111.953296,38.339367,0 -111.955228,38.335881,0 -111.959345,38.328497,0 -111.961638,38.324416,0 -111.962311,38.323238,0 -111.962898,38.322142,0 -111.963554,38.320949,0 -111.963911,38.320341,0 -111.963974,38.320233,0 -111.964499,38.319324,0 -111.965281,38.317883,0 -111.965597,38.317323,0 -111.965952,38.316631,0 -111.966239,38.316009,0 -111.966434,38.315472,0 -111.966610,38.314939,0 -111.966991,38.313760,0 -111.967217,38.313034,0 -111.967619,38.311725,0 -111.967888,38.310852,0 -111.968398,38.309230,0 -111.968784,38.307978,0 -111.969729,38.304868,0 -111.970476,38.302507,0 -111.970699,38.301917,0 -111.971003,38.301236,0 -111.971981,38.299354,0 -111.972482,38.298461,0 -111.973554,38.296447,0 -111.973933,38.295727,0 -111.974822,38.294072,0 -111.975289,38.293209,0 -111.975463,38.292888,0 -111.976111,38.291671,0 -111.976977,38.290066,0 -111.977191,38.289672,0 -111.977518,38.289048,0 -111.977769,38.288580,0 -111.978334,38.287529,0 -111.978977,38.286330,0 -111.979460,38.285432,0 -111.980342,38.283804,0 -111.982951,38.278947,0 -111.983866,38.277230,0 -111.984405,38.276210,0 -111.984936,38.275227,0 -111.985839,38.273531,0 -111.986006,38.273209,0 -111.986230,38.272634,0 -111.986353,38.272247,0 -111.986433,38.271935,0 -111.986514,38.271502,0 -111.986537,38.271343,0 -111.986570,38.270967,0 -111.986543,38.269286,0 -111.986489,38.267512,0 -111.986371,38.263899,0 -111.986258,38.260939,0 -111.986187,38.258562,0 -111.986223,38.256772,0 -111.986292,38.255859,0 -111.986372,38.255146,0 -111.986553,38.253674,0 -111.987042,38.250011,0 -111.987139,38.249255,0 -111.987170,38.248973,0 -111.987247,38.248469,0 -111.987471,38.246764,0 -111.987601,38.245731,0 -111.987651,38.245379,0 -111.987718,38.244895,0 -111.988504,38.238809,0 -111.988547,38.238443,0 -111.988661,38.237618,0 -111.988743,38.237237,0 -111.988831,38.236941,0 -111.988916,38.236727,0 -111.989093,38.236401,0 -111.989298,38.236087,0 -111.989427,38.235904,0 -111.989644,38.235654,0 -111.989899,38.235412,0 -111.990193,38.235167,0 -111.990388,38.235023,0 -111.991323,38.234345,0 -111.991912,38.233911,0 -111.993183,38.232980,0 -111.994054,38.232350,0 -111.994369,38.232095,0 -111.994693,38.231801,0 -111.994970,38.231483,0 -111.995178,38.231174,0 -111.995476,38.230611,0 -111.998288,38.223933,0 -111.999264,38.221615,0 -111.999774,38.220394,0 -112.000081,38.219644,0 -112.000751,38.218111,0 -112.001323,38.216720,0 -112.003928,38.210518,0 -112.005136,38.207671,0 -112.006036,38.205511,0 -112.006876,38.203520,0 -112.007848,38.201209,0 -112.008278,38.200188,0 -112.009074,38.198311,0 -112.010422,38.195099,0 -112.010770,38.194274,0 -112.010894,38.193979,0 -112.011458,38.192646,0 -112.011858,38.191702,0 -112.012731,38.189622,0 -112.013395,38.188060,0 -112.014172,38.186192,0 -112.014389,38.185681,0 -112.014674,38.185031,0 -112.014907,38.184582,0 -112.015099,38.184308,0 -112.015488,38.183858,0 -112.015873,38.183494,0 -112.021430,38.178253,0 -112.021761,38.177952,0 -112.022191,38.177548,0 -112.024215,38.175653,0 -112.024659,38.175215,0 -112.025218,38.174683,0 -112.025476,38.174461,0 -112.025718,38.174234,0 -112.025887,38.174065,0 -112.026145,38.173754,0 -112.026305,38.173521,0 -112.026559,38.173138,0 -112.026741,38.172777,0 -112.026872,38.172536,0 -112.027052,38.171986,0 -112.027134,38.171577,0 -112.027179,38.171035,0 -112.027154,38.170404,0 -112.027126,38.169584,0 -112.027110,38.169090,0 -112.027095,38.168552,0 -112.027046,38.167432,0 -112.026950,38.166238,0 -112.026935,38.166064,0 -112.027140,38.165997,0 -112.027381,38.165925,0 -112.030056,38.165154,0 -112.030622,38.165044,0 -112.031187,38.164945,0 -112.031716,38.164930,0 -112.032231,38.164950,0 -112.033246,38.165073,0 -112.033587,38.165147,0 -112.033921,38.165243,0 -112.034276,38.165359,0 -112.034650,38.165486,0 -112.036162,38.166123,0 -112.042323,38.168710,0 -112.042832,38.168879,0 -112.043216,38.168987,0 -112.043621,38.169075,0 -112.043875,38.169105,0 -112.044133,38.169132,0 -112.044455,38.169147,0 -112.044777,38.169143,0 -112.045076,38.169129,0 -112.045414,38.169105,0 -112.046696,38.168983,0 -112.048602,38.168815,0 -112.053314,38.168373,0 -112.053701,38.168380,0 -112.054087,38.168412,0 -112.054647,38.168512,0 -112.055169,38.168632,0 -112.055436,38.168724,0 -112.055711,38.168824,0 -112.056155,38.169040,0 -112.056580,38.169290,0 -112.064922,38.175227,0 -112.065352,38.175540,0 -112.065719,38.175799,0 -112.065940,38.175954,0 -112.066182,38.176098,0 -112.066464,38.176247,0 -112.066700,38.176360,0 -112.066890,38.176434,0 -112.067079,38.176496,0 -112.067466,38.176605,0 -112.070978,38.177559,0 -112.071509,38.177692,0 -112.071865,38.177774,0 -112.072094,38.177823,0 -112.072331,38.177867,0 -112.072680,38.177913,0 -112.073014,38.177940,0 -112.073720,38.177965,0 -112.076040,38.177997,0 -112.076513,38.178045,0 -112.076975,38.178135,0 -112.077190,38.178206,0 -112.077402,38.178286,0 -112.077784,38.178469,0 -112.077970,38.178590,0 -112.078141,38.178722,0 -112.078303,38.178860,0 -112.078443,38.179004,0 -112.078637,38.179231,0 -112.078802,38.179476,0 -112.079028,38.179855,0 -112.079236,38.180241,0 -112.079644,38.180975,0 -112.079852,38.181350,0 -112.079967,38.181523,0 -112.080093,38.181697,0 -112.080232,38.181871,0 -112.080447,38.182092,0 -112.080754,38.182344,0 -112.081080,38.182581,0 -112.082254,38.183237,0 -112.084653,38.184542,0 -112.085474,38.185010,0 -112.085869,38.185253,0 -112.086272,38.185485,0 -112.087566,38.186184,0 -112.089615,38.187336,0 -112.090404,38.187752,0 -112.090780,38.187951,0 -112.091078,38.188098,0 -112.091364,38.188220,0 -112.091650,38.188329,0 -112.091939,38.188412,0 -112.092266,38.188478,0 -112.092648,38.188533,0 -112.093021,38.188567,0 -112.097471,38.188948,0 -112.099967,38.189225,0 -112.100311,38.189291,0 -112.100595,38.189374,0 -112.100870,38.189466,0 -112.101102,38.189571,0 -112.101392,38.189712,0 -112.101672,38.189910,0 -112.101937,38.190113,0 -112.104470,38.192109,0 -112.104719,38.192276,0 -112.104950,38.192417,0 -112.105203,38.192559,0 -112.105464,38.192701,0 -112.105673,38.192807,0 -112.105886,38.192901,0 -112.106118,38.192998,0 -112.106311,38.193068,0 -112.106535,38.193140,0 -112.106759,38.193212,0 -112.107215,38.193335,0 -112.107668,38.193420,0 -112.108129,38.193493,0 -112.108999,38.193600,0 -112.110055,38.193730,0 -112.111982,38.193938,0 -112.112319,38.193997,0 -112.112652,38.194072,0 -112.112912,38.194136,0 -112.113166,38.194204,0 -112.116799,38.195317,0 -112.117406,38.195506,0 -112.117832,38.195648,0 -112.118378,38.195829,0 -112.118929,38.196001,0 -112.119421,38.196146,0 -112.119856,38.196265,0 -112.120286,38.196392,0 -112.120654,38.196510,0 -112.121316,38.196726,0 -112.122382,38.197076,0 -112.122661,38.197158,0 -112.122940,38.197234,0 -112.123316,38.197329,0 -112.123785,38.197446,0 -112.124187,38.197534,0 -112.124444,38.197558,0 -112.124708,38.197554,0 -112.124965,38.197513,0 -112.125221,38.197455,0 -112.125383,38.197387,0 -112.125539,38.197306,0 -112.125708,38.197185,0 -112.125830,38.197067,0 -112.125924,38.196953,0 -112.126010,38.196840,0 -112.126086,38.196724,0 -112.126189,38.196508,0 -112.126272,38.196284,0 -112.126882,38.194391,0 -112.127023,38.194053,0 -112.127122,38.193881,0 -112.127232,38.193704,0 -112.127383,38.193519,0 -112.127538,38.193374,0 -112.127715,38.193228,0 -112.127910,38.193096,0 -112.128127,38.192973,0 -112.128351,38.192869,0 -112.128544,38.192781,0 -112.128744,38.192708,0 -112.128945,38.192653,0 -112.129146,38.192612,0 -112.129410,38.192576,0 -112.129677,38.192555,0 -112.131759,38.192413,0 -112.132570,38.192364,0 -112.132866,38.192368,0 -112.133127,38.192397,0 -112.133321,38.192443,0 -112.133470,38.192498,0 -112.133662,38.192596,0 -112.133836,38.192726,0 -112.134019,38.192928,0 -112.134178,38.193138,0 -112.135020,38.194378,0 -112.135227,38.194620,0 -112.135364,38.194756,0 -112.135514,38.194889,0 -112.135669,38.195001,0 -112.135836,38.195104,0 -112.135968,38.195179,0 -112.136108,38.195247,0 -112.136256,38.195309,0 -112.136405,38.195357,0 -112.136583,38.195413,0 -112.136767,38.195458,0 -112.136959,38.195494,0 -112.137151,38.195521,0 -112.137444,38.195546,0 -112.137703,38.195551,0 -112.137996,38.195534,0 -112.138283,38.195491,0 -112.138863,38.195362,0 -112.141406,38.194662,0 -112.141783,38.194573,0 -112.142153,38.194516,0 -112.142374,38.194485,0 -112.142594,38.194474,0 -112.142817,38.194491,0 -112.143040,38.194516,0 -112.143224,38.194557,0 -112.143408,38.194615,0 -112.143580,38.194679,0 -112.143749,38.194747,0 -112.144699,38.195163,0 -112.145644,38.195592,0 -112.147038,38.196235,0 -112.149435,38.197314,0 -112.149851,38.197504,0 -112.150243,38.197718,0 -112.150602,38.197925,0 -112.150943,38.198160,0 -112.151147,38.198313,0 -112.151305,38.198456,0 -112.151451,38.198577,0 -112.151585,38.198716,0 -112.151836,38.198992,0 -112.152529,38.199800,0 -112.153066,38.200453,0 -112.153144,38.200546,0 -112.153696,38.201172,0 -112.153949,38.201448,0 -112.154166,38.201648,0 -112.154278,38.201746,0 -112.154405,38.201831,0 -112.154584,38.201934,0 -112.154772,38.202030,0 -112.154985,38.202115,0 -112.155204,38.202190,0 -112.155657,38.202320,0 -112.160852,38.203604,0 -112.161230,38.203677,0 -112.161428,38.203700,0 -112.161607,38.203707,0 -112.161854,38.203689,0 -112.162095,38.203650,0 -112.162335,38.203596,0 -112.162556,38.203520,0 -112.162789,38.203419,0 -112.162996,38.203282,0 -112.163197,38.203136,0 -112.163390,38.202975,0 -112.164080,38.202280,0 -112.164431,38.201937,0 -112.164782,38.201605,0 -112.164945,38.201470,0 -112.165119,38.201344,0 -112.165303,38.201228,0 -112.165492,38.201120,0 -112.165743,38.201013,0 -112.166000,38.200910,0 -112.166269,38.200818,0 -112.166539,38.200735,0 -112.166803,38.200688,0 -112.167061,38.200658,0 -112.167301,38.200655,0 -112.167536,38.200657,0 -112.167857,38.200684,0 -112.168344,38.200750,0 -112.168832,38.200828,0 -112.169802,38.200986,0 -112.170774,38.201137,0 -112.171731,38.201301,0 -112.173945,38.201674,0 -112.174298,38.201736,0 -112.174842,38.201846,0 -112.175204,38.201928,0 -112.175557,38.202030,0 -112.175896,38.202131,0 -112.176237,38.202249,0 -112.176570,38.202367,0 -112.176897,38.202505,0 -112.177205,38.202654,0 -112.177503,38.202808,0 -112.177776,38.202967,0 -112.178015,38.203122,0 -112.178254,38.203293,0 -112.178483,38.203469,0 -112.178744,38.203686,0 -112.178863,38.203798,0 -112.178987,38.203909,0 -112.179216,38.204133,0 -112.179330,38.204247,0 -112.179435,38.204363,0 -112.179533,38.204469,0 -112.179631,38.204581,0 -112.179755,38.204740,0 -112.179870,38.204902,0 -112.179996,38.205087,0 -112.180116,38.205280,0 -112.180671,38.206194,0 -112.180871,38.206507,0 -112.180972,38.206663,0 -112.181077,38.206821,0 -112.181151,38.206921,0 -112.181231,38.207022,0 -112.181312,38.207120,0 -112.181395,38.207217,0 -112.181548,38.207374,0 -112.181649,38.207461,0 -112.181756,38.207549,0 -112.181860,38.207627,0 -112.181973,38.207701,0 -112.182091,38.207771,0 -112.182211,38.207836,0 -112.182349,38.207905,0 -112.182496,38.207968,0 -112.182642,38.208027,0 -112.182793,38.208081,0 -112.182951,38.208128,0 -112.183115,38.208167,0 -112.183279,38.208201,0 -112.183443,38.208228,0 -112.184267,38.208284,0 -112.185529,38.208289,0 -112.187346,38.208296,0 -112.189249,38.208309,0 -112.194203,38.208341,0 -112.196647,38.208365,0 -112.198048,38.208372,0 -112.201319,38.208379,0 -112.205702,38.208408,0 -112.206912,38.208415,0 -112.207321,38.208418,0 -112.210578,38.208429,0 -112.211821,38.208437,0 -112.212214,38.208452,0 -112.212622,38.208483,0 -112.213021,38.208535,0 -112.213414,38.208599,0 -112.213804,38.208679,0 -112.214157,38.208772,0 -112.214480,38.208868,0 -112.215663,38.209277,0 -112.216584,38.209594,0 -112.217351,38.209853,0 -112.217580,38.209920,0 -112.217819,38.209986,0 -112.218068,38.210037,0 -112.218294,38.210074,0 -112.218524,38.210103,0 -112.218783,38.210124,0 -112.218982,38.210133,0 -112.219202,38.210135,0 -112.219402,38.210127,0 -112.219647,38.210109,0 -112.219884,38.210085,0 -112.221183,38.209916,0 -112.221474,38.209885,0 -112.221728,38.209868,0 -112.221958,38.209859,0 -112.222190,38.209860,0 -112.222408,38.209865,0 -112.222611,38.209884,0 -112.222827,38.209909,0 -112.223131,38.209960,0 -112.223487,38.210035,0 -112.223832,38.210122,0 -112.224176,38.210207,0 -112.224463,38.210294,0 -112.224580,38.210325,0 -112.224733,38.209975,0 -112.225081,38.209188,0 -112.225087,38.209170,0 -112.225313,38.208610,0 -112.225589,38.208021,0 -112.225724,38.207767,0 -112.225987,38.207380,0 -112.226259,38.207043,0 -112.226579,38.206722,0 -112.226830,38.206486,0 -112.227202,38.206204,0 -112.227677,38.205900,0 -112.228552,38.205430,0 -112.229120,38.205133,0 -112.229555,38.204898,0 -112.230051,38.204579,0 -112.230325,38.204355,0 -112.230606,38.204116,0 -112.230977,38.203740,0 -112.231494,38.203000,0 -112.231766,38.202399,0 -112.231998,38.201715,0 -112.232219,38.200981,0 -112.232350,38.200550,0 -112.232485,38.200128,0 -112.232754,38.199341,0 -112.233118,38.198077,0 -112.233635,38.196460,0 -112.233949,38.195455,0 -112.234078,38.195024,0 -112.234600,38.193371,0 -112.234889,38.192767,0 -112.235186,38.192217,0 -112.235400,38.191892,0 -112.235791,38.191386,0 -112.236259,38.190864,0 -112.237032,38.190172,0 -112.239077,38.188542,0 -112.241612,38.186503,0 -112.242124,38.186105,0 -112.242833,38.185546,0 -112.244213,38.184435,0 -112.248627,38.180908,0 -112.249854,38.179913,0 -112.250744,38.179215,0 -112.250836,38.179144,0 -112.251673,38.178465,0 -112.251981,38.178223,0 -112.252106,38.178125,0 -112.252366,38.177922,0 -112.253322,38.177153,0 -112.257052,38.174167,0 -112.258250,38.173209,0 -112.258966,38.172731,0 -112.259516,38.172448,0 -112.259899,38.172292,0 -112.260226,38.172175,0 -112.260540,38.172083,0 -112.260814,38.172003,0 -112.261243,38.171917,0 -112.261603,38.171865,0 -112.261914,38.171828,0 -112.262283,38.171805,0 -112.263094,38.171791,0 -112.263543,38.171785,0 -112.265307,38.171768,0 -112.266217,38.171773,0 -112.267779,38.171769,0 -112.268300,38.171768,0 -112.270459,38.171762,0 -112.271055,38.171760,0 -112.272453,38.171757,0 -112.274461,38.171744,0 -112.276190,38.171733,0 -112.276458,38.171719,0 -112.276730,38.171682,0 -112.276944,38.171635,0 -112.277107,38.171595,0 -112.277727,38.171354,0 -112.277780,38.171323,0 -112.278119,38.171129,0 -112.278465,38.170888,0 -112.279025,38.170221,0 -112.279349,38.169559,0 -112.279406,38.169406,0 -112.279477,38.169075,0 -112.279546,38.168524,0 -112.279575,38.167105,0 -112.279565,38.166183,0 -112.279545,38.164390,0 -112.279538,38.163474,0 -112.279531,38.162558,0 -112.279522,38.161418,0 -112.279515,38.160861,0 -112.279578,38.159980,0 -112.279744,38.159310,0 -112.279817,38.159130,0 -112.279972,38.158764,0 -112.280262,38.158246,0 -112.280598,38.157807,0 -112.281174,38.157232,0 -112.281450,38.156994,0 -112.282368,38.156205,0 -112.283454,38.155284,0 -112.284393,38.154485,0 -112.285189,38.153819,0 -112.285659,38.153490,0 -112.286095,38.153240,0 -112.287414,38.152593,0 -112.289001,38.151851,0 -112.289819,38.151497,0 -112.290652,38.151159,0 -112.291327,38.150867,0 -112.291567,38.150757,0 -112.293281,38.149859,0 -112.303839,38.144011,0 -112.313174,38.138840,0 -112.313755,38.138479,0 -112.314127,38.138190,0 -112.314526,38.137783,0 -112.314938,38.137253,0 -112.315148,38.136817,0 -112.315317,38.136218,0 -112.315735,38.133356,0 -112.315882,38.132723,0 -112.316050,38.132391,0 -112.316305,38.131961,0 -112.316810,38.131344,0 -112.317070,38.131087,0 -112.317386,38.130847,0 -112.317982,38.130480,0 -112.318631,38.130194,0 -112.319188,38.129974,0 -112.320043,38.129637,0 -112.321775,38.128943,0 -112.326100,38.127237,0 -112.326893,38.126904,0 -112.327941,38.126455,0 -112.328702,38.126088,0 -112.329194,38.125797,0 -112.329821,38.125407,0 -112.330839,38.124649,0 -112.331510,38.124050,0 -112.332037,38.123501,0 -112.332592,38.122835,0 -112.333093,38.122240,0 -112.333599,38.121758,0 -112.334022,38.121364,0 -112.334599,38.120920,0 -112.335314,38.120453,0 -112.336057,38.119988,0 -112.336596,38.119637,0 -112.337147,38.119139,0 -112.337608,38.118635,0 -112.337946,38.118008,0 -112.338144,38.117450,0 -112.338249,38.116805,0 -112.338224,38.116197,0 -112.338099,38.114838,0 -112.337944,38.113188,0 -112.337824,38.111946,0 -112.337728,38.111281,0 -112.337489,38.110551,0 -112.337154,38.109886,0 -112.336777,38.109318,0 -112.336410,38.108684,0 -112.336219,38.108202,0 -112.336101,38.107666,0 -112.336072,38.107026,0 -112.336168,38.106387,0 -112.336382,38.105665,0 -112.336581,38.104822,0 -112.336581,38.104093,0 -112.336437,38.103330,0 -112.336265,38.102606,0 -112.336023,38.101751,0 -112.335933,38.100823,0 -112.335983,38.099837,0 -112.336210,38.098699,0 -112.336463,38.097602,0 -112.336710,38.096470,0 -112.336949,38.095324,0 -112.337171,38.094362,0 -112.337406,38.093351,0 -112.337687,38.092195,0 -112.337970,38.091181,0 -112.338242,38.090283,0 -112.338545,38.089441,0 -112.338898,38.088563,0 -112.339326,38.087552,0 -112.339655,38.086674,0 -112.339882,38.085882,0 -112.340002,38.085295,0 -112.340117,38.084453,0 -112.340073,38.082852,0 -112.340022,38.081538,0 -112.339968,38.080258,0 -112.339922,38.079521,0 -112.339927,38.078379,0 -112.340103,38.077025,0 -112.340209,38.076424,0 -112.340351,38.075846,0 -112.340596,38.074943,0 -112.340890,38.074090,0 -112.341414,38.073033,0 -112.342106,38.071878,0 -112.342877,38.070763,0 -112.343790,38.069730,0 -112.344951,38.068419,0 -112.345895,38.067369,0 -112.346372,38.066817,0 -112.346846,38.066268,0 -112.347321,38.065562,0 -112.347683,38.064853,0 -112.347982,38.064043,0 -112.348108,38.063512,0 -112.348220,38.062775,0 -112.348441,38.060916,0 -112.348742,38.058668,0 -112.348897,38.057599,0 -112.349100,38.057003,0 -112.349404,38.056290,0 -112.350056,38.055389,0 -112.350969,38.054518,0 -112.351921,38.053625,0 -112.352354,38.053101,0 -112.352792,38.052424,0 -112.352998,38.051992,0 -112.353193,38.051315,0 -112.353325,38.050333,0 -112.353551,38.048276,0 -112.353801,38.046216,0 -112.353918,38.045492,0 -112.354336,38.043498,0 -112.354732,38.041731,0 -112.355237,38.039589,0 -112.355847,38.036962,0 -112.356546,38.034007,0 -112.357792,38.028475,0 -112.358248,38.026712,0 -112.358445,38.026129,0 -112.358764,38.025531,0 -112.359149,38.024940,0 -112.359868,38.024133,0 -112.360191,38.023847,0 -112.360769,38.023464,0 -112.361988,38.022701,0 -112.363430,38.021831,0 -112.364644,38.020993,0 -112.365851,38.019968,0 -112.366860,38.018930,0 -112.368540,38.017272,0 -112.369782,38.015992,0 -112.370535,38.015235,0 -112.371685,38.014091,0 -112.372889,38.012865,0 -112.374127,38.011642,0 -112.375623,38.010155,0 -112.377539,38.008224,0 -112.378588,38.007139,0 -112.378993,38.006753,0 -112.381869,38.003868,0 -112.382540,38.003159,0 -112.383761,38.001671,0 -112.384232,38.001101,0 -112.385065,38.000087,0 -112.385522,37.999530,0 -112.387702,37.996885,0 -112.389654,37.994486,0 -112.390850,37.993048,0 -112.394719,37.988307,0 -112.395998,37.986708,0 -112.398286,37.983955,0 -112.398951,37.983145,0 -112.399178,37.982859,0 -112.399425,37.982542,0 -112.403229,37.977888,0 -112.405468,37.975209,0 -112.406459,37.974006,0 -112.408734,37.971175,0 -112.409380,37.970394,0 -112.409981,37.969620,0 -112.410526,37.968818,0 -112.410975,37.967997,0 -112.411518,37.966906,0 -112.411780,37.966339,0 -112.411954,37.965962,0 -112.412306,37.965202,0 -112.412449,37.965215,0 -112.413948,37.965353,0 -112.416782,37.965585,0 -112.419257,37.965786,0 -112.420254,37.965869,0 -112.421024,37.965922,0 -112.421392,37.965947,0 -112.422383,37.966048,0 -112.423210,37.966188,0 -112.424217,37.966432,0 -112.425405,37.966729,0 -112.426436,37.966994,0 -112.427388,37.967231,0 -112.428538,37.967527,0 -112.429707,37.967822,0 -112.430668,37.968066,0 -112.431862,37.968375,0 -112.433511,37.968785,0 -112.434520,37.969040,0 -112.435504,37.969289,0 -112.436556,37.969556,0 -112.437630,37.969826,0 -112.438427,37.970022,0 -112.438857,37.970094,0 -112.439250,37.970119,0 -112.439689,37.970094,0 -112.440161,37.970024,0 -112.440743,37.969937,0 -112.441201,37.969899,0 -112.441534,37.969888,0 -112.441929,37.969918,0 -112.442024,37.969925,0 -112.442648,37.970024,0 -112.443102,37.970141,0 -112.443704,37.970357,0 -112.444030,37.970520,0 -112.444377,37.970735,0 -112.444818,37.971014,0 -112.445359,37.971313,0 -112.446009,37.971563,0 -112.446505,37.971733,0 -112.446997,37.971846,0 -112.447419,37.971918,0 -112.447891,37.971961,0 -112.448610,37.971936,0 -112.449348,37.971818,0 -112.449849,37.971698,0 -112.450202,37.971588,0 -112.450639,37.971412,0 -112.451077,37.971212,0 -112.451726,37.970864,0 -112.452850,37.970242,0 -112.453814,37.969735,0 -112.454596,37.969305,0 -112.455289,37.968934,0 -112.455904,37.968604,0 -112.456854,37.968086,0 -112.457832,37.967551,0 -112.458874,37.966991,0 -112.460248,37.966239,0 -112.460870,37.965922,0 -112.461464,37.965700,0 -112.462055,37.965541,0 -112.462662,37.965441,0 -112.462759,37.965432,0 -112.463346,37.965380,0 -112.464560,37.965266,0 -112.466063,37.965131,0 -112.466758,37.965065,0 -112.467289,37.965016,0 -112.468009,37.964948,0 -112.468363,37.964925,0 -112.468787,37.964936,0 -112.469371,37.965072,0 -112.469994,37.965355,0 -112.470463,37.965593,0 -112.470813,37.965788,0 -112.471416,37.966144,0 -112.472007,37.966504,0 -112.472483,37.966766,0 -112.472891,37.966962,0 -112.473358,37.967139,0 -112.474474,37.967478,0 -112.475337,37.967736,0 -112.475679,37.967845,0 -112.476008,37.967982,0 -112.476566,37.968264,0 -112.476979,37.968521,0 -112.477336,37.968766,0 -112.477861,37.969109,0 -112.478467,37.969499,0 -112.479084,37.969913,0 -112.479657,37.970290,0 -112.480155,37.970648,0 -112.480577,37.971051,0 -112.480871,37.971397,0 -112.481270,37.972039,0 -112.481650,37.972761,0 -112.482325,37.974070,0 -112.482805,37.974989,0 -112.483269,37.975889,0 -112.483726,37.976753,0 -112.484140,37.977552,0 -112.484594,37.978428,0 -112.484864,37.978944,0 -112.485225,37.979634,0 -112.485988,37.981136,0 -112.486247,37.981568,0 -112.486589,37.982247,0 -112.486914,37.982802,0 -112.487334,37.983383,0 -112.487963,37.984094,0 -112.488636,37.984710,0 -112.489156,37.985097,0 -112.489794,37.985523,0 -112.490362,37.985829,0 -112.490930,37.986106,0 -112.491927,37.986497,0 -112.492988,37.986888,0 -112.494067,37.987267,0 -112.495908,37.987946,0 -112.496946,37.988303,0 -112.498231,37.988762,0 -112.498812,37.988974,0 -112.499242,37.989158,0 -112.499697,37.989390,0 -112.500191,37.989693,0 -112.500523,37.989946,0 -112.500816,37.990187,0 -112.501162,37.990572,0 -112.501544,37.991080,0 -112.501873,37.991707,0 -112.502225,37.992407,0 -112.502408,37.992722,0 -112.502646,37.993052,0 -112.502982,37.993387,0 -112.503466,37.993732,0 -112.503820,37.993899,0 -112.504260,37.994079,0 -112.504874,37.994323,0 -112.505459,37.994569,0 -112.505832,37.994779,0 -112.506290,37.995089,0 -112.506687,37.995450,0 -112.507170,37.995893,0 -112.507755,37.996457,0 -112.508134,37.996909,0 -112.508476,37.997420,0 -112.508639,37.997923,0 -112.508747,37.998363,0 -112.509088,37.999987,0 -112.509270,38.000723,0 -112.509384,38.001302,0 -112.509447,38.001856,0 -112.509451,38.002417,0 -112.509409,38.002924,0 -112.509164,38.004809,0 -112.509033,38.005823,0 -112.508955,38.006329,0 -112.508859,38.007092,0 -112.508772,38.007728,0 -112.508723,38.008289,0 -112.508733,38.008811,0 -112.508797,38.009660,0 -112.509019,38.011876,0 -112.509673,38.018762,0 -112.510062,38.022666,0 -112.510296,38.023317,0 -112.510624,38.023841,0 -112.511078,38.024343,0 -112.511648,38.024796,0 -112.512209,38.025068,0 -112.512609,38.025229,0 -112.513049,38.025383,0 -112.513545,38.025500,0 -112.513996,38.025569,0 -112.514806,38.025580,0 -112.516914,38.025476,0 -112.517729,38.025411,0 -112.518207,38.025333,0 -112.518529,38.025267,0 -112.518805,38.025166,0 -112.519030,38.025026,0 -112.519465,38.024572,0 -112.519789,38.024208,0 -112.520017,38.024004,0 -112.520253,38.023849,0 -112.520479,38.023766,0 -112.520685,38.023735,0 -112.520870,38.023735,0 -112.521131,38.023788,0 -112.521376,38.023918,0 -112.521665,38.024216,0 -112.522586,38.025931,0 -112.522796,38.026294,0 -112.523048,38.026572,0 -112.523236,38.026740,0 -112.523547,38.026915,0 -112.524038,38.027141,0 -112.524542,38.027298,0 -112.524947,38.027317,0 -112.525218,38.027279,0 -112.525476,38.027169,0 -112.525826,38.026916,0 -112.526208,38.026285,0 -112.526376,38.025910,0 -112.526602,38.025525,0 -112.527013,38.025040,0 -112.527416,38.024605,0 -112.527666,38.024305,0 -112.527928,38.024115,0 -112.528534,38.023899,0 -112.529084,38.023777,0 -112.529328,38.023730,0 -112.529643,38.023587,0 -112.529917,38.023332,0 -112.530117,38.023140,0 -112.530461,38.022889,0 -112.530813,38.022752,0 -112.531188,38.022741,0 -112.531465,38.022837,0 -112.531686,38.022985,0 -112.531896,38.023250,0 -112.531942,38.023660,0 -112.531817,38.024332,0 -112.531527,38.025779,0 -112.531121,38.027765,0 -112.531043,38.029303,0 -112.531013,38.030193,0 -112.531004,38.030488,0 -112.530839,38.031282,0 -112.530675,38.031912,0 -112.530647,38.032231,0 -112.530666,38.032520,0 -112.530844,38.032980,0 -112.531038,38.033264,0 -112.531244,38.033470,0 -112.531476,38.033651,0 -112.531768,38.033789,0 -112.532083,38.033919,0 -112.532452,38.034024,0 -112.532844,38.034060,0 -112.533195,38.034064,0 -112.533607,38.034014,0 -112.534552,38.033707,0 -112.535141,38.033534,0 -112.535555,38.033493,0 -112.535904,38.033512,0 -112.536386,38.033608,0 -112.536906,38.033763,0 -112.537750,38.034033,0 -112.538701,38.034336,0 -112.539661,38.034676,0 -112.540923,38.035156,0 -112.541571,38.035438,0 -112.542257,38.035773,0 -112.542920,38.036112,0 -112.543743,38.036583,0 -112.544456,38.037007,0 -112.545169,38.037471,0 -112.545893,38.037932,0 -112.546519,38.038336,0 -112.547109,38.038716,0 -112.547753,38.039132,0 -112.548404,38.039552,0 -112.549106,38.040005,0 -112.549598,38.040322,0 -112.550078,38.040611,0 -112.550410,38.040798,0 -112.550877,38.041012,0 -112.551782,38.041402,0 -112.552290,38.041564,0 -112.553083,38.041783,0 -112.553791,38.041953,0 -112.555146,38.042290,0 -112.555757,38.042394,0 -112.556354,38.042450,0 -112.556864,38.042463,0 -112.557408,38.042445,0 -112.558086,38.042380,0 -112.558732,38.042294,0 -112.559641,38.042122,0 -112.559978,38.042061,0 -112.560351,38.042030,0 -112.560789,38.042019,0 -112.561329,38.042015,0 -112.561942,38.042008,0 -112.562419,38.042044,0 -112.562883,38.042118,0 -112.563260,38.042209,0 -112.563819,38.042371,0 -112.564243,38.042526,0 -112.564629,38.042664,0 -112.565046,38.042816,0 -112.565447,38.042962,0 -112.565976,38.043160,0 -112.566401,38.043348,0 -112.566816,38.043586,0 -112.567143,38.043817,0 -112.567601,38.044156,0 -112.568170,38.044533,0 -112.568726,38.044916,0 -112.569332,38.045377,0 -112.569886,38.045798,0 -112.572077,38.047452,0 -112.572246,38.047585,0 -112.572457,38.047757,0 -112.575019,38.049670,0 -112.576853,38.051055,0 -112.577873,38.051833,0 -112.578760,38.052495,0 -112.579590,38.053123,0 -112.580145,38.053540,0 -112.580301,38.053650,0 -112.580469,38.053773,0 -112.581048,38.054226,0 -112.585145,38.057323,0 -112.586617,38.058443,0 -112.588808,38.060092,0 -112.590590,38.061450,0 -112.591585,38.062191,0 -112.591719,38.062294,0 -112.591942,38.062469,0 -112.592102,38.062592,0 -112.592269,38.062718,0 -112.592777,38.063103,0 -112.593661,38.063768,0 -112.594493,38.064408,0 -112.595297,38.065007,0 -112.595734,38.065346,0 -112.596134,38.065618,0 -112.596250,38.065683,0 -112.596477,38.065785,0 -112.596628,38.065844,0 -112.597286,38.065998,0 -112.597628,38.066020,0 -112.597961,38.066001,0 -112.598277,38.065946,0 -112.598690,38.065838,0 -112.599087,38.065656,0 -112.599405,38.065443,0 -112.599769,38.065148,0 -112.600730,38.064356,0 -112.601351,38.063766,0 -112.602010,38.063099,0 -112.602308,38.062902,0 -112.602590,38.062778,0 -112.602921,38.062665,0 -112.603210,38.062626,0 -112.603481,38.062609,0 -112.604288,38.062602,0 -112.604673,38.062599,0 -112.605126,38.062565,0 -112.605478,38.062498,0 -112.605833,38.062411,0 -112.606200,38.062282,0 -112.606463,38.062166,0 -112.606925,38.061935,0 -112.607754,38.061513,0 -112.608520,38.061121,0 -112.609037,38.060859,0 -112.609672,38.060625,0 -112.610218,38.060511,0 -112.610803,38.060467,0 -112.611181,38.060455,0 -112.612567,38.060449,0 -112.613672,38.060450,0 -112.614635,38.060453,0 -112.615598,38.060457,0 -112.616627,38.060457,0 -112.617412,38.060467,0 -112.618241,38.060495,0 -112.619311,38.060575,0 -112.620104,38.060658,0 -112.620816,38.060738,0 -112.621716,38.060831,0 -112.622545,38.060912,0 -112.623296,38.060986,0 -112.623872,38.061045,0 -112.624465,38.061090,0 -112.624981,38.061104,0 -112.625773,38.061092,0 -112.626400,38.061040,0 -112.627038,38.060957,0 -112.627640,38.060833,0 -112.628713,38.060576,0 -112.629627,38.060343,0 -112.630430,38.060137,0 -112.631266,38.059924,0 -112.632104,38.059718,0 -112.632812,38.059541,0 -112.633124,38.059465,0 -112.633411,38.059421,0 -112.633943,38.059395,0 -112.634375,38.059434,0 -112.634828,38.059516,0 -112.635461,38.059741,0 -112.635820,38.059881,0 -112.636135,38.059973,0 -112.636584,38.060055,0 -112.636966,38.060092,0 -112.637313,38.060086,0 -112.638434,38.059992,0 -112.639615,38.059868,0 -112.640575,38.059790,0 -112.641285,38.059761,0 -112.642023,38.059754,0 -112.642995,38.059785,0 -112.643761,38.059817,0 -112.644298,38.059830,0 -112.644821,38.059804,0 -112.645322,38.059769,0 -112.646916,38.059520,0 -112.647797,38.059370,0 -112.648793,38.059250,0 -112.649768,38.059102,0 -112.650713,38.058965,0 -112.651347,38.058920,0 -112.652012,38.058908,0 -112.652441,38.058907,0 -112.652940,38.058928,0 -112.653545,38.058989,0 -112.654137,38.059067,0 -112.654580,38.059166,0 -112.655193,38.059304,0 -112.655805,38.059477,0 -112.656430,38.059699,0 -112.657815,38.060227,0 -112.658995,38.060669,0 -112.660051,38.061074,0 -112.660794,38.061356,0 -112.661407,38.061592,0 -112.662456,38.061990,0 -112.663383,38.062331,0 -112.664242,38.062658,0 -112.665009,38.062957,0 -112.666301,38.063453,0 -112.667195,38.063777,0 -112.668485,38.064268,0 -112.669570,38.064686,0 -112.670709,38.065112,0 -112.671594,38.065448,0 -112.672536,38.065804,0 -112.673347,38.066112,0 -112.674134,38.066412,0 -112.675033,38.066746,0 -112.675934,38.067096,0 -112.678128,38.067928,0 -112.679440,38.068428,0 -112.680421,38.068796,0 -112.681588,38.069237,0 -112.682757,38.069677,0 -112.683968,38.070133,0 -112.685148,38.070589,0 -112.685789,38.070824,0 -112.686532,38.071077,0 -112.686843,38.071185,0 -112.687453,38.071396,0 -112.688056,38.071599,0 -112.689064,38.071940,0 -112.689558,38.072112,0 -112.689650,38.071862,0 -112.690244,38.069809,0 -112.690360,38.069427,0 -112.690529,38.068993,0 -112.690696,38.068617,0 -112.692283,38.065411,0 -112.692936,38.064178,0 -112.701263,38.048829,0 -112.714083,38.025134,0 -112.727176,38.000910,0 -112.732177,37.991721,0 -112.732849,37.990486,0 -112.734753,37.986967,0 -112.735694,37.985227,0 -112.739384,37.978403,0 -112.740077,37.977152,0 -112.742441,37.972734,0 -112.750776,37.957271,0 -112.751616,37.955710,0 -112.753061,37.953043,0 -112.753178,37.952829,0 -112.759037,37.942000,0 -112.760654,37.939035,0 -112.763564,37.933611,0 -112.767414,37.926478,0 -112.770039,37.921614,0 -112.773901,37.914456,0 -112.774711,37.913095,0 -112.776756,37.909948,0 -112.779125,37.906726,0 -112.780769,37.904769,0 -112.782559,37.902741,0 -112.783113,37.902114,0 -112.784980,37.900295,0 -112.788928,37.896536,0 -112.792979,37.892612,0 -112.797044,37.888698,0 -112.798157,37.887634,0 -112.802793,37.883135,0 -112.804033,37.881999,0 -112.809940,37.876269,0 -112.810884,37.875381,0 -112.812297,37.873982,0 -112.815676,37.870778,0 -112.818432,37.868120,0 -112.825023,37.861796,0 -112.827590,37.859553,0 -112.829821,37.857696,0 -112.831433,37.856471,0 -112.833462,37.855056,0 -112.835420,37.853727,0 -112.836824,37.852860,0 -112.838165,37.852021,0 -112.839275,37.851394,0 -112.840841,37.850548,0 -112.843259,37.849294,0 -112.843600,37.849128,0 -112.845776,37.848075,0 -112.846942,37.847560,0 -112.850307,37.846151,0 -112.850936,37.845915,0 -112.853044,37.845131,0 -112.860275,37.842561,0 -112.865170,37.840822,0 -112.874767,37.837404,0 -112.876198,37.836915,0 -112.876880,37.836649,0 -112.880351,37.835391,0 -112.880743,37.835255,0 -112.883714,37.834222,0 -112.890380,37.831831,0 -112.893722,37.830599,0 -112.895937,37.829739,0 -112.899078,37.828487,0 -112.901010,37.827684,0 -112.902036,37.827252,0 -112.902856,37.826897,0 -112.904021,37.826393,0 -112.905171,37.825880,0 -112.906296,37.825375,0 -112.907914,37.824665,0 -112.909611,37.823849,0 -112.913479,37.821981,0 -112.915122,37.821150,0 -112.917770,37.819768,0 -112.919729,37.818734,0 -112.922449,37.817218,0 -112.925024,37.815753,0 -112.926587,37.814860,0 -112.932043,37.811565,0 -112.934659,37.809958,0 -112.936452,37.808856,0 -112.937077,37.808478,0 -112.942056,37.805436,0 -112.944488,37.803945,0 -112.945746,37.803165,0 -112.947369,37.802181,0 -112.952817,37.798875,0 -112.958116,37.795597,0 -112.958151,37.795575,0 -112.961743,37.793395,0 -112.969209,37.788825,0 -112.974466,37.785769,0 -112.978298,37.783685,0 -112.979897,37.782854,0 -112.985891,37.779718,0 -112.989168,37.778021,0 -112.991892,37.776595,0 -112.993743,37.775629,0 -112.994952,37.774975,0 -112.997684,37.773497,0 -113.000883,37.771662,0 -113.005609,37.768858,0 -113.007532,37.767617,0 -113.010844,37.765483,0 -113.013008,37.764023,0 -113.014077,37.763279,0 -113.016841,37.761331,0 -113.018152,37.760364,0 -113.019312,37.759520,0 -113.020440,37.758670,0 -113.023797,37.756061,0 -113.024470,37.755538,0 -113.024814,37.755247,0 -113.026472,37.753915,0 -113.027278,37.753239,0 -113.028720,37.752021,0 -113.029119,37.751691,0 -113.032563,37.748649,0 -113.035564,37.745881,0 -113.037709,37.743814,0 -113.041398,37.740105,0 -113.042885,37.738546,0 -113.044853,37.736523,0 -113.046537,37.734794,0 -113.047034,37.734247,0 -113.049229,37.731961,0 -113.055653,37.725323,0 -113.057605,37.723296,0 -113.058942,37.721925,0 -113.059283,37.721584,0 -113.060279,37.720548,0 -113.060825,37.719979,0 -113.061604,37.719185,0 -113.062690,37.718038,0 -113.064149,37.716522,0 -113.064965,37.715649,0 -113.065279,37.715290,0 -113.066747,37.713595,0 -113.067007,37.713264,0 -113.068032,37.712015,0 -113.068239,37.711754,0 -113.069188,37.710481,0 -113.070034,37.709298,0 -113.070919,37.707982,0 -113.071232,37.707514,0 -113.072548,37.705412,0 -113.072729,37.705093,0 -113.073639,37.703397,0 -113.074096,37.702600,0 -113.074493,37.701793,0 -113.074984,37.700765,0 -113.075862,37.698870,0 -113.076362,37.697618,0 -113.076532,37.697167,0 -113.077525,37.694389,0 -113.077732,37.693727,0 -113.077943,37.693054,0 -113.078059,37.692676,0 -113.078200,37.692196,0 -113.078444,37.691248,0 -113.078584,37.690714,0 -113.078761,37.689998,0 -113.078914,37.689307,0 -113.078995,37.688839,0 -113.079094,37.688295,0 -113.079205,37.687760,0 -113.079285,37.687132,0 -113.079381,37.686555,0 -113.079516,37.685851,0 -113.079599,37.685082,0 -113.079659,37.684436,0 -113.079753,37.683551,0 -113.079808,37.682859,0 -113.079841,37.682449,0 -113.079872,37.681999,0 -113.079934,37.681039,0 -113.079960,37.680573,0 -113.079970,37.680380,0 -113.079971,37.676379,0 -113.079947,37.674263,0 -113.079886,37.666082,0 -113.079940,37.664775,0 -113.080051,37.663614,0 -113.080262,37.662054,0 -113.080348,37.661548,0 -113.080506,37.660579,0 -113.081033,37.658678,0 -113.081434,37.657266,0 -113.081564,37.656875,0 -113.082034,37.655604,0 -113.082408,37.654747,0 -113.082576,37.654350,0 -113.082817,37.653836,0 -113.083114,37.653151,0 -113.083477,37.652404,0 -113.083636,37.652104,0 -113.083738,37.651888,0 -113.084065,37.651372,0 -113.084321,37.650862,0 -113.084649,37.650323,0 -113.085014,37.649740,0 -113.085556,37.648925,0 -113.086185,37.648015,0 -113.086851,37.647122,0 -113.087474,37.646355,0 -113.088169,37.645529,0 -113.088900,37.644654,0 -113.091025,37.642524,0 -113.091873,37.641773,0 -113.093130,37.640676,0 -113.093897,37.640062,0 -113.095223,37.639051,0 -113.096896,37.637870,0 -113.098194,37.637044,0 -113.099518,37.636261,0 -113.100851,37.635509,0 -113.102430,37.634706,0 -113.105113,37.633493,0 -113.106529,37.632923,0 -113.107589,37.632530,0 -113.108656,37.632155,0 -113.109446,37.631877,0 -113.110254,37.631636,0 -113.111858,37.631176,0 -113.117061,37.629719,0 -113.126554,37.627100,0 -113.133792,37.625097,0 -113.134567,37.624871,0 -113.135983,37.624421,0 -113.137382,37.623936,0 -113.138762,37.623398,0 -113.140387,37.622690,0 -113.141961,37.621938,0 -113.143470,37.621146,0 -113.144911,37.620300,0 -113.146092,37.619534,0 -113.147079,37.618855,0 -113.148143,37.618082,0 -113.149145,37.617302,0 -113.150389,37.616234,0 -113.151032,37.615605,0 -113.151668,37.614999,0 -113.152525,37.614121,0 -113.152983,37.613621,0 -113.153518,37.613034,0 -113.154304,37.612082,0 -113.158870,37.606132,0 -113.161398,37.602867,0 -113.161668,37.602512,0 -113.163247,37.600433,0 -113.164105,37.599350,0 -113.166100,37.596742,0 -113.168531,37.593564,0 -113.170557,37.590906,0 -113.171266,37.589935,0 -113.171991,37.588911,0 -113.173165,37.587125,0 -113.179632,37.577044,0 -113.184720,37.569122,0 -113.191405,37.558712,0 -113.192801,37.556522,0 -113.197723,37.548842,0 -113.200456,37.544599,0 -113.202322,37.541668,0 -113.203067,37.540391,0 -113.203841,37.539042,0 -113.204583,37.537622,0 -113.205844,37.535077,0 -113.206605,37.533195,0 -113.207423,37.531114,0 -113.207493,37.530945,0 -113.208167,37.528917,0 -113.209622,37.523637,0 -113.209961,37.522464,0 -113.210415,37.520770,0 -113.211497,37.516722,0 -113.212624,37.512572,0 -113.212781,37.512089,0 -113.213078,37.510945,0 -113.214286,37.506512,0 -113.214898,37.504265,0 -113.216004,37.500034,0 -113.218493,37.490908,0 -113.218565,37.490647,0 -113.218849,37.489619,0 -113.219702,37.486515,0 -113.220916,37.481951,0 -113.221047,37.481495,0 -113.221320,37.480560,0 -113.221749,37.478822,0 -113.222214,37.477227,0 -113.222371,37.476623,0 -113.223180,37.473505,0 -113.224029,37.470341,0 -113.224889,37.467309,0 -113.225342,37.465601,0 -113.225731,37.464038,0 -113.226042,37.462969,0 -113.227449,37.457892,0 -113.227707,37.456844,0 -113.228259,37.454882,0 -113.228382,37.454451,0 -113.229329,37.450873,0 -113.229474,37.450339,0 -113.232923,37.437618,0 -113.235824,37.426867,0 -113.236152,37.425388,0 -113.236226,37.424492,0 -113.236251,37.422895,0 -113.236138,37.421614,0 -113.235879,37.420491,0 -113.235623,37.419667,0 -113.235397,37.418906,0 -113.234978,37.417901,0 -113.234677,37.417065,0 -113.234549,37.416550,0 -113.234470,37.416046,0 -113.234422,37.415612,0 -113.234402,37.415209,0 -113.234422,37.414713,0 -113.234472,37.414202,0 -113.234574,37.413627,0 -113.234748,37.413014,0 -113.237069,37.407667,0 -113.238012,37.405525,0 -113.238181,37.405160,0 -113.238500,37.404355,0 -113.239223,37.402737,0 -113.239855,37.401246,0 -113.240494,37.399776,0 -113.241863,37.396444,0 -113.242731,37.393722,0 -113.243209,37.392481,0 -113.243838,37.391243,0 -113.244302,37.390407,0 -113.245979,37.387360,0 -113.246355,37.386657,0 -113.246706,37.385849,0 -113.247100,37.384788,0 -113.248527,37.380039,0 -113.248879,37.378928,0 -113.249028,37.378500,0 -113.249226,37.378076,0 -113.249693,37.377330,0 -113.249956,37.376970,0 -113.256628,37.369202,0 -113.257350,37.368448,0 -113.258190,37.367475,0 -113.258450,37.367174,0 -113.260161,37.365085,0 -113.262262,37.361986,0 -113.264237,37.358637,0 -113.264379,37.358399,0 -113.265272,37.356908,0 -113.266552,37.354615,0 -113.266992,37.353746,0 -113.267410,37.352819,0 -113.268440,37.350535,0 -113.269042,37.349469,0 -113.269546,37.348744,0 -113.270775,37.347136,0 -113.273100,37.344347,0 -113.273225,37.344192,0 -113.275276,37.341496,0 -113.275355,37.341379,0 -113.276430,37.339913,0 -113.277061,37.339016,0 -113.279341,37.335476,0 -113.281996,37.331542,0 -113.282180,37.331274,0 -113.283123,37.329894,0 -113.284592,37.327637,0 -113.285082,37.326936,0 -113.285750,37.325935,0 -113.287703,37.322976,0 -113.289254,37.320689,0 -113.292971,37.315081,0 -113.294093,37.313388,0 -113.296092,37.310528,0 -113.296693,37.309676,0 -113.297080,37.309154,0 -113.297530,37.308511,0 -113.297928,37.307965,0 -113.298293,37.307296,0 -113.298595,37.306603,0 -113.298997,37.305446,0 -113.299215,37.304170,0 -113.299657,37.297406,0 -113.299991,37.295540,0 -113.300752,37.292960,0 -113.301161,37.291841,0 -113.301488,37.291104,0 -113.302180,37.289726,0 -113.303285,37.287874,0 -113.303856,37.287075,0 -113.304677,37.286162,0 -113.305049,37.285757,0 -113.305453,37.285391,0 -113.306252,37.284759,0 -113.306883,37.284224,0 -113.306943,37.284173,0 -113.307015,37.284111,0 -113.305869,37.283387,0 -113.305488,37.283151,0 -113.305037,37.282876,0 -113.304887,37.282771,0 -113.304730,37.282611,0 -113.304474,37.282230,0 -113.304399,37.281984,0 -113.304327,37.281665,0 -113.304301,37.281468,0 -113.304094,37.279880,0 -113.303967,37.279042,0 -113.303957,37.278974,0 -113.303729,37.277372,0 -113.303629,37.277062,0 -113.303102,37.275989,0 -113.302894,37.275565,0 -113.302784,37.275335,0 -113.302703,37.275121,0 -113.302632,37.274931,0 -113.302554,37.274636,0 -113.302496,37.274345,0 -113.302449,37.274056,0 -113.302426,37.273789,0 -113.302429,37.273584,0 -113.302445,37.273295,0 -113.302488,37.272966,0 -113.302558,37.272578,0 -113.302621,37.272364,0 -113.303814,37.268283,0 -113.303910,37.267917,0 -113.303957,37.267695,0 -113.304001,37.267425,0 -113.304037,37.267184,0 -113.304048,37.267014,0 -113.304054,37.266793,0 -113.304045,37.266527,0 -113.304015,37.266294,0 -113.303976,37.266031,0 -113.303935,37.265853,0 -113.303877,37.265607,0 -113.303775,37.265309,0 -113.303681,37.265047,0 -113.303529,37.264709,0 -113.303033,37.263629,0 -113.302881,37.263326,0 -113.302757,37.263113,0 -113.302649,37.262944,0 -113.302509,37.262746,0 -113.302346,37.262551,0 -113.302216,37.262402,0 -113.302059,37.262248,0 -113.301744,37.261985,0 -113.299030,37.259668,0 -113.298809,37.259486,0 -113.298630,37.259332,0 -113.298500,37.259209,0 -113.298368,37.259078,0 -113.298241,37.258937,0 -113.298081,37.258726,0 -113.297946,37.258522,0 -113.297838,37.258335,0 -113.297744,37.258142,0 -113.297656,37.257960,0 -113.297582,37.257743,0 -113.297518,37.257541,0 -113.297471,37.257371,0 -113.297438,37.257165,0 -113.297413,37.256965,0 -113.297407,37.256798,0 -113.297409,37.256579,0 -113.297432,37.256329,0 -113.297469,37.256043,0 -113.297523,37.255794,0 -113.297710,37.255126,0 -113.297785,37.254860,0 -113.297861,37.254638,0 -113.297915,37.254511,0 -113.298001,37.254328,0 -113.298107,37.254156,0 -113.298386,37.253755,0 -113.298615,37.253482,0 -113.299185,37.252865,0 -113.299328,37.252705,0 -113.299458,37.252548,0 -113.299586,37.252370,0 -113.299714,37.252171,0 -113.299781,37.252034,0 -113.299853,37.251879,0 -113.299948,37.251639,0 -113.299990,37.251508,0 -113.300034,37.251320,0 -113.300052,37.251165,0 -113.300063,37.250940,0 -113.300057,37.250740,0 -113.300041,37.250559,0 -113.300006,37.250354,0 -113.299932,37.250096,0 -113.299820,37.249771,0 -113.299676,37.249495,0 -113.299533,37.249274,0 -113.299310,37.248969,0 -113.298960,37.248518,0 -113.298781,37.248280,0 -113.298633,37.248066,0 -113.298540,37.247912,0 -113.298440,37.247722,0 -113.298282,37.247399,0 -113.298208,37.247214,0 -113.298180,37.247115,0 -113.298111,37.246804,0 -113.298083,37.246586,0 -113.298067,37.246350,0 -113.298062,37.246152,0 -113.298064,37.245983,0 -113.298083,37.245776,0 -113.298120,37.245578,0 -113.298180,37.245308,0 -113.298257,37.245115,0 -113.298333,37.244921,0 -113.298497,37.244476,0 -113.298614,37.244160,0 -113.298872,37.243582,0 -113.298923,37.243436,0 -113.298955,37.243304,0 -113.298978,37.243171,0 -113.299000,37.243000,0 -113.299008,37.242800,0 -113.299003,37.242551,0 -113.298986,37.242398,0 -113.298941,37.242095,0 -113.298897,37.241936,0 -113.298820,37.241729,0 -113.298701,37.241437,0 -113.298571,37.241180,0 -113.298369,37.240852,0 -113.298340,37.240805,0 -113.298090,37.240377,0 -113.297988,37.240196,0 -113.297918,37.240044,0 -113.297835,37.239856,0 -113.297763,37.239669,0 -113.297709,37.239496,0 -113.297661,37.239309,0 -113.297619,37.239099,0 -113.297593,37.238857,0 -113.297582,37.238661,0 -113.297584,37.238513,0 -113.297600,37.238329,0 -113.297630,37.238103,0 -113.297919,37.236468,0 -113.298014,37.235916,0 -113.298054,37.235667,0 -113.298075,37.235491,0 -113.298084,37.235297,0 -113.298077,37.235103,0 -113.298075,37.235055,0 -113.298042,37.234819,0 -113.297987,37.234476,0 -113.297934,37.234192,0 -113.297825,37.233805,0 -113.297589,37.233023,0 -113.297009,37.231112,0 -113.296919,37.230876,0 -113.296787,37.230547,0 -113.296738,37.230429,0 -113.296677,37.230303,0 -113.296629,37.230222,0 -113.296515,37.230057,0 -113.296343,37.229821,0 -113.296019,37.229470,0 -113.295694,37.229175,0 -113.295511,37.229051,0 -113.295188,37.228827,0 -113.294954,37.228689,0 -113.294792,37.228606,0 -113.294604,37.228524,0 -113.294395,37.228441,0 -113.294174,37.228369,0 -113.293970,37.228314,0 -113.293810,37.228282,0 -113.293648,37.228255,0 -113.293501,37.228232,0 -113.292102,37.227970,0 -113.291777,37.227902,0 -113.291490,37.227826,0 -113.291247,37.227739,0 -113.290947,37.227641,0 -113.290751,37.227563,0 -113.290588,37.227482,0 -113.290418,37.227393,0 -113.290029,37.227131,0 -113.289693,37.226874,0 -113.288395,37.225895,0 -113.288218,37.225743,0 -113.287821,37.225498,0 -113.287640,37.225402,0 -113.287450,37.225294,0 -113.287266,37.225203,0 -113.287059,37.225119,0 -113.286805,37.225058,0 -113.286290,37.224930,0 -113.285790,37.224835,0 -113.285386,37.224802,0 -113.284954,37.224820,0 -113.284422,37.224799,0 -113.284069,37.224769,0 -113.283408,37.224787,0 -113.282908,37.224958,0 -113.282691,37.224915,0 -113.282374,37.224721,0 -113.282254,37.224628,0 -113.281937,37.224553,0 -113.281701,37.224483,0 -113.281385,37.224335,0 -113.280665,37.223929,0 -113.280291,37.223581,0 -113.279830,37.223194,0 -113.278460,37.221822,0 -113.277068,37.220549,0 -113.276459,37.219982,0 -113.276110,37.219645,0 -113.275654,37.219195,0 -113.275471,37.219020,0 -113.274845,37.218378,0 -113.273043,37.216541,0 -113.272973,37.216459,0 -113.272721,37.216111,0 -113.272527,37.215761,0 -113.272402,37.215408,0 -113.272306,37.215103,0 -113.272256,37.214869,0 -113.272223,37.214633,0 -113.272206,37.213478,0 -113.272205,37.212475,0 -113.272204,37.211951,0 -113.272203,37.211317,0 -113.272203,37.210963,0 -113.272203,37.210871,0 -113.272042,37.210873,0 -113.271158,37.210879,0 -113.271012,37.210879,0 -113.270819,37.210878,0 -113.270558,37.210880,0 -113.269823,37.210882,0 -113.269706,37.210882,0 -113.269066,37.210888,0 -113.268793,37.210892,0 -113.267824,37.210892,0 -113.267142,37.210899,0 -113.266710,37.210937,0 -113.266142,37.211078,0 -113.265565,37.211293,0 -113.265103,37.211574,0 -113.264760,37.211830,0 -113.264449,37.212155,0 -113.264213,37.212488,0 -113.264079,37.212756,0 -113.263985,37.213096,0 -113.263926,37.213455,0 -113.263930,37.213933,0 -113.264036,37.215225,0 -113.264138,37.216084,0 -113.264116,37.216384,0 -113.264036,37.216661,0 -113.263840,37.216936,0 -113.263558,37.217201,0 -113.262657,37.217875,0 -113.261700,37.218662,0 -113.261461,37.218859,0 -113.260998,37.219221,0 -113.259935,37.220055,0 -113.259561,37.220356,0 -113.259320,37.220548,0 -113.258583,37.221282,0 -113.258407,37.221610,0 -113.258250,37.222259,0 -113.258261,37.222655,0 -113.258363,37.223132,0 -113.258610,37.224026,0 -113.258637,37.224178,0 -113.258642,37.224370,0 -113.258634,37.224530,0 -113.258589,37.224789,0 -113.258537,37.224962,0 -113.258476,37.225203,0 -113.258383,37.225418,0 -113.258195,37.225749,0 -113.257947,37.226056,0 -113.257657,37.226312,0 -113.257502,37.226436,0 -113.257260,37.226602,0 -113.256979,37.226739,0 -113.256617,37.226884,0 -113.256368,37.226952,0 -113.256078,37.227013,0 -113.255834,37.227046,0 -113.255565,37.227064,0 -113.255319,37.227070,0 -113.255045,37.227061,0 -113.254812,37.227032,0 -113.254595,37.227001,0 -113.254348,37.226957,0 -113.254114,37.226888,0 -113.253903,37.226811,0 -113.253604,37.226682,0 -113.253372,37.226557,0 -113.253189,37.226423,0 -113.253039,37.226316,0 -113.252863,37.226158,0 -113.252715,37.226019,0 -113.252589,37.225861,0 -113.252500,37.225752,0 -113.252417,37.225620,0 -113.252228,37.225261,0 -113.252094,37.224864,0 -113.251871,37.224122,0 -113.251707,37.223577,0 -113.251149,37.221573,0 -113.250673,37.219999,0 -113.250480,37.219452,0 -113.250244,37.218965,0 -113.250038,37.218576,0 -113.249748,37.218159,0 -113.249494,37.217865,0 -113.249342,37.217717,0 -113.248772,37.217095,0 -113.246771,37.214963,0 -113.245738,37.213830,0 -113.245440,37.213509,0 -113.244362,37.212368,0 -113.244180,37.212170,0 -113.243912,37.211918,0 -113.243659,37.211708,0 -113.243383,37.211505,0 -113.243134,37.211335,0 -113.242823,37.211144,0 -113.242581,37.211023,0 -113.242321,37.210888,0 -113.242039,37.210768,0 -113.241637,37.210613,0 -113.240325,37.210205,0 -113.237644,37.209375,0 -113.237356,37.209289,0 -113.237306,37.209274,0 -113.236578,37.209057,0 -113.235571,37.208755,0 -113.234235,37.208348,0 -113.233045,37.207993,0 -113.232628,37.207878,0 -113.232255,37.207793,0 -113.231984,37.207735,0 -113.231676,37.207678,0 -113.231013,37.207590,0 -113.228626,37.207323,0 -113.225509,37.206985,0 -113.223449,37.206761,0 -113.220047,37.206389,0 -113.219053,37.206280,0 -113.217888,37.206145,0 -113.215415,37.205859,0 -113.214262,37.205718,0 -113.213191,37.205598,0 -113.211764,37.205436,0 -113.210475,37.205302,0 -113.208232,37.205088,0 -113.208114,37.205073,0 -113.206345,37.204877,0 -113.205558,37.204786,0 -113.203045,37.204521,0 -113.202200,37.204432,0 -113.201296,37.204327,0 -113.200989,37.204293,0 -113.199418,37.204134,0 -113.198815,37.204070,0 -113.196857,37.203861,0 -113.195778,37.203733,0 -113.195285,37.203697,0 -113.195180,37.203690,0 -113.194345,37.203629,0 -113.193547,37.203616,0 -113.192325,37.203569,0 -113.191427,37.203561,0 -113.190602,37.203556,0 -113.189279,37.203570,0 -113.188773,37.203577,0 -113.188450,37.203580,0 -113.187750,37.203596,0 -113.186026,37.203688,0 -113.185031,37.203749,0 -113.183906,37.203835,0 -113.183177,37.203897,0 -113.182515,37.203952,0 -113.182051,37.204000,0 -113.181463,37.204051,0 -113.181059,37.204075,0 -113.180352,37.204102,0 -113.179964,37.204098,0 -113.179744,37.204085,0 -113.179641,37.204079,0 -113.179194,37.204033,0 -113.178881,37.203978,0 -113.178425,37.203885,0 -113.178036,37.203793,0 -113.177425,37.203588,0 -113.176843,37.203375,0 -113.176614,37.203273,0 -113.175457,37.202724,0 -113.175189,37.202601,0 -113.174847,37.202427,0 -113.172776,37.201383,0 -113.172244,37.201132,0 -113.171786,37.200911,0 -113.171554,37.200792,0 -113.171118,37.200572,0 -113.170181,37.200124,0 -113.168602,37.199346,0 -113.167970,37.199024,0 -113.167410,37.198738,0 -113.166831,37.198459,0 -113.166454,37.198281,0 -113.165744,37.198017,0 -113.165297,37.197890,0 -113.164970,37.197799,0 -113.164890,37.197770,0 -113.164768,37.197726,0 -113.163854,37.197462,0 -113.162569,37.197109,0 -113.161817,37.196911,0 -113.161266,37.196796,0 -113.160893,37.196717,0 -113.160405,37.196639,0 -113.159870,37.196573,0 -113.158769,37.196452,0 -113.158281,37.196378,0 -113.157927,37.196307,0 -113.157569,37.196237,0 -113.155753,37.195742,0 -113.154599,37.195400,0 -113.154179,37.195289,0 -113.153785,37.195208,0 -113.153414,37.195173,0 -113.153072,37.195162,0 -113.152671,37.195147,0 -113.151389,37.195203,0 -113.150354,37.195235,0 -113.150096,37.195231,0 -113.149875,37.195229,0 -113.149122,37.195189,0 -113.148503,37.195083,0 -113.148049,37.194968,0 -113.147820,37.194891,0 -113.147324,37.194713,0 -113.147132,37.194628,0 -113.146685,37.194420,0 -113.146208,37.194164,0 -113.145789,37.193880,0 -113.145415,37.193593,0 -113.145088,37.193335,0 -113.144724,37.192950,0 -113.144438,37.192647,0 -113.144050,37.192194,0 -113.142413,37.190244,0 -113.142051,37.189827,0 -113.141524,37.189296,0 -113.141198,37.189001,0 -113.140999,37.188821,0 -113.140430,37.188330,0 -113.140128,37.188083,0 -113.138975,37.187229,0 -113.138373,37.186733,0 -113.137872,37.186310,0 -113.135835,37.184298,0 -113.135151,37.183696,0 -113.134380,37.183199,0 -113.132724,37.182505,0 -113.127688,37.180522,0 -113.126824,37.180256,0 -113.125785,37.180053,0 -113.125258,37.179980,0 -113.124689,37.179903,0 -113.124222,37.179826,0 -113.123688,37.179717,0 -113.123165,37.179600,0 -113.122701,37.179471,0 -113.122257,37.179314,0 -113.121820,37.179181,0 -113.121585,37.179122,0 -113.121472,37.179094,0 -113.121153,37.179021,0 -113.120779,37.178977,0 -113.120373,37.178955,0 -113.119858,37.178924,0 -113.119212,37.178883,0 -113.118849,37.178851,0 -113.118500,37.178802,0 -113.118279,37.178767,0 -113.117994,37.178696,0 -113.117727,37.178618,0 -113.117534,37.178549,0 -113.117352,37.178487,0 -113.116891,37.178260,0 -113.116610,37.178105,0 -113.116447,37.177980,0 -113.116263,37.177846,0 -113.116094,37.177716,0 -113.115918,37.177558,0 -113.115790,37.177439,0 -113.115552,37.177178,0 -113.115426,37.177020,0 -113.115284,37.176806,0 -113.115202,37.176644,0 -113.115063,37.176318,0 -113.114933,37.176004,0 -113.114766,37.175518,0 -113.114693,37.175326,0 -113.114576,37.175024,0 -113.114485,37.174848,0 -113.114399,37.174687,0 -113.114265,37.174466,0 -113.114134,37.174280,0 -113.113971,37.174095,0 -113.113789,37.173899,0 -113.113579,37.173711,0 -113.113298,37.173488,0 -113.113097,37.173344,0 -113.112833,37.173190,0 -113.112586,37.173062,0 -113.112289,37.172931,0 -113.111931,37.172798,0 -113.111479,37.172677,0 -113.111040,37.172572,0 -113.110600,37.172460,0 -113.110328,37.172390,0 -113.110144,37.172337,0 -113.109982,37.172287,0 -113.109690,37.172165,0 -113.109360,37.172004,0 -113.109050,37.171837,0 -113.108887,37.171743,0 -113.107916,37.171133,0 -113.105186,37.169387,0 -113.104910,37.169224,0 -113.104760,37.169129,0 -113.104579,37.169023,0 -113.104390,37.168922,0 -113.104064,37.168753,0 -113.103837,37.168647,0 -113.103645,37.168567,0 -113.103379,37.168462,0 -113.103101,37.168380,0 -113.102756,37.168299,0 -113.102368,37.168218,0 -113.102059,37.168175,0 -113.101800,37.168148,0 -113.101536,37.168137,0 -113.101189,37.168134,0 -113.100966,37.168142,0 -113.100695,37.168161,0 -113.100485,37.168182,0 -113.100293,37.168209,0 -113.100017,37.168261,0 -113.099734,37.168323,0 -113.099525,37.168383,0 -113.099232,37.168475,0 -113.098835,37.168622,0 -113.098128,37.168924,0 -113.094390,37.170622,0 -113.093965,37.170815,0 -113.093727,37.170922,0 -113.093436,37.171046,0 -113.093190,37.171157,0 -113.092946,37.171254,0 -113.092632,37.171372,0 -113.092347,37.171467,0 -113.092129,37.171541,0 -113.091912,37.171600,0 -113.091561,37.171674,0 -113.091211,37.171739,0 -113.090973,37.171776,0 -113.090662,37.171807,0 -113.090283,37.171829,0 -113.089874,37.171824,0 -113.089417,37.171811,0 -113.088967,37.171772,0 -113.088672,37.171733,0 -113.088424,37.171691,0 -113.088301,37.171670,0 -113.087826,37.171578,0 -113.087205,37.171466,0 -113.085297,37.171113,0 -113.083419,37.170762,0 -113.082607,37.170611,0 -113.082219,37.170541,0 -113.081751,37.170458,0 -113.081233,37.170380,0 -113.080584,37.170301,0 -113.079967,37.170237,0 -113.079541,37.170208,0 -113.078970,37.170192,0 -113.078471,37.170188,0 -113.078067,37.170195,0 -113.077677,37.170214,0 -113.077317,37.170231,0 -113.076919,37.170258,0 -113.076297,37.170319,0 -113.075636,37.170395,0 -113.074805,37.170481,0 -113.074318,37.170543,0 -113.072489,37.170743,0 -113.071403,37.170845,0 -113.070900,37.170871,0 -113.070443,37.170857,0 -113.070153,37.170834,0 -113.069861,37.170795,0 -113.069443,37.170732,0 -113.069078,37.170651,0 -113.068741,37.170551,0 -113.068275,37.170392,0 -113.067871,37.170218,0 -113.067476,37.170027,0 -113.067057,37.169791,0 -113.066601,37.169462,0 -113.066325,37.169242,0 -113.065945,37.168932,0 -113.065163,37.168227,0 -113.064824,37.167934,0 -113.064406,37.167579,0 -113.063550,37.166852,0 -113.062477,37.165928,0 -113.061792,37.165338,0 -113.061459,37.165043,0 -113.060845,37.164526,0 -113.060539,37.164266,0 -113.060147,37.163969,0 -113.059765,37.163690,0 -113.059569,37.163555,0 -113.059352,37.163421,0 -113.058848,37.163110,0 -113.058350,37.162835,0 -113.058014,37.162649,0 -113.057557,37.162439,0 -113.057159,37.162256,0 -113.056461,37.161980,0 -113.055971,37.161803,0 -113.055212,37.161587,0 -113.054874,37.161496,0 -113.054342,37.161371,0 -113.053568,37.161218,0 -113.052928,37.161111,0 -113.052193,37.161020,0 -113.051795,37.160975,0 -113.051269,37.160933,0 -113.050944,37.160911,0 -113.050439,37.160891,0 -113.050027,37.160881,0 -113.049705,37.160880,0 -113.049211,37.160890,0 -113.048568,37.160908,0 -113.047985,37.160933,0 -113.047185,37.160952,0 -113.046357,37.160975,0 -113.045454,37.161000,0 -113.043975,37.161039,0 -113.042346,37.161082,0 -113.041614,37.161102,0 -113.040774,37.161125,0 -113.039589,37.161158,0 -113.037699,37.161213,0 -113.037111,37.161226,0 -113.036770,37.161244,0 -113.035719,37.161272,0 -113.035522,37.161267,0 -113.035323,37.161254,0 -113.035158,37.161230,0 -113.035151,37.161228,0 -113.034995,37.161186,0 -113.034422,37.161033,0 -113.034234,37.160991,0 -113.034064,37.160963,0 -113.034024,37.160956,0 -113.033619,37.160951,0 -113.033329,37.160971,0 -113.032850,37.161007,0 -113.032794,37.161011,0 -113.032476,37.161036,0 -113.032199,37.161047,0 -113.032041,37.161044,0 -113.031723,37.160999,0 -113.031562,37.160951,0 -113.031421,37.160893,0 -113.031356,37.160865,0 -113.031288,37.160834,0 -113.030782,37.160545,0 -113.030543,37.160401,0 -113.030423,37.160352,0 -113.030270,37.160295,0 -113.030078,37.160227,0 -113.029903,37.160207,0 -113.029660,37.160207,0 -113.029564,37.160216,0 -113.029401,37.160235,0 -113.029300,37.160265,0 -113.029196,37.160297,0 -113.029043,37.160351,0 -113.028888,37.160455,0 -113.028749,37.160547,0 -113.028432,37.160830,0 -113.028083,37.161156,0 -113.027852,37.161373,0 -113.027653,37.161517,0 -113.027408,37.161703,0 -113.027166,37.161853,0 -113.026314,37.162320,0 -113.025817,37.162593,0 -113.025511,37.162730,0 -113.025227,37.162848,0 -113.024984,37.162936,0 -113.024798,37.162996,0 -113.024613,37.163028,0 -113.024530,37.163038,0 -113.024286,37.163031,0 -113.024120,37.163016,0 -113.023787,37.162942,0 -113.023630,37.162894,0 -113.023317,37.162778,0 -113.022958,37.162619,0 -113.022786,37.162524,0 -113.022571,37.162346,0 -113.022468,37.162228,0 -113.022369,37.162123,0 -113.021924,37.161555,0 -113.021704,37.161298,0 -113.021558,37.161162,0 -113.021345,37.161022,0 -113.021181,37.160932,0 -113.021069,37.160887,0 -113.020876,37.160831,0 -113.020693,37.160795,0 -113.020458,37.160783,0 -113.019894,37.160803,0 -113.018954,37.160834,0 -113.018754,37.160861,0 -113.018604,37.160899,0 -113.018431,37.160970,0 -113.018310,37.161039,0 -113.018194,37.161147,0 -113.018073,37.161276,0 -113.017979,37.161416,0 -113.017854,37.161689,0 -113.017592,37.162389,0 -113.017497,37.162593,0 -113.017403,37.162746,0 -113.017300,37.162862,0 -113.017193,37.162970,0 -113.017038,37.163122,0 -113.016825,37.163263,0 -113.016648,37.163361,0 -113.016548,37.163418,0 -113.015643,37.163931,0 -113.015375,37.164173,0 -113.014966,37.164690,0 -113.014188,37.165691,0 -113.014121,37.165791,0 -113.014085,37.165845,0 -113.014031,37.165928,0 -113.013982,37.166003,0 -113.013785,37.166304,0 -113.013719,37.166430,0 -113.013657,37.166581,0 -113.013623,37.166697,0 -113.013603,37.166765,0 -113.013559,37.166906,0 -113.013542,37.166955,0 -113.013496,37.167110,0 -113.013418,37.167465,0 -113.013387,37.167607,0 -113.013268,37.168155,0 -113.013199,37.168538,0 -113.013171,37.168895,0 -113.013177,37.169050,0 -113.013182,37.169166,0 -113.013226,37.169489,0 -113.013276,37.169699,0 -113.013406,37.170249,0 -113.013441,37.170523,0 -113.013465,37.170882,0 -113.013436,37.171395,0 -113.013332,37.171985,0 -113.013251,37.172262,0 -113.013112,37.172569,0 -113.012933,37.172830,0 -113.012656,37.173149,0 -113.012026,37.173893,0 -113.011489,37.174504,0 -113.011097,37.174910,0 -113.011021,37.174986,0 -113.010990,37.175017,0 -113.010915,37.175094,0 -113.010899,37.175110,0 -113.010101,37.175941,0 -113.009961,37.176094,0 -113.009708,37.176344,0 -113.009105,37.176991,0 -113.008811,37.177337,0 -113.008788,37.177364,0 -113.008775,37.177381,0 -113.008413,37.177849,0 -113.008360,37.177908,0 -113.008277,37.178013,0 -113.008022,37.178332,0 -113.007839,37.178561,0 -113.007683,37.178756,0 -113.007636,37.178814,0 -113.007226,37.179327,0 -113.007211,37.179346,0 -113.007131,37.179443,0 -113.007088,37.179495,0 -113.006776,37.179878,0 -113.006681,37.179997,0 -113.006330,37.180460,0 -113.006196,37.180691,0 -113.006058,37.180951,0 -113.005963,37.181127,0 -113.005875,37.181288,0 -113.005840,37.181348,0 -113.005733,37.181498,0 -113.005603,37.181626,0 -113.005475,37.181736,0 -113.005361,37.181817,0 -113.004947,37.182106,0 -113.004416,37.182477,0 -113.004146,37.182678,0 -113.003952,37.182856,0 -113.003745,37.183075,0 -113.003637,37.183206,0 -113.003457,37.183465,0 -113.003390,37.183579,0 -113.003131,37.184029,0 -113.003067,37.184146,0 -113.002912,37.184483,0 -113.002846,37.184605,0 -113.002805,37.184682,0 -113.002671,37.184924,0 -113.002496,37.185232,0 -113.002427,37.185347,0 -113.002293,37.185544,0 -113.001983,37.186107,0 -113.001914,37.186240,0 -113.001554,37.186871,0 -113.001179,37.187541,0 -113.001108,37.187668,0 -113.001015,37.187836,0 -113.000899,37.188046,0 -113.000764,37.188288,0 -113.000672,37.188394,0 -113.000613,37.188451,0 -113.000531,37.188515,0 -113.000418,37.188584,0 -113.000284,37.188642,0 -113.000156,37.188681,0 -113.000076,37.188697,0 -112.999826,37.188735,0 -112.999700,37.188756,0 -112.999514,37.188784,0 -112.999261,37.188824,0 -112.998611,37.188927,0 -112.998607,37.188928,0</coordinates>
        </LineString>
      </Placemark>
      <Placemark>
        <name>Day 9</name>
        <description>Springdale, UT to Fredonia, AZ</description>
        <LineString>
          <tessellate>1</tessellate>
          <coordinates>-112.998607,37.188928,0 -112.998534,37.188940,0 -112.998281,37.188983,0 -112.998058,37.189016,0 -112.997993,37.189026,0 -112.997667,37.189080,0 -112.997195,37.189159,0 -112.997005,37.189200,0 -112.996854,37.189232,0 -112.996648,37.189297,0 -112.996482,37.189349,0 -112.996165,37.189489,0 -112.995908,37.189629,0 -112.995840,37.189666,0 -112.995662,37.189800,0 -112.995590,37.189854,0 -112.995314,37.190127,0 -112.995088,37.190395,0 -112.995006,37.190493,0 -112.994881,37.190629,0 -112.994756,37.190764,0 -112.994592,37.190957,0 -112.994486,37.191091,0 -112.994053,37.191614,0 -112.993859,37.191872,0 -112.993717,37.192115,0 -112.993616,37.192340,0 -112.993534,37.192592,0 -112.993497,37.192752,0 -112.993409,37.193132,0 -112.993371,37.193278,0 -112.993198,37.193889,0 -112.993132,37.194144,0 -112.993106,37.194249,0 -112.993089,37.194314,0 -112.993073,37.194379,0 -112.993037,37.194518,0 -112.992942,37.194819,0 -112.992906,37.194944,0 -112.992837,37.195263,0 -112.992753,37.195848,0 -112.992722,37.196075,0 -112.992697,37.196176,0 -112.992674,37.196233,0 -112.992643,37.196306,0 -112.992587,37.196414,0 -112.992101,37.197042,0 -112.991878,37.197417,0 -112.991793,37.197578,0 -112.991719,37.197721,0 -112.991554,37.197977,0 -112.991527,37.198016,0 -112.991452,37.198123,0 -112.991008,37.198774,0 -112.990900,37.198924,0 -112.990603,37.199300,0 -112.990527,37.199416,0 -112.990421,37.199602,0 -112.990316,37.199753,0 -112.990258,37.199824,0 -112.990049,37.199971,0 -112.989902,37.200070,0 -112.989861,37.200097,0 -112.989766,37.200118,0 -112.989676,37.200157,0 -112.989651,37.200169,0 -112.989619,37.200183,0 -112.989584,37.200199,0 -112.989516,37.200230,0 -112.989379,37.200295,0 -112.989307,37.200335,0 -112.989277,37.200357,0 -112.989225,37.200393,0 -112.989202,37.200410,0 -112.989109,37.200490,0 -112.989048,37.200560,0 -112.989005,37.200612,0 -112.988963,37.200663,0 -112.988932,37.200708,0 -112.988911,37.200744,0 -112.988838,37.200810,0 -112.988765,37.200923,0 -112.988683,37.201072,0 -112.988666,37.201110,0 -112.988608,37.201246,0 -112.988585,37.201299,0 -112.988561,37.201354,0 -112.988494,37.201498,0 -112.988441,37.201588,0 -112.988239,37.201967,0 -112.988201,37.202066,0 -112.988170,37.202150,0 -112.988081,37.202354,0 -112.988021,37.202422,0 -112.987949,37.202492,0 -112.987826,37.202611,0 -112.987640,37.202789,0 -112.987392,37.203042,0 -112.987268,37.203160,0 -112.987149,37.203265,0 -112.986963,37.203431,0 -112.986829,37.203511,0 -112.986673,37.203603,0 -112.986516,37.203682,0 -112.986355,37.203754,0 -112.986256,37.203790,0 -112.986037,37.203864,0 -112.985753,37.203954,0 -112.985414,37.204081,0 -112.985212,37.204170,0 -112.985074,37.204241,0 -112.984972,37.204280,0 -112.984890,37.204318,0 -112.984759,37.204391,0 -112.984602,37.204497,0 -112.984522,37.204555,0 -112.984439,37.204615,0 -112.984311,37.204722,0 -112.984176,37.204858,0 -112.984061,37.204997,0 -112.983978,37.205117,0 -112.983951,37.205167,0 -112.983893,37.205265,0 -112.983781,37.205454,0 -112.983654,37.205689,0 -112.983597,37.205800,0 -112.983551,37.205888,0 -112.983438,37.206119,0 -112.983406,37.206165,0 -112.983322,37.206269,0 -112.983299,37.206301,0 -112.983159,37.206451,0 -112.983025,37.206580,0 -112.982882,37.206695,0 -112.982754,37.206780,0 -112.982611,37.206870,0 -112.982442,37.206961,0 -112.982317,37.207021,0 -112.982177,37.207075,0 -112.982037,37.207126,0 -112.981853,37.207187,0 -112.981628,37.207245,0 -112.981254,37.207325,0 -112.980867,37.207404,0 -112.980660,37.207461,0 -112.980514,37.207506,0 -112.980382,37.207559,0 -112.980255,37.207622,0 -112.980114,37.207698,0 -112.980012,37.207761,0 -112.979869,37.207866,0 -112.979715,37.207990,0 -112.979623,37.208083,0 -112.979538,37.208181,0 -112.979464,37.208269,0 -112.979396,37.208360,0 -112.979321,37.208489,0 -112.979285,37.208563,0 -112.979261,37.208635,0 -112.979179,37.208794,0 -112.979127,37.208919,0 -112.979096,37.209048,0 -112.979078,37.209162,0 -112.979071,37.209204,0 -112.979057,37.209387,0 -112.979017,37.209728,0 -112.978992,37.209961,0 -112.978972,37.210095,0 -112.978951,37.210214,0 -112.978933,37.210313,0 -112.978893,37.210467,0 -112.978857,37.210684,0 -112.978779,37.210838,0 -112.978661,37.211090,0 -112.978492,37.211403,0 -112.978340,37.211663,0 -112.978240,37.211881,0 -112.978166,37.212037,0 -112.978089,37.212267,0 -112.977937,37.212719,0 -112.977673,37.213465,0 -112.977488,37.214062,0 -112.977299,37.214566,0 -112.977133,37.215001,0 -112.977057,37.215197,0 -112.976758,37.215858,0 -112.976218,37.216853,0 -112.975952,37.217324,0 -112.975854,37.217428,0 -112.975758,37.217507,0 -112.975670,37.217561,0 -112.975620,37.217579,0 -112.975569,37.217595,0 -112.975486,37.217609,0 -112.975402,37.217610,0 -112.975329,37.217605,0 -112.974663,37.217542,0 -112.974452,37.217530,0 -112.973962,37.217490,0 -112.973730,37.217464,0 -112.973569,37.217447,0 -112.973418,37.217445,0 -112.973302,37.217448,0 -112.973203,37.217457,0 -112.973115,37.217469,0 -112.972645,37.217534,0 -112.972284,37.217608,0 -112.971649,37.217746,0 -112.971415,37.217797,0 -112.971146,37.217852,0 -112.971031,37.217859,0 -112.970922,37.217853,0 -112.970758,37.217816,0 -112.970571,37.217740,0 -112.970206,37.217536,0 -112.970022,37.217471,0 -112.969826,37.217413,0 -112.968940,37.217232,0 -112.968679,37.217186,0 -112.968384,37.217134,0 -112.967361,37.216939,0 -112.967120,37.216899,0 -112.966909,37.216873,0 -112.966728,37.216867,0 -112.966579,37.216867,0 -112.966196,37.216888,0 -112.966062,37.216877,0 -112.965908,37.216847,0 -112.965816,37.216795,0 -112.965736,37.216750,0 -112.965708,37.216725,0 -112.965677,37.216696,0 -112.965642,37.216639,0 -112.965628,37.216616,0 -112.965591,37.216523,0 -112.965586,37.216512,0 -112.965564,37.216429,0 -112.965557,37.216405,0 -112.965557,37.216295,0 -112.965584,37.216121,0 -112.965612,37.215960,0 -112.965644,37.215886,0 -112.965693,37.215826,0 -112.965768,37.215779,0 -112.965859,37.215749,0 -112.966092,37.215730,0 -112.966589,37.215748,0 -112.967366,37.215815,0 -112.968012,37.215875,0 -112.968804,37.215952,0 -112.968969,37.215963,0 -112.969114,37.215956,0 -112.969576,37.215896,0 -112.969762,37.215888,0 -112.969881,37.215892,0 -112.970005,37.215907,0 -112.970163,37.215945,0 -112.970284,37.215996,0 -112.970413,37.216068,0 -112.970890,37.216368,0 -112.971296,37.216585,0 -112.971365,37.216611,0 -112.971432,37.216628,0 -112.971506,37.216638,0 -112.971576,37.216635,0 -112.971654,37.216611,0 -112.971714,37.216576,0 -112.971756,37.216529,0 -112.971776,37.216482,0 -112.971792,37.216435,0 -112.971793,37.216380,0 -112.971771,37.216327,0 -112.971741,37.216266,0 -112.971701,37.216211,0 -112.971643,37.216166,0 -112.971546,37.216118,0 -112.971452,37.216099,0 -112.971279,37.216079,0 -112.971134,37.216048,0 -112.971017,37.216002,0 -112.970920,37.215952,0 -112.970815,37.215894,0 -112.970742,37.215841,0 -112.970478,37.215665,0 -112.970301,37.215569,0 -112.970177,37.215534,0 -112.969988,37.215489,0 -112.969883,37.215474,0 -112.969753,37.215465,0 -112.969568,37.215480,0 -112.969356,37.215566,0 -112.969236,37.215627,0 -112.969122,37.215652,0 -112.968471,37.215658,0 -112.968306,37.215642,0 -112.968185,37.215622,0 -112.968119,37.215594,0 -112.968029,37.215547,0 -112.967776,37.215356,0 -112.967710,37.215322,0 -112.967621,37.215293,0 -112.967513,37.215279,0 -112.967373,37.215277,0 -112.967257,37.215277,0 -112.967079,37.215296,0 -112.966944,37.215295,0 -112.966810,37.215288,0 -112.966649,37.215259,0 -112.966325,37.215154,0 -112.965933,37.215010,0 -112.965834,37.214987,0 -112.965730,37.214977,0 -112.965647,37.214975,0 -112.965562,37.214989,0 -112.965416,37.215042,0 -112.965092,37.215144,0 -112.964963,37.215159,0 -112.964847,37.215162,0 -112.964760,37.215151,0 -112.964569,37.215124,0 -112.964412,37.215116,0 -112.964292,37.215144,0 -112.964204,37.215176,0 -112.964144,37.215202,0 -112.964069,37.215269,0 -112.963991,37.215332,0 -112.963912,37.215393,0 -112.963826,37.215433,0 -112.963679,37.215472,0 -112.963544,37.215484,0 -112.963333,37.215498,0 -112.963130,37.215496,0 -112.962986,37.215512,0 -112.962866,37.215539,0 -112.962758,37.215576,0 -112.962665,37.215627,0 -112.962522,37.215677,0 -112.962389,37.215711,0 -112.962242,37.215728,0 -112.962078,37.215731,0 -112.961901,37.215721,0 -112.961642,37.215696,0 -112.961292,37.215644,0 -112.961109,37.215605,0 -112.960933,37.215560,0 -112.960747,37.215499,0 -112.960506,37.215410,0 -112.960370,37.215347,0 -112.960163,37.215225,0 -112.959665,37.214918,0 -112.959411,37.214781,0 -112.959290,37.214713,0 -112.959154,37.214650,0 -112.959008,37.214603,0 -112.958851,37.214559,0 -112.958680,37.214541,0 -112.958506,37.214542,0 -112.958361,37.214549,0 -112.958269,37.214553,0 -112.958122,37.214562,0 -112.958063,37.214562,0 -112.957992,37.214552,0 -112.957934,37.214539,0 -112.957880,37.214523,0 -112.957841,37.214502,0 -112.957803,37.214479,0 -112.957777,37.214458,0 -112.957750,37.214422,0 -112.957735,37.214380,0 -112.957725,37.214341,0 -112.957722,37.214307,0 -112.957727,37.214278,0 -112.957741,37.214241,0 -112.957762,37.214211,0 -112.957792,37.214182,0 -112.957835,37.214159,0 -112.957890,37.214139,0 -112.957934,37.214126,0 -112.957984,37.214115,0 -112.958041,37.214110,0 -112.958095,37.214110,0 -112.958163,37.214116,0 -112.958243,37.214129,0 -112.958377,37.214157,0 -112.959142,37.214364,0 -112.959853,37.214568,0 -112.961161,37.214969,0 -112.961352,37.215014,0 -112.961412,37.215019,0 -112.961531,37.215016,0 -112.961748,37.214998,0 -112.962309,37.214910,0 -112.962944,37.214817,0 -112.963075,37.214796,0 -112.963195,37.214760,0 -112.963300,37.214726,0 -112.963378,37.214681,0 -112.963451,37.214619,0 -112.963498,37.214557,0 -112.963532,37.214478,0 -112.963565,37.214379,0 -112.963553,37.214289,0 -112.963518,37.214205,0 -112.963453,37.214130,0 -112.963368,37.214071,0 -112.963252,37.214025,0 -112.963164,37.213995,0 -112.963071,37.213974,0 -112.962887,37.213978,0 -112.962778,37.214000,0 -112.962690,37.214034,0 -112.962607,37.214085,0 -112.962521,37.214148,0 -112.962420,37.214246,0 -112.962290,37.214402,0 -112.962164,37.214526,0 -112.962063,37.214580,0 -112.961959,37.214618,0 -112.961827,37.214646,0 -112.961678,37.214648,0 -112.961524,37.214623,0 -112.961411,37.214589,0 -112.960767,37.214331,0 -112.960202,37.214087,0 -112.959990,37.213975,0 -112.959794,37.213853,0 -112.959563,37.213693,0 -112.959221,37.213457,0 -112.959028,37.213324,0 -112.958954,37.213265,0 -112.958775,37.213125,0 -112.958592,37.212980,0 -112.958346,37.212823,0 -112.958168,37.212722,0 -112.958009,37.212644,0 -112.957930,37.212612,0 -112.957846,37.212583,0 -112.957719,37.212551,0 -112.957602,37.212528,0 -112.957515,37.212513,0 -112.957404,37.212497,0 -112.956684,37.212417,0 -112.956578,37.212406,0 -112.956473,37.212395,0 -112.956377,37.212381,0 -112.956303,37.212364,0 -112.956223,37.212345,0 -112.956158,37.212321,0 -112.956114,37.212298,0 -112.956076,37.212272,0 -112.956048,37.212241,0 -112.956031,37.212206,0 -112.956019,37.212168,0 -112.956011,37.212124,0 -112.956013,37.212079,0 -112.956026,37.212039,0 -112.956050,37.211999,0 -112.956076,37.211968,0 -112.956115,37.211933,0 -112.956154,37.211906,0 -112.956199,37.211887,0 -112.956256,37.211873,0 -112.956317,37.211867,0 -112.956372,37.211867,0 -112.956439,37.211877,0 -112.956499,37.211898,0 -112.956548,37.211919,0 -112.956614,37.211955,0 -112.956675,37.211987,0 -112.956765,37.212028,0 -112.956817,37.212047,0 -112.956886,37.212071,0 -112.956983,37.212091,0 -112.957093,37.212109,0 -112.957220,37.212123,0 -112.957231,37.212124,0 -112.957373,37.212138,0 -112.958434,37.212224,0 -112.959430,37.212305,0 -112.959746,37.212334,0 -112.960052,37.212369,0 -112.960352,37.212426,0 -112.960531,37.212483,0 -112.960718,37.212552,0 -112.960896,37.212618,0 -112.961012,37.212666,0 -112.961130,37.212710,0 -112.961287,37.212763,0 -112.961390,37.212773,0 -112.961508,37.212766,0 -112.961606,37.212748,0 -112.961763,37.212709,0 -112.961918,37.212674,0 -112.962029,37.212652,0 -112.962142,37.212634,0 -112.962258,37.212629,0 -112.962377,37.212629,0 -112.962492,37.212639,0 -112.962619,37.212651,0 -112.962766,37.212667,0 -112.962948,37.212701,0 -112.963082,37.212726,0 -112.963296,37.212785,0 -112.963478,37.212840,0 -112.963590,37.212867,0 -112.963659,37.212870,0 -112.963738,37.212861,0 -112.963798,37.212841,0 -112.963858,37.212810,0 -112.963891,37.212781,0 -112.963925,37.212743,0 -112.963949,37.212689,0 -112.963965,37.212632,0 -112.963963,37.212585,0 -112.963954,37.212542,0 -112.963925,37.212487,0 -112.963893,37.212454,0 -112.963861,37.212420,0 -112.963793,37.212389,0 -112.963723,37.212380,0 -112.963652,37.212388,0 -112.963569,37.212407,0 -112.963430,37.212464,0 -112.963264,37.212517,0 -112.963134,37.212542,0 -112.963016,37.212541,0 -112.962915,37.212529,0 -112.962843,37.212512,0 -112.962417,37.212432,0 -112.962256,37.212413,0 -112.962150,37.212414,0 -112.961964,37.212417,0 -112.961830,37.212427,0 -112.961699,37.212428,0 -112.961571,37.212400,0 -112.961421,37.212349,0 -112.961259,37.212280,0 -112.961169,37.212232,0 -112.961060,37.212181,0 -112.960557,37.212016,0 -112.960247,37.211919,0 -112.960036,37.211853,0 -112.959488,37.211712,0 -112.958980,37.211622,0 -112.958671,37.211573,0 -112.958561,37.211556,0 -112.958465,37.211534,0 -112.958350,37.211494,0 -112.958253,37.211426,0 -112.958162,37.211346,0 -112.957198,37.210225,0 -112.957022,37.210102,0 -112.956823,37.210006,0 -112.956614,37.209935,0 -112.956403,37.209893,0 -112.956096,37.209875,0 -112.955584,37.209995,0 -112.954450,37.210276,0 -112.953184,37.210532,0 -112.952158,37.210713,0 -112.951569,37.210815,0 -112.950812,37.210951,0 -112.950059,37.211090,0 -112.949847,37.211116,0 -112.949581,37.211123,0 -112.949310,37.211103,0 -112.948768,37.211057,0 -112.947459,37.210956,0 -112.946515,37.210888,0 -112.945682,37.210827,0 -112.945472,37.210817,0 -112.945217,37.210828,0 -112.944278,37.211001,0 -112.943236,37.211167,0 -112.943114,37.211200,0 -112.943007,37.211240,0 -112.942905,37.211276,0 -112.942808,37.211334,0 -112.942581,37.211520,0 -112.942314,37.211769,0 -112.941073,37.212922,0 -112.940703,37.213281,0 -112.940655,37.213332,0 -112.940634,37.213355,0 -112.940611,37.213380,0 -112.940524,37.213485,0 -112.940473,37.213555,0 -112.940086,37.214091,0 -112.939974,37.214253,0 -112.939860,37.214399,0 -112.939810,37.214464,0 -112.939757,37.214521,0 -112.939698,37.214586,0 -112.939604,37.214662,0 -112.939511,37.214715,0 -112.939406,37.214763,0 -112.939348,37.214779,0 -112.939273,37.214796,0 -112.939185,37.214812,0 -112.939114,37.214824,0 -112.938970,37.214824,0 -112.938829,37.214814,0 -112.938727,37.214799,0 -112.938547,37.214766,0 -112.938396,37.214754,0 -112.938234,37.214761,0 -112.938166,37.214775,0 -112.938101,37.214788,0 -112.938011,37.214822,0 -112.937882,37.214892,0 -112.937776,37.214957,0 -112.937691,37.215040,0 -112.937515,37.215239,0 -112.937405,37.215334,0 -112.937312,37.215394,0 -112.937216,37.215448,0 -112.937080,37.215486,0 -112.936927,37.215503,0 -112.936810,37.215503,0 -112.936635,37.215495,0 -112.936285,37.215456,0 -112.935867,37.215411,0 -112.935776,37.215398,0 -112.935726,37.215391,0 -112.935580,37.215369,0 -112.935496,37.215357,0 -112.935397,37.215334,0 -112.935299,37.215300,0 -112.935230,37.215265,0 -112.935160,37.215227,0 -112.935081,37.215174,0 -112.935006,37.215105,0 -112.934948,37.215041,0 -112.934910,37.214997,0 -112.934802,37.214841,0 -112.934508,37.214368,0 -112.934424,37.214249,0 -112.934361,37.214179,0 -112.934284,37.214115,0 -112.934210,37.214070,0 -112.934005,37.213970,0 -112.933973,37.213956,0 -112.933773,37.213869,0 -112.933495,37.213751,0 -112.933346,37.213687,0 -112.933074,37.213592,0 -112.932793,37.213518,0 -112.932581,37.213473,0 -112.932407,37.213458,0 -112.932257,37.213461,0 -112.932087,37.213490,0 -112.931921,37.213540,0 -112.931765,37.213613,0 -112.931654,37.213695,0 -112.931566,37.213788,0 -112.931494,37.213876,0 -112.931425,37.213972,0 -112.931371,37.214059,0 -112.931319,37.214193,0 -112.931295,37.214324,0 -112.931287,37.214419,0 -112.931295,37.214553,0 -112.931377,37.214798,0 -112.931441,37.215014,0 -112.931456,37.215120,0 -112.931455,37.215206,0 -112.931429,37.215279,0 -112.931389,37.215382,0 -112.931296,37.215487,0 -112.931210,37.215560,0 -112.931123,37.215613,0 -112.931009,37.215664,0 -112.930869,37.215698,0 -112.930753,37.215719,0 -112.929805,37.215834,0 -112.929672,37.215853,0 -112.929538,37.215895,0 -112.929425,37.215935,0 -112.929304,37.216010,0 -112.929198,37.216104,0 -112.928969,37.216407,0 -112.928626,37.216863,0 -112.928568,37.216938,0 -112.928496,37.217003,0 -112.928421,37.217059,0 -112.928314,37.217106,0 -112.928216,37.217138,0 -112.928082,37.217147,0 -112.927960,37.217139,0 -112.927846,37.217123,0 -112.927718,37.217086,0 -112.927630,37.217060,0 -112.927101,37.216854,0 -112.926958,37.216783,0 -112.926812,37.216696,0 -112.926730,37.216622,0 -112.926605,37.216522,0 -112.926484,37.216419,0 -112.926385,37.216356,0 -112.926268,37.216298,0 -112.926137,37.216270,0 -112.926014,37.216255,0 -112.925849,37.216277,0 -112.925686,37.216334,0 -112.925300,37.216490,0 -112.925147,37.216561,0 -112.925021,37.216642,0 -112.924912,37.216729,0 -112.924799,37.216819,0 -112.924666,37.216961,0 -112.924520,37.217105,0 -112.924363,37.217234,0 -112.924251,37.217311,0 -112.924141,37.217373,0 -112.924009,37.217430,0 -112.923801,37.217513,0 -112.923550,37.217613,0 -112.922107,37.218259,0 -112.921956,37.218287,0 -112.921854,37.218293,0 -112.921744,37.218297,0 -112.921616,37.218284,0 -112.921484,37.218250,0 -112.921283,37.218139,0 -112.921162,37.218031,0 -112.920874,37.217690,0 -112.920397,37.217067,0 -112.920146,37.216676,0 -112.920062,37.216531,0 -112.919947,37.216239,0 -112.919895,37.216136,0 -112.919825,37.216035,0 -112.919717,37.215943,0 -112.919634,37.215892,0 -112.919533,37.215854,0 -112.919386,37.215807,0 -112.919230,37.215775,0 -112.919079,37.215778,0 -112.918918,37.215825,0 -112.918775,37.215901,0 -112.918288,37.216259,0 -112.917826,37.216599,0 -112.917752,37.216669,0 -112.917691,37.216742,0 -112.917645,37.216854,0 -112.917619,37.216975,0 -112.917622,37.217091,0 -112.917629,37.217169,0 -112.917670,37.217287,0 -112.917752,37.217402,0 -112.917837,37.217496,0 -112.917929,37.217546,0 -112.918293,37.217666,0 -112.918396,37.217700,0 -112.918507,37.217744,0 -112.918626,37.217843,0 -112.918675,37.217894,0 -112.918701,37.217975,0 -112.918715,37.218103,0 -112.918707,37.218205,0 -112.918664,37.218279,0 -112.918589,37.218368,0 -112.918235,37.218694,0 -112.918170,37.218745,0 -112.918059,37.218812,0 -112.917973,37.218857,0 -112.917587,37.219060,0 -112.917493,37.219128,0 -112.917397,37.219210,0 -112.917297,37.219324,0 -112.917242,37.219388,0 -112.917139,37.219544,0 -112.917101,37.219641,0 -112.917073,37.219794,0 -112.917084,37.219973,0 -112.917150,37.220675,0 -112.917149,37.220812,0 -112.917132,37.220897,0 -112.917092,37.221012,0 -112.917053,37.221120,0 -112.917004,37.221232,0 -112.916950,37.221320,0 -112.916945,37.221327,0 -112.916911,37.221383,0 -112.916830,37.221490,0 -112.916752,37.221552,0 -112.916639,37.221630,0 -112.916504,37.221687,0 -112.916335,37.221735,0 -112.916164,37.221772,0 -112.915964,37.221805,0 -112.915485,37.221870,0 -112.915066,37.221950,0 -112.914957,37.221977,0 -112.914868,37.222005,0 -112.914811,37.222029,0 -112.914759,37.222061,0 -112.914697,37.222113,0 -112.914641,37.222169,0 -112.914558,37.222328,0 -112.914551,37.222371,0 -112.914532,37.222467,0 -112.914532,37.222606,0 -112.914573,37.222954,0 -112.914591,37.223100,0 -112.914593,37.223208,0 -112.914577,37.223288,0 -112.914554,37.223335,0 -112.914527,37.223380,0 -112.914470,37.223448,0 -112.914413,37.223505,0 -112.914327,37.223564,0 -112.914232,37.223619,0 -112.914116,37.223650,0 -112.914010,37.223666,0 -112.913887,37.223672,0 -112.913763,37.223677,0 -112.913655,37.223663,0 -112.913414,37.223639,0 -112.912084,37.223539,0 -112.912032,37.223536,0 -112.911932,37.223538,0 -112.911847,37.223555,0 -112.911755,37.223575,0 -112.911670,37.223607,0 -112.911610,37.223638,0 -112.911552,37.223673,0 -112.911468,37.223744,0 -112.910795,37.224390,0 -112.910746,37.224453,0 -112.910713,37.224507,0 -112.910648,37.224620,0 -112.910603,37.224728,0 -112.910567,37.224879,0 -112.910516,37.225149,0 -112.910496,37.225194,0 -112.910475,37.225234,0 -112.910438,37.225283,0 -112.910403,37.225325,0 -112.910341,37.225380,0 -112.910286,37.225420,0 -112.910203,37.225456,0 -112.910154,37.225470,0 -112.910074,37.225485,0 -112.909987,37.225497,0 -112.909885,37.225499,0 -112.909793,37.225485,0 -112.909697,37.225459,0 -112.909610,37.225421,0 -112.909533,37.225373,0 -112.909441,37.225295,0 -112.909373,37.225208,0 -112.909333,37.225127,0 -112.909027,37.224602,0 -112.908778,37.224194,0 -112.908211,37.223450,0 -112.908166,37.223388,0 -112.908094,37.223315,0 -112.908005,37.223266,0 -112.907909,37.223222,0 -112.907761,37.223174,0 -112.906957,37.222962,0 -112.906693,37.222909,0 -112.906535,37.222902,0 -112.906377,37.222902,0 -112.906227,37.222926,0 -112.906083,37.222961,0 -112.905501,37.223125,0 -112.905276,37.223182,0 -112.905054,37.223218,0 -112.904506,37.223296,0 -112.904352,37.223321,0 -112.904235,37.223361,0 -112.904127,37.223428,0 -112.904077,37.223471,0 -112.904046,37.223498,0 -112.903960,37.223578,0 -112.903910,37.223651,0 -112.903871,37.223769,0 -112.903856,37.223815,0 -112.903790,37.224022,0 -112.903761,37.224114,0 -112.903711,37.224198,0 -112.903634,37.224283,0 -112.903519,37.224375,0 -112.903399,37.224445,0 -112.903256,37.224497,0 -112.903060,37.224555,0 -112.902964,37.224587,0 -112.902366,37.224760,0 -112.902212,37.224809,0 -112.902124,37.224824,0 -112.901993,37.224831,0 -112.901924,37.224829,0 -112.901855,37.224822,0 -112.901791,37.224807,0 -112.901728,37.224787,0 -112.901666,37.224760,0 -112.901606,37.224727,0 -112.901557,37.224694,0 -112.901488,37.224629,0 -112.901402,37.224525,0 -112.901333,37.224413,0 -112.901303,37.224348,0 -112.901255,37.224270,0 -112.901191,37.224177,0 -112.901139,37.224116,0 -112.901057,37.224049,0 -112.901019,37.224032,0 -112.900931,37.223994,0 -112.900792,37.223952,0 -112.900306,37.223876,0 -112.900110,37.223832,0 -112.899937,37.223770,0 -112.899834,37.223696,0 -112.899763,37.223628,0 -112.899680,37.223491,0 -112.899609,37.223336,0 -112.899391,37.222912,0 -112.899335,37.222780,0 -112.899287,37.222607,0 -112.899253,37.222516,0 -112.899213,37.222399,0 -112.899188,37.222330,0 -112.899142,37.222264,0 -112.899084,37.222221,0 -112.899008,37.222175,0 -112.898969,37.222166,0 -112.898915,37.222153,0 -112.898808,37.222159,0 -112.898727,37.222184,0 -112.898663,37.222213,0 -112.898603,37.222252,0 -112.898564,37.222306,0 -112.898507,37.222428,0 -112.898470,37.222555,0 -112.898456,37.222704,0 -112.898463,37.222835,0 -112.898519,37.223384,0 -112.898505,37.223517,0 -112.898493,37.223629,0 -112.898454,37.223764,0 -112.898402,37.223915,0 -112.898317,37.224086,0 -112.898209,37.224284,0 -112.898035,37.224574,0 -112.898019,37.224601,0 -112.897942,37.224695,0 -112.897864,37.224738,0 -112.897811,37.224772,0 -112.897708,37.224800,0 -112.897576,37.224809,0 -112.897430,37.224795,0 -112.897126,37.224757,0 -112.896919,37.224750,0 -112.896733,37.224765,0 -112.896579,37.224796,0 -112.896477,37.224840,0 -112.896342,37.224904,0 -112.896115,37.225013,0 -112.896043,37.225041,0 -112.895970,37.225061,0 -112.895888,37.225078,0 -112.895819,37.225085,0 -112.895744,37.225087,0 -112.895662,37.225084,0 -112.895586,37.225070,0 -112.895486,37.225052,0 -112.895402,37.225030,0 -112.895183,37.224931,0 -112.894999,37.224842,0 -112.894845,37.224771,0 -112.894707,37.224713,0 -112.894506,37.224651,0 -112.894442,37.224635,0 -112.894121,37.224540,0 -112.893941,37.224502,0 -112.893807,37.224474,0 -112.893575,37.224431,0 -112.893458,37.224414,0 -112.893341,37.224404,0 -112.893067,37.224396,0 -112.892640,37.224401,0 -112.892507,37.224413,0 -112.892319,37.224436,0 -112.892117,37.224472,0 -112.891936,37.224518,0 -112.891760,37.224579,0 -112.891706,37.224606,0 -112.891591,37.224664,0 -112.891390,37.224799,0 -112.891275,37.224897,0 -112.891151,37.225010,0 -112.890598,37.225589,0 -112.890494,37.225698,0 -112.890364,37.225796,0 -112.890212,37.225881,0 -112.890048,37.225941,0 -112.889904,37.225982,0 -112.889761,37.226005,0 -112.889614,37.225999,0 -112.889475,37.225983,0 -112.889293,37.225929,0 -112.889042,37.225842,0 -112.888859,37.225786,0 -112.888673,37.225751,0 -112.888489,37.225741,0 -112.888042,37.225790,0 -112.887693,37.225829,0 -112.887242,37.225884,0 -112.887232,37.225885,0 -112.886761,37.225959,0 -112.886571,37.225989,0 -112.886339,37.226052,0 -112.886206,37.226088,0 -112.885886,37.226193,0 -112.884660,37.226637,0 -112.884583,37.226661,0 -112.884258,37.226763,0 -112.884046,37.226810,0 -112.883986,37.226822,0 -112.883772,37.226865,0 -112.883427,37.226923,0 -112.881866,37.227174,0 -112.880265,37.227430,0 -112.880112,37.227449,0 -112.879866,37.227499,0 -112.879644,37.227565,0 -112.879492,37.227632,0 -112.879381,37.227705,0 -112.879324,37.227748,0 -112.879228,37.227821,0 -112.879091,37.227966,0 -112.878937,37.228213,0 -112.878906,37.228351,0 -112.878857,37.228594,0 -112.878798,37.228953,0 -112.878631,37.229937,0 -112.878611,37.230053,0 -112.878546,37.230400,0 -112.878519,37.230532,0 -112.878493,37.230613,0 -112.878449,37.230749,0 -112.878423,37.230817,0 -112.878394,37.230889,0 -112.878361,37.230954,0 -112.878316,37.231040,0 -112.878245,37.231161,0 -112.878180,37.231265,0 -112.878098,37.231360,0 -112.878024,37.231449,0 -112.877885,37.231574,0 -112.877833,37.231625,0 -112.877690,37.231738,0 -112.877523,37.231860,0 -112.877486,37.231888,0 -112.876546,37.232535,0 -112.876377,37.232651,0 -112.876175,37.232792,0 -112.875965,37.232939,0 -112.875674,37.233094,0 -112.875644,37.233109,0 -112.875514,37.233178,0 -112.875400,37.233238,0 -112.875319,37.233291,0 -112.875216,37.233364,0 -112.875156,37.233414,0 -112.875103,37.233462,0 -112.875052,37.233506,0 -112.875016,37.233536,0 -112.874969,37.233572,0 -112.874928,37.233602,0 -112.874876,37.233635,0 -112.874751,37.233710,0 -112.874665,37.233755,0 -112.874592,37.233812,0 -112.874406,37.233890,0 -112.874216,37.233960,0 -112.873937,37.234044,0 -112.873760,37.234092,0 -112.873612,37.234126,0 -112.873390,37.234163,0 -112.873188,37.234184,0 -112.873025,37.234190,0 -112.872658,37.234189,0 -112.872001,37.234173,0 -112.871699,37.234178,0 -112.871420,37.234186,0 -112.871254,37.234201,0 -112.871088,37.234230,0 -112.870790,37.234279,0 -112.870164,37.234398,0 -112.865017,37.235293,0 -112.864561,37.235372,0 -112.864112,37.235451,0 -112.863620,37.235536,0 -112.858131,37.236502,0 -112.856337,37.236828,0 -112.856195,37.236853,0 -112.856142,37.236862,0 -112.856078,37.236872,0 -112.856021,37.236881,0 -112.855972,37.236889,0 -112.855040,37.237051,0 -112.854971,37.237063,0 -112.854903,37.237075,0 -112.853315,37.237336,0 -112.853133,37.237367,0 -112.852970,37.237396,0 -112.850960,37.237746,0 -112.850169,37.237840,0 -112.849217,37.237888,0 -112.844189,37.237988,0 -112.842334,37.238098,0 -112.840695,37.238195,0 -112.840094,37.238241,0 -112.838456,37.238349,0 -112.836779,37.238455,0 -112.836496,37.238482,0 -112.836232,37.238512,0 -112.835844,37.238563,0 -112.835336,37.238636,0 -112.834834,37.238723,0 -112.834674,37.238731,0 -112.834553,37.238752,0 -112.833416,37.238928,0 -112.833169,37.238966,0 -112.833071,37.238982,0 -112.832989,37.238997,0 -112.832919,37.239012,0 -112.832847,37.239029,0 -112.832762,37.239052,0 -112.832698,37.239071,0 -112.832637,37.239088,0 -112.832580,37.239100,0 -112.832527,37.239106,0 -112.832473,37.239103,0 -112.832441,37.239099,0 -112.832392,37.239087,0 -112.832344,37.239070,0 -112.832309,37.239042,0 -112.832268,37.239020,0 -112.832222,37.239006,0 -112.832158,37.238998,0 -112.832093,37.239004,0 -112.832033,37.239023,0 -112.831981,37.239054,0 -112.831937,37.239101,0 -112.831868,37.239144,0 -112.831799,37.239186,0 -112.831743,37.239213,0 -112.831689,37.239239,0 -112.831635,37.239258,0 -112.831571,37.239278,0 -112.831492,37.239294,0 -112.831367,37.239316,0 -112.831196,37.239347,0 -112.831061,37.239372,0 -112.830490,37.239468,0 -112.830302,37.239504,0 -112.830080,37.239557,0 -112.829215,37.239703,0 -112.828060,37.239903,0 -112.828033,37.239908,0 -112.826073,37.240249,0 -112.820963,37.241125,0 -112.817026,37.241801,0 -112.814884,37.242169,0 -112.813480,37.242411,0 -112.812744,37.242544,0 -112.812241,37.242662,0 -112.811500,37.242919,0 -112.809651,37.243890,0 -112.808691,37.244418,0 -112.805940,37.245920,0 -112.803769,37.247104,0 -112.803288,37.247383,0 -112.803269,37.247394,0 -112.802850,37.247683,0 -112.802416,37.247990,0 -112.801828,37.248465,0 -112.801347,37.248862,0 -112.798932,37.250885,0 -112.798007,37.251609,0 -112.797946,37.251664,0 -112.796867,37.252624,0 -112.796594,37.252826,0 -112.796328,37.252982,0 -112.796006,37.253136,0 -112.795503,37.253340,0 -112.795027,37.253504,0 -112.794673,37.253692,0 -112.794413,37.253890,0 -112.794095,37.254217,0 -112.793141,37.255414,0 -112.792903,37.255807,0 -112.792760,37.256050,0 -112.792653,37.256219,0 -112.792480,37.256581,0 -112.792240,37.257217,0 -112.792065,37.257856,0 -112.791466,37.260388,0 -112.791335,37.260806,0 -112.791205,37.261049,0 -112.791012,37.261271,0 -112.790854,37.261398,0 -112.790685,37.261523,0 -112.790407,37.261691,0 -112.790021,37.261840,0 -112.789651,37.261938,0 -112.789254,37.261978,0 -112.788797,37.261994,0 -112.788139,37.262038,0 -112.787795,37.262074,0 -112.787455,37.262112,0 -112.786970,37.262164,0 -112.786650,37.262162,0 -112.786314,37.262125,0 -112.785601,37.262042,0 -112.785154,37.262007,0 -112.784706,37.261987,0 -112.783707,37.261955,0 -112.783261,37.261950,0 -112.782796,37.261964,0 -112.782357,37.261975,0 -112.781728,37.261956,0 -112.780850,37.261987,0 -112.780129,37.262053,0 -112.779514,37.262152,0 -112.778844,37.262307,0 -112.777958,37.262555,0 -112.777319,37.262746,0 -112.776612,37.262877,0 -112.776239,37.262934,0 -112.775824,37.262975,0 -112.775423,37.262984,0 -112.775092,37.262989,0 -112.774612,37.262961,0 -112.774066,37.262908,0 -112.773470,37.262816,0 -112.772916,37.262682,0 -112.772373,37.262520,0 -112.771809,37.262285,0 -112.771312,37.262048,0 -112.770780,37.261727,0 -112.768545,37.260108,0 -112.767850,37.259562,0 -112.767243,37.259045,0 -112.766800,37.258612,0 -112.766388,37.258155,0 -112.765854,37.257473,0 -112.764274,37.255257,0 -112.763755,37.254541,0 -112.762672,37.253187,0 -112.761356,37.251587,0 -112.760760,37.250919,0 -112.760329,37.250435,0 -112.759370,37.249379,0 -112.757937,37.247930,0 -112.757070,37.247070,0 -112.755781,37.245836,0 -112.751968,37.242227,0 -112.751292,37.241578,0 -112.750605,37.240913,0 -112.749919,37.240288,0 -112.749234,37.239715,0 -112.748315,37.239041,0 -112.747106,37.238267,0 -112.746014,37.237666,0 -112.745372,37.237344,0 -112.741976,37.235791,0 -112.738311,37.234078,0 -112.737012,37.233472,0 -112.735036,37.232534,0 -112.733099,37.231688,0 -112.732174,37.231223,0 -112.731240,37.230713,0 -112.730382,37.230149,0 -112.729137,37.229235,0 -112.727576,37.227963,0 -112.726923,37.227495,0 -112.726346,37.227127,0 -112.725587,37.226719,0 -112.724712,37.226302,0 -112.719672,37.224281,0 -112.719502,37.224213,0 -112.715340,37.222546,0 -112.714010,37.222033,0 -112.712765,37.221512,0 -112.712403,37.221375,0 -112.712089,37.221264,0 -112.711177,37.220965,0 -112.710491,37.220794,0 -112.709772,37.220683,0 -112.707777,37.220493,0 -112.703249,37.220060,0 -112.702108,37.219955,0 -112.701003,37.219837,0 -112.699796,37.219717,0 -112.698163,37.219556,0 -112.697337,37.219538,0 -112.696833,37.219547,0 -112.696367,37.219614,0 -112.696129,37.219656,0 -112.695616,37.219763,0 -112.695069,37.219957,0 -112.694644,37.220141,0 -112.694101,37.220451,0 -112.693518,37.220931,0 -112.692692,37.221845,0 -112.691749,37.222891,0 -112.691348,37.223390,0 -112.691190,37.223588,0 -112.689689,37.225400,0 -112.689063,37.226104,0 -112.688462,37.226787,0 -112.687842,37.227321,0 -112.687531,37.227526,0 -112.687338,37.227603,0 -112.687016,37.227689,0 -112.686683,37.227740,0 -112.686372,37.227765,0 -112.686018,37.227697,0 -112.685698,37.227634,0 -112.685372,37.227539,0 -112.685012,37.227293,0 -112.684731,37.227082,0 -112.684445,37.226732,0 -112.684256,37.226413,0 -112.684102,37.226151,0 -112.683930,37.225775,0 -112.683810,37.225570,0 -112.683655,37.225352,0 -112.683398,37.225037,0 -112.683196,37.224850,0 -112.682985,37.224659,0 -112.682654,37.224401,0 -112.682430,37.224229,0 -112.682004,37.223911,0 -112.681862,37.223805,0 -112.681679,37.223666,0 -112.681359,37.223425,0 -112.681264,37.223351,0 -112.681132,37.223255,0 -112.681356,37.222895,0 -112.681588,37.222401,0 -112.681883,37.221743,0 -112.682070,37.221235,0 -112.682502,37.220059,0 -112.683025,37.218641,0 -112.683261,37.218069,0 -112.683418,37.217651,0 -112.684031,37.216027,0 -112.684085,37.215857,0 -112.684241,37.215254,0 -112.684259,37.215144,0 -112.684387,37.214424,0 -112.684432,37.213907,0 -112.684375,37.213372,0 -112.684193,37.212180,0 -112.684133,37.211680,0 -112.684114,37.211229,0 -112.684145,37.210413,0 -112.684463,37.207966,0 -112.684591,37.207482,0 -112.684817,37.207038,0 -112.685160,37.206389,0 -112.685332,37.205867,0 -112.685374,37.205355,0 -112.685299,37.204936,0 -112.684999,37.204457,0 -112.684761,37.204181,0 -112.684484,37.203945,0 -112.683990,37.203671,0 -112.683304,37.203458,0 -112.682628,37.203415,0 -112.682145,37.203483,0 -112.676008,37.204154,0 -112.675107,37.204184,0 -112.674431,37.204107,0 -112.673766,37.203945,0 -112.673240,37.203697,0 -112.672767,37.203429,0 -112.672285,37.203039,0 -112.671159,37.201891,0 -112.668322,37.199013,0 -112.667858,37.198521,0 -112.666048,37.196738,0 -112.665508,37.196394,0 -112.664960,37.196203,0 -112.664673,37.196115,0 -112.664391,37.196058,0 -112.664066,37.196004,0 -112.663223,37.195855,0 -112.662932,37.195786,0 -112.662647,37.195688,0 -112.662421,37.195579,0 -112.662181,37.195443,0 -112.661858,37.195220,0 -112.661526,37.194939,0 -112.661286,37.194653,0 -112.661051,37.194242,0 -112.660894,37.193710,0 -112.660929,37.191873,0 -112.660870,37.191419,0 -112.660485,37.190592,0 -112.660213,37.190192,0 -112.659838,37.189862,0 -112.659430,37.189566,0 -112.658643,37.189153,0 -112.656997,37.188546,0 -112.655455,37.187879,0 -112.652569,37.186737,0 -112.649975,37.185668,0 -112.642883,37.182817,0 -112.640606,37.181886,0 -112.640097,37.181688,0 -112.639598,37.181493,0 -112.638299,37.180979,0 -112.635149,37.179699,0 -112.628579,37.177051,0 -112.625676,37.175877,0 -112.619142,37.173264,0 -112.618969,37.173194,0 -112.612637,37.170630,0 -112.611942,37.170349,0 -112.603431,37.166901,0 -112.599553,37.165331,0 -112.594351,37.163228,0 -112.593556,37.162907,0 -112.586533,37.160053,0 -112.580331,37.157592,0 -112.579634,37.157280,0 -112.578806,37.156895,0 -112.577969,37.156465,0 -112.576944,37.155882,0 -112.576039,37.155299,0 -112.575308,37.154786,0 -112.574432,37.154116,0 -112.574396,37.154085,0 -112.573362,37.153199,0 -112.572477,37.152312,0 -112.571994,37.151768,0 -112.571679,37.151389,0 -112.571102,37.150664,0 -112.570377,37.149656,0 -112.570063,37.149156,0 -112.569484,37.148159,0 -112.569172,37.147535,0 -112.568784,37.146637,0 -112.568611,37.146235,0 -112.568494,37.145906,0 -112.568399,37.145507,0 -112.568316,37.145250,0 -112.568118,37.144456,0 -112.568022,37.144076,0 -112.567991,37.143919,0 -112.567881,37.143358,0 -112.567777,37.142792,0 -112.567709,37.142213,0 -112.567656,37.141754,0 -112.567542,37.141165,0 -112.567357,37.140584,0 -112.567022,37.139846,0 -112.566325,37.138596,0 -112.566122,37.138188,0 -112.565994,37.137839,0 -112.565930,37.137576,0 -112.565880,37.137252,0 -112.565895,37.136782,0 -112.566028,37.136100,0 -112.566153,37.135618,0 -112.566267,37.135205,0 -112.566363,37.134788,0 -112.566384,37.134390,0 -112.566343,37.133831,0 -112.566246,37.133395,0 -112.566144,37.133075,0 -112.565946,37.132543,0 -112.565670,37.131855,0 -112.565320,37.131021,0 -112.565057,37.130382,0 -112.564959,37.130101,0 -112.564867,37.129631,0 -112.564829,37.129238,0 -112.564838,37.128783,0 -112.564880,37.128345,0 -112.564976,37.127894,0 -112.565088,37.127189,0 -112.565140,37.126805,0 -112.565165,37.126099,0 -112.565158,37.125644,0 -112.565132,37.125355,0 -112.565052,37.124722,0 -112.564684,37.122991,0 -112.564518,37.122216,0 -112.564386,37.121568,0 -112.564370,37.121494,0 -112.564298,37.121168,0 -112.564133,37.120414,0 -112.564123,37.120371,0 -112.564009,37.119874,0 -112.563866,37.119347,0 -112.563449,37.118438,0 -112.562777,37.117367,0 -112.561905,37.116378,0 -112.560879,37.115465,0 -112.559829,37.114764,0 -112.559211,37.114439,0 -112.558783,37.114250,0 -112.558223,37.114019,0 -112.557690,37.113832,0 -112.556844,37.113584,0 -112.556008,37.113389,0 -112.555836,37.113355,0 -112.554818,37.113153,0 -112.554452,37.113066,0 -112.553962,37.112925,0 -112.553553,37.112787,0 -112.553101,37.112596,0 -112.552147,37.112073,0 -112.551392,37.111538,0 -112.550680,37.110851,0 -112.550039,37.110057,0 -112.549712,37.109537,0 -112.549465,37.108925,0 -112.549232,37.108146,0 -112.549172,37.107810,0 -112.549097,37.107287,0 -112.548795,37.104198,0 -112.548664,37.103370,0 -112.548404,37.102538,0 -112.548201,37.101988,0 -112.548063,37.101634,0 -112.547882,37.101138,0 -112.547753,37.100796,0 -112.547577,37.100391,0 -112.547226,37.099532,0 -112.547071,37.099210,0 -112.546896,37.098894,0 -112.546720,37.098636,0 -112.546517,37.098391,0 -112.546276,37.098152,0 -112.546006,37.097920,0 -112.544716,37.096951,0 -112.544426,37.096713,0 -112.544111,37.096418,0 -112.543840,37.096124,0 -112.543578,37.095802,0 -112.543395,37.095531,0 -112.543231,37.095245,0 -112.543090,37.094975,0 -112.542968,37.094689,0 -112.542859,37.094358,0 -112.542771,37.094028,0 -112.542724,37.093798,0 -112.542687,37.093523,0 -112.542561,37.092541,0 -112.542473,37.092079,0 -112.542370,37.091617,0 -112.542282,37.091269,0 -112.542179,37.090919,0 -112.541897,37.090113,0 -112.541592,37.089307,0 -112.541069,37.087815,0 -112.540433,37.086271,0 -112.540035,37.085147,0 -112.539587,37.083987,0 -112.539390,37.083476,0 -112.539212,37.082966,0 -112.539149,37.082757,0 -112.539097,37.082542,0 -112.539014,37.082119,0 -112.538955,37.081707,0 -112.538915,37.081302,0 -112.538846,37.080479,0 -112.538702,37.079034,0 -112.538688,37.078901,0 -112.538660,37.078633,0 -112.538607,37.078344,0 -112.538514,37.078031,0 -112.538412,37.077720,0 -112.538259,37.077407,0 -112.538151,37.077207,0 -112.537897,37.076782,0 -112.537688,37.076465,0 -112.536512,37.074857,0 -112.536348,37.074602,0 -112.536212,37.074318,0 -112.536152,37.074096,0 -112.536124,37.073864,0 -112.536144,37.073633,0 -112.536199,37.073417,0 -112.536338,37.073045,0 -112.536508,37.072663,0 -112.536667,37.072290,0 -112.536761,37.071891,0 -112.536784,37.071656,0 -112.536799,37.071146,0 -112.536814,37.070259,0 -112.536882,37.068666,0 -112.536934,37.067927,0 -112.537099,37.065676,0 -112.537096,37.065204,0 -112.537073,37.064902,0 -112.537034,37.064500,0 -112.536961,37.063823,0 -112.536913,37.063243,0 -112.536910,37.062781,0 -112.536939,37.062361,0 -112.537037,37.061506,0 -112.537138,37.060654,0 -112.537168,37.060376,0 -112.537177,37.060086,0 -112.537164,37.059836,0 -112.537126,37.059583,0 -112.537044,37.059261,0 -112.536946,37.058936,0 -112.536720,37.058344,0 -112.536479,37.057754,0 -112.536282,37.057297,0 -112.535935,37.056413,0 -112.535629,37.055669,0 -112.535449,37.055221,0 -112.535288,37.054808,0 -112.535244,37.054693,0 -112.535174,37.054513,0 -112.535115,37.054329,0 -112.535078,37.054137,0 -112.535054,37.053856,0 -112.535054,37.053788,0 -112.535050,37.053305,0 -112.535047,37.052891,0 -112.535045,37.052447,0 -112.535039,37.051570,0 -112.535035,37.051067,0 -112.535033,37.050828,0 -112.535031,37.050605,0 -112.535022,37.049851,0 -112.535017,37.049669,0 -112.535012,37.049620,0 -112.535006,37.049572,0 -112.534996,37.049489,0 -112.534988,37.049442,0 -112.534956,37.049328,0 -112.534926,37.049241,0 -112.534903,37.049186,0 -112.534884,37.049142,0 -112.534877,37.049127,0 -112.534837,37.049050,0 -112.534822,37.049024,0 -112.534778,37.048951,0 -112.534714,37.048861,0 -112.534698,37.048843,0 -112.534643,37.048782,0 -112.534604,37.048740,0 -112.534558,37.048692,0 -112.534469,37.048613,0 -112.534394,37.048551,0 -112.534376,37.048536,0 -112.534284,37.048472,0 -112.534191,37.048408,0 -112.534093,37.048355,0 -112.533966,37.048299,0 -112.533843,37.048254,0 -112.533718,37.048217,0 -112.533589,37.048189,0 -112.533471,37.048170,0 -112.533345,37.048159,0 -112.533316,37.048157,0 -112.533201,37.048151,0 -112.533044,37.048146,0 -112.532869,37.048144,0 -112.531876,37.048145,0 -112.531594,37.048145,0 -112.531291,37.048145,0 -112.530716,37.048146,0 -112.529946,37.048146,0 -112.529321,37.048142,0 -112.528721,37.048139,0 -112.528542,37.048140,0 -112.527939,37.048145,0 -112.527570,37.048150,0 -112.527452,37.048148,0 -112.527386,37.048143,0 -112.527334,37.048140,0 -112.527215,37.048124,0 -112.527111,37.048107,0 -112.527013,37.048083,0 -112.526847,37.048018,0 -112.526780,37.047979,0 -112.526715,37.047942,0 -112.526659,37.047894,0 -112.526611,37.047849,0 -112.526573,37.047805,0 -112.526528,37.047755,0 -112.526482,37.047689,0 -112.526451,37.047621,0 -112.526440,37.047558,0 -112.526434,37.047355,0 -112.526433,37.047308,0 -112.526431,37.047197,0 -112.526426,37.046802,0 -112.526421,37.046425,0 -112.526414,37.045872,0 -112.526411,37.045600,0 -112.526407,37.045332,0 -112.526402,37.045056,0 -112.526395,37.044700,0 -112.526393,37.044401,0 -112.526391,37.044026,0 -112.526390,37.043905,0 -112.526387,37.043511,0 -112.526380,37.043108,0 -112.526383,37.042988,0 -112.526382,37.042857,0 -112.526380,37.042675,0 -112.526378,37.042542,0 -112.526375,37.042348,0 -112.526373,37.042245,0 -112.526371,37.042123,0 -112.526365,37.041673,0 -112.526360,37.041265,0 -112.526348,37.041159,0 -112.526334,37.041051,0 -112.526318,37.040945,0 -112.526304,37.040850,0 -112.526291,37.040783,0 -112.526280,37.040717,0 -112.526252,37.040588,0 -112.526246,37.040562,0 -112.526226,37.040467,0 -112.526190,37.040332,0 -112.526166,37.040251,0 -112.526092,37.040032,0 -112.525898,37.039446,0 -112.525680,37.038958,0 -112.525626,37.038839,0 -112.525549,37.038669,0 -112.525370,37.038267,0 -112.525361,37.038247,0 -112.525273,37.037992,0 -112.525127,37.037567,0 -112.525010,37.037164,0 -112.524972,37.037023,0 -112.524938,37.036901,0 -112.524917,37.036800,0 -112.524901,37.036722,0 -112.524848,37.036346,0 -112.524833,37.035931,0 -112.524822,37.035623,0 -112.524815,37.034948,0 -112.524814,37.034883,0 -112.524816,37.034725,0 -112.524823,37.034254,0 -112.524822,37.034126,0 -112.524824,37.033919,0 -112.524828,37.032990,0 -112.524837,37.031876,0 -112.524840,37.031305,0 -112.524847,37.030768,0 -112.524850,37.030433,0 -112.524852,37.029831,0 -112.524859,37.028364,0 -112.524860,37.026262,0 -112.524859,37.024246,0 -112.524866,37.023143,0 -112.524906,37.020879,0 -112.524917,37.020423,0 -112.524926,37.018672,0 -112.524928,37.018184,0 -112.524931,37.017554,0 -112.524932,37.017456,0 -112.524984,37.014281,0 -112.525052,37.013894,0 -112.525078,37.013747,0 -112.525229,37.013245,0 -112.525511,37.012594,0 -112.525969,37.011620,0 -112.526776,37.009943,0 -112.527012,37.009451,0 -112.527142,37.009185,0 -112.527743,37.007916,0 -112.528234,37.006875,0 -112.528493,37.006328,0 -112.528706,37.005868,0 -112.528882,37.005489,0 -112.529212,37.004657,0 -112.529373,37.003987,0 -112.529464,37.003417,0 -112.529620,37.002037,0 -112.529783,37.000736,0 -112.529876,37.000051,0 -112.530070,36.998430,0 -112.530163,36.997650,0 -112.530656,36.993521,0 -112.530676,36.993359,0 -112.530788,36.992255,0 -112.530740,36.991322,0 -112.530630,36.990541,0 -112.529603,36.983239,0 -112.529533,36.982779,0 -112.529520,36.982697,0 -112.529118,36.980070,0 -112.528824,36.978460,0 -112.528562,36.976922,0 -112.528395,36.975937,0 -112.527962,36.973384,0 -112.527143,36.968564,0 -112.526993,36.967788,0 -112.526956,36.967149,0 -112.526942,36.964621,0 -112.526951,36.963843,0 -112.526958,36.963354,0 -112.526950,36.962345,0 -112.526942,36.961394,0 -112.526992,36.959511,0 -112.526993,36.958632,0 -112.526994,36.957900,0 -112.526990,36.957472,0 -112.526998,36.956866,0 -112.526992,36.956511,0 -112.526948,36.956132,0 -112.526933,36.956051,0 -112.526889,36.955806,0 -112.526817,36.955523,0 -112.526619,36.954798,0 -112.526449,36.954093,0 -112.526435,36.953623,0 -112.526405,36.952540,0 -112.526409,36.951586,0 -112.526411,36.951138,0 -112.526413,36.950816,0 -112.526417,36.950262,0 -112.526418,36.949528,0 -112.526422,36.949112,0 -112.526422,36.947390,0 -112.526426,36.946172,0 -112.526429,36.945657,0 -112.526433,36.945497,0</coordinates>
        </LineString>
      </Placemark>
      <Placemark>
        <name>Day 10</name>
        <description>Fredonia, AZ to Tuba City, AZ</description>
        <LineString>
          <tessellate>1</tessellate>
          <coordinates>-112.526433,36.945497,0 -112.526453,36.944757,0 -112.526393,36.944163,0 -112.526257,36.943647,0 -112.526228,36.943535,0 -112.526176,36.943428,0 -112.525917,36.942881,0 -112.525578,36.942334,0 -112.525472,36.942162,0 -112.524957,36.941558,0 -112.524387,36.941043,0 -112.523385,36.940385,0 -112.522126,36.939857,0 -112.521497,36.939666,0 -112.520434,36.939322,0 -112.519254,36.938957,0 -112.517910,36.938520,0 -112.515216,36.937663,0 -112.514128,36.937313,0 -112.512816,36.936901,0 -112.511976,36.936634,0 -112.510895,36.936292,0 -112.509132,36.935720,0 -112.507354,36.935149,0 -112.505941,36.934715,0 -112.504393,36.934223,0 -112.504153,36.934146,0 -112.500347,36.932929,0 -112.496220,36.931612,0 -112.493118,36.930628,0 -112.492202,36.930337,0 -112.488218,36.929063,0 -112.487216,36.928781,0 -112.486362,36.928594,0 -112.484322,36.928270,0 -112.479272,36.927500,0 -112.476284,36.927045,0 -112.472104,36.926391,0 -112.468181,36.925802,0 -112.463851,36.925124,0 -112.459250,36.924414,0 -112.454736,36.923730,0 -112.450194,36.923024,0 -112.449002,36.922841,0 -112.446782,36.922507,0 -112.442493,36.921833,0 -112.441236,36.921599,0 -112.440117,36.921319,0 -112.439132,36.921029,0 -112.438071,36.920673,0 -112.437118,36.920291,0 -112.435947,36.919764,0 -112.434932,36.919270,0 -112.433466,36.918564,0 -112.432003,36.917864,0 -112.431079,36.917403,0 -112.429816,36.916796,0 -112.428299,36.916065,0 -112.425661,36.914793,0 -112.421808,36.912929,0 -112.419316,36.911726,0 -112.417008,36.910606,0 -112.415353,36.909802,0 -112.414231,36.909264,0 -112.413186,36.908809,0 -112.412188,36.908452,0 -112.411264,36.908205,0 -112.410284,36.907996,0 -112.409280,36.907840,0 -112.408174,36.907743,0 -112.404106,36.907512,0 -112.400078,36.907280,0 -112.398078,36.907166,0 -112.396966,36.907076,0 -112.395982,36.906930,0 -112.394849,36.906670,0 -112.390846,36.905650,0 -112.386626,36.904569,0 -112.386132,36.904434,0 -112.385288,36.904199,0 -112.384455,36.903936,0 -112.383039,36.903401,0 -112.381164,36.902592,0 -112.379088,36.901679,0 -112.374500,36.899663,0 -112.373063,36.899041,0 -112.369072,36.897300,0 -112.365108,36.895563,0 -112.361176,36.893841,0 -112.359874,36.893287,0 -112.357144,36.892064,0 -112.355006,36.891129,0 -112.354318,36.890823,0 -112.353036,36.890200,0 -112.352083,36.889673,0 -112.350789,36.888826,0 -112.347278,36.886343,0 -112.343616,36.883779,0 -112.340162,36.881352,0 -112.338299,36.880043,0 -112.335864,36.878336,0 -112.331918,36.875568,0 -112.328232,36.872972,0 -112.324285,36.870204,0 -112.320316,36.867400,0 -112.316548,36.864762,0 -112.312733,36.862062,0 -112.308991,36.859444,0 -112.308001,36.858814,0 -112.306691,36.858113,0 -112.305230,36.857483,0 -112.302097,36.856234,0 -112.300613,36.855645,0 -112.298655,36.854859,0 -112.294947,36.853367,0 -112.291041,36.851802,0 -112.289603,36.851095,0 -112.288690,36.850554,0 -112.286531,36.849049,0 -112.286052,36.848717,0 -112.283993,36.847244,0 -112.282872,36.846485,0 -112.281479,36.845813,0 -112.280179,36.845331,0 -112.278721,36.845048,0 -112.277413,36.844904,0 -112.275791,36.844918,0 -112.274621,36.845095,0 -112.273266,36.845404,0 -112.271974,36.845858,0 -112.269779,36.846845,0 -112.267495,36.847793,0 -112.266757,36.848072,0 -112.266177,36.848179,0 -112.265366,36.848106,0 -112.264777,36.847933,0 -112.263470,36.847301,0 -112.262025,36.846631,0 -112.261696,36.846502,0 -112.261267,36.846417,0 -112.260840,36.846443,0 -112.260406,36.846532,0 -112.260042,36.846693,0 -112.259746,36.846950,0 -112.259401,36.847492,0 -112.258972,36.847926,0 -112.258634,36.848164,0 -112.258271,36.848324,0 -112.257552,36.848529,0 -112.255946,36.848984,0 -112.255349,36.849030,0 -112.254849,36.848958,0 -112.254426,36.848759,0 -112.254115,36.848497,0 -112.253903,36.848186,0 -112.253852,36.847974,0 -112.253814,36.847818,0 -112.253845,36.847352,0 -112.254003,36.847002,0 -112.254270,36.846713,0 -112.255100,36.846155,0 -112.255384,36.845805,0 -112.255496,36.845544,0 -112.255533,36.845248,0 -112.255458,36.844773,0 -112.254451,36.842974,0 -112.254279,36.842644,0 -112.254109,36.841980,0 -112.254220,36.841387,0 -112.254464,36.840915,0 -112.254807,36.840518,0 -112.255209,36.840130,0 -112.255525,36.839715,0 -112.255737,36.839197,0 -112.255775,36.838644,0 -112.255594,36.838062,0 -112.255337,36.837493,0 -112.254806,36.836374,0 -112.254512,36.835730,0 -112.254224,36.835098,0 -112.254098,36.834715,0 -112.254086,36.834333,0 -112.254257,36.833944,0 -112.254584,36.833585,0 -112.255040,36.833168,0 -112.255376,36.832766,0 -112.255542,36.832333,0 -112.255566,36.831952,0 -112.255427,36.831586,0 -112.254838,36.830233,0 -112.254553,36.829626,0 -112.254444,36.829402,0 -112.254214,36.828583,0 -112.254133,36.827701,0 -112.254200,36.826763,0 -112.254270,36.826048,0 -112.254238,36.825127,0 -112.254125,36.824013,0 -112.253865,36.822765,0 -112.253753,36.822107,0 -112.253672,36.821647,0 -112.253484,36.820674,0 -112.253384,36.820185,0 -112.252993,36.817687,0 -112.252841,36.816710,0 -112.252812,36.815940,0 -112.252877,36.815496,0 -112.252983,36.814937,0 -112.253213,36.814256,0 -112.253383,36.813882,0 -112.254528,36.811935,0 -112.255051,36.810930,0 -112.255373,36.810157,0 -112.255608,36.809286,0 -112.255723,36.808391,0 -112.255692,36.807481,0 -112.255530,36.806564,0 -112.255155,36.805397,0 -112.253722,36.802359,0 -112.253485,36.801782,0 -112.253485,36.801119,0 -112.253632,36.800548,0 -112.254002,36.799897,0 -112.254326,36.799278,0 -112.254469,36.798730,0 -112.254496,36.798317,0 -112.254256,36.797150,0 -112.254218,36.796756,0 -112.254325,36.796141,0 -112.254555,36.795048,0 -112.254815,36.793816,0 -112.254952,36.793168,0 -112.255283,36.792300,0 -112.255663,36.791888,0 -112.256076,36.791658,0 -112.256998,36.791276,0 -112.257547,36.790961,0 -112.257866,36.790594,0 -112.258084,36.790115,0 -112.258046,36.789371,0 -112.257785,36.788828,0 -112.257498,36.788315,0 -112.257392,36.787768,0 -112.257518,36.787002,0 -112.257647,36.786260,0 -112.257575,36.785571,0 -112.257031,36.784183,0 -112.256940,36.783693,0 -112.256964,36.783277,0 -112.257183,36.782765,0 -112.257249,36.782241,0 -112.257069,36.781695,0 -112.256593,36.780966,0 -112.256460,36.780617,0 -112.256426,36.780222,0 -112.256653,36.779192,0 -112.256676,36.778697,0 -112.256615,36.778281,0 -112.256436,36.777824,0 -112.255807,36.776923,0 -112.255686,36.776385,0 -112.255626,36.775956,0 -112.255472,36.775576,0 -112.255199,36.775272,0 -112.254855,36.774963,0 -112.254389,36.774743,0 -112.254052,36.774584,0 -112.253577,36.774330,0 -112.253264,36.774079,0 -112.252889,36.773635,0 -112.252646,36.773146,0 -112.252562,36.772824,0 -112.252522,36.772463,0 -112.252582,36.771957,0 -112.252886,36.771341,0 -112.253361,36.770795,0 -112.256691,36.767410,0 -112.258052,36.765967,0 -112.258403,36.765595,0 -112.258993,36.765061,0 -112.260452,36.764099,0 -112.263101,36.762469,0 -112.263963,36.761928,0 -112.264420,36.761583,0 -112.264809,36.761077,0 -112.265163,36.760530,0 -112.265849,36.759344,0 -112.266402,36.758565,0 -112.267010,36.757870,0 -112.267781,36.757060,0 -112.268499,36.756244,0 -112.268846,36.755762,0 -112.269094,36.755267,0 -112.269210,36.754698,0 -112.269244,36.754104,0 -112.269311,36.751586,0 -112.269268,36.751159,0 -112.269159,36.750780,0 -112.268934,36.750366,0 -112.268626,36.749963,0 -112.268075,36.749504,0 -112.267393,36.749134,0 -112.266562,36.748913,0 -112.265566,36.748877,0 -112.264045,36.748985,0 -112.262949,36.749012,0 -112.262154,36.748923,0 -112.259028,36.748209,0 -112.257660,36.747962,0 -112.256227,36.747941,0 -112.253166,36.748071,0 -112.251879,36.748152,0 -112.250547,36.748150,0 -112.249767,36.748059,0 -112.249075,36.747895,0 -112.248519,36.747705,0 -112.247825,36.747362,0 -112.246982,36.746904,0 -112.246574,36.746673,0 -112.243802,36.745221,0 -112.242162,36.744526,0 -112.240690,36.744104,0 -112.238860,36.743763,0 -112.235934,36.743561,0 -112.234647,36.743518,0 -112.233296,36.743299,0 -112.232414,36.742952,0 -112.231584,36.742496,0 -112.230786,36.741952,0 -112.230082,36.741218,0 -112.229537,36.740384,0 -112.228814,36.738855,0 -112.228313,36.737668,0 -112.227867,36.736837,0 -112.227231,36.736160,0 -112.226338,36.735555,0 -112.225596,36.735238,0 -112.224792,36.734990,0 -112.223916,36.734826,0 -112.222987,36.734877,0 -112.222154,36.735022,0 -112.221142,36.735345,0 -112.218764,36.736424,0 -112.217949,36.736653,0 -112.217440,36.736723,0 -112.216878,36.736716,0 -112.216180,36.736594,0 -112.215473,36.736349,0 -112.214973,36.736057,0 -112.214527,36.735686,0 -112.214098,36.735212,0 -112.213594,36.734611,0 -112.213469,36.734466,0 -112.213062,36.733975,0 -112.212575,36.733166,0 -112.212262,36.732362,0 -112.212128,36.731602,0 -112.212155,36.730720,0 -112.212225,36.729885,0 -112.212377,36.728676,0 -112.212504,36.727668,0 -112.212760,36.726139,0 -112.213080,36.724481,0 -112.213399,36.723079,0 -112.213608,36.722157,0 -112.214275,36.719923,0 -112.215177,36.717128,0 -112.215572,36.715992,0 -112.215742,36.715408,0 -112.215804,36.715012,0 -112.215774,36.714602,0 -112.215710,36.714284,0 -112.215518,36.713896,0 -112.215334,36.713687,0 -112.215148,36.713502,0 -112.214879,36.713329,0 -112.214456,36.713147,0 -112.213812,36.713049,0 -112.213233,36.713042,0 -112.212724,36.713130,0 -112.211831,36.713389,0 -112.208312,36.715169,0 -112.205135,36.716802,0 -112.204320,36.717396,0 -112.203549,36.718178,0 -112.202438,36.719832,0 -112.200335,36.723053,0 -112.199635,36.724122,0 -112.197681,36.727130,0 -112.195144,36.731017,0 -112.194513,36.731918,0 -112.193512,36.733057,0 -112.192531,36.733971,0 -112.191593,36.734707,0 -112.191083,36.735072,0 -112.190560,36.735422,0 -112.189990,36.735762,0 -112.189512,36.736021,0 -112.188761,36.736442,0 -112.188356,36.736657,0 -112.188184,36.736729,0 -112.188023,36.736789,0 -112.187739,36.736860,0 -112.187421,36.736892,0 -112.187174,36.736892,0 -112.186948,36.736862,0 -112.186694,36.736796,0 -112.186482,36.736712,0 -112.186239,36.736570,0 -112.185213,36.735877,0 -112.184561,36.735505,0 -112.183867,36.735161,0 -112.182239,36.734448,0 -112.181412,36.734053,0 -112.180722,36.733614,0 -112.180048,36.733044,0 -112.179266,36.732237,0 -112.178971,36.732014,0 -112.178641,36.731854,0 -112.178232,36.731762,0 -112.177849,36.731759,0 -112.177416,36.731834,0 -112.177014,36.731995,0 -112.176679,36.732229,0 -112.176359,36.732564,0 -112.176021,36.732947,0 -112.175269,36.733780,0 -112.174944,36.734019,0 -112.174613,36.734166,0 -112.174208,36.734267,0 -112.173844,36.734281,0 -112.173445,36.734228,0 -112.172026,36.733982,0 -112.171279,36.733930,0 -112.168946,36.733990,0 -112.168401,36.733953,0 -112.166149,36.733750,0 -112.165493,36.733623,0 -112.164934,36.733479,0 -112.161732,36.732243,0 -112.161190,36.732121,0 -112.160721,36.732074,0 -112.159216,36.732014,0 -112.158174,36.731926,0 -112.157289,36.731801,0 -112.156077,36.731612,0 -112.154703,36.731323,0 -112.153265,36.730956,0 -112.152670,36.730860,0 -112.152100,36.730851,0 -112.151594,36.730910,0 -112.151046,36.731036,0 -112.150557,36.731232,0 -112.150030,36.731544,0 -112.148871,36.732527,0 -112.146885,36.733894,0 -112.146412,36.734137,0 -112.146027,36.734327,0 -112.145546,36.734476,0 -112.145123,36.734568,0 -112.144302,36.734718,0 -112.143080,36.735182,0 -112.142567,36.735303,0 -112.142086,36.735352,0 -112.141621,36.735313,0 -112.141154,36.735204,0 -112.139716,36.734666,0 -112.138761,36.734376,0 -112.137852,36.734160,0 -112.136961,36.734001,0 -112.135917,36.733874,0 -112.134513,36.733789,0 -112.133931,36.733668,0 -112.133465,36.733531,0 -112.132931,36.733292,0 -112.132494,36.733046,0 -112.132123,36.732933,0 -112.131689,36.732878,0 -112.131290,36.732901,0 -112.130875,36.733008,0 -112.130509,36.733202,0 -112.128710,36.734683,0 -112.128487,36.734944,0 -112.128316,36.735248,0 -112.128194,36.735604,0 -112.128141,36.736013,0 -112.128109,36.736609,0 -112.128019,36.736977,0 -112.127846,36.737318,0 -112.127590,36.737648,0 -112.127321,36.737897,0 -112.126962,36.738135,0 -112.126038,36.738589,0 -112.125689,36.738848,0 -112.125459,36.739099,0 -112.125319,36.739387,0 -112.124542,36.741522,0 -112.123917,36.743247,0 -112.123630,36.743836,0 -112.123237,36.744458,0 -112.122755,36.745046,0 -112.121476,36.746240,0 -112.121197,36.746570,0 -112.120812,36.747229,0 -112.120524,36.747521,0 -112.120177,36.747740,0 -112.119769,36.747887,0 -112.119359,36.747936,0 -112.118913,36.747875,0 -112.118484,36.747747,0 -112.118104,36.747512,0 -112.117774,36.747181,0 -112.115542,36.744484,0 -112.115116,36.744059,0 -112.114653,36.743738,0 -112.114061,36.743455,0 -112.113327,36.743257,0 -112.112123,36.743066,0 -112.111768,36.742990,0 -112.111642,36.742951,0 -112.110947,36.742745,0 -112.109390,36.742075,0 -112.108873,36.741792,0 -112.108486,36.741473,0 -112.108049,36.741024,0 -112.107505,36.740230,0 -112.107230,36.739932,0 -112.106886,36.739670,0 -112.106461,36.739489,0 -112.105960,36.739394,0 -112.105379,36.739421,0 -112.104240,36.739659,0 -112.103665,36.739778,0 -112.103234,36.739830,0 -112.102736,36.739817,0 -112.102220,36.739697,0 -112.101796,36.739501,0 -112.101182,36.739012,0 -112.099685,36.737799,0 -112.099247,36.737341,0 -112.098832,36.736825,0 -112.098470,36.736192,0 -112.098153,36.735442,0 -112.097532,36.733987,0 -112.097333,36.733584,0 -112.096965,36.733080,0 -112.096494,36.732601,0 -112.095827,36.732100,0 -112.094736,36.731481,0 -112.094283,36.731121,0 -112.093632,36.730297,0 -112.093269,36.729998,0 -112.092804,36.729789,0 -112.090673,36.729205,0 -112.090206,36.729151,0 -112.089677,36.729179,0 -112.087638,36.729410,0 -112.087222,36.729375,0 -112.086870,36.729232,0 -112.086570,36.728981,0 -112.086398,36.728630,0 -112.086496,36.727146,0 -112.086449,36.726421,0 -112.086386,36.726115,0 -112.086227,36.725843,0 -112.085974,36.725622,0 -112.085679,36.725451,0 -112.085307,36.725377,0 -112.084841,36.725373,0 -112.083691,36.725704,0 -112.083306,36.725740,0 -112.082853,36.725664,0 -112.082485,36.725482,0 -112.081611,36.724800,0 -112.081239,36.724629,0 -112.080791,36.724543,0 -112.079254,36.724641,0 -112.078745,36.724619,0 -112.078359,36.724566,0 -112.077784,36.724521,0 -112.077297,36.724622,0 -112.076906,36.724800,0 -112.076344,36.725173,0 -112.075951,36.725329,0 -112.075531,36.725373,0 -112.073782,36.725106,0 -112.073212,36.725064,0 -112.072439,36.725104,0 -112.071659,36.725230,0 -112.070444,36.725657,0 -112.068086,36.726489,0 -112.067534,36.726578,0 -112.066998,36.726538,0 -112.065407,36.726150,0 -112.065024,36.725966,0 -112.064763,36.725716,0 -112.064634,36.725384,0 -112.064629,36.725054,0 -112.064823,36.724518,0 -112.064825,36.724236,0 -112.064743,36.723956,0 -112.064591,36.723716,0 -112.064308,36.723459,0 -112.063147,36.722912,0 -112.062569,36.722743,0 -112.062027,36.722696,0 -112.061386,36.722757,0 -112.060762,36.722910,0 -112.060260,36.723126,0 -112.059743,36.723529,0 -112.059468,36.723835,0 -112.058983,36.724587,0 -112.058424,36.725461,0 -112.058274,36.725775,0 -112.058266,36.726043,0 -112.058354,36.726304,0 -112.058525,36.726520,0 -112.058771,36.726680,0 -112.059123,36.726768,0 -112.059527,36.726741,0 -112.059913,36.726598,0 -112.060371,36.726321,0 -112.060753,36.726211,0 -112.061166,36.726218,0 -112.061556,36.726353,0 -112.061821,36.726597,0 -112.061968,36.726843,0 -112.062017,36.727215,0 -112.062091,36.730044,0 -112.061990,36.730425,0 -112.061769,36.730765,0 -112.061471,36.731025,0 -112.061112,36.731203,0 -112.060660,36.731311,0 -112.059828,36.731332,0 -112.059422,36.731433,0 -112.059107,36.731692,0 -112.058983,36.731950,0 -112.058988,36.732216,0 -112.059116,36.732512,0 -112.059430,36.732718,0 -112.059743,36.732815,0 -112.060160,36.732807,0 -112.061162,36.732588,0 -112.061478,36.732581,0 -112.061751,36.732682,0 -112.061950,36.732857,0 -112.062061,36.733092,0 -112.062052,36.733318,0 -112.061901,36.733542,0 -112.061658,36.733705,0 -112.061265,36.733770,0 -112.059443,36.733674,0 -112.057536,36.733572,0 -112.056599,36.733474,0 -112.056067,36.733403,0 -112.054415,36.733107,0 -112.046972,36.731463,0 -112.046086,36.731236,0 -112.045332,36.731010,0 -112.041485,36.729817,0 -112.036606,36.728319,0 -112.029165,36.726017,0 -112.020712,36.723420,0 -112.016413,36.722089,0 -112.009066,36.719820,0 -112.002327,36.717755,0 -112.000675,36.717366,0 -111.999033,36.716989,0 -111.988675,36.714578,0 -111.967213,36.709588,0 -111.962367,36.708474,0 -111.946814,36.704859,0 -111.945116,36.704471,0 -111.942605,36.703897,0 -111.929604,36.700840,0 -111.914204,36.697271,0 -111.909311,36.696135,0 -111.902058,36.694423,0 -111.901958,36.694400,0 -111.889536,36.691520,0 -111.882111,36.689788,0 -111.881168,36.689640,0 -111.878676,36.689574,0 -111.877922,36.689500,0 -111.877093,36.689367,0 -111.874873,36.688832,0 -111.869677,36.687547,0 -111.863993,36.686144,0 -111.856458,36.684285,0 -111.855011,36.683983,0 -111.853814,36.683773,0 -111.852733,36.683619,0 -111.851371,36.683493,0 -111.849471,36.683464,0 -111.848059,36.683523,0 -111.846851,36.683651,0 -111.845003,36.683972,0 -111.841540,36.684641,0 -111.838597,36.685209,0 -111.836948,36.685524,0 -111.825769,36.687685,0 -111.824527,36.688002,0 -111.823158,36.688446,0 -111.821827,36.688976,0 -111.820762,36.689461,0 -111.816685,36.691752,0 -111.809221,36.695981,0 -111.808365,36.696417,0 -111.807256,36.696907,0 -111.805846,36.697452,0 -111.802166,36.698837,0 -111.797605,36.700559,0 -111.788392,36.704038,0 -111.787510,36.704418,0 -111.786650,36.704919,0 -111.786047,36.705417,0 -111.783227,36.708140,0 -111.780892,36.710417,0 -111.777541,36.713623,0 -111.774167,36.716891,0 -111.770910,36.720019,0 -111.767972,36.722861,0 -111.764711,36.726016,0 -111.761687,36.728932,0 -111.759764,36.730788,0 -111.758103,36.732395,0 -111.756134,36.734296,0 -111.755817,36.734718,0 -111.755547,36.735193,0 -111.755320,36.735774,0 -111.755038,36.737349,0 -111.754822,36.738606,0 -111.754469,36.740524,0 -111.754350,36.740953,0 -111.754209,36.741416,0 -111.754011,36.741917,0 -111.753622,36.742700,0 -111.753247,36.743377,0 -111.752828,36.743978,0 -111.752328,36.744565,0 -111.751665,36.745248,0 -111.751283,36.745587,0 -111.750989,36.745848,0 -111.750390,36.746282,0 -111.750033,36.746482,0 -111.749529,36.746653,0 -111.748977,36.746766,0 -111.748376,36.746805,0 -111.747806,36.746746,0 -111.747320,36.746640,0 -111.746354,36.746359,0 -111.745846,36.746262,0 -111.745215,36.746241,0 -111.744618,36.746315,0 -111.743841,36.746541,0 -111.741600,36.747324,0 -111.740562,36.747645,0 -111.739758,36.747864,0 -111.738347,36.748235,0 -111.734796,36.749168,0 -111.730458,36.750326,0 -111.722428,36.752437,0 -111.720689,36.752906,0 -111.719960,36.753149,0 -111.719258,36.753460,0 -111.718570,36.753869,0 -111.717975,36.754312,0 -111.717538,36.754716,0 -111.713214,36.758927,0 -111.712630,36.759570,0 -111.709340,36.764173,0 -111.708898,36.764653,0 -111.708455,36.765009,0 -111.707819,36.765388,0 -111.704763,36.766825,0 -111.704106,36.767236,0 -111.703502,36.767791,0 -111.700657,36.771140,0 -111.699260,36.772823,0 -111.695134,36.777746,0 -111.694576,36.778403,0 -111.694136,36.778816,0 -111.693747,36.779096,0 -111.693265,36.779361,0 -111.692638,36.779607,0 -111.690379,36.780367,0 -111.689922,36.780556,0 -111.689598,36.780749,0 -111.689247,36.781020,0 -111.688922,36.781347,0 -111.688600,36.781805,0 -111.688156,36.782563,0 -111.687644,36.783421,0 -111.686799,36.784855,0 -111.685227,36.787463,0 -111.684842,36.788096,0 -111.684032,36.789461,0 -111.683405,36.790483,0 -111.677015,36.801222,0 -111.676898,36.801410,0 -111.676588,36.801874,0 -111.676260,36.802255,0 -111.675856,36.802628,0 -111.670228,36.806563,0 -111.669494,36.806967,0 -111.668872,36.807278,0 -111.665409,36.808627,0 -111.657325,36.811758,0 -111.655592,36.812415,0 -111.654527,36.812761,0 -111.653564,36.813003,0 -111.648848,36.813989,0 -111.641305,36.815565,0 -111.639501,36.815942,0 -111.638939,36.816059,0 -111.638443,36.816163,0 -111.637266,36.816400,0 -111.636811,36.816522,0 -111.636566,36.816589,0 -111.636335,36.816713,0 -111.636047,36.816921,0 -111.635718,36.817196,0 -111.635055,36.817694,0 -111.634776,36.817847,0 -111.634456,36.817954,0 -111.634139,36.818017,0 -111.633934,36.818030,0 -111.633733,36.818032,0 -111.633575,36.818022,0 -111.633393,36.817989,0 -111.633216,36.817947,0 -111.633057,36.817898,0 -111.632872,36.817819,0 -111.632358,36.817583,0 -111.630388,36.816658,0 -111.629974,36.816465,0 -111.629535,36.816261,0 -111.628978,36.816017,0 -111.628565,36.815871,0 -111.628042,36.815752,0 -111.627707,36.815709,0 -111.625979,36.815630,0 -111.625610,36.815598,0 -111.625261,36.815537,0 -111.624842,36.815417,0 -111.624534,36.815288,0 -111.624203,36.815114,0 -111.620549,36.812790,0 -111.619813,36.812276,0 -111.619324,36.811904,0 -111.618830,36.811510,0 -111.618328,36.811068,0 -111.617642,36.810411,0 -111.617161,36.809906,0 -111.616616,36.809263,0 -111.615441,36.807820,0 -111.614306,36.806413,0 -111.613179,36.805026,0 -111.612935,36.804727,0 -111.612029,36.803617,0 -111.611769,36.803283,0 -111.611578,36.802960,0 -111.611384,36.802527,0 -111.611301,36.802173,0 -111.611262,36.801783,0 -111.611288,36.801367,0 -111.611369,36.801032,0 -111.611453,36.800752,0 -111.611782,36.799844,0 -111.612034,36.799078,0 -111.612140,36.798631,0 -111.612233,36.797984,0 -111.612267,36.797347,0 -111.612240,36.796375,0 -111.612145,36.793484,0 -111.612101,36.792014,0 -111.612071,36.791211,0 -111.612089,36.790694,0 -111.612131,36.790219,0 -111.612225,36.789669,0 -111.612401,36.789012,0 -111.612581,36.788471,0 -111.612805,36.787961,0 -111.613130,36.787355,0 -111.613762,36.786308,0 -111.614507,36.785084,0 -111.615055,36.784181,0 -111.615914,36.782766,0 -111.616579,36.781668,0 -111.617446,36.780225,0 -111.618302,36.778802,0 -111.619102,36.777370,0 -111.620016,36.775709,0 -111.620760,36.774365,0 -111.621572,36.772910,0 -111.621881,36.772322,0 -111.621965,36.772199,0 -111.622544,36.771141,0 -111.623362,36.769672,0 -111.623841,36.768796,0 -111.623920,36.768649,0 -111.624735,36.767185,0 -111.625158,36.766404,0 -111.625310,36.766131,0 -111.626893,36.763236,0 -111.628581,36.760214,0 -111.628688,36.760014,0 -111.630230,36.757213,0 -111.631733,36.754372,0 -111.632363,36.753137,0 -111.633840,36.750271,0 -111.634584,36.748867,0 -111.635144,36.747970,0 -111.635582,36.747373,0 -111.636398,36.746264,0 -111.636490,36.746115,0 -111.636657,36.745847,0 -111.636951,36.745290,0 -111.637234,36.744597,0 -111.637445,36.743830,0 -111.637577,36.743082,0 -111.638021,36.740251,0 -111.638494,36.737306,0 -111.638953,36.734360,0 -111.639113,36.733340,0 -111.639333,36.732298,0 -111.640189,36.729488,0 -111.640337,36.728999,0 -111.641150,36.726337,0 -111.641997,36.723450,0 -111.642214,36.722692,0 -111.642392,36.722207,0 -111.642631,36.721760,0 -111.642923,36.721375,0 -111.643325,36.720988,0 -111.643968,36.720536,0 -111.644562,36.720191,0 -111.646696,36.719029,0 -111.648561,36.717970,0 -111.651111,36.716533,0 -111.651658,36.716278,0 -111.652293,36.716025,0 -111.652894,36.715782,0 -111.653282,36.715611,0 -111.654044,36.715128,0 -111.654649,36.714682,0 -111.655282,36.714241,0 -111.655746,36.713936,0 -111.656185,36.713526,0 -111.656512,36.713068,0 -111.656718,36.712641,0 -111.656840,36.712191,0 -111.656989,36.711152,0 -111.657148,36.709604,0 -111.657154,36.708990,0 -111.657119,36.708621,0 -111.657021,36.707987,0 -111.656563,36.705895,0 -111.655947,36.703010,0 -111.655591,36.701360,0 -111.654979,36.698438,0 -111.654557,36.696500,0 -111.654485,36.696071,0 -111.654459,36.695644,0 -111.654476,36.695149,0 -111.654581,36.694596,0 -111.654645,36.694259,0 -111.654971,36.692605,0 -111.655051,36.691841,0 -111.655259,36.688964,0 -111.655277,36.688254,0 -111.655238,36.687629,0 -111.655064,36.686775,0 -111.654384,36.683851,0 -111.654052,36.682350,0 -111.653975,36.681805,0 -111.653947,36.681273,0 -111.653991,36.680532,0 -111.654535,36.677685,0 -111.654773,36.676527,0 -111.654854,36.675929,0 -111.654876,36.675453,0 -111.654823,36.674992,0 -111.654708,36.674436,0 -111.654515,36.673871,0 -111.654269,36.673177,0 -111.653539,36.671037,0 -111.652991,36.669499,0 -111.652552,36.668183,0 -111.651538,36.665274,0 -111.650823,36.663179,0 -111.650611,36.662607,0 -111.650478,36.662033,0 -111.650410,36.661493,0 -111.650408,36.661055,0 -111.650463,36.660495,0 -111.650550,36.659807,0 -111.650582,36.659190,0 -111.650500,36.657293,0 -111.650505,36.656489,0 -111.650673,36.654750,0 -111.650814,36.653452,0 -111.651010,36.651490,0 -111.651226,36.649252,0 -111.651354,36.647928,0 -111.651653,36.645044,0 -111.651941,36.642177,0 -111.652125,36.640300,0 -111.652281,36.638719,0 -111.652293,36.638610,0 -111.652444,36.637214,0 -111.652528,36.636358,0 -111.652542,36.636075,0 -111.652482,36.635736,0 -111.652356,36.635391,0 -111.652149,36.635075,0 -111.651927,36.634843,0 -111.651204,36.634178,0 -111.651588,36.633883,0 -111.651892,36.633602,0 -111.652209,36.633250,0 -111.652480,36.632889,0 -111.652750,36.632368,0 -111.652919,36.631854,0 -111.653046,36.631249,0 -111.653108,36.630645,0 -111.653181,36.629787,0 -111.653371,36.627883,0 -111.653409,36.627529,0 -111.653503,36.626687,0 -111.653691,36.624744,0 -111.653860,36.623030,0 -111.653882,36.622799,0 -111.653968,36.621953,0 -111.654130,36.620247,0 -111.654249,36.619165,0 -111.654301,36.618646,0 -111.654477,36.616874,0 -111.654623,36.615406,0 -111.654808,36.613588,0 -111.655182,36.609848,0 -111.655594,36.605737,0 -111.655747,36.604330,0 -111.655848,36.603633,0 -111.656452,36.600737,0 -111.656635,36.599952,0 -111.656800,36.599146,0 -111.657005,36.598076,0 -111.657065,36.597550,0 -111.657081,36.596852,0 -111.657022,36.596111,0 -111.656895,36.595468,0 -111.656725,36.594906,0 -111.656542,36.594441,0 -111.656209,36.593778,0 -111.655813,36.593135,0 -111.655365,36.592527,0 -111.654883,36.591874,0 -111.653933,36.590568,0 -111.652949,36.589198,0 -111.652467,36.588511,0 -111.651582,36.587306,0 -111.650832,36.586276,0 -111.649642,36.584620,0 -111.648117,36.582525,0 -111.646280,36.579983,0 -111.644964,36.578169,0 -111.644089,36.576923,0 -111.643617,36.576285,0 -111.643195,36.575626,0 -111.642747,36.574816,0 -111.642397,36.574041,0 -111.642166,36.573476,0 -111.641968,36.572943,0 -111.641663,36.572065,0 -111.641294,36.571033,0 -111.641041,36.570451,0 -111.640764,36.569862,0 -111.640443,36.569278,0 -111.639855,36.568304,0 -111.639183,36.567207,0 -111.638332,36.565815,0 -111.637481,36.564433,0 -111.636755,36.563249,0 -111.635957,36.561955,0 -111.635509,36.561233,0 -111.635114,36.560654,0 -111.634715,36.560132,0 -111.634664,36.560066,0 -111.634046,36.559333,0 -111.632549,36.557678,0 -111.629979,36.554851,0 -111.629109,36.553900,0 -111.628123,36.552823,0 -111.627631,36.552284,0 -111.627388,36.552018,0 -111.626176,36.550671,0 -111.625312,36.549722,0 -111.624486,36.548812,0 -111.621937,36.546005,0 -111.619697,36.543545,0 -111.618211,36.542056,0 -111.616758,36.540719,0 -111.614051,36.538208,0 -111.612890,36.537047,0 -111.611384,36.535485,0 -111.609213,36.533224,0 -111.607806,36.531745,0 -111.605516,36.529418,0 -111.604454,36.528367,0 -111.603877,36.527769,0 -111.602923,36.526639,0 -111.600594,36.523877,0 -111.598291,36.521147,0 -111.597713,36.520437,0 -111.596949,36.519586,0 -111.596285,36.518995,0 -111.595440,36.518352,0 -111.594219,36.517487,0 -111.592557,36.516295,0 -111.591934,36.515804,0 -111.591496,36.515406,0 -111.589107,36.512931,0 -111.587804,36.511583,0 -111.586223,36.509931,0 -111.585725,36.509336,0 -111.585248,36.508719,0 -111.584860,36.508128,0 -111.584487,36.507545,0 -111.584053,36.506741,0 -111.583637,36.505849,0 -111.583102,36.504462,0 -111.582580,36.503109,0 -111.581984,36.501597,0 -111.581501,36.500343,0 -111.581440,36.500178,0 -111.581151,36.499432,0 -111.580796,36.498505,0 -111.580438,36.497639,0 -111.580373,36.497464,0 -111.580054,36.496603,0 -111.579321,36.494727,0 -111.578496,36.492588,0 -111.577736,36.490643,0 -111.577724,36.490609,0 -111.577125,36.489057,0 -111.576707,36.487969,0 -111.576642,36.487800,0 -111.576451,36.487303,0 -111.575550,36.484958,0 -111.575265,36.484223,0 -111.574427,36.482057,0 -111.573299,36.479141,0 -111.572682,36.477567,0 -111.572186,36.476284,0 -111.571421,36.474301,0 -111.571165,36.473659,0 -111.570441,36.471770,0 -111.570029,36.470695,0 -111.569953,36.470520,0 -111.569529,36.469401,0 -111.569155,36.468467,0 -111.568372,36.466454,0 -111.567835,36.465142,0 -111.567379,36.464138,0 -111.566987,36.463265,0 -111.566667,36.462591,0 -111.566046,36.461329,0 -111.565429,36.460218,0 -111.564152,36.457982,0 -111.561725,36.453715,0 -111.560685,36.451886,0 -111.559654,36.450071,0 -111.557987,36.447147,0 -111.556377,36.444317,0 -111.554976,36.441863,0 -111.554227,36.440537,0 -111.554191,36.440473,0 -111.553365,36.439022,0 -111.551798,36.436253,0 -111.551110,36.435056,0 -111.550541,36.434037,0 -111.549903,36.432923,0 -111.549044,36.431420,0 -111.548212,36.429935,0 -111.547464,36.428535,0 -111.546785,36.427162,0 -111.545451,36.424343,0 -111.544142,36.421608,0 -111.543060,36.419584,0 -111.542611,36.418700,0 -111.542146,36.417826,0 -111.541479,36.416539,0 -111.541064,36.415736,0 -111.540379,36.414412,0 -111.539880,36.413461,0 -111.539785,36.413279,0 -111.539059,36.411903,0 -111.538463,36.410799,0 -111.537600,36.409168,0 -111.537499,36.408960,0 -111.536927,36.407879,0 -111.536304,36.406829,0 -111.535272,36.405311,0 -111.533364,36.402534,0 -111.532907,36.401883,0 -111.532580,36.401473,0 -111.531868,36.400708,0 -111.527354,36.396189,0 -111.526765,36.395572,0 -111.526174,36.394824,0 -111.525695,36.394087,0 -111.525022,36.392809,0 -111.524751,36.392221,0 -111.524169,36.391051,0 -111.523415,36.389519,0 -111.522574,36.387790,0 -111.522043,36.386698,0 -111.521876,36.386363,0 -111.521263,36.385073,0 -111.520548,36.383635,0 -111.519893,36.382301,0 -111.519612,36.381728,0 -111.519197,36.380868,0 -111.518547,36.379544,0 -111.517898,36.378219,0 -111.516605,36.375562,0 -111.516026,36.374392,0 -111.515349,36.373017,0 -111.514766,36.371779,0 -111.513993,36.370219,0 -111.513548,36.369321,0 -111.513075,36.368449,0 -111.512377,36.367262,0 -111.511372,36.365631,0 -111.510683,36.364535,0 -111.509666,36.362896,0 -111.509056,36.361876,0 -111.508514,36.360845,0 -111.508086,36.359976,0 -111.507576,36.358754,0 -111.507075,36.357440,0 -111.506674,36.356167,0 -111.506259,36.354545,0 -111.505597,36.351712,0 -111.505336,36.350535,0 -111.505135,36.349764,0 -111.504826,36.348892,0 -111.504550,36.348277,0 -111.504218,36.347665,0 -111.503782,36.346981,0 -111.503360,36.346423,0 -111.502769,36.345755,0 -111.502071,36.345074,0 -111.500756,36.343969,0 -111.500056,36.343382,0 -111.499339,36.342711,0 -111.498670,36.342021,0 -111.497894,36.341084,0 -111.497025,36.339916,0 -111.496080,36.338620,0 -111.494214,36.336084,0 -111.493621,36.335268,0 -111.493240,36.334768,0 -111.492735,36.334151,0 -111.491941,36.333294,0 -111.491550,36.332881,0 -111.490202,36.331520,0 -111.489607,36.330896,0 -111.489345,36.330636,0 -111.483202,36.324514,0 -111.481796,36.323117,0 -111.480949,36.322207,0 -111.480129,36.321306,0 -111.477783,36.318768,0 -111.476600,36.317484,0 -111.475536,36.316554,0 -111.474222,36.315573,0 -111.472180,36.314208,0 -111.471093,36.313432,0 -111.470007,36.312573,0 -111.468355,36.311050,0 -111.467674,36.310451,0 -111.466381,36.309235,0 -111.466030,36.308929,0 -111.464700,36.307724,0 -111.463338,36.306424,0 -111.461213,36.304487,0 -111.460551,36.303888,0 -111.460461,36.303804,0 -111.459746,36.303064,0 -111.458512,36.301753,0 -111.457621,36.300749,0 -111.453860,36.296516,0 -111.452064,36.294221,0 -111.451801,36.293946,0 -111.449821,36.291211,0 -111.449062,36.290132,0 -111.448273,36.289075,0 -111.445894,36.285890,0 -111.444770,36.284412,0 -111.444366,36.283971,0 -111.442800,36.281809,0 -111.440697,36.279197,0 -111.439388,36.277588,0 -111.438315,36.276274,0 -111.436245,36.273696,0 -111.434453,36.271499,0 -111.432382,36.268895,0 -111.432161,36.268617,0 -111.430451,36.266517,0 -111.428936,36.264671,0 -111.428466,36.264094,0 -111.428059,36.263619,0 -111.426728,36.261966,0 -111.425537,36.260487,0 -111.423143,36.257525,0 -111.422734,36.257019,0 -111.421782,36.255850,0 -111.421264,36.255118,0 -111.420366,36.253670,0 -111.419690,36.252199,0 -111.418671,36.250096,0 -111.417694,36.248037,0 -111.416793,36.246315,0 -111.416203,36.245390,0 -111.415248,36.244143,0 -111.414626,36.243382,0 -111.413875,36.242456,0 -111.413221,36.241625,0 -111.412641,36.240925,0 -111.411794,36.239860,0 -111.410839,36.238631,0 -111.409938,36.237550,0 -111.409015,36.236356,0 -111.407223,36.234149,0 -111.405957,36.232574,0 -111.405013,36.231457,0 -111.403543,36.229588,0 -111.401462,36.226992,0 -111.400518,36.225616,0 -111.400377,36.225364,0 -111.398930,36.222777,0 -111.397138,36.219315,0 -111.396291,36.217384,0 -111.395657,36.215636,0 -111.395207,36.214086,0 -111.394949,36.212935,0 -111.394778,36.212087,0 -111.394409,36.210496,0 -111.394220,36.209680,0 -111.394113,36.209135,0 -111.393941,36.208286,0 -111.393780,36.207040,0 -111.393692,36.205133,0 -111.393501,36.202105,0 -111.393293,36.198478,0 -111.393276,36.198175,0 -111.393168,36.195681,0 -111.393083,36.194599,0 -111.393072,36.193499,0 -111.393163,36.192321,0 -111.393239,36.191826,0 -111.393352,36.191080,0 -111.393487,36.190362,0 -111.393598,36.189793,0 -111.393812,36.189057,0 -111.393876,36.188862,0 -111.393984,36.188529,0 -111.394263,36.187802,0 -111.394649,36.186858,0 -111.395005,36.186154,0 -111.395700,36.184797,0 -111.396248,36.183758,0 -111.396977,36.182346,0 -111.397889,36.180649,0 -111.398780,36.178891,0 -111.399112,36.178068,0 -111.399391,36.177064,0 -111.399573,36.175843,0 -111.399595,36.175323,0 -111.399638,36.174769,0 -111.399616,36.174093,0 -111.399477,36.172881,0 -111.399370,36.171642,0 -111.399198,36.169564,0 -111.399154,36.169157,0 -111.398957,36.167313,0 -111.398914,36.166884,0 -111.398503,36.162586,0 -111.398450,36.161581,0 -111.398138,36.158662,0 -111.397902,36.155872,0 -111.397398,36.150779,0 -111.397066,36.147634,0 -111.396712,36.143839,0 -111.396336,36.139559,0 -111.395832,36.134551,0 -111.395671,36.132740,0 -111.395375,36.129562,0 -111.394995,36.125461,0 -111.394823,36.123901,0 -111.394780,36.122558,0 -111.394759,36.120478,0 -111.394834,36.119334,0 -111.394984,36.117392,0 -111.395188,36.114966,0 -111.395392,36.112963,0 -111.395682,36.109800,0 -111.396154,36.104764,0 -111.396207,36.103810,0 -111.396197,36.102536,0 -111.396121,36.100967,0 -111.396068,36.100109,0 -111.395757,36.098366,0 -111.395274,36.096286,0 -111.394298,36.092801,0 -111.394040,36.091882,0 -111.393890,36.091405,0 -111.393282,36.089178,0 -111.392606,36.086682,0 -111.392184,36.084941,0 -111.391734,36.082147,0 -111.391685,36.081308,0 -111.391564,36.079251,0 -111.391640,36.077665,0 -111.391738,36.076817,0 -111.391779,36.076515,0 -111.391852,36.075977,0 -111.391700,36.075977,0 -111.391425,36.075977,0 -111.391396,36.075977,0 -111.390545,36.075976,0 -111.390023,36.075990,0 -111.389510,36.076031,0 -111.389058,36.076098,0 -111.388644,36.076191,0 -111.387377,36.076550,0 -111.386158,36.076910,0 -111.383271,36.077769,0 -111.380756,36.078513,0 -111.379988,36.078731,0 -111.376630,36.079711,0 -111.373772,36.080569,0 -111.372342,36.081000,0 -111.371342,36.081302,0 -111.370207,36.081682,0 -111.369442,36.082026,0 -111.368901,36.082442,0 -111.368220,36.083170,0 -111.367817,36.083820,0 -111.367615,36.084423,0 -111.367528,36.084913,0 -111.367531,36.085465,0 -111.367693,36.088061,0 -111.367596,36.088720,0 -111.367403,36.089249,0 -111.367038,36.089855,0 -111.366609,36.090419,0 -111.365139,36.092188,0 -111.363927,36.093574,0 -111.363420,36.093985,0 -111.362618,36.094528,0 -111.361760,36.095005,0 -111.360796,36.095407,0 -111.359775,36.095768,0 -111.358652,36.096026,0 -111.355478,36.096493,0 -111.352361,36.096956,0 -111.349025,36.097450,0 -111.347394,36.097710,0 -111.339873,36.098846,0 -111.339454,36.098898,0 -111.329788,36.099582,0 -111.322385,36.100094,0 -111.316731,36.100475,0 -111.311366,36.100831,0 -111.298696,36.101698,0 -111.294833,36.102001,0 -111.292562,36.102274,0 -111.291121,36.102417,0 -111.282825,36.103408,0 -111.281027,36.103621,0 -111.278251,36.103951,0 -111.276680,36.104136,0 -111.274395,36.104428,0 -111.271949,36.104723,0 -111.270275,36.104922,0 -111.268548,36.105139,0 -111.266659,36.105356,0 -111.265308,36.105507,0 -111.263454,36.105728,0 -111.259676,36.106178,0 -111.259184,36.106237,0 -111.258678,36.106313,0 -111.255576,36.106673,0 -111.252830,36.107011,0 -111.250370,36.107284,0 -111.249959,36.107329,0 -111.248500,36.107485,0 -111.246451,36.107728,0 -111.245189,36.107925,0 -111.244302,36.108122,0 -111.242767,36.108505,0 -111.241542,36.108802,0 -111.240945,36.108946,0 -111.239259,36.109350,0 -111.238296,36.109580,0 -111.237351,36.109800,0 -111.236709,36.109981,0 -111.236312,36.110112,0 -111.235626,36.110441,0 -111.235089,36.110796,0 -111.234703,36.111152,0 -111.234211,36.111957,0 -111.234020,36.112286,0 -111.233595,36.113073,0 -111.232625,36.114876,0 -111.232195,36.115670,0 -111.231836,36.116318,0 -111.231493,36.116929,0 -111.231157,36.117428,0 -111.230661,36.118031,0 -111.230245,36.118446,0 -111.230037,36.118653,0 -111.229911,36.118778,0 -111.229680,36.119008,0 -111.229252,36.119354,0 -111.230080,36.120031,0 -111.230407,36.120306,0 -111.230612,36.120475,0 -111.231171,36.120937,0 -111.232284,36.121856,0 -111.232584,36.122101,0 -111.233077,36.122504,0 -111.233451,36.122817,0 -111.234284,36.123554,0 -111.234952,36.124112,0 -111.235213,36.124329,0 -111.235320,36.124419,0 -111.235608,36.124667,0 -111.236113,36.125101,0 -111.236413,36.125289,0 -111.237060,36.125831,0 -111.237202,36.125941,0 -111.237707,36.126353,0 -111.238054,36.126670,0 -111.238512,36.127098,0 -111.238825,36.127441,0 -111.239166,36.127930,0 -111.239445,36.128390,0 -111.239590,36.128749,0 -111.239606,36.128788,0 -111.239720,36.129136,0 -111.239745,36.129213,0 -111.239811,36.129456,0 -111.239853,36.129612,0 -111.239871,36.129748,0 -111.239883,36.129841,0 -111.239894,36.129930,0 -111.239901,36.130014,0 -111.239912,36.130145,0 -111.239918,36.130205,0 -111.239919,36.130450,0 -111.239914,36.130646,0 -111.239910,36.130806,0 -111.239901,36.131166,0 -111.239900,36.131229,0 -111.239898,36.131388,0 -111.239893,36.131507,0 -111.239863,36.132419,0 -111.239859,36.133613,0 -111.239808,36.134887,0 -111.239806,36.134956,0 -111.239901,36.134957,0</coordinates>
        </LineString>
      </Placemark>
      <Placemark>
        <name>Day 11</name>
        <description>Tuba City, AZ to Aztec, NM</description>
        <LineString>
          <tessellate>1</tessellate>
          <coordinates>-111.239901,36.134957,0 -111.239806,36.134956,0 -111.239808,36.134887,0 -111.239859,36.133613,0 -111.239863,36.132419,0 -111.239893,36.131507,0 -111.239898,36.131388,0 -111.239900,36.131229,0 -111.239901,36.131166,0 -111.239910,36.130806,0 -111.239914,36.130646,0 -111.239919,36.130450,0 -111.239918,36.130205,0 -111.239912,36.130145,0 -111.239901,36.130014,0 -111.239894,36.129930,0 -111.239883,36.129841,0 -111.239871,36.129748,0 -111.239853,36.129612,0 -111.239811,36.129456,0 -111.239745,36.129213,0 -111.239720,36.129136,0 -111.239606,36.128788,0 -111.239590,36.128749,0 -111.239445,36.128390,0 -111.239166,36.127930,0 -111.238825,36.127441,0 -111.238512,36.127098,0 -111.238054,36.126670,0 -111.237707,36.126353,0 -111.237202,36.125941,0 -111.237060,36.125831,0 -111.236413,36.125289,0 -111.236113,36.125101,0 -111.235608,36.124667,0 -111.235320,36.124419,0 -111.235213,36.124329,0 -111.234952,36.124112,0 -111.234284,36.123554,0 -111.233451,36.122817,0 -111.233077,36.122504,0 -111.232584,36.122101,0 -111.232284,36.121856,0 -111.231171,36.120937,0 -111.230612,36.120475,0 -111.230407,36.120306,0 -111.230080,36.120031,0 -111.229252,36.119354,0 -111.228696,36.119723,0 -111.228545,36.119823,0 -111.228229,36.119998,0 -111.227974,36.120154,0 -111.227374,36.120450,0 -111.227332,36.120467,0 -111.226782,36.120693,0 -111.226658,36.120734,0 -111.226253,36.120869,0 -111.225621,36.121057,0 -111.225188,36.121162,0 -111.224966,36.121206,0 -111.224784,36.121242,0 -111.224575,36.121276,0 -111.224261,36.121326,0 -111.223759,36.121386,0 -111.222381,36.121562,0 -111.221391,36.121682,0 -111.220533,36.121791,0 -111.220452,36.121801,0 -111.220132,36.121843,0 -111.218428,36.122066,0 -111.214415,36.122558,0 -111.214031,36.122601,0 -111.211861,36.122876,0 -111.211685,36.122898,0 -111.211288,36.122950,0 -111.210387,36.123072,0 -111.209775,36.123158,0 -111.209697,36.123172,0 -111.209582,36.123193,0 -111.208284,36.123418,0 -111.206910,36.123713,0 -111.206428,36.123825,0 -111.206149,36.123903,0 -111.205237,36.124103,0 -111.204035,36.124449,0 -111.202823,36.124839,0 -111.201943,36.125143,0 -111.201503,36.125290,0 -111.200505,36.125680,0 -111.199906,36.125912,0 -111.198393,36.126528,0 -111.195458,36.127839,0 -111.194229,36.128358,0 -111.192952,36.128938,0 -111.191879,36.129415,0 -111.191064,36.129770,0 -111.189176,36.130507,0 -111.186869,36.131339,0 -111.184959,36.132032,0 -111.179940,36.133863,0 -111.174005,36.136009,0 -111.166645,36.138687,0 -111.161688,36.140471,0 -111.157590,36.141970,0 -111.156968,36.142187,0 -111.155691,36.142655,0 -111.149618,36.144855,0 -111.148556,36.145263,0 -111.145520,36.146363,0 -111.142763,36.147368,0 -111.139359,36.148583,0 -111.137844,36.149143,0 -111.136358,36.149698,0 -111.134126,36.150478,0 -111.129244,36.152280,0 -111.127828,36.152808,0 -111.127274,36.152990,0 -111.123612,36.154324,0 -111.115533,36.157278,0 -111.097476,36.163820,0 -111.097240,36.163905,0 -111.094233,36.165131,0 -111.092595,36.166070,0 -111.091586,36.166755,0 -111.090095,36.167933,0 -111.088936,36.169024,0 -111.087906,36.169985,0 -111.086179,36.171605,0 -111.084570,36.173060,0 -111.083143,36.174333,0 -111.081834,36.175528,0 -111.080804,36.176481,0 -111.080353,36.176862,0 -111.077360,36.179633,0 -111.075600,36.181330,0 -111.075010,36.181997,0 -111.074474,36.182638,0 -111.074130,36.183019,0 -111.073323,36.183955,0 -111.067275,36.190769,0 -111.062404,36.196284,0 -111.059349,36.199741,0 -111.049003,36.211383,0 -111.046675,36.214040,0 -111.045109,36.215754,0 -111.042620,36.218619,0 -111.038414,36.223345,0 -111.033511,36.228884,0 -111.030228,36.232588,0 -111.026805,36.236431,0 -111.026451,36.236976,0 -111.025936,36.237910,0 -111.025727,36.238496,0 -111.025239,36.240091,0 -111.024799,36.241562,0 -111.024595,36.242185,0 -111.024434,36.242678,0 -111.023716,36.245101,0 -111.023168,36.246754,0 -111.022771,36.248104,0 -111.022471,36.249073,0 -111.021688,36.251608,0 -111.019931,36.257427,0 -111.019344,36.259334,0 -111.018885,36.260837,0 -111.018669,36.261517,0 -111.016409,36.268746,0 -111.016034,36.269533,0 -111.015379,36.270502,0 -111.014693,36.271263,0 -111.013781,36.272067,0 -111.013225,36.272536,0 -111.007665,36.277214,0 -111.006429,36.278245,0 -111.004972,36.279454,0 -111.004071,36.280180,0 -111.002655,36.281382,0 -110.999990,36.283620,0 -110.997773,36.285465,0 -110.995423,36.287483,0 -110.992763,36.289693,0 -110.991068,36.291094,0 -110.989233,36.292331,0 -110.987270,36.293611,0 -110.973902,36.302403,0 -110.970715,36.304497,0 -110.968370,36.306016,0 -110.967510,36.306573,0 -110.963607,36.309162,0 -110.956417,36.313893,0 -110.953725,36.315661,0 -110.951548,36.317090,0 -110.950590,36.317702,0 -110.950033,36.318013,0 -110.949445,36.318291,0 -110.947410,36.319061,0 -110.946732,36.319320,0 -110.945277,36.319877,0 -110.941680,36.321232,0 -110.940551,36.321652,0 -110.939857,36.321926,0 -110.938668,36.322378,0 -110.933872,36.324189,0 -110.931973,36.324874,0 -110.930453,36.325497,0 -110.929410,36.325982,0 -110.928547,36.326499,0 -110.927779,36.327047,0 -110.927097,36.327659,0 -110.926535,36.328249,0 -110.925030,36.330323,0 -110.923567,36.332270,0 -110.922963,36.333085,0 -110.920847,36.336028,0 -110.919178,36.338281,0 -110.917777,36.340192,0 -110.915997,36.342618,0 -110.913288,36.346291,0 -110.912164,36.347826,0 -110.911399,36.348865,0 -110.910202,36.350516,0 -110.908267,36.353148,0 -110.904521,36.358261,0 -110.900005,36.364382,0 -110.898195,36.366811,0 -110.897199,36.368229,0 -110.896036,36.369771,0 -110.894624,36.371676,0 -110.893627,36.373009,0 -110.893074,36.373777,0 -110.891848,36.375474,0 -110.890778,36.376958,0 -110.886671,36.382475,0 -110.881025,36.390145,0 -110.880764,36.390486,0 -110.880496,36.390764,0 -110.880162,36.391060,0 -110.879811,36.391338,0 -110.879466,36.391560,0 -110.878861,36.391894,0 -110.878381,36.392101,0 -110.877760,36.392328,0 -110.877335,36.392480,0 -110.876317,36.392866,0 -110.875330,36.393231,0 -110.873393,36.393946,0 -110.870725,36.394930,0 -110.866842,36.396351,0 -110.865429,36.396882,0 -110.863972,36.397411,0 -110.861808,36.398192,0 -110.856496,36.400143,0 -110.850733,36.402265,0 -110.848227,36.403174,0 -110.847018,36.403620,0 -110.845825,36.404051,0 -110.843789,36.404813,0 -110.841452,36.405681,0 -110.832249,36.409070,0 -110.829810,36.409964,0 -110.828074,36.410612,0 -110.825645,36.411506,0 -110.822178,36.412786,0 -110.820197,36.413513,0 -110.820083,36.413559,0 -110.819096,36.413919,0 -110.814871,36.415459,0 -110.812431,36.416364,0 -110.810315,36.417154,0 -110.805869,36.418784,0 -110.797545,36.421842,0 -110.793270,36.423406,0 -110.791459,36.424071,0 -110.788403,36.425242,0 -110.784998,36.426598,0 -110.780019,36.428628,0 -110.778039,36.429373,0 -110.775587,36.430352,0 -110.772927,36.431392,0 -110.770675,36.432315,0 -110.766210,36.434072,0 -110.765931,36.434182,0 -110.757360,36.437517,0 -110.755547,36.438229,0 -110.750847,36.440076,0 -110.749950,36.440358,0 -110.749079,36.440539,0 -110.748221,36.440673,0 -110.747467,36.440728,0 -110.746355,36.440768,0 -110.742712,36.440868,0 -110.741684,36.440916,0 -110.740824,36.441012,0 -110.740053,36.441161,0 -110.739437,36.441310,0 -110.739027,36.441440,0 -110.738565,36.441596,0 -110.736492,36.442470,0 -110.734598,36.443268,0 -110.732280,36.444251,0 -110.730004,36.445197,0 -110.728317,36.445916,0 -110.726531,36.446673,0 -110.724855,36.447368,0 -110.723067,36.448122,0 -110.721377,36.448850,0 -110.721200,36.448926,0 -110.713985,36.451955,0 -110.711594,36.452974,0 -110.708019,36.454484,0 -110.704679,36.455881,0 -110.701403,36.457255,0 -110.699421,36.458094,0 -110.697150,36.459058,0 -110.694799,36.460042,0 -110.693846,36.460423,0 -110.692115,36.461164,0 -110.690316,36.461932,0 -110.688345,36.462760,0 -110.685943,36.463767,0 -110.683521,36.464786,0 -110.676289,36.467837,0 -110.672809,36.469304,0 -110.667274,36.471630,0 -110.663171,36.473353,0 -110.659205,36.475021,0 -110.655905,36.476424,0 -110.655096,36.476757,0 -110.654436,36.477070,0 -110.653973,36.477321,0 -110.652866,36.477995,0 -110.652270,36.478371,0 -110.650425,36.479503,0 -110.647482,36.481330,0 -110.645729,36.482411,0 -110.643589,36.483741,0 -110.639135,36.486502,0 -110.637400,36.487574,0 -110.635618,36.488675,0 -110.633442,36.490032,0 -110.631864,36.491101,0 -110.630929,36.491724,0 -110.629292,36.492818,0 -110.626886,36.494440,0 -110.623921,36.496426,0 -110.622186,36.497593,0 -110.620874,36.498476,0 -110.619442,36.499436,0 -110.618722,36.499917,0 -110.617402,36.500816,0 -110.615788,36.501894,0 -110.614314,36.502889,0 -110.612839,36.503876,0 -110.611223,36.504952,0 -110.609579,36.506064,0 -110.608969,36.506485,0 -110.607469,36.507477,0 -110.603131,36.510402,0 -110.601482,36.511503,0 -110.600936,36.511872,0 -110.599609,36.512764,0 -110.597891,36.513924,0 -110.596292,36.514988,0 -110.595568,36.515480,0 -110.593963,36.516554,0 -110.593072,36.517149,0 -110.592328,36.517637,0 -110.591649,36.518036,0 -110.590927,36.518431,0 -110.587867,36.520057,0 -110.585999,36.521055,0 -110.584845,36.521662,0 -110.584132,36.522047,0 -110.582254,36.523051,0 -110.581272,36.523575,0 -110.579407,36.524557,0 -110.577588,36.525527,0 -110.576324,36.526199,0 -110.574458,36.527197,0 -110.573797,36.527548,0 -110.573711,36.527593,0 -110.572598,36.528185,0 -110.570824,36.529130,0 -110.568980,36.530099,0 -110.568863,36.530159,0 -110.567423,36.530904,0 -110.565623,36.531849,0 -110.563754,36.532815,0 -110.561909,36.533777,0 -110.560087,36.534735,0 -110.558274,36.535674,0 -110.556416,36.536644,0 -110.554598,36.537596,0 -110.553403,36.538219,0 -110.551575,36.539178,0 -110.549790,36.540106,0 -110.547961,36.541053,0 -110.546198,36.541979,0 -110.545534,36.542318,0 -110.544832,36.542693,0 -110.544135,36.543035,0 -110.543660,36.543254,0 -110.542691,36.543688,0 -110.540134,36.544772,0 -110.538453,36.545518,0 -110.535126,36.546974,0 -110.532889,36.547938,0 -110.531102,36.548720,0 -110.530924,36.548797,0 -110.529002,36.549629,0 -110.526309,36.550806,0 -110.523704,36.551932,0 -110.521011,36.553110,0 -110.517733,36.554533,0 -110.515078,36.555690,0 -110.514020,36.556157,0 -110.513676,36.556309,0 -110.511198,36.557379,0 -110.508466,36.558563,0 -110.506605,36.559374,0 -110.504928,36.560110,0 -110.503691,36.560649,0 -110.502039,36.561360,0 -110.500868,36.561876,0 -110.498951,36.562709,0 -110.496872,36.563609,0 -110.493919,36.564891,0 -110.491344,36.566009,0 -110.488354,36.567307,0 -110.487151,36.567831,0 -110.485064,36.568741,0 -110.484368,36.569042,0 -110.482870,36.569690,0 -110.482682,36.569772,0 -110.482201,36.569994,0 -110.481683,36.570249,0 -110.481289,36.570474,0 -110.480706,36.570822,0 -110.480078,36.571247,0 -110.479456,36.571731,0 -110.478929,36.572196,0 -110.478408,36.572720,0 -110.477693,36.573515,0 -110.476864,36.574458,0 -110.475887,36.575559,0 -110.474815,36.576765,0 -110.474243,36.577417,0 -110.473835,36.577909,0 -110.473488,36.578392,0 -110.473249,36.578763,0 -110.473052,36.579100,0 -110.472784,36.579612,0 -110.472594,36.580017,0 -110.472426,36.580414,0 -110.472340,36.580658,0 -110.472254,36.580924,0 -110.472132,36.581296,0 -110.472058,36.581544,0 -110.471994,36.581786,0 -110.471921,36.582125,0 -110.471852,36.582514,0 -110.471799,36.582875,0 -110.471766,36.583187,0 -110.471749,36.583434,0 -110.471743,36.583632,0 -110.471741,36.583839,0 -110.471737,36.584126,0 -110.471779,36.584968,0 -110.471922,36.587246,0 -110.472014,36.588827,0 -110.472101,36.590491,0 -110.472149,36.591557,0 -110.472224,36.592622,0 -110.472288,36.593797,0 -110.472303,36.594211,0 -110.472326,36.594710,0 -110.472395,36.596044,0 -110.472453,36.597073,0 -110.472522,36.598135,0 -110.472593,36.599241,0 -110.472647,36.600294,0 -110.472706,36.601373,0 -110.472769,36.602435,0 -110.472829,36.603491,0 -110.472886,36.604546,0 -110.472946,36.605628,0 -110.472991,36.606586,0 -110.473020,36.607259,0 -110.473054,36.607747,0 -110.473034,36.608100,0 -110.473006,36.608484,0 -110.472957,36.608833,0 -110.472912,36.609124,0 -110.472833,36.609502,0 -110.472744,36.609872,0 -110.472636,36.610276,0 -110.472510,36.610645,0 -110.472344,36.611080,0 -110.472204,36.611421,0 -110.471736,36.612366,0 -110.471482,36.612806,0 -110.471185,36.613248,0 -110.470805,36.613760,0 -110.470369,36.614263,0 -110.469903,36.614734,0 -110.469463,36.615160,0 -110.469246,36.615367,0 -110.467088,36.617557,0 -110.466034,36.618627,0 -110.464839,36.619837,0 -110.464273,36.620373,0 -110.463421,36.621101,0 -110.462437,36.621908,0 -110.460314,36.623642,0 -110.459048,36.624652,0 -110.457758,36.625673,0 -110.456458,36.626722,0 -110.455161,36.627789,0 -110.453900,36.628804,0 -110.453039,36.629521,0 -110.451784,36.630539,0 -110.451195,36.631017,0 -110.449906,36.632006,0 -110.448566,36.633032,0 -110.447257,36.634025,0 -110.445943,36.635020,0 -110.444235,36.636318,0 -110.442943,36.637296,0 -110.441674,36.638258,0 -110.440413,36.639216,0 -110.439105,36.640202,0 -110.438411,36.640734,0 -110.437883,36.641192,0 -110.437581,36.641480,0 -110.437143,36.641924,0 -110.436812,36.642297,0 -110.436501,36.642673,0 -110.436141,36.643141,0 -110.435545,36.643931,0 -110.435348,36.644186,0 -110.434845,36.644825,0 -110.434537,36.645171,0 -110.434265,36.645463,0 -110.433949,36.645773,0 -110.433573,36.646112,0 -110.433224,36.646409,0 -110.432828,36.646753,0 -110.432225,36.647271,0 -110.431677,36.647737,0 -110.430548,36.648665,0 -110.429961,36.649168,0 -110.428999,36.649988,0 -110.428862,36.650105,0 -110.428153,36.650696,0 -110.428144,36.650704,0 -110.427778,36.651010,0 -110.426756,36.651943,0 -110.426110,36.652520,0 -110.425596,36.653014,0 -110.425187,36.653470,0 -110.424727,36.654049,0 -110.424468,36.654348,0 -110.423834,36.655139,0 -110.423397,36.655696,0 -110.422978,36.656211,0 -110.422567,36.656755,0 -110.421988,36.657511,0 -110.421276,36.658403,0 -110.420273,36.659658,0 -110.419492,36.660642,0 -110.419220,36.660960,0 -110.418991,36.661187,0 -110.418730,36.661425,0 -110.418400,36.661691,0 -110.418055,36.661931,0 -110.417650,36.662195,0 -110.417307,36.662395,0 -110.416655,36.662785,0 -110.415119,36.663723,0 -110.414891,36.663865,0 -110.413839,36.664466,0 -110.412203,36.665430,0 -110.411373,36.665941,0 -110.409580,36.667044,0 -110.409071,36.667334,0 -110.408048,36.667941,0 -110.407721,36.668148,0 -110.406064,36.669124,0 -110.404418,36.670124,0 -110.402745,36.671126,0 -110.401047,36.672141,0 -110.399387,36.673142,0 -110.398696,36.673527,0 -110.397919,36.674040,0 -110.396718,36.674732,0 -110.395059,36.675725,0 -110.393445,36.676690,0 -110.391827,36.677648,0 -110.390097,36.678626,0 -110.389169,36.679145,0 -110.387318,36.680176,0 -110.385632,36.681136,0 -110.383911,36.682098,0 -110.382101,36.683107,0 -110.380328,36.684102,0 -110.378578,36.685088,0 -110.376793,36.686080,0 -110.375040,36.687060,0 -110.373312,36.688023,0 -110.372322,36.688579,0 -110.370621,36.689538,0 -110.368855,36.690521,0 -110.367104,36.691505,0 -110.366113,36.692057,0 -110.365464,36.692410,0 -110.364955,36.692684,0 -110.364573,36.692861,0 -110.364252,36.693010,0 -110.363625,36.693261,0 -110.363086,36.693454,0 -110.362571,36.693613,0 -110.362036,36.693758,0 -110.361501,36.693881,0 -110.360838,36.694017,0 -110.359817,36.694196,0 -110.358486,36.694431,0 -110.357029,36.694689,0 -110.355083,36.695030,0 -110.353017,36.695405,0 -110.351078,36.695752,0 -110.349124,36.696102,0 -110.346981,36.696492,0 -110.345018,36.696845,0 -110.343022,36.697203,0 -110.341034,36.697558,0 -110.339032,36.697915,0 -110.338574,36.697997,0 -110.338043,36.698091,0 -110.337170,36.698246,0 -110.336599,36.698345,0 -110.336096,36.698405,0 -110.335322,36.698479,0 -110.333928,36.698536,0 -110.332002,36.698587,0 -110.330012,36.698644,0 -110.328016,36.698703,0 -110.326841,36.698743,0 -110.324881,36.698794,0 -110.322821,36.698847,0 -110.320839,36.698911,0 -110.318613,36.698977,0 -110.310221,36.699210,0 -110.309419,36.699237,0 -110.307467,36.699292,0 -110.305477,36.699345,0 -110.301790,36.699464,0 -110.301196,36.699516,0 -110.300516,36.699597,0 -110.299496,36.699747,0 -110.298262,36.699936,0 -110.297616,36.700040,0 -110.295814,36.700316,0 -110.282201,36.702418,0 -110.270424,36.704232,0 -110.267602,36.704665,0 -110.264030,36.705211,0 -110.260465,36.705755,0 -110.257702,36.706181,0 -110.256521,36.706356,0 -110.255924,36.706446,0 -110.255489,36.706503,0 -110.253902,36.706722,0 -110.253626,36.706759,0 -110.253196,36.706828,0 -110.252585,36.706922,0 -110.252095,36.706998,0 -110.250556,36.707239,0 -110.249917,36.707334,0 -110.249495,36.707398,0 -110.248958,36.707480,0 -110.248414,36.707559,0 -110.248253,36.707585,0 -110.248066,36.707614,0 -110.247265,36.707740,0 -110.246616,36.707845,0 -110.246359,36.707887,0 -110.245808,36.707977,0 -110.245320,36.708057,0 -110.245047,36.708101,0 -110.238782,36.709111,0 -110.234041,36.709806,0 -110.229127,36.710580,0 -110.228569,36.710668,0 -110.216304,36.712530,0 -110.191495,36.716339,0 -110.168225,36.719897,0 -110.165289,36.720344,0 -110.150246,36.722646,0 -110.139456,36.724294,0 -110.122304,36.726909,0 -110.108443,36.729031,0 -110.107075,36.729313,0 -110.105700,36.729685,0 -110.104414,36.730116,0 -110.102985,36.730702,0 -110.100291,36.731903,0 -110.100016,36.732036,0 -110.099940,36.732073,0 -110.093998,36.734787,0 -110.086880,36.737992,0 -110.083611,36.739450,0 -110.078987,36.741565,0 -110.076723,36.742691,0 -110.071649,36.745425,0 -110.055422,36.754295,0 -110.045196,36.759869,0 -110.038407,36.763566,0 -110.028522,36.768952,0 -110.018815,36.774234,0 -110.018214,36.774542,0 -110.017670,36.774806,0 -110.017045,36.775086,0 -110.016332,36.775382,0 -110.015778,36.775596,0 -110.015186,36.775809,0 -110.014709,36.775971,0 -110.014138,36.776152,0 -110.013651,36.776295,0 -110.013246,36.776406,0 -110.012751,36.776532,0 -110.012249,36.776649,0 -110.011606,36.776790,0 -110.010935,36.776918,0 -110.008763,36.777321,0 -110.003752,36.778255,0 -109.991795,36.780486,0 -109.987895,36.781212,0 -109.979649,36.782744,0 -109.975136,36.783591,0 -109.968556,36.784810,0 -109.959437,36.786510,0 -109.958829,36.786629,0 -109.958325,36.786740,0 -109.957815,36.786866,0 -109.957405,36.786977,0 -109.957003,36.787093,0 -109.956566,36.787229,0 -109.956075,36.787391,0 -109.955624,36.787555,0 -109.955197,36.787717,0 -109.954798,36.787881,0 -109.954389,36.788056,0 -109.954083,36.788190,0 -109.948198,36.790813,0 -109.946702,36.791474,0 -109.941931,36.793604,0 -109.941416,36.793828,0 -109.940710,36.794127,0 -109.939685,36.794546,0 -109.938701,36.794949,0 -109.921586,36.801999,0 -109.919821,36.802718,0 -109.914108,36.805078,0 -109.904591,36.809001,0 -109.892072,36.814153,0 -109.888069,36.815791,0 -109.885434,36.816879,0 -109.881465,36.818509,0 -109.875813,36.820836,0 -109.875777,36.820854,0 -109.874696,36.821300,0 -109.870992,36.822829,0 -109.869241,36.823684,0 -109.868104,36.824347,0 -109.866728,36.825226,0 -109.864604,36.826629,0 -109.862405,36.828090,0 -109.858755,36.830508,0 -109.858557,36.830635,0 -109.853945,36.833681,0 -109.853358,36.834062,0 -109.852703,36.834514,0 -109.852088,36.834957,0 -109.851459,36.835407,0 -109.850561,36.836053,0 -109.849836,36.836580,0 -109.849159,36.837072,0 -109.847777,36.838073,0 -109.841008,36.842932,0 -109.840681,36.843167,0 -109.840607,36.843220,0 -109.839918,36.843718,0 -109.836009,36.846577,0 -109.835135,36.847281,0 -109.834722,36.847639,0 -109.834374,36.847979,0 -109.834048,36.848299,0 -109.833712,36.848653,0 -109.833411,36.848990,0 -109.833079,36.849373,0 -109.832808,36.849711,0 -109.832525,36.850093,0 -109.832213,36.850521,0 -109.831994,36.850885,0 -109.831773,36.851255,0 -109.831506,36.851728,0 -109.831140,36.852423,0 -109.828594,36.856936,0 -109.828111,36.857734,0 -109.823895,36.863632,0 -109.823584,36.864044,0 -109.822522,36.865525,0 -109.822050,36.866213,0 -109.820795,36.867963,0 -109.820415,36.868474,0 -109.820236,36.868754,0 -109.820076,36.869042,0 -109.819913,36.869386,0 -109.819783,36.869757,0 -109.819681,36.870148,0 -109.819616,36.870497,0 -109.819583,36.870832,0 -109.819580,36.871227,0 -109.819618,36.871657,0 -109.819808,36.873176,0 -109.820049,36.875085,0 -109.820199,36.876307,0 -109.820250,36.876799,0 -109.820264,36.877187,0 -109.820244,36.877559,0 -109.820199,36.877964,0 -109.820117,36.878345,0 -109.819967,36.878774,0 -109.819773,36.879212,0 -109.819570,36.879564,0 -109.819291,36.879924,0 -109.819022,36.880233,0 -109.816061,36.883597,0 -109.815214,36.884498,0 -109.814346,36.885242,0 -109.813552,36.885817,0 -109.812919,36.886272,0 -109.811943,36.886821,0 -109.804647,36.890751,0 -109.799743,36.893380,0 -109.799045,36.893740,0 -109.798402,36.894109,0 -109.797233,36.894759,0 -109.795935,36.895496,0 -109.794573,36.896380,0 -109.793788,36.896983,0 -109.793380,36.897387,0 -109.793091,36.897670,0 -109.792426,36.898416,0 -109.791869,36.899151,0 -109.791365,36.899924,0 -109.789584,36.902858,0 -109.789143,36.903590,0 -109.788649,36.904293,0 -109.787899,36.905149,0 -109.787159,36.905878,0 -109.785797,36.907053,0 -109.784057,36.908608,0 -109.782813,36.909681,0 -109.781783,36.910550,0 -109.780956,36.911233,0 -109.779884,36.912023,0 -109.778467,36.912838,0 -109.777298,36.913472,0 -109.776171,36.914030,0 -109.773532,36.915454,0 -109.772727,36.915891,0 -109.769766,36.917478,0 -109.767234,36.918842,0 -109.763973,36.920841,0 -109.761106,36.922691,0 -109.757859,36.924788,0 -109.754327,36.927050,0 -109.751439,36.928932,0 -109.750057,36.929812,0 -109.746946,36.931802,0 -109.746581,36.932050,0 -109.743749,36.933877,0 -109.741173,36.935540,0 -109.739554,36.936587,0 -109.738524,36.937264,0 -109.737167,36.938112,0 -109.736807,36.938336,0 -109.735252,36.939203,0 -109.729237,36.942297,0 -109.725227,36.944317,0 -109.722839,36.945576,0 -109.722087,36.945914,0 -109.721552,36.946092,0 -109.721072,36.946220,0 -109.720320,36.946354,0 -109.719651,36.946413,0 -109.719045,36.946419,0 -109.718379,36.946375,0 -109.717736,36.946281,0 -109.717138,36.946146,0 -109.716010,36.945865,0 -109.713707,36.945288,0 -109.712750,36.945009,0 -109.712086,36.944785,0 -109.711032,36.944392,0 -109.710206,36.944077,0 -109.709191,36.943689,0 -109.708380,36.943380,0 -109.707723,36.943086,0 -109.707089,36.942784,0 -109.706589,36.942525,0 -109.705982,36.942192,0 -109.705379,36.941835,0 -109.703565,36.940740,0 -109.703027,36.940443,0 -109.702250,36.940063,0 -109.701522,36.939760,0 -109.700831,36.939515,0 -109.699983,36.939262,0 -109.699183,36.939071,0 -109.698361,36.938917,0 -109.697605,36.938815,0 -109.696675,36.938742,0 -109.696180,36.938726,0 -109.695217,36.938736,0 -109.694325,36.938789,0 -109.692928,36.938878,0 -109.685239,36.939394,0 -109.672445,36.940237,0 -109.666405,36.940641,0 -109.661089,36.940996,0 -109.659061,36.941128,0 -109.655297,36.941384,0 -109.653543,36.941493,0 -109.651864,36.941604,0 -109.650917,36.941647,0 -109.649859,36.941648,0 -109.648890,36.941613,0 -109.647860,36.941528,0 -109.646934,36.941418,0 -109.645883,36.941241,0 -109.645040,36.941069,0 -109.643918,36.940793,0 -109.643012,36.940515,0 -109.641885,36.940120,0 -109.641260,36.939870,0 -109.640625,36.939589,0 -109.639896,36.939239,0 -109.639217,36.938880,0 -109.637245,36.937766,0 -109.635294,36.936668,0 -109.633370,36.935581,0 -109.631043,36.934269,0 -109.629108,36.933179,0 -109.627217,36.932107,0 -109.625282,36.931020,0 -109.623370,36.929938,0 -109.621459,36.928855,0 -109.619703,36.927862,0 -109.618041,36.926922,0 -109.617884,36.926832,0 -109.616920,36.926297,0 -109.616391,36.926001,0 -109.616098,36.925851,0 -109.615650,36.925630,0 -109.614952,36.925316,0 -109.613822,36.924889,0 -109.613075,36.924647,0 -109.612307,36.924440,0 -109.611525,36.924272,0 -109.610767,36.924146,0 -109.609932,36.924042,0 -109.609219,36.923985,0 -109.608537,36.923957,0 -109.607676,36.923956,0 -109.607112,36.923975,0 -109.606073,36.924058,0 -109.605233,36.924129,0 -109.603963,36.924236,0 -109.603460,36.924276,0 -109.602721,36.924336,0 -109.602188,36.924381,0 -109.596141,36.924892,0 -109.591082,36.925321,0 -109.590627,36.925372,0 -109.590127,36.925439,0 -109.589506,36.925533,0 -109.588857,36.925653,0 -109.588390,36.925749,0 -109.587908,36.925863,0 -109.587302,36.926015,0 -109.586712,36.926184,0 -109.586208,36.926337,0 -109.585105,36.926726,0 -109.584426,36.926965,0 -109.574586,36.930458,0 -109.573095,36.930992,0 -109.571130,36.931687,0 -109.568778,36.932535,0 -109.560321,36.935545,0 -109.551209,36.938770,0 -109.547046,36.940267,0 -109.545645,36.940761,0 -109.536218,36.944111,0 -109.533319,36.945134,0 -109.530958,36.945970,0 -109.527708,36.947118,0 -109.520107,36.949829,0 -109.512218,36.952626,0 -109.511209,36.952984,0 -109.504577,36.955319,0 -109.502493,36.956071,0 -109.496181,36.958315,0 -109.491574,36.959949,0 -109.485249,36.962187,0 -109.483862,36.962682,0 -109.483109,36.962914,0 -109.482362,36.963128,0 -109.481690,36.963297,0 -109.480985,36.963445,0 -109.480275,36.963579,0 -109.479548,36.963679,0 -109.478710,36.963786,0 -109.477861,36.963857,0 -109.477178,36.963893,0 -109.476479,36.963908,0 -109.475018,36.963882,0 -109.473573,36.963822,0 -109.460713,36.963422,0 -109.455925,36.963253,0 -109.454271,36.963188,0 -109.449337,36.963016,0 -109.443864,36.962854,0 -109.439230,36.962708,0 -109.437309,36.962639,0 -109.435306,36.962588,0 -109.430421,36.962425,0 -109.425561,36.962262,0 -109.420629,36.962091,0 -109.410905,36.961774,0 -109.404350,36.961559,0 -109.402398,36.961491,0 -109.400511,36.961426,0 -109.395018,36.961251,0 -109.387699,36.960993,0 -109.383472,36.960856,0 -109.381197,36.960788,0 -109.375726,36.960599,0 -109.369342,36.960393,0 -109.361296,36.960121,0 -109.356457,36.959956,0 -109.351629,36.959810,0 -109.347259,36.959663,0 -109.340490,36.959398,0 -109.332669,36.959175,0 -109.328163,36.959012,0 -109.323796,36.958875,0 -109.315593,36.958602,0 -109.311002,36.958442,0 -109.309939,36.958380,0 -109.308894,36.958267,0 -109.307606,36.958069,0 -109.306179,36.957744,0 -109.304763,36.957358,0 -109.301737,36.956363,0 -109.297414,36.955026,0 -109.294270,36.954048,0 -109.291878,36.953311,0 -109.282973,36.950516,0 -109.279475,36.949410,0 -109.276192,36.948355,0 -109.273231,36.947464,0 -109.270581,36.946623,0 -109.266568,36.945346,0 -109.262824,36.944180,0 -109.261697,36.943837,0 -109.260700,36.943519,0 -109.255614,36.941933,0 -109.251956,36.940792,0 -109.248705,36.939746,0 -109.246124,36.938946,0 -109.245865,36.938869,0 -109.242414,36.937781,0 -109.239060,36.936693,0 -109.232461,36.934635,0 -109.226024,36.932629,0 -109.222776,36.931579,0 -109.221443,36.931205,0 -109.220080,36.930836,0 -109.218964,36.930562,0 -109.217656,36.930296,0 -109.216316,36.930077,0 -109.214930,36.929850,0 -109.213203,36.929644,0 -109.211680,36.929515,0 -109.207013,36.929052,0 -109.201995,36.928581,0 -109.194760,36.927886,0 -109.186306,36.927028,0 -109.185330,36.926925,0 -109.182991,36.926711,0 -109.181853,36.926599,0 -109.179600,36.926394,0 -109.178152,36.926265,0 -109.176639,36.926153,0 -109.175062,36.926188,0 -109.173657,36.926291,0 -109.172412,36.926454,0 -109.171436,36.926608,0 -109.170674,36.926754,0 -109.165782,36.927757,0 -109.161222,36.928615,0 -109.159741,36.928958,0 -109.154001,36.930116,0 -109.149452,36.931025,0 -109.144184,36.932054,0 -109.141180,36.932646,0 -109.139612,36.932977,0 -109.137226,36.933453,0 -109.135293,36.933834,0 -109.130531,36.934776,0 -109.128463,36.935198,0 -109.127139,36.935459,0 -109.125735,36.935741,0 -109.124857,36.935917,0 -109.124059,36.936066,0 -109.123112,36.936214,0 -109.122192,36.936313,0 -109.121367,36.936372,0 -109.120403,36.936392,0 -109.119294,36.936365,0 -109.118403,36.936298,0 -109.117549,36.936200,0 -109.116770,36.936078,0 -109.115936,36.935910,0 -109.115158,36.935720,0 -109.114698,36.935586,0 -109.114218,36.935446,0 -109.113737,36.935278,0 -109.113210,36.935097,0 -109.112371,36.934756,0 -109.111922,36.934543,0 -109.111477,36.934331,0 -109.109727,36.933388,0 -109.108778,36.932846,0 -109.108307,36.932575,0 -109.106633,36.931638,0 -109.104727,36.930581,0 -109.103780,36.930056,0 -109.102782,36.929515,0 -109.101803,36.928953,0 -109.100990,36.928521,0 -109.097546,36.926574,0 -109.094220,36.924739,0 -109.092646,36.923840,0 -109.091458,36.923207,0 -109.090441,36.922659,0 -109.088723,36.921720,0 -109.087019,36.920741,0 -109.086261,36.920332,0 -109.086043,36.920215,0 -109.084946,36.919554,0 -109.084936,36.919548,0 -109.084523,36.919318,0 -109.084347,36.919219,0 -109.082897,36.918417,0 -109.081532,36.917654,0 -109.078266,36.915809,0 -109.077483,36.915294,0 -109.077214,36.915110,0 -109.076951,36.914912,0 -109.076635,36.914674,0 -109.076143,36.914281,0 -109.075681,36.913891,0 -109.075239,36.913495,0 -109.074822,36.913094,0 -109.074319,36.912562,0 -109.073838,36.912009,0 -109.073197,36.911173,0 -109.072626,36.910323,0 -109.072272,36.909809,0 -109.071349,36.908093,0 -109.070926,36.907369,0 -109.070383,36.906420,0 -109.069773,36.905342,0 -109.068781,36.903608,0 -109.067927,36.902130,0 -109.067264,36.900966,0 -109.066540,36.899694,0 -109.065677,36.898202,0 -109.064923,36.896883,0 -109.064291,36.895777,0 -109.063495,36.894468,0 -109.062923,36.893672,0 -109.062197,36.892795,0 -109.061351,36.891925,0 -109.060479,36.891081,0 -109.060191,36.890795,0 -109.058818,36.889518,0 -109.056297,36.887072,0 -109.051387,36.882376,0 -109.050721,36.881733,0 -109.050044,36.881088,0 -109.049156,36.880224,0 -109.048602,36.879619,0 -109.048086,36.878971,0 -109.047685,36.878365,0 -109.047357,36.877804,0 -109.047137,36.877364,0 -109.046948,36.876928,0 -109.046682,36.876197,0 -109.046624,36.876004,0 -109.046311,36.874984,0 -109.046136,36.874388,0 -109.045890,36.873779,0 -109.045686,36.873289,0 -109.045353,36.872500,0 -109.045138,36.871974,0 -109.044841,36.871255,0 -109.044761,36.871063,0 -109.044716,36.870963,0 -109.044205,36.869762,0 -109.043776,36.868749,0 -109.043594,36.868311,0 -109.043368,36.867771,0 -109.043186,36.867384,0 -109.042907,36.866801,0 -109.042639,36.866243,0 -109.042460,36.865843,0 -109.041952,36.864741,0 -109.041491,36.863754,0 -109.040482,36.861590,0 -109.038991,36.858251,0 -109.037349,36.854654,0 -109.036255,36.852311,0 -109.035526,36.850617,0 -109.034775,36.848970,0 -109.034111,36.847551,0 -109.033574,36.846649,0 -109.032056,36.844620,0 -109.031856,36.844326,0 -109.030528,36.842600,0 -109.029410,36.841121,0 -109.028447,36.839865,0 -109.027856,36.839073,0 -109.027071,36.838041,0 -109.026352,36.837088,0 -109.025772,36.836337,0 -109.025221,36.835626,0 -109.024667,36.834905,0 -109.024058,36.834261,0 -109.023676,36.833936,0 -109.023183,36.833568,0 -109.022631,36.833229,0 -109.021965,36.832885,0 -109.021288,36.832616,0 -109.020484,36.832368,0 -109.020230,36.832302,0 -109.018733,36.831935,0 -109.017544,36.831635,0 -109.017458,36.831614,0 -109.017107,36.831529,0 -109.015394,36.831115,0 -109.015344,36.831102,0 -109.014604,36.830914,0 -109.011386,36.830098,0 -109.011278,36.830072,0 -109.004724,36.828461,0 -109.000114,36.827318,0 -108.998633,36.826948,0 -108.995877,36.826268,0 -108.994539,36.825933,0 -108.993555,36.825700,0 -108.992678,36.825527,0 -108.991830,36.825427,0 -108.990692,36.825378,0 -108.989210,36.825430,0 -108.985256,36.825578,0 -108.981727,36.825713,0 -108.976400,36.825908,0 -108.973738,36.826011,0 -108.970491,36.826134,0 -108.966734,36.826271,0 -108.962258,36.826433,0 -108.960418,36.826506,0 -108.958492,36.826570,0 -108.957924,36.826585,0 -108.955317,36.826688,0 -108.952847,36.826780,0 -108.949260,36.826917,0 -108.945525,36.827052,0 -108.943330,36.827143,0 -108.941966,36.827175,0 -108.941070,36.827161,0 -108.940022,36.827107,0 -108.939044,36.827060,0 -108.937786,36.826979,0 -108.936911,36.826889,0 -108.936200,36.826772,0 -108.935406,36.826607,0 -108.934743,36.826435,0 -108.933819,36.826132,0 -108.932634,36.825682,0 -108.931060,36.825054,0 -108.928131,36.823897,0 -108.926180,36.823133,0 -108.924342,36.822400,0 -108.922998,36.821860,0 -108.921975,36.821466,0 -108.920318,36.820815,0 -108.918241,36.819994,0 -108.916447,36.819287,0 -108.915388,36.818884,0 -108.914378,36.818564,0 -108.913452,36.818332,0 -108.912445,36.818136,0 -108.911463,36.817992,0 -108.910775,36.817935,0 -108.908994,36.817822,0 -108.908059,36.817706,0 -108.907037,36.817516,0 -108.906215,36.817318,0 -108.905420,36.817078,0 -108.904548,36.816775,0 -108.902151,36.815950,0 -108.900188,36.815270,0 -108.898501,36.814684,0 -108.895602,36.813681,0 -108.893620,36.813010,0 -108.892971,36.812779,0 -108.888544,36.811252,0 -108.885892,36.810326,0 -108.883096,36.809358,0 -108.881174,36.808699,0 -108.879777,36.808216,0 -108.878491,36.807769,0 -108.875192,36.806624,0 -108.867313,36.803901,0 -108.863870,36.802698,0 -108.858345,36.800789,0 -108.853444,36.799088,0 -108.851279,36.798334,0 -108.848907,36.797529,0 -108.847536,36.797054,0 -108.845904,36.796474,0 -108.844704,36.796056,0 -108.843242,36.795548,0 -108.840926,36.794741,0 -108.839099,36.794110,0 -108.837432,36.793536,0 -108.835375,36.792820,0 -108.834651,36.792566,0 -108.833861,36.792306,0 -108.833124,36.792043,0 -108.830490,36.791122,0 -108.829775,36.790878,0 -108.825824,36.789503,0 -108.820937,36.787814,0 -108.816405,36.786244,0 -108.811830,36.784649,0 -108.808966,36.783653,0 -108.802981,36.781580,0 -108.801947,36.781219,0 -108.800848,36.780871,0 -108.799690,36.780572,0 -108.798548,36.780337,0 -108.797005,36.780102,0 -108.793567,36.779672,0 -108.791375,36.779395,0 -108.784816,36.778561,0 -108.781263,36.778117,0 -108.781083,36.778087,0 -108.780793,36.778051,0 -108.779183,36.777846,0 -108.777155,36.777585,0 -108.774875,36.777302,0 -108.768091,36.776439,0 -108.766465,36.776225,0 -108.764785,36.776007,0 -108.757938,36.775120,0 -108.752676,36.774496,0 -108.749638,36.774098,0 -108.740182,36.772889,0 -108.735265,36.772274,0 -108.733763,36.772117,0 -108.733149,36.772076,0 -108.732256,36.772041,0 -108.731301,36.772033,0 -108.730593,36.772067,0 -108.729906,36.772127,0 -108.728784,36.772257,0 -108.727619,36.772438,0 -108.723064,36.773456,0 -108.721358,36.773834,0 -108.720217,36.774062,0 -108.717836,36.774594,0 -108.716311,36.774931,0 -108.714571,36.775318,0 -108.713334,36.775611,0 -108.712180,36.775866,0 -108.710553,36.776234,0 -108.708074,36.776764,0 -108.706983,36.777015,0 -108.706936,36.777026,0 -108.704528,36.777571,0 -108.703703,36.777754,0 -108.703313,36.777827,0 -108.702952,36.777870,0 -108.702571,36.777901,0 -108.702208,36.777900,0 -108.701905,36.777888,0 -108.701577,36.777853,0 -108.700807,36.777762,0 -108.700530,36.777724,0 -108.699340,36.777559,0 -108.698825,36.777476,0 -108.696824,36.777234,0 -108.696747,36.777224,0 -108.696605,36.777202,0 -108.696505,36.777645,0 -108.696336,36.778100,0 -108.696127,36.778499,0 -108.695869,36.778826,0 -108.695614,36.779060,0 -108.695546,36.779122,0 -108.695132,36.779425,0 -108.694784,36.779644,0 -108.693340,36.780392,0 -108.690485,36.781928,0 -108.689364,36.782540,0 -108.688997,36.782740,0 -108.688416,36.783073,0 -108.686667,36.783991,0 -108.686289,36.784200,0 -108.685746,36.784498,0 -108.685348,36.784687,0 -108.684972,36.784852,0 -108.684704,36.784958,0 -108.684355,36.785065,0 -108.684106,36.785125,0 -108.683672,36.785204,0 -108.683411,36.785233,0 -108.683136,36.785249,0 -108.682943,36.785261,0 -108.682748,36.785258,0 -108.682541,36.785255,0 -108.682332,36.785238,0 -108.681635,36.785172,0 -108.681505,36.785145,0 -108.680620,36.785045,0 -108.677648,36.784709,0 -108.676291,36.784573,0 -108.676177,36.784561,0 -108.674717,36.784400,0 -108.674404,36.784359,0 -108.674211,36.784333,0 -108.673743,36.784288,0 -108.673287,36.784237,0 -108.672926,36.784199,0 -108.672539,36.784161,0 -108.672290,36.784139,0 -108.671736,36.784104,0 -108.670842,36.784062,0 -108.669356,36.784072,0 -108.664849,36.784155,0 -108.663235,36.784176,0 -108.662006,36.784158,0 -108.661971,36.784158,0 -108.660805,36.784111,0 -108.660659,36.784102,0 -108.659587,36.784037,0 -108.659052,36.784001,0 -108.658517,36.783966,0 -108.657488,36.783941,0 -108.656948,36.783936,0 -108.655942,36.783969,0 -108.655289,36.784020,0 -108.654553,36.784087,0 -108.653888,36.784165,0 -108.653109,36.784297,0 -108.652605,36.784403,0 -108.652256,36.784470,0 -108.651430,36.784660,0 -108.650417,36.784908,0 -108.649155,36.785206,0 -108.649126,36.785213,0 -108.647283,36.785667,0 -108.646288,36.785912,0 -108.645851,36.785998,0 -108.645399,36.786068,0 -108.644863,36.786129,0 -108.644241,36.786175,0 -108.643654,36.786185,0 -108.643040,36.786167,0 -108.642477,36.786121,0 -108.642400,36.786115,0 -108.641759,36.786021,0 -108.641057,36.785887,0 -108.640228,36.785664,0 -108.639640,36.785460,0 -108.638715,36.785112,0 -108.637703,36.784726,0 -108.636263,36.784174,0 -108.634706,36.783574,0 -108.634094,36.783354,0 -108.633575,36.783157,0 -108.631528,36.782345,0 -108.630807,36.782029,0 -108.628410,36.780883,0 -108.628196,36.780780,0 -108.626325,36.779875,0 -108.626053,36.779743,0 -108.624306,36.778895,0 -108.622305,36.777920,0 -108.620878,36.777234,0 -108.620857,36.777223,0 -108.620281,36.776944,0 -108.618185,36.775966,0 -108.615433,36.774827,0 -108.613727,36.774132,0 -108.612825,36.773771,0 -108.612232,36.773529,0 -108.611541,36.773248,0 -108.610556,36.772848,0 -108.609247,36.772316,0 -108.608635,36.772074,0 -108.607234,36.771497,0 -108.606056,36.771024,0 -108.603554,36.769908,0 -108.602688,36.769501,0 -108.600932,36.768664,0 -108.600464,36.768454,0 -108.599201,36.767857,0 -108.598588,36.767593,0 -108.597734,36.767258,0 -108.597013,36.767012,0 -108.596192,36.766759,0 -108.595426,36.766546,0 -108.594655,36.766372,0 -108.593935,36.766212,0 -108.592232,36.765854,0 -108.588689,36.765085,0 -108.588515,36.765047,0 -108.586196,36.764554,0 -108.583064,36.763874,0 -108.581531,36.763527,0 -108.579320,36.762879,0 -108.578554,36.762643,0 -108.578296,36.762556,0 -108.578232,36.762523,0 -108.577042,36.761909,0 -108.574864,36.760786,0 -108.572611,36.759623,0 -108.571452,36.759071,0 -108.570654,36.758661,0 -108.570490,36.758578,0 -108.570031,36.758346,0 -108.569881,36.758266,0 -108.569239,36.757923,0 -108.567775,36.757181,0 -108.566588,36.756573,0 -108.564769,36.755634,0 -108.563327,36.754923,0 -108.562071,36.754350,0 -108.561780,36.754231,0 -108.561101,36.753952,0 -108.559186,36.753231,0 -108.558301,36.752910,0 -108.557500,36.752620,0 -108.555295,36.751830,0 -108.554165,36.751420,0 -108.552477,36.750820,0 -108.550738,36.750188,0 -108.548698,36.749454,0 -108.547608,36.749093,0 -108.545493,36.748536,0 -108.545224,36.748465,0 -108.542272,36.747682,0 -108.540021,36.747091,0 -108.539216,36.746881,0 -108.538719,36.746752,0 -108.538369,36.746692,0 -108.537887,36.746642,0 -108.537388,36.746632,0 -108.536876,36.746682,0 -108.536335,36.746777,0 -108.535841,36.746893,0 -108.535171,36.747085,0 -108.534384,36.747381,0 -108.533570,36.747769,0 -108.532944,36.748135,0 -108.531766,36.748920,0 -108.530523,36.749757,0 -108.529669,36.750334,0 -108.528994,36.750789,0 -108.528076,36.751393,0 -108.526413,36.752535,0 -108.524787,36.753591,0 -108.524206,36.753942,0 -108.523548,36.754321,0 -108.522802,36.754715,0 -108.521981,36.755124,0 -108.521132,36.755498,0 -108.520325,36.755833,0 -108.518983,36.756335,0 -108.516684,36.757099,0 -108.515634,36.757438,0 -108.514275,36.757877,0 -108.514027,36.757957,0 -108.512457,36.758469,0 -108.510896,36.758983,0 -108.509957,36.759282,0 -108.509238,36.759489,0 -108.508428,36.759670,0 -108.507807,36.759779,0 -108.506885,36.759859,0 -108.505623,36.759890,0 -108.503852,36.759918,0 -108.502315,36.759959,0 -108.500123,36.759995,0 -108.497242,36.760045,0 -108.496374,36.760057,0 -108.495633,36.760067,0 -108.494276,36.760088,0 -108.492072,36.760058,0 -108.490082,36.760033,0 -108.486443,36.759980,0 -108.486047,36.759973,0 -108.485341,36.759962,0 -108.484661,36.759952,0 -108.482945,36.759938,0 -108.480723,36.759906,0 -108.478016,36.759878,0 -108.477065,36.759884,0 -108.476379,36.759888,0 -108.471822,36.759900,0 -108.469686,36.759912,0 -108.467871,36.759922,0 -108.467328,36.759925,0 -108.467134,36.759926,0 -108.466801,36.759927,0 -108.466428,36.759929,0 -108.464282,36.759939,0 -108.463639,36.759928,0 -108.462324,36.759860,0 -108.461338,36.759813,0 -108.461054,36.759790,0 -108.460210,36.759722,0 -108.459811,36.759683,0 -108.459082,36.759612,0 -108.458243,36.759520,0 -108.457803,36.759486,0 -108.457466,36.759459,0 -108.456692,36.759423,0 -108.455923,36.759397,0 -108.455457,36.759408,0 -108.455155,36.759414,0 -108.453884,36.759465,0 -108.452987,36.759517,0 -108.452560,36.759543,0 -108.452154,36.759568,0 -108.451171,36.759625,0 -108.450381,36.759670,0 -108.449405,36.759700,0 -108.448812,36.759684,0 -108.448180,36.759637,0 -108.447519,36.759535,0 -108.446780,36.759385,0 -108.446204,36.759242,0 -108.445525,36.759018,0 -108.445046,36.758821,0 -108.444524,36.758589,0 -108.442685,36.757643,0 -108.442383,36.757485,0 -108.441198,36.756865,0 -108.440326,36.756414,0 -108.439828,36.756195,0 -108.439248,36.755953,0 -108.438580,36.755733,0 -108.437791,36.755531,0 -108.436444,36.755257,0 -108.433365,36.754671,0 -108.430931,36.754225,0 -108.427605,36.753680,0 -108.427562,36.753674,0 -108.426244,36.753473,0 -108.425152,36.753332,0 -108.424993,36.753311,0 -108.423775,36.753175,0 -108.422803,36.753092,0 -108.421556,36.753022,0 -108.420367,36.752973,0 -108.418563,36.752969,0 -108.414288,36.753022,0 -108.412191,36.753048,0 -108.410926,36.753047,0 -108.407926,36.753108,0 -108.405516,36.753131,0 -108.403619,36.753163,0 -108.402474,36.753163,0 -108.401476,36.753125,0 -108.400478,36.753048,0 -108.399363,36.752894,0 -108.396434,36.752398,0 -108.395614,36.752258,0 -108.394578,36.752072,0 -108.393879,36.751944,0 -108.390273,36.751325,0 -108.389133,36.751121,0 -108.388991,36.751094,0 -108.388668,36.751037,0 -108.387807,36.750882,0 -108.386680,36.750623,0 -108.385844,36.750395,0 -108.383572,36.749769,0 -108.380477,36.748903,0 -108.378329,36.748300,0 -108.375640,36.747555,0 -108.374315,36.747193,0 -108.373200,36.746897,0 -108.372132,36.746579,0 -108.372067,36.746559,0 -108.371763,36.746473,0 -108.369924,36.745958,0 -108.366708,36.745075,0 -108.363458,36.744162,0 -108.363342,36.744128,0 -108.362013,36.743764,0 -108.360325,36.743299,0 -108.359842,36.743165,0 -108.359388,36.743038,0 -108.357174,36.742415,0 -108.356528,36.742235,0 -108.355277,36.741887,0 -108.354631,36.741705,0 -108.353650,36.741430,0 -108.352505,36.741110,0 -108.350531,36.740559,0 -108.349300,36.740214,0 -108.348607,36.740019,0 -108.348102,36.739872,0 -108.346784,36.739508,0 -108.345311,36.739098,0 -108.343771,36.738665,0 -108.341939,36.738159,0 -108.339470,36.737464,0 -108.337568,36.736926,0 -108.337167,36.736812,0 -108.335933,36.736460,0 -108.334692,36.736107,0 -108.334330,36.736004,0 -108.331844,36.735311,0 -108.328003,36.734232,0 -108.327979,36.734226,0 -108.327923,36.734211,0 -108.327917,36.734209,0 -108.327847,36.734193,0 -108.326703,36.733881,0 -108.325816,36.733650,0 -108.325379,36.733527,0 -108.324287,36.733219,0 -108.323464,36.732991,0 -108.320722,36.732214,0 -108.320244,36.732081,0 -108.318721,36.731657,0 -108.317535,36.731323,0 -108.316841,36.731148,0 -108.316379,36.731066,0 -108.315895,36.731011,0 -108.315341,36.730979,0 -108.314945,36.730978,0 -108.314498,36.730989,0 -108.314087,36.731031,0 -108.313807,36.731074,0 -108.313559,36.731117,0 -108.313137,36.731210,0 -108.312735,36.731315,0 -108.312349,36.731424,0 -108.311361,36.731704,0 -108.310499,36.731940,0 -108.309468,36.732232,0 -108.308422,36.732540,0 -108.307033,36.732950,0 -108.305464,36.733403,0 -108.304409,36.733718,0 -108.303637,36.733924,0 -108.302223,36.734344,0 -108.300269,36.734930,0 -108.298155,36.735541,0 -108.296736,36.735954,0 -108.294738,36.736530,0 -108.292662,36.737129,0 -108.290610,36.737720,0 -108.288588,36.738301,0 -108.286526,36.738888,0 -108.285806,36.739125,0 -108.285381,36.739232,0 -108.284754,36.739382,0 -108.283993,36.739587,0 -108.283959,36.739595,0 -108.283612,36.739675,0 -108.283523,36.739691,0 -108.283335,36.739725,0 -108.282988,36.739776,0 -108.282936,36.739784,0 -108.282635,36.739818,0 -108.282335,36.739840,0 -108.282080,36.739846,0 -108.281804,36.739839,0 -108.281440,36.739821,0 -108.280552,36.739735,0 -108.279425,36.739644,0 -108.277513,36.739457,0 -108.276311,36.739301,0 -108.275113,36.739181,0 -108.273368,36.739010,0 -108.270362,36.738725,0 -108.268723,36.738553,0 -108.266180,36.738295,0 -108.265931,36.738271,0 -108.265608,36.738236,0 -108.265061,36.738178,0 -108.263796,36.738043,0 -108.263053,36.737985,0 -108.262238,36.737949,0 -108.261302,36.737933,0 -108.259004,36.737988,0 -108.257286,36.738028,0 -108.255389,36.738081,0 -108.254163,36.738080,0 -108.253514,36.738044,0 -108.253347,36.738021,0 -108.253222,36.738037,0 -108.252851,36.737977,0 -108.252326,36.737867,0 -108.252210,36.737861,0 -108.252143,36.737872,0 -108.252040,36.737889,0 -108.251998,36.738016,0 -108.251904,36.738304,0 -108.251749,36.738748,0 -108.251700,36.738885,0 -108.251626,36.739074,0 -108.251588,36.739173,0 -108.251544,36.739265,0 -108.251467,36.739434,0 -108.251391,36.739582,0 -108.251256,36.739812,0 -108.251150,36.739970,0 -108.251030,36.740128,0 -108.250948,36.740229,0 -108.250741,36.740482,0 -108.250657,36.740577,0 -108.250501,36.740740,0 -108.250307,36.740924,0 -108.250104,36.741099,0 -108.250034,36.741154,0 -108.249980,36.741196,0 -108.249817,36.741323,0 -108.249356,36.741662,0 -108.248823,36.742052,0 -108.248650,36.742192,0 -108.248362,36.742445,0 -108.248146,36.742655,0 -108.247967,36.742845,0 -108.247791,36.743046,0 -108.247651,36.743221,0 -108.247519,36.743397,0 -108.247403,36.743564,0 -108.247313,36.743694,0 -108.247245,36.743799,0 -108.246884,36.744327,0 -108.246859,36.744365,0 -108.245797,36.745928,0 -108.245693,36.746088,0 -108.245595,36.746256,0 -108.245515,36.746412,0 -108.245440,36.746592,0 -108.245386,36.746752,0 -108.245345,36.746912,0 -108.245290,36.747203,0 -108.245208,36.747691,0 -108.245122,36.748198,0 -108.245016,36.748824,0 -108.244966,36.749071,0 -108.244905,36.749317,0 -108.244708,36.749967,0 -108.244284,36.751317,0 -108.243872,36.752618,0 -108.243620,36.753428,0 -108.243555,36.753636,0 -108.243450,36.753969,0 -108.243347,36.754290,0 -108.243131,36.754975,0 -108.243043,36.755256,0 -108.243032,36.755292,0 -108.242888,36.755751,0 -108.242753,36.756194,0 -108.242629,36.756590,0 -108.242599,36.756684,0 -108.242536,36.756881,0 -108.242489,36.757031,0 -108.242407,36.757276,0 -108.242319,36.757413,0 -108.242206,36.757786,0 -108.242172,36.757898,0 -108.242021,36.757869,0 -108.241509,36.757752,0 -108.241268,36.757740,0 -108.240307,36.757513,0 -108.239031,36.757197,0 -108.238707,36.757119,0 -108.237950,36.756937,0 -108.237627,36.756813,0 -108.237250,36.756720,0 -108.236798,36.756610,0 -108.236098,36.756431,0 -108.235580,36.756303,0 -108.235184,36.756207,0 -108.234793,36.756111,0 -108.234485,36.756039,0 -108.234266,36.755995,0 -108.234089,36.755964,0 -108.233962,36.755996,0 -108.233608,36.755952,0 -108.233208,36.755930,0 -108.232643,36.755935,0 -108.231952,36.755968,0 -108.228277,36.756281,0 -108.227508,36.756357,0 -108.226727,36.756426,0 -108.225577,36.756498,0 -108.225336,36.756518,0 -108.225234,36.756527,0 -108.224730,36.756585,0 -108.224216,36.756681,0 -108.223628,36.756823,0 -108.223509,36.756862,0 -108.223367,36.756917,0 -108.223131,36.757013,0 -108.222907,36.757117,0 -108.222731,36.757203,0 -108.222512,36.757319,0 -108.222189,36.757492,0 -108.220694,36.758495,0 -108.219208,36.759499,0 -108.218155,36.760287,0 -108.217494,36.760842,0 -108.216957,36.761366,0 -108.216112,36.762263,0 -108.215441,36.763041,0 -108.215274,36.763239,0 -108.214530,36.764124,0 -108.213894,36.764980,0 -108.212435,36.766940,0 -108.211477,36.768246,0 -108.211113,36.768767,0 -108.210928,36.769120,0 -108.210787,36.769309,0 -108.210681,36.769544,0 -108.210493,36.770117,0 -108.210422,36.770308,0 -108.210335,36.770522,0 -108.210257,36.770674,0 -108.210141,36.770834,0 -108.209968,36.771061,0 -108.209850,36.771189,0 -108.209653,36.771378,0 -108.209532,36.771490,0 -108.209378,36.771600,0 -108.209166,36.771737,0 -108.208912,36.771886,0 -108.208655,36.772018,0 -108.208249,36.772234,0 -108.207386,36.772685,0 -108.206711,36.773032,0 -108.206451,36.773161,0 -108.206238,36.773264,0 -108.206007,36.773360,0 -108.205833,36.773433,0 -108.205615,36.773549,0 -108.205342,36.773632,0 -108.205095,36.773687,0 -108.203058,36.774098,0 -108.202021,36.774308,0 -108.201515,36.774385,0 -108.201004,36.774430,0 -108.200645,36.774443,0 -108.200225,36.774438,0 -108.199741,36.774411,0 -108.199177,36.774352,0 -108.198566,36.774249,0 -108.197365,36.774039,0 -108.197280,36.774024,0 -108.196765,36.773936,0 -108.196130,36.773804,0 -108.195642,36.773727,0 -108.195408,36.773700,0 -108.195135,36.773674,0 -108.194835,36.773653,0 -108.194491,36.773631,0 -108.193776,36.773620,0 -108.193663,36.773618,0 -108.193558,36.773618,0 -108.193470,36.773617,0 -108.191449,36.773605,0 -108.190609,36.773619,0 -108.190176,36.773628,0 -108.189780,36.773628,0 -108.189240,36.773639,0 -108.188860,36.773656,0 -108.188543,36.773671,0 -108.188188,36.773690,0 -108.187869,36.773719,0 -108.187531,36.773761,0 -108.187197,36.773810,0 -108.186886,36.773867,0 -108.186490,36.773939,0 -108.185405,36.774141,0 -108.184581,36.774333,0 -108.184208,36.774396,0 -108.183350,36.774598,0 -108.182911,36.774709,0 -108.182762,36.774745,0 -108.182555,36.774795,0 -108.182177,36.774897,0 -108.182067,36.774933,0 -108.181818,36.775014,0 -108.181519,36.775125,0 -108.181187,36.775256,0 -108.180788,36.775430,0 -108.180441,36.775599,0 -108.180117,36.775768,0 -108.179769,36.775957,0 -108.179429,36.776134,0 -108.179192,36.776250,0 -108.178695,36.776448,0 -108.178237,36.776579,0 -108.177757,36.776665,0 -108.177264,36.776726,0 -108.176092,36.776748,0 -108.176029,36.776749,0 -108.175168,36.776747,0 -108.174411,36.776751,0 -108.174206,36.776751,0 -108.173221,36.776754,0 -108.172960,36.776755,0 -108.170680,36.776772,0 -108.170363,36.776777,0 -108.169321,36.776791,0 -108.168077,36.776791,0 -108.167539,36.776792,0 -108.167380,36.776793,0 -108.166209,36.776800,0 -108.165017,36.776797,0 -108.163730,36.776793,0 -108.163589,36.776788,0 -108.163304,36.776768,0 -108.163041,36.776736,0 -108.162816,36.776694,0 -108.162633,36.776653,0 -108.162393,36.776589,0 -108.162153,36.776509,0 -108.161909,36.776414,0 -108.161692,36.776316,0 -108.161421,36.776170,0 -108.160732,36.775755,0 -108.160270,36.775468,0 -108.159749,36.775145,0 -108.159535,36.775019,0 -108.159302,36.774877,0 -108.159087,36.774756,0 -108.158925,36.774673,0 -108.158644,36.774551,0 -108.158430,36.774469,0 -108.158221,36.774395,0 -108.158047,36.774341,0 -108.157732,36.774263,0 -108.155285,36.773837,0 -108.154732,36.773765,0 -108.154318,36.773730,0 -108.153973,36.773719,0 -108.153803,36.773717,0 -108.152381,36.773716,0 -108.150472,36.773714,0 -108.149343,36.773713,0 -108.148090,36.773712,0 -108.147587,36.773711,0 -108.147052,36.773710,0 -108.146768,36.773714,0 -108.146461,36.773734,0 -108.146221,36.773757,0 -108.145949,36.773791,0 -108.145251,36.773882,0 -108.144983,36.773910,0 -108.144707,36.773929,0 -108.144289,36.773938,0 -108.142220,36.773937,0 -108.142087,36.773931,0 -108.141946,36.773920,0 -108.141817,36.773903,0 -108.141683,36.773881,0 -108.141548,36.773850,0 -108.141417,36.773814,0 -108.141262,36.773761,0 -108.141134,36.773715,0 -108.141015,36.773663,0 -108.140901,36.773604,0 -108.140789,36.773537,0 -108.140686,36.773466,0 -108.140644,36.773436,0 -108.140583,36.773392,0 -108.140486,36.773315,0 -108.140415,36.773254,0 -108.140324,36.773167,0 -108.140227,36.773057,0 -108.140152,36.772961,0 -108.140012,36.772769,0 -108.139972,36.772712,0 -108.139909,36.772621,0 -108.139835,36.772519,0 -108.139680,36.772305,0 -108.139208,36.771653,0 -108.139149,36.771572,0 -108.139049,36.771444,0 -108.138915,36.771510,0 -108.138837,36.771546,0 -108.138487,36.771706,0 -108.138302,36.771796,0 -108.136895,36.772480,0 -108.135585,36.773131,0 -108.134837,36.773489,0 -108.134748,36.773531,0 -108.134625,36.773593,0 -108.133162,36.774322,0 -108.132278,36.774763,0 -108.130431,36.775683,0 -108.128575,36.776583,0 -108.127914,36.776908,0 -108.125997,36.777854,0 -108.124818,36.778437,0 -108.123358,36.779162,0 -108.122427,36.779621,0 -108.122316,36.779676,0 -108.121980,36.779843,0 -108.121365,36.780148,0 -108.121142,36.780259,0 -108.119399,36.781121,0 -108.117714,36.781951,0 -108.116753,36.782434,0 -108.115804,36.782954,0 -108.113652,36.784175,0 -108.113172,36.784448,0 -108.113036,36.784525,0 -108.112272,36.784961,0 -108.112178,36.785014,0 -108.111843,36.785205,0 -108.111477,36.785414,0 -108.111220,36.785560,0 -108.110521,36.785958,0 -108.110382,36.786038,0 -108.109324,36.786638,0 -108.109112,36.786759,0 -108.109066,36.786785,0 -108.109013,36.786815,0 -108.107900,36.787449,0 -108.105168,36.789010,0 -108.104615,36.789323,0 -108.104370,36.789462,0 -108.103505,36.789956,0 -108.101954,36.790828,0 -108.101801,36.790914,0 -108.099252,36.792393,0 -108.099219,36.792412,0 -108.098708,36.792742,0 -108.098220,36.793063,0 -108.097032,36.793964,0 -108.096190,36.794618,0 -108.095207,36.795379,0 -108.092490,36.797478,0 -108.091062,36.798593,0 -108.090790,36.798801,0 -108.090479,36.799045,0 -108.089666,36.799683,0 -108.089402,36.799887,0 -108.088641,36.800476,0 -108.087282,36.801532,0 -108.087153,36.801632,0 -108.086991,36.801758,0 -108.086269,36.802317,0 -108.086191,36.802372,0 -108.085648,36.802721,0 -108.085082,36.803053,0 -108.084342,36.803472,0 -108.084031,36.803643,0 -108.083887,36.803722,0 -108.083467,36.803952,0 -108.082856,36.804276,0 -108.082437,36.804479,0 -108.082218,36.804584,0 -108.081136,36.805094,0 -108.081051,36.805134,0 -108.079682,36.805778,0 -108.078586,36.806291,0 -108.077521,36.806803,0 -108.076138,36.807573,0 -108.074144,36.808675,0 -108.072576,36.809540,0 -108.070224,36.810841,0 -108.069456,36.811261,0 -108.068651,36.811700,0 -108.067085,36.812553,0 -108.064378,36.814054,0 -108.063361,36.814615,0 -108.061983,36.815377,0 -108.060374,36.816264,0 -108.058722,36.817170,0 -108.058630,36.817220,0 -108.058424,36.817331,0 -108.057634,36.817758,0 -108.056698,36.818184,0 -108.055634,36.818630,0 -108.054233,36.819195,0 -108.051703,36.820230,0 -108.049795,36.820998,0 -108.047072,36.822128,0 -108.045435,36.822751,0 -108.044325,36.823107,0 -108.043066,36.823440,0 -108.042212,36.823592,0 -108.041627,36.823700,0 -108.041363,36.823741,0 -108.041089,36.823781,0 -108.040637,36.823841,0 -108.039618,36.823947,0 -108.038682,36.824030,0 -108.038165,36.824076,0 -108.036790,36.824197,0 -108.035239,36.824339,0 -108.034954,36.824366,0 -108.034597,36.824401,0 -108.034123,36.824453,0 -108.033798,36.824508,0 -108.033598,36.824541,0 -108.033338,36.824590,0 -108.033062,36.824651,0 -108.032766,36.824720,0 -108.032334,36.824821,0 -108.032246,36.824843,0 -108.031958,36.824915,0 -108.031358,36.825065,0 -108.031122,36.825124,0 -108.030862,36.825188,0 -108.029302,36.825576,0 -108.028523,36.825767,0 -108.027184,36.826093,0 -108.026074,36.826370,0 -108.026033,36.826380,0 -108.025281,36.826566,0 -108.025134,36.826600,0 -108.024829,36.826670,0 -108.024378,36.826741,0 -108.023945,36.826782,0 -108.023260,36.826798,0 -108.022854,36.826795,0 -108.020814,36.826788,0 -108.018692,36.826779,0 -108.018393,36.826778,0 -108.018027,36.826778,0 -108.017808,36.826778,0 -108.017534,36.826778,0 -108.017502,36.826778,0 -108.017375,36.826830,0 -108.015977,36.826824,0 -108.015970,36.826824,0 -108.015719,36.826823,0 -108.015101,36.826821,0 -108.014949,36.826762,0 -108.014244,36.826763,0 -108.014018,36.826763,0 -108.013915,36.826763,0 -108.013632,36.826762,0 -108.013521,36.826761,0 -108.013190,36.826760,0 -108.013092,36.826759,0 -108.012930,36.826816,0 -108.012902,36.826816,0 -108.012717,36.826814,0 -108.012446,36.826813,0 -108.012283,36.826812,0 -108.012136,36.826811,0 -108.011671,36.826808,0 -108.011349,36.826806,0 -108.011178,36.826748,0 -108.010536,36.826750,0 -108.010438,36.826749,0 -108.009514,36.826742,0 -108.009274,36.826740,0 -108.009069,36.826738,0 -108.008880,36.826735,0 -108.008679,36.826732,0 -108.008606,36.826731,0 -108.008466,36.826724,0 -108.007978,36.826699,0 -108.007262,36.826644,0 -108.006841,36.826601,0 -108.006722,36.826589,0 -108.006015,36.826498,0 -108.005243,36.826394,0 -108.004325,36.826266,0 -108.004216,36.826251,0 -108.003776,36.826195,0 -108.002468,36.826017,0 -108.002025,36.825961,0 -108.002030,36.825874,0 -108.002032,36.825844,0 -108.002032,36.825718,0 -108.002027,36.825640,0 -108.002001,36.825493,0 -108.001984,36.825383,0 -108.001973,36.825292,0 -108.001984,36.825194,0 -108.001992,36.825127,0 -108.001990,36.825083,0 -108.001975,36.825015,0 -108.001505,36.824771,0 -108.001326,36.824701,0 -108.001192,36.824633,0 -108.000773,36.824431,0 -108.000322,36.824225,0 -108.000224,36.824185,0 -107.999873,36.824042,0 -107.999296,36.823809,0 -107.998342,36.823457,0 -107.997949,36.823311,0 -107.997495,36.823143,0 -107.997299,36.823080,0 -107.996326,36.822764,0 -107.996262,36.822741,0 -107.995657,36.822566,0 -107.995035,36.822390,0 -107.994432,36.822217,0 -107.993818,36.822043,0 -107.993216,36.821867,0 -107.993036,36.822268,0</coordinates>
        </LineString>
      </Placemark>
      <Placemark>
        <name>Day 12</name>
        <description>Aztec, NM to Villa Grove, CO</description>
        <LineString>
          <tessellate>1</tessellate>
          <coordinates>-107.993036,36.822268,0 -107.992773,36.822853,0 -107.992157,36.822687,0 -107.991936,36.823198,0 -107.991379,36.824467,0 -107.990799,36.825775,0 -107.990667,36.826054,0 -107.990644,36.826113,0 -107.990600,36.826225,0 -107.990533,36.826280,0 -107.990516,36.826333,0 -107.990493,36.826425,0 -107.990477,36.826524,0 -107.990473,36.826636,0 -107.990521,36.826711,0 -107.990262,36.826789,0 -107.989978,36.826883,0 -107.989861,36.826924,0 -107.989729,36.826970,0 -107.989466,36.827066,0 -107.989216,36.827165,0 -107.989129,36.827200,0 -107.988968,36.827265,0 -107.988600,36.827420,0 -107.988402,36.827510,0 -107.988299,36.827556,0 -107.987928,36.827732,0 -107.987362,36.828008,0 -107.986987,36.828191,0 -107.986672,36.828348,0 -107.986623,36.828372,0 -107.986268,36.828545,0 -107.985964,36.828693,0 -107.985530,36.828905,0 -107.985441,36.828948,0 -107.984917,36.829200,0 -107.984645,36.829334,0 -107.984308,36.829500,0 -107.983954,36.829675,0 -107.983823,36.829744,0 -107.983624,36.829851,0 -107.983533,36.829906,0 -107.983253,36.830076,0 -107.983060,36.830203,0 -107.982921,36.830302,0 -107.982773,36.830419,0 -107.982557,36.830593,0 -107.982440,36.830698,0 -107.982361,36.830773,0 -107.982274,36.830856,0 -107.982026,36.831119,0 -107.981966,36.831186,0 -107.981885,36.831281,0 -107.981797,36.831393,0 -107.981673,36.831557,0 -107.981588,36.831680,0 -107.981530,36.831769,0 -107.981497,36.831819,0 -107.981480,36.831846,0 -107.981432,36.831924,0 -107.981399,36.831980,0 -107.981301,36.832151,0 -107.981228,36.832288,0 -107.981161,36.832430,0 -107.981084,36.832602,0 -107.980955,36.832933,0 -107.980826,36.833248,0 -107.980218,36.834752,0 -107.979781,36.835812,0 -107.979206,36.837242,0 -107.978945,36.837888,0 -107.978820,36.838176,0 -107.978717,36.838400,0 -107.978608,36.838634,0 -107.978577,36.838708,0 -107.978555,36.838777,0 -107.978542,36.838851,0 -107.978532,36.838903,0 -107.978523,36.838957,0 -107.978497,36.839007,0 -107.978443,36.839103,0 -107.978297,36.839371,0 -107.978157,36.839613,0 -107.978003,36.839880,0 -107.977658,36.840469,0 -107.977028,36.841557,0 -107.976552,36.842374,0 -107.976377,36.842675,0 -107.976023,36.843281,0 -107.975595,36.844020,0 -107.975463,36.844246,0 -107.975251,36.844608,0 -107.974982,36.845069,0 -107.974798,36.845388,0 -107.974339,36.846180,0 -107.973805,36.847110,0 -107.973614,36.847432,0 -107.973218,36.848104,0 -107.972962,36.848513,0 -107.972907,36.848596,0 -107.972760,36.848818,0 -107.972529,36.849138,0 -107.972251,36.849500,0 -107.972150,36.849626,0 -107.971879,36.849943,0 -107.971526,36.850335,0 -107.971104,36.850773,0 -107.970730,36.851126,0 -107.970474,36.851358,0 -107.970222,36.851580,0 -107.969886,36.851854,0 -107.969548,36.852113,0 -107.969211,36.852365,0 -107.968884,36.852589,0 -107.968518,36.852830,0 -107.968188,36.853030,0 -107.967937,36.853185,0 -107.967607,36.853371,0 -107.967239,36.853572,0 -107.966807,36.853794,0 -107.966117,36.854116,0 -107.965387,36.854432,0 -107.964982,36.854602,0 -107.964611,36.854744,0 -107.963869,36.855022,0 -107.962658,36.855465,0 -107.961318,36.855960,0 -107.960965,36.856094,0 -107.960706,36.856198,0 -107.960493,36.856291,0 -107.960308,36.856377,0 -107.960126,36.856466,0 -107.959930,36.856566,0 -107.959687,36.856701,0 -107.959504,36.856809,0 -107.959299,36.856938,0 -107.959099,36.857069,0 -107.958871,36.857226,0 -107.958673,36.857375,0 -107.958495,36.857517,0 -107.958286,36.857690,0 -107.958107,36.857857,0 -107.957926,36.858027,0 -107.957726,36.858230,0 -107.957563,36.858409,0 -107.957407,36.858601,0 -107.957275,36.858766,0 -107.957107,36.858995,0 -107.956729,36.859529,0 -107.956163,36.860320,0 -107.955642,36.861054,0 -107.955118,36.861792,0 -107.954884,36.862129,0 -107.954644,36.862475,0 -107.954418,36.862779,0 -107.954369,36.862825,0 -107.954324,36.862856,0 -107.954278,36.862884,0 -107.954230,36.862911,0 -107.954196,36.862937,0 -107.954166,36.862969,0 -107.954048,36.863139,0 -107.953772,36.863528,0 -107.953251,36.864268,0 -107.953106,36.864472,0 -107.952651,36.865112,0 -107.952389,36.865479,0 -107.952117,36.865860,0 -107.951783,36.866329,0 -107.951317,36.866988,0 -107.950916,36.867553,0 -107.950766,36.867767,0 -107.950380,36.868304,0 -107.950120,36.868669,0 -107.950063,36.868745,0 -107.949979,36.868857,0 -107.949830,36.869039,0 -107.949680,36.869216,0 -107.949526,36.869393,0 -107.949366,36.869572,0 -107.949220,36.869728,0 -107.949068,36.869886,0 -107.948787,36.870163,0 -107.948590,36.870346,0 -107.948428,36.870491,0 -107.948240,36.870654,0 -107.948041,36.870818,0 -107.947748,36.871050,0 -107.947446,36.871276,0 -107.947238,36.871423,0 -107.947002,36.871582,0 -107.946773,36.871731,0 -107.946591,36.871846,0 -107.946349,36.871994,0 -107.945822,36.872309,0 -107.945612,36.872435,0 -107.945443,36.872537,0 -107.944925,36.872843,0 -107.944793,36.872921,0 -107.942688,36.874164,0 -107.940628,36.875392,0 -107.940320,36.875591,0 -107.939982,36.875809,0 -107.939588,36.876087,0 -107.939282,36.876307,0 -107.938982,36.876540,0 -107.938560,36.876879,0 -107.938131,36.877255,0 -107.937766,36.877604,0 -107.937415,36.877960,0 -107.937085,36.878316,0 -107.936769,36.878681,0 -107.936540,36.878963,0 -107.936315,36.879254,0 -107.936103,36.879538,0 -107.935883,36.879834,0 -107.935664,36.880121,0 -107.934993,36.881013,0 -107.934593,36.881543,0 -107.933453,36.883072,0 -107.932284,36.884633,0 -107.931386,36.885823,0 -107.931168,36.886117,0 -107.931015,36.886356,0 -107.930911,36.886537,0 -107.930803,36.886738,0 -107.930656,36.887052,0 -107.930538,36.887368,0 -107.930462,36.887645,0 -107.930377,36.888036,0 -107.930197,36.889116,0 -107.930125,36.889466,0 -107.930042,36.889794,0 -107.929948,36.890124,0 -107.929835,36.890447,0 -107.929760,36.890650,0 -107.929605,36.891027,0 -107.929406,36.891412,0 -107.929234,36.891722,0 -107.929060,36.892016,0 -107.928945,36.892192,0 -107.928725,36.892508,0 -107.928512,36.892798,0 -107.928280,36.893087,0 -107.928043,36.893356,0 -107.927791,36.893618,0 -107.927434,36.893967,0 -107.927059,36.894302,0 -107.926683,36.894610,0 -107.925079,36.895855,0 -107.922966,36.897468,0 -107.922553,36.897755,0 -107.922295,36.897910,0 -107.921984,36.898091,0 -107.921641,36.898278,0 -107.921290,36.898445,0 -107.920930,36.898603,0 -107.920549,36.898756,0 -107.920173,36.898892,0 -107.919795,36.899021,0 -107.919278,36.899197,0 -107.918884,36.899327,0 -107.918511,36.899455,0 -107.918130,36.899599,0 -107.917752,36.899747,0 -107.917390,36.899899,0 -107.917022,36.900066,0 -107.916666,36.900240,0 -107.916306,36.900421,0 -107.915971,36.900607,0 -107.915638,36.900807,0 -107.915373,36.900974,0 -107.914981,36.901229,0 -107.914675,36.901446,0 -107.914364,36.901674,0 -107.914063,36.901912,0 -107.913686,36.902231,0 -107.913396,36.902484,0 -107.913127,36.902734,0 -107.912862,36.902998,0 -107.912613,36.903262,0 -107.912371,36.903542,0 -107.912202,36.903749,0 -107.911926,36.904105,0 -107.911666,36.904491,0 -107.911470,36.904793,0 -107.911178,36.905289,0 -107.911011,36.905613,0 -107.910861,36.905922,0 -107.910722,36.906248,0 -107.910596,36.906563,0 -107.910526,36.906771,0 -107.910378,36.907204,0 -107.910035,36.908259,0 -107.909576,36.909699,0 -107.909086,36.911219,0 -107.908589,36.912761,0 -107.908101,36.914290,0 -107.907613,36.915785,0 -107.907284,36.916818,0 -107.907141,36.917265,0 -107.906985,36.917668,0 -107.906854,36.917992,0 -107.906709,36.918313,0 -107.906559,36.918624,0 -107.906193,36.919381,0 -107.905835,36.920167,0 -107.905330,36.921214,0 -107.905116,36.921671,0 -107.904407,36.923176,0 -107.903721,36.924622,0 -107.903694,36.924678,0 -107.903507,36.925072,0 -107.903343,36.925392,0 -107.903171,36.925690,0 -107.902981,36.925986,0 -107.902852,36.926159,0 -107.902452,36.926630,0 -107.902023,36.927063,0 -107.901642,36.927389,0 -107.901240,36.927676,0 -107.900955,36.927874,0 -107.900365,36.928251,0 -107.899738,36.928654,0 -107.897623,36.930029,0 -107.896943,36.930473,0 -107.896595,36.930696,0 -107.896192,36.930987,0 -107.895996,36.931136,0 -107.895808,36.931296,0 -107.895626,36.931460,0 -107.895446,36.931645,0 -107.895277,36.931825,0 -107.894803,36.932397,0 -107.894368,36.932926,0 -107.893687,36.933731,0 -107.893259,36.934225,0 -107.892673,36.934930,0 -107.891520,36.936309,0 -107.891427,36.936422,0 -107.890734,36.937255,0 -107.889975,36.938183,0 -107.889344,36.938926,0 -107.888896,36.939470,0 -107.888531,36.939918,0 -107.888426,36.940049,0 -107.888108,36.940459,0 -107.887738,36.940947,0 -107.887459,36.941419,0 -107.887218,36.941909,0 -107.887046,36.942368,0 -107.886901,36.942890,0 -107.886815,36.943435,0 -107.886778,36.943980,0 -107.886805,36.944644,0 -107.886815,36.945399,0 -107.886928,36.948451,0 -107.886976,36.949916,0 -107.887013,36.950954,0 -107.887105,36.953982,0 -107.887190,36.957020,0 -107.887180,36.957755,0 -107.887169,36.958254,0 -107.887142,36.958687,0 -107.887099,36.959236,0 -107.887046,36.959794,0 -107.886966,36.960562,0 -107.886864,36.961226,0 -107.886756,36.961843,0 -107.886550,36.962781,0 -107.886109,36.964679,0 -107.885839,36.965804,0 -107.885506,36.967527,0 -107.885372,36.968165,0 -107.885200,36.968807,0 -107.885061,36.969252,0 -107.884916,36.969684,0 -107.884769,36.970111,0 -107.884637,36.970421,0 -107.884503,36.970720,0 -107.884350,36.971031,0 -107.884237,36.971274,0 -107.883897,36.971967,0 -107.883677,36.972371,0 -107.883462,36.972778,0 -107.883159,36.973265,0 -107.882913,36.973664,0 -107.882652,36.974050,0 -107.882070,36.974861,0 -107.881563,36.975558,0 -107.880455,36.977061,0 -107.879501,36.978325,0 -107.878404,36.979839,0 -107.877320,36.981329,0 -107.876239,36.982823,0 -107.875354,36.984042,0 -107.874710,36.984928,0 -107.874415,36.985335,0 -107.874153,36.985729,0 -107.873903,36.986111,0 -107.873726,36.986400,0 -107.873541,36.986719,0 -107.873334,36.987116,0 -107.873174,36.987424,0 -107.872884,36.988052,0 -107.872726,36.988450,0 -107.872323,36.989529,0 -107.871870,36.990728,0 -107.870945,36.993244,0 -107.870579,36.994214,0 -107.870389,36.994792,0 -107.870236,36.995286,0 -107.870038,36.996077,0 -107.869890,36.996765,0 -107.869724,36.997748,0 -107.869665,36.998252,0 -107.869620,36.998808,0 -107.869549,36.999733,0 -107.869530,37.000076,0 -107.869530,37.000088,0 -107.869510,37.000464,0 -107.869507,37.001228,0 -107.869536,37.001665,0 -107.869592,37.002100,0 -107.869662,37.002451,0 -107.869743,37.002752,0 -107.869845,37.003084,0 -107.869966,37.003401,0 -107.870092,37.003709,0 -107.870287,37.004131,0 -107.870502,37.004560,0 -107.870818,37.005193,0 -107.871197,37.005950,0 -107.871559,37.006693,0 -107.871803,37.007186,0 -107.872049,37.007709,0 -107.872225,37.008150,0 -107.872386,37.008661,0 -107.872785,37.010037,0 -107.872956,37.010569,0 -107.873288,37.011548,0 -107.873525,37.012286,0 -107.873715,37.013031,0 -107.873905,37.013805,0 -107.873914,37.013838,0 -107.874139,37.014620,0 -107.874302,37.015075,0 -107.874506,37.015576,0 -107.874705,37.016019,0 -107.874800,37.016218,0 -107.875045,37.016735,0 -107.875279,37.017210,0 -107.875486,37.017638,0 -107.875888,37.018474,0 -107.876322,37.019387,0 -107.877049,37.020885,0 -107.877255,37.021309,0 -107.877969,37.022798,0 -107.878280,37.023450,0 -107.878484,37.023868,0 -107.878689,37.024295,0 -107.878989,37.024924,0 -107.879174,37.025319,0 -107.879324,37.025766,0 -107.879440,37.026207,0 -107.879493,37.026543,0 -107.879525,37.027146,0 -107.879517,37.027382,0 -107.879463,37.027811,0 -107.879376,37.028231,0 -107.879239,37.028667,0 -107.879052,37.029082,0 -107.878876,37.029404,0 -107.878667,37.029733,0 -107.878450,37.030020,0 -107.878160,37.030364,0 -107.877916,37.030645,0 -107.877568,37.031032,0 -107.877259,37.031390,0 -107.876997,37.031735,0 -107.876791,37.032066,0 -107.876613,37.032399,0 -107.876448,37.032783,0 -107.876326,37.033112,0 -107.876241,37.033450,0 -107.876170,37.033835,0 -107.876132,37.034341,0 -107.876125,37.034891,0 -107.876129,37.036010,0 -107.876134,37.036853,0 -107.876132,37.037707,0 -107.876131,37.038314,0 -107.876123,37.039476,0 -107.876120,37.039854,0 -107.876136,37.040241,0 -107.876127,37.041233,0 -107.876119,37.042167,0 -107.876154,37.043788,0 -107.876202,37.046526,0 -107.876202,37.047223,0 -107.876143,37.047805,0 -107.876021,37.048363,0 -107.875811,37.049151,0 -107.875379,37.050395,0 -107.874994,37.051474,0 -107.873888,37.055019,0 -107.873285,37.057595,0 -107.872883,37.059328,0 -107.872656,37.060240,0 -107.872357,37.061670,0 -107.872292,37.061978,0 -107.871868,37.063616,0 -107.871529,37.065159,0 -107.871448,37.065686,0 -107.871453,37.066207,0 -107.871496,37.066674,0 -107.871599,37.067199,0 -107.871718,37.067660,0 -107.871826,37.068144,0 -107.871988,37.068858,0 -107.872214,37.069557,0 -107.872314,37.069846,0 -107.872365,37.070109,0 -107.872385,37.070332,0 -107.872379,37.070567,0 -107.872363,37.070749,0 -107.872325,37.070994,0 -107.872268,37.071239,0 -107.872195,37.071461,0 -107.872143,37.071640,0 -107.872070,37.071832,0 -107.871928,37.072164,0 -107.871811,37.072456,0 -107.871665,37.072781,0 -107.871553,37.072976,0 -107.871410,37.073170,0 -107.871229,37.073375,0 -107.871031,37.073566,0 -107.869710,37.074703,0 -107.869527,37.074918,0 -107.869091,37.075587,0 -107.868680,37.076664,0 -107.868165,37.078239,0 -107.867950,37.078966,0 -107.867628,37.079916,0 -107.867462,37.080635,0 -107.867376,37.081336,0 -107.867252,37.083069,0 -107.867350,37.085086,0 -107.867336,37.086194,0 -107.867315,37.086950,0 -107.867066,37.088472,0 -107.867066,37.088568,0 -107.867068,37.090700,0 -107.867088,37.091468,0 -107.867071,37.094237,0 -107.867068,37.094512,0 -107.867079,37.096578,0 -107.867045,37.096969,0 -107.867047,37.097619,0 -107.867063,37.103641,0 -107.867064,37.103845,0 -107.867057,37.109479,0 -107.867054,37.111088,0 -107.867059,37.111851,0 -107.867075,37.114700,0 -107.867074,37.115801,0 -107.867084,37.116413,0 -107.867019,37.116779,0 -107.866969,37.117066,0 -107.866815,37.117549,0 -107.866013,37.119146,0 -107.865413,37.120276,0 -107.864502,37.121996,0 -107.863838,37.123305,0 -107.863633,37.123614,0 -107.863297,37.124120,0 -107.862516,37.125018,0 -107.862008,37.125662,0 -107.861643,37.126363,0 -107.860887,37.128275,0 -107.860588,37.128841,0 -107.860210,37.129417,0 -107.858758,37.131406,0 -107.858230,37.132237,0 -107.858028,37.132683,0 -107.857950,37.132921,0 -107.857865,37.133303,0 -107.857855,37.136506,0 -107.857855,37.139465,0 -107.857855,37.140254,0 -107.857872,37.144276,0 -107.857855,37.144677,0 -107.857881,37.147424,0 -107.857872,37.148157,0 -107.857855,37.151009,0 -107.857890,37.154685,0 -107.857925,37.159361,0 -107.857864,37.161994,0 -107.857851,37.162824,0 -107.857788,37.163117,0 -107.857721,37.163444,0 -107.857606,37.163914,0 -107.857507,37.164273,0 -107.857458,37.164654,0 -107.857453,37.164917,0 -107.857457,37.167007,0 -107.857460,37.169281,0 -107.857466,37.172391,0 -107.857466,37.172752,0 -107.857466,37.173094,0 -107.857476,37.173589,0 -107.857471,37.173850,0 -107.857483,37.174406,0 -107.857479,37.175228,0 -107.857498,37.176758,0 -107.857484,37.179521,0 -107.857480,37.179822,0 -107.857474,37.180029,0 -107.857461,37.180380,0 -107.857446,37.180581,0 -107.857398,37.180969,0 -107.857364,37.181185,0 -107.857332,37.181372,0 -107.857289,37.181583,0 -107.857250,37.181790,0 -107.857163,37.182121,0 -107.857001,37.182682,0 -107.856860,37.183073,0 -107.856768,37.183308,0 -107.856545,37.183808,0 -107.856193,37.184432,0 -107.853770,37.188700,0 -107.853265,37.189520,0 -107.852817,37.190154,0 -107.852279,37.190880,0 -107.852086,37.191116,0 -107.851878,37.191348,0 -107.851688,37.191552,0 -107.851291,37.191963,0 -107.851060,37.192195,0 -107.850851,37.192392,0 -107.850629,37.192594,0 -107.850415,37.192784,0 -107.850171,37.192991,0 -107.849905,37.193211,0 -107.849650,37.193412,0 -107.849406,37.193602,0 -107.849170,37.193775,0 -107.848918,37.193955,0 -107.848674,37.194126,0 -107.848374,37.194322,0 -107.847827,37.194670,0 -107.845316,37.196190,0 -107.844969,37.196400,0 -107.842282,37.198027,0 -107.841743,37.198362,0 -107.841534,37.198503,0 -107.841290,37.198674,0 -107.841073,37.198845,0 -107.841007,37.198904,0 -107.840837,37.199055,0 -107.840572,37.199304,0 -107.840552,37.199322,0 -107.840316,37.199576,0 -107.840161,37.199760,0 -107.839949,37.200035,0 -107.839742,37.200343,0 -107.839568,37.200644,0 -107.839412,37.200958,0 -107.839308,37.201210,0 -107.839195,37.201537,0 -107.839115,37.201836,0 -107.839059,37.202060,0 -107.839007,37.202417,0 -107.838978,37.202768,0 -107.838978,37.203067,0 -107.839002,37.203404,0 -107.839250,37.205789,0 -107.839328,37.206720,0 -107.839411,37.207432,0 -107.839508,37.207940,0 -107.839619,37.208410,0 -107.839737,37.208860,0 -107.839950,37.209441,0 -107.840162,37.209899,0 -107.840462,37.210496,0 -107.840728,37.210971,0 -107.841043,37.211407,0 -107.841207,37.211647,0 -107.841507,37.212010,0 -107.841840,37.212362,0 -107.842051,37.212562,0 -107.842275,37.212761,0 -107.842500,37.212955,0 -107.842695,37.213118,0 -107.842909,37.213274,0 -107.843229,37.213506,0 -107.843431,37.213655,0 -107.843608,37.213778,0 -107.843650,37.213807,0 -107.845591,37.215119,0 -107.845809,37.215283,0 -107.846002,37.215444,0 -107.846168,37.215624,0 -107.846342,37.215872,0 -107.846493,37.216153,0 -107.846609,37.216421,0 -107.846681,37.216656,0 -107.846714,37.216845,0 -107.846736,37.217111,0 -107.846728,37.217302,0 -107.846709,37.217489,0 -107.846651,37.217759,0 -107.846576,37.217986,0 -107.846455,37.218265,0 -107.846328,37.218480,0 -107.846227,37.218619,0 -107.846040,37.218836,0 -107.845657,37.219203,0 -107.845020,37.219853,0 -107.844769,37.220158,0 -107.844595,37.220406,0 -107.844509,37.220523,0 -107.844343,37.220734,0 -107.843277,37.222133,0 -107.842380,37.223423,0 -107.841979,37.223945,0 -107.841819,37.224158,0 -107.841557,37.224490,0 -107.841204,37.224963,0 -107.841094,37.225111,0 -107.840965,37.225322,0 -107.840861,37.225472,0 -107.840743,37.225607,0 -107.840553,37.225800,0 -107.840384,37.225999,0 -107.840316,37.226117,0 -107.840275,37.226191,0 -107.840215,37.226258,0 -107.840168,37.226298,0 -107.840128,37.226319,0 -107.840088,37.226340,0 -107.839991,37.226368,0 -107.839843,37.226429,0 -107.839808,37.226430,0 -107.839774,37.226435,0 -107.839741,37.226444,0 -107.839710,37.226458,0 -107.839679,37.226483,0 -107.839507,37.226592,0 -107.839431,37.226631,0 -107.839374,37.226661,0 -107.839269,37.226712,0 -107.839195,37.226747,0 -107.839112,37.226791,0 -107.838911,37.226868,0 -107.838274,37.227153,0 -107.837836,37.227375,0 -107.837180,37.227710,0 -107.836746,37.227904,0 -107.835963,37.228150,0 -107.835386,37.228334,0 -107.834327,37.228557,0 -107.833240,37.228774,0 -107.832754,37.228844,0 -107.832506,37.228931,0 -107.832070,37.228978,0 -107.831860,37.228995,0 -107.831616,37.229011,0 -107.831397,37.229027,0 -107.831153,37.229040,0 -107.830806,37.229052,0 -107.830513,37.229055,0 -107.830226,37.229055,0 -107.829896,37.229047,0 -107.829606,37.229035,0 -107.829355,37.229031,0 -107.829247,37.229030,0 -107.828372,37.228930,0 -107.828081,37.228890,0 -107.827859,37.228857,0 -107.827494,37.228790,0 -107.827102,37.228709,0 -107.826814,37.228646,0 -107.826492,37.228569,0 -107.826095,37.228467,0 -107.825747,37.228362,0 -107.825388,37.228240,0 -107.825248,37.228195,0 -107.824692,37.228014,0 -107.824120,37.227851,0 -107.823473,37.227685,0 -107.822840,37.227550,0 -107.822397,37.227468,0 -107.821970,37.227401,0 -107.821385,37.227310,0 -107.820163,37.227149,0 -107.819107,37.227073,0 -107.818692,37.227054,0 -107.817418,37.227017,0 -107.815646,37.227026,0 -107.814212,37.227029,0 -107.814113,37.227036,0 -107.812910,37.227112,0 -107.812830,37.227117,0 -107.812245,37.227161,0 -107.812008,37.227179,0 -107.811213,37.227288,0 -107.810922,37.227339,0 -107.810648,37.227388,0 -107.810344,37.227442,0 -107.810090,37.227487,0 -107.809577,37.227578,0 -107.808314,37.227802,0 -107.805616,37.228299,0 -107.805251,37.228375,0 -107.802498,37.228856,0 -107.802193,37.228910,0 -107.801985,37.228947,0 -107.800657,37.229162,0 -107.799175,37.229319,0 -107.798729,37.229379,0 -107.798593,37.229397,0 -107.797688,37.229498,0 -107.795701,37.229618,0 -107.793368,37.229646,0 -107.792708,37.229644,0 -107.791758,37.229681,0 -107.791087,37.229697,0 -107.790903,37.229722,0 -107.790772,37.229727,0 -107.789882,37.229731,0 -107.789285,37.229734,0 -107.787256,37.229734,0 -107.782599,37.229744,0 -107.780389,37.229754,0 -107.779214,37.229747,0 -107.777983,37.229765,0 -107.776563,37.229798,0 -107.774111,37.229813,0 -107.773870,37.229815,0 -107.773442,37.229818,0 -107.769961,37.229830,0 -107.767335,37.229749,0 -107.766746,37.229731,0 -107.764592,37.229648,0 -107.764359,37.229643,0 -107.762618,37.229587,0 -107.760943,37.229521,0 -107.759021,37.229431,0 -107.756935,37.229357,0 -107.754856,37.229280,0 -107.753667,37.229239,0 -107.752115,37.229179,0 -107.751498,37.229159,0 -107.751034,37.229094,0 -107.750685,37.229084,0 -107.750299,37.229073,0 -107.748716,37.229015,0 -107.748392,37.229002,0 -107.747257,37.228957,0 -107.746329,37.228930,0 -107.745659,37.228906,0 -107.744953,37.228883,0 -107.744566,37.228900,0 -107.743937,37.228874,0 -107.742892,37.228832,0 -107.741780,37.228792,0 -107.741246,37.228785,0 -107.738215,37.228663,0 -107.737984,37.228653,0 -107.737224,37.228618,0 -107.736532,37.228586,0 -107.732378,37.228430,0 -107.730441,37.228364,0 -107.728945,37.228301,0 -107.728112,37.228268,0 -107.726660,37.228233,0 -107.725850,37.228199,0 -107.725333,37.228171,0 -107.725103,37.228152,0 -107.724877,37.228129,0 -107.724673,37.228103,0 -107.724369,37.228061,0 -107.723929,37.227982,0 -107.723675,37.227928,0 -107.723439,37.227877,0 -107.722840,37.227736,0 -107.722461,37.227649,0 -107.722055,37.227559,0 -107.721771,37.227497,0 -107.721449,37.227437,0 -107.721213,37.227396,0 -107.720988,37.227364,0 -107.720768,37.227335,0 -107.720722,37.227330,0 -107.720572,37.227314,0 -107.720388,37.227300,0 -107.720033,37.227274,0 -107.716292,37.227056,0 -107.715277,37.227001,0 -107.713539,37.226901,0 -107.712694,37.226843,0 -107.711423,37.226758,0 -107.710331,37.226706,0 -107.709089,37.226653,0 -107.708513,37.226623,0 -107.708054,37.226589,0 -107.707711,37.226555,0 -107.707316,37.226499,0 -107.706997,37.226435,0 -107.706598,37.226348,0 -107.706125,37.226207,0 -107.705702,37.226064,0 -107.705077,37.225854,0 -107.704500,37.225658,0 -107.704240,37.225577,0 -107.703980,37.225502,0 -107.703749,37.225444,0 -107.703449,37.225382,0 -107.703103,37.225320,0 -107.702909,37.225293,0 -107.702647,37.225267,0 -107.702373,37.225248,0 -107.702067,37.225239,0 -107.701759,37.225239,0 -107.701531,37.225250,0 -107.701220,37.225278,0 -107.700900,37.225316,0 -107.700571,37.225369,0 -107.700217,37.225442,0 -107.699868,37.225525,0 -107.699479,37.225639,0 -107.698846,37.225841,0 -107.697950,37.226134,0 -107.697605,37.226243,0 -107.696912,37.226448,0 -107.696483,37.226550,0 -107.696253,37.226588,0 -107.696043,37.226622,0 -107.695763,37.226667,0 -107.695343,37.226706,0 -107.695016,37.226715,0 -107.694605,37.226709,0 -107.694297,37.226696,0 -107.693932,37.226662,0 -107.693076,37.226514,0 -107.692489,37.226388,0 -107.692012,37.226292,0 -107.691650,37.226232,0 -107.691258,37.226200,0 -107.690920,37.226185,0 -107.690614,37.226190,0 -107.690260,37.226209,0 -107.689901,37.226241,0 -107.689348,37.226326,0 -107.688466,37.226476,0 -107.688257,37.226508,0 -107.688058,37.226538,0 -107.687803,37.226576,0 -107.687559,37.226606,0 -107.687339,37.226627,0 -107.686717,37.226659,0 -107.686376,37.226649,0 -107.685904,37.226610,0 -107.685513,37.226568,0 -107.685156,37.226499,0 -107.684737,37.226395,0 -107.684383,37.226296,0 -107.684070,37.226204,0 -107.682900,37.225671,0 -107.682200,37.225386,0 -107.680052,37.224367,0 -107.679334,37.224035,0 -107.679059,37.223921,0 -107.678834,37.223835,0 -107.678658,37.223778,0 -107.678532,37.223737,0 -107.678280,37.223670,0 -107.678082,37.223622,0 -107.677842,37.223572,0 -107.677635,37.223539,0 -107.677455,37.223516,0 -107.677314,37.223502,0 -107.677115,37.223488,0 -107.676903,37.223484,0 -107.676637,37.223490,0 -107.676488,37.223496,0 -107.676216,37.223520,0 -107.675989,37.223547,0 -107.675759,37.223578,0 -107.675311,37.223660,0 -107.674424,37.223847,0 -107.674062,37.223924,0 -107.673751,37.223990,0 -107.672883,37.224165,0 -107.672031,37.224337,0 -107.671761,37.224391,0 -107.670296,37.224695,0 -107.669184,37.224930,0 -107.668931,37.224983,0 -107.668186,37.225136,0 -107.667789,37.225218,0 -107.666214,37.225536,0 -107.665584,37.225653,0 -107.665340,37.225690,0 -107.665208,37.225709,0 -107.664888,37.225750,0 -107.664706,37.225767,0 -107.664567,37.225779,0 -107.664135,37.225809,0 -107.663816,37.225822,0 -107.663374,37.225831,0 -107.662588,37.225839,0 -107.661834,37.225845,0 -107.661555,37.225839,0 -107.661298,37.225838,0 -107.661102,37.225835,0 -107.660831,37.225826,0 -107.660539,37.225809,0 -107.660262,37.225782,0 -107.660005,37.225747,0 -107.659729,37.225698,0 -107.659452,37.225636,0 -107.659203,37.225566,0 -107.658983,37.225491,0 -107.658720,37.225391,0 -107.658463,37.225271,0 -107.658248,37.225160,0 -107.657964,37.224998,0 -107.657695,37.224823,0 -107.657459,37.224658,0 -107.657151,37.224421,0 -107.656824,37.224165,0 -107.656598,37.223979,0 -107.656319,37.223753,0 -107.655418,37.223029,0 -107.654568,37.222334,0 -107.653444,37.221442,0 -107.652703,37.220856,0 -107.652177,37.220440,0 -107.651777,37.220123,0 -107.651508,37.219909,0 -107.651215,37.219687,0 -107.651064,37.219575,0 -107.650814,37.219406,0 -107.650550,37.219222,0 -107.650299,37.219058,0 -107.650107,37.218941,0 -107.649850,37.218797,0 -107.649626,37.218681,0 -107.649445,37.218588,0 -107.649115,37.218447,0 -107.648808,37.218321,0 -107.648356,37.218152,0 -107.648089,37.218064,0 -107.647836,37.217988,0 -107.647586,37.217921,0 -107.647384,37.217869,0 -107.647216,37.217834,0 -107.646967,37.217784,0 -107.646619,37.217723,0 -107.646354,37.217682,0 -107.646120,37.217655,0 -107.645922,37.217635,0 -107.645662,37.217614,0 -107.645497,37.217607,0 -107.645259,37.217600,0 -107.644994,37.217594,0 -107.644746,37.217596,0 -107.644437,37.217605,0 -107.644160,37.217619,0 -107.643900,37.217639,0 -107.643606,37.217671,0 -107.643362,37.217705,0 -107.642849,37.217788,0 -107.642097,37.217917,0 -107.641742,37.217994,0 -107.641575,37.218031,0 -107.640768,37.218216,0 -107.640389,37.218303,0 -107.640269,37.218329,0 -107.640099,37.218367,0 -107.637421,37.218988,0 -107.635052,37.219530,0 -107.634408,37.219676,0 -107.633063,37.219981,0 -107.631759,37.220284,0 -107.630343,37.220599,0 -107.628202,37.221099,0 -107.626407,37.221516,0 -107.625345,37.221756,0 -107.624808,37.221877,0 -107.624296,37.222010,0 -107.624040,37.222091,0 -107.623806,37.222173,0 -107.623643,37.222235,0 -107.623422,37.222328,0 -107.623170,37.222443,0 -107.622892,37.222589,0 -107.622661,37.222722,0 -107.622350,37.222928,0 -107.622137,37.223079,0 -107.621933,37.223238,0 -107.621711,37.223413,0 -107.621508,37.223587,0 -107.620805,37.224229,0 -107.620336,37.224643,0 -107.619788,37.225161,0 -107.619483,37.225447,0 -107.619135,37.225765,0 -107.618683,37.226184,0 -107.618236,37.226597,0 -107.617629,37.227141,0 -107.617328,37.227392,0 -107.616962,37.227650,0 -107.616722,37.227800,0 -107.616502,37.227927,0 -107.616237,37.228066,0 -107.615845,37.228250,0 -107.615563,37.228366,0 -107.615219,37.228485,0 -107.614977,37.228559,0 -107.614905,37.228578,0 -107.614653,37.228644,0 -107.614221,37.228744,0 -107.614017,37.228782,0 -107.613495,37.228862,0 -107.612629,37.228973,0 -107.612103,37.229045,0 -107.611287,37.229157,0 -107.610839,37.229219,0 -107.610141,37.229308,0 -107.607833,37.229608,0 -107.606935,37.229727,0 -107.605948,37.229859,0 -107.605544,37.229910,0 -107.605117,37.229938,0 -107.604275,37.230037,0 -107.603299,37.230157,0 -107.602443,37.230278,0 -107.601829,37.230386,0 -107.601582,37.230436,0 -107.601337,37.230487,0 -107.601245,37.230506,0 -107.600906,37.230575,0 -107.600531,37.230658,0 -107.600056,37.230779,0 -107.599257,37.230998,0 -107.598467,37.231207,0 -107.597658,37.231437,0 -107.596559,37.231712,0 -107.595999,37.231871,0 -107.594886,37.232193,0 -107.594753,37.232231,0 -107.594425,37.232324,0 -107.594057,37.232429,0 -107.593899,37.232477,0 -107.593457,37.232620,0 -107.593154,37.232733,0 -107.591516,37.233190,0 -107.591230,37.233271,0 -107.590782,37.233398,0 -107.589893,37.233646,0 -107.588941,37.233906,0 -107.588406,37.234058,0 -107.587850,37.234210,0 -107.587349,37.234346,0 -107.587275,37.234367,0 -107.586945,37.234459,0 -107.586345,37.234629,0 -107.585702,37.234834,0 -107.585191,37.235007,0 -107.584751,37.235160,0 -107.584263,37.235348,0 -107.583916,37.235488,0 -107.583551,37.235654,0 -107.583003,37.235930,0 -107.582673,37.236091,0 -107.582619,37.236118,0 -107.581887,37.236458,0 -107.581273,37.236742,0 -107.580677,37.237031,0 -107.579844,37.237463,0 -107.578930,37.237905,0 -107.578184,37.238258,0 -107.577806,37.238443,0 -107.577409,37.238663,0 -107.577186,37.238806,0 -107.576931,37.238990,0 -107.576583,37.239265,0 -107.576355,37.239466,0 -107.576089,37.239729,0 -107.575877,37.239974,0 -107.575636,37.240297,0 -107.575435,37.240594,0 -107.575319,37.240805,0 -107.575250,37.240944,0 -107.575100,37.241256,0 -107.574808,37.241789,0 -107.573978,37.243683,0 -107.573142,37.245480,0 -107.572796,37.246313,0 -107.572543,37.247274,0 -107.572323,37.249110,0 -107.572270,37.249588,0 -107.572238,37.249849,0 -107.572050,37.251096,0 -107.571805,37.251858,0 -107.571462,37.252479,0 -107.571285,37.252765,0 -107.571089,37.253034,0 -107.570802,37.253359,0 -107.570462,37.253754,0 -107.569759,37.254542,0 -107.569008,37.255383,0 -107.568659,37.255763,0 -107.568541,37.255902,0 -107.568192,37.256310,0 -107.566254,37.258415,0 -107.564285,37.260887,0 -107.563298,37.262680,0 -107.561987,37.265762,0 -107.561904,37.265959,0 -107.560697,37.268764,0 -107.559667,37.269976,0 -107.558787,37.270769,0 -107.558702,37.270844,0 -107.557231,37.272166,0 -107.556964,37.272369,0 -107.555688,37.273495,0 -107.553408,37.275021,0 -107.549293,37.277471,0 -107.548671,37.277855,0 -107.547281,37.278657,0 -107.546536,37.279170,0 -107.545205,37.280446,0 -107.543977,37.281795,0 -107.542684,37.282872,0 -107.542491,37.283047,0 -107.541359,37.283720,0 -107.540731,37.284091,0 -107.539390,37.284663,0 -107.538001,37.285064,0 -107.537196,37.285239,0 -107.536434,37.285363,0 -107.535726,37.285435,0 -107.534224,37.285465,0 -107.532711,37.285354,0 -107.532143,37.285307,0 -107.530389,37.285192,0 -107.529407,37.285214,0 -107.528457,37.285397,0 -107.527540,37.285721,0 -107.526698,37.286131,0 -107.525360,37.286862,0 -107.525009,37.287038,0 -107.524191,37.287441,0 -107.523479,37.287701,0 -107.523086,37.287807,0 -107.522623,37.287891,0 -107.522098,37.287954,0 -107.521453,37.287967,0 -107.519699,37.287999,0 -107.517692,37.288012,0 -107.515751,37.288028,0 -107.515219,37.288060,0 -107.514560,37.288145,0 -107.513896,37.288286,0 -107.512336,37.288882,0 -107.511293,37.289297,0 -107.510835,37.289430,0 -107.510771,37.289449,0 -107.510303,37.289557,0 -107.509844,37.289623,0 -107.509431,37.289653,0 -107.509048,37.289658,0 -107.508364,37.289618,0 -107.507184,37.289349,0 -107.506478,37.289087,0 -107.506162,37.288925,0 -107.505579,37.288626,0 -107.504554,37.287687,0 -107.503815,37.286762,0 -107.503744,37.286673,0 -107.502800,37.285894,0 -107.502450,37.285647,0 -107.501573,37.285181,0 -107.500880,37.284955,0 -107.500454,37.284848,0 -107.499468,37.284741,0 -107.497028,37.284755,0 -107.493851,37.284775,0 -107.493432,37.284777,0 -107.491979,37.284783,0 -107.490222,37.284786,0 -107.489522,37.284787,0 -107.488642,37.284792,0 -107.488020,37.284822,0 -107.487403,37.284890,0 -107.486207,37.285163,0 -107.483294,37.285901,0 -107.482258,37.286123,0 -107.481770,37.286192,0 -107.481137,37.286226,0 -107.480322,37.286217,0 -107.479640,37.286149,0 -107.479059,37.286034,0 -107.478927,37.286008,0 -107.478235,37.285795,0 -107.477538,37.285492,0 -107.475580,37.284425,0 -107.475016,37.284143,0 -107.474120,37.283609,0 -107.473986,37.283545,0 -107.473091,37.283033,0 -107.472243,37.282598,0 -107.471170,37.281987,0 -107.470172,37.281275,0 -107.468445,37.279776,0 -107.467926,37.279336,0 -107.466177,37.277985,0 -107.465723,37.277634,0 -107.462627,37.276263,0 -107.462593,37.276250,0 -107.462495,37.276212,0 -107.462095,37.276060,0 -107.461755,37.275925,0 -107.461108,37.275578,0 -107.460712,37.275340,0 -107.460020,37.274764,0 -107.459478,37.274138,0 -107.458829,37.273232,0 -107.456913,37.270438,0 -107.454977,37.267627,0 -107.453336,37.265246,0 -107.453175,37.265067,0 -107.452564,37.264375,0 -107.451963,37.263906,0 -107.451072,37.263351,0 -107.449764,37.262727,0 -107.449136,37.262385,0 -107.448741,37.262164,0 -107.448315,37.261925,0 -107.447693,37.261472,0 -107.447317,37.261131,0 -107.446727,37.260217,0 -107.446416,37.259687,0 -107.446023,37.258907,0 -107.445054,37.256878,0 -107.444241,37.255344,0 -107.443557,37.253915,0 -107.443158,37.253108,0 -107.442414,37.251575,0 -107.441649,37.250004,0 -107.441281,37.249336,0 -107.440911,37.248719,0 -107.440315,37.247862,0 -107.439649,37.247040,0 -107.439073,37.246362,0 -107.438117,37.245276,0 -107.436955,37.243873,0 -107.436069,37.242792,0 -107.435523,37.242213,0 -107.434950,37.241682,0 -107.434162,37.241091,0 -107.433341,37.240581,0 -107.432515,37.240167,0 -107.430480,37.239200,0 -107.429368,37.238706,0 -107.428315,37.238226,0 -107.427810,37.237991,0 -107.427335,37.237760,0 -107.426791,37.237466,0 -107.425868,37.236926,0 -107.424418,37.236002,0 -107.423144,37.235169,0 -107.421771,37.234283,0 -107.420989,37.233786,0 -107.419681,37.232946,0 -107.417351,37.231499,0 -107.415375,37.230134,0 -107.413567,37.229038,0 -107.412792,37.228554,0 -107.412148,37.228201,0 -107.411906,37.228092,0 -107.411670,37.228005,0 -107.411383,37.227907,0 -107.411080,37.227834,0 -107.410657,37.227772,0 -107.410222,37.227734,0 -107.409806,37.227742,0 -107.409442,37.227783,0 -107.409079,37.227847,0 -107.408709,37.227941,0 -107.408347,37.228065,0 -107.407583,37.228398,0 -107.405697,37.229317,0 -107.404980,37.229627,0 -107.404491,37.229826,0 -107.403811,37.230075,0 -107.402797,37.230398,0 -107.401949,37.230626,0 -107.399468,37.231295,0 -107.397446,37.231840,0 -107.396949,37.231948,0 -107.396558,37.232010,0 -107.396307,37.232045,0 -107.395702,37.232079,0 -107.395209,37.232061,0 -107.394654,37.231986,0 -107.394055,37.231847,0 -107.393287,37.231606,0 -107.391255,37.230911,0 -107.389263,37.230231,0 -107.387481,37.229628,0 -107.386863,37.229443,0 -107.386323,37.229310,0 -107.385698,37.229185,0 -107.384985,37.229091,0 -107.384268,37.229025,0 -107.382904,37.228925,0 -107.381262,37.228816,0 -107.379585,37.228753,0 -107.378533,37.228752,0 -107.377524,37.228766,0 -107.376621,37.228789,0 -107.374715,37.228840,0 -107.372756,37.228902,0 -107.370812,37.228952,0 -107.368832,37.229009,0 -107.366875,37.229070,0 -107.364907,37.229120,0 -107.362930,37.229172,0 -107.362042,37.229182,0 -107.361173,37.229156,0 -107.360403,37.229101,0 -107.359556,37.229017,0 -107.358408,37.228880,0 -107.357754,37.228800,0 -107.356763,37.228707,0 -107.355791,37.228648,0 -107.355101,37.228630,0 -107.353090,37.228595,0 -107.351106,37.228558,0 -107.349338,37.228529,0 -107.348921,37.228510,0 -107.348372,37.228446,0 -107.347938,37.228361,0 -107.347530,37.228224,0 -107.347434,37.228176,0 -107.347117,37.228045,0 -107.346775,37.227855,0 -107.346408,37.227608,0 -107.345960,37.227265,0 -107.345150,37.226647,0 -107.343719,37.225553,0 -107.342253,37.224452,0 -107.341840,37.224138,0 -107.341461,37.223828,0 -107.341074,37.223492,0 -107.340713,37.223151,0 -107.340446,37.222827,0 -107.340217,37.222502,0 -107.339992,37.222143,0 -107.339809,37.221751,0 -107.339701,37.221477,0 -107.339611,37.221179,0 -107.339546,37.220928,0 -107.339500,37.220709,0 -107.339283,37.219629,0 -107.339224,37.219359,0 -107.339197,37.219140,0 -107.339145,37.218614,0 -107.339142,37.218140,0 -107.339173,37.217599,0 -107.339220,37.217283,0 -107.339270,37.216939,0 -107.339403,37.216228,0 -107.339535,37.215500,0 -107.339627,37.214900,0 -107.339647,37.214649,0 -107.339647,37.214417,0 -107.339632,37.214169,0 -107.339596,37.213897,0 -107.339530,37.213641,0 -107.339419,37.213318,0 -107.339270,37.212997,0 -107.338666,37.211918,0 -107.338288,37.211267,0 -107.337708,37.210254,0 -107.337135,37.209256,0 -107.336545,37.208209,0 -107.335930,37.207133,0 -107.335315,37.206054,0 -107.335047,37.205617,0 -107.334862,37.205351,0 -107.334658,37.205136,0 -107.334453,37.204948,0 -107.334269,37.204797,0 -107.334005,37.204634,0 -107.333708,37.204489,0 -107.333365,37.204358,0 -107.333006,37.204255,0 -107.332682,37.204192,0 -107.332290,37.204155,0 -107.331941,37.204161,0 -107.331588,37.204193,0 -107.331136,37.204266,0 -107.329302,37.204692,0 -107.327368,37.205161,0 -107.325386,37.205623,0 -107.324414,37.205847,0 -107.323648,37.205985,0 -107.322092,37.206239,0 -107.319959,37.206613,0 -107.319061,37.206733,0 -107.318257,37.206778,0 -107.314941,37.206659,0 -107.312948,37.206562,0 -107.311686,37.206526,0 -107.310939,37.206524,0 -107.310281,37.206566,0 -107.309583,37.206643,0 -107.308841,37.206775,0 -107.307999,37.206981,0 -107.303596,37.208307,0 -107.300350,37.209282,0 -107.299749,37.209493,0 -107.299332,37.209658,0 -107.298863,37.209896,0 -107.298427,37.210157,0 -107.297679,37.210737,0 -107.296300,37.211824,0 -107.295792,37.212221,0 -107.295399,37.212481,0 -107.294990,37.212684,0 -107.294570,37.212855,0 -107.294008,37.213025,0 -107.293389,37.213167,0 -107.292719,37.213220,0 -107.292171,37.213232,0 -107.291081,37.213176,0 -107.289394,37.213026,0 -107.287249,37.212809,0 -107.286330,37.212723,0 -107.284739,37.212570,0 -107.283947,37.212504,0 -107.283144,37.212457,0 -107.281855,37.212436,0 -107.280825,37.212494,0 -107.280091,37.212536,0 -107.279349,37.212626,0 -107.278010,37.212776,0 -107.275499,37.213113,0 -107.274832,37.213170,0 -107.274141,37.213167,0 -107.273494,37.213107,0 -107.272779,37.212972,0 -107.272068,37.212779,0 -107.271044,37.212361,0 -107.269623,37.211748,0 -107.269014,37.211536,0 -107.268456,37.211349,0 -107.267673,37.211139,0 -107.266941,37.210968,0 -107.266106,37.210807,0 -107.265422,37.210707,0 -107.263392,37.210358,0 -107.262728,37.210246,0 -107.259956,37.209776,0 -107.256012,37.209131,0 -107.253593,37.208716,0 -107.252570,37.208542,0 -107.250180,37.208154,0 -107.248068,37.207801,0 -107.247384,37.207697,0 -107.246746,37.207635,0 -107.246087,37.207644,0 -107.245457,37.207684,0 -107.244851,37.207786,0 -107.244236,37.207919,0 -107.244041,37.207983,0 -107.243712,37.208091,0 -107.243167,37.208316,0 -107.241832,37.209047,0 -107.241012,37.209487,0 -107.240386,37.209774,0 -107.239739,37.210004,0 -107.239071,37.210211,0 -107.238178,37.210447,0 -107.234238,37.211511,0 -107.233542,37.211727,0 -107.232790,37.212002,0 -107.232004,37.212354,0 -107.231377,37.212704,0 -107.228182,37.214758,0 -107.227329,37.215355,0 -107.226676,37.215779,0 -107.224624,37.217146,0 -107.223487,37.217905,0 -107.221738,37.219126,0 -107.220938,37.219766,0 -107.220181,37.220450,0 -107.218514,37.222147,0 -107.217923,37.222749,0 -107.217122,37.223576,0 -107.217093,37.223607,0 -107.216051,37.224649,0 -107.215636,37.225065,0 -107.215353,37.225349,0 -107.214847,37.225764,0 -107.214316,37.226158,0 -107.213743,37.226506,0 -107.213087,37.226854,0 -107.212408,37.227163,0 -107.211319,37.227523,0 -107.210287,37.227789,0 -107.207566,37.228453,0 -107.204366,37.229196,0 -107.203034,37.229485,0 -107.202269,37.229634,0 -107.201834,37.229697,0 -107.201155,37.229755,0 -107.200527,37.229765,0 -107.199552,37.229743,0 -107.198661,37.229645,0 -107.197593,37.229439,0 -107.195802,37.229029,0 -107.195125,37.228933,0 -107.194568,37.228885,0 -107.193964,37.228910,0 -107.193381,37.228975,0 -107.192797,37.229114,0 -107.192055,37.229371,0 -107.189509,37.230419,0 -107.188854,37.230714,0 -107.188346,37.230942,0 -107.185370,37.232264,0 -107.184765,37.232471,0 -107.183821,37.232792,0 -107.183154,37.232970,0 -107.182332,37.233161,0 -107.181558,37.233329,0 -107.180763,37.233554,0 -107.179746,37.233915,0 -107.178839,37.234338,0 -107.178392,37.234590,0 -107.176306,37.235939,0 -107.175871,37.236195,0 -107.175430,37.236391,0 -107.174983,37.236513,0 -107.174596,37.236564,0 -107.173871,37.236619,0 -107.170426,37.236747,0 -107.169851,37.236781,0 -107.169348,37.236860,0 -107.168837,37.236987,0 -107.167406,37.237395,0 -107.166622,37.237619,0 -107.165919,37.237804,0 -107.165215,37.237906,0 -107.164045,37.238002,0 -107.162167,37.238097,0 -107.161687,37.238138,0 -107.161262,37.238200,0 -107.160735,37.238333,0 -107.159744,37.238728,0 -107.159318,37.238864,0 -107.158825,37.238968,0 -107.158335,37.239027,0 -107.157919,37.239032,0 -107.156152,37.238933,0 -107.155534,37.238971,0 -107.155000,37.239033,0 -107.153817,37.239289,0 -107.153033,37.239477,0 -107.152550,37.239656,0 -107.151253,37.240177,0 -107.150383,37.240482,0 -107.149685,37.240689,0 -107.148944,37.240876,0 -107.148759,37.240908,0 -107.148288,37.240988,0 -107.147706,37.241052,0 -107.147215,37.241076,0 -107.147044,37.241084,0 -107.146140,37.241087,0 -107.145666,37.241075,0 -107.145162,37.241060,0 -107.145121,37.241061,0 -107.142662,37.240987,0 -107.142163,37.240965,0 -107.141852,37.240928,0 -107.141527,37.240851,0 -107.141176,37.240744,0 -107.140801,37.240592,0 -107.140347,37.240309,0 -107.139836,37.239931,0 -107.139302,37.239558,0 -107.138834,37.239330,0 -107.138505,37.239173,0 -107.137992,37.238999,0 -107.137523,37.238888,0 -107.136775,37.238775,0 -107.136120,37.238710,0 -107.135379,37.238638,0 -107.133561,37.238461,0 -107.131392,37.238229,0 -107.130701,37.238154,0 -107.130180,37.238037,0 -107.129735,37.237873,0 -107.129277,37.237648,0 -107.128850,37.237333,0 -107.128539,37.237034,0 -107.128202,37.236525,0 -107.127816,37.235738,0 -107.126823,37.233587,0 -107.126047,37.231940,0 -107.125789,37.231496,0 -107.125696,37.231358,0 -107.125593,37.231202,0 -107.125290,37.230849,0 -107.124834,37.230441,0 -107.124344,37.230119,0 -107.121327,37.228576,0 -107.120088,37.227981,0 -107.119647,37.227778,0 -107.119162,37.227619,0 -107.118618,37.227478,0 -107.118062,37.227402,0 -107.117383,37.227356,0 -107.116697,37.227407,0 -107.116070,37.227520,0 -107.115388,37.227685,0 -107.112710,37.228460,0 -107.112131,37.228595,0 -107.111578,37.228679,0 -107.110868,37.228745,0 -107.110522,37.228777,0 -107.110069,37.228834,0 -107.109608,37.228927,0 -107.109223,37.229037,0 -107.108751,37.229243,0 -107.108303,37.229531,0 -107.107882,37.229915,0 -107.107575,37.230294,0 -107.107052,37.231048,0 -107.106764,37.231461,0 -107.106391,37.232000,0 -107.104903,37.234145,0 -107.103490,37.236192,0 -107.102231,37.238016,0 -107.100744,37.240144,0 -107.100442,37.240538,0 -107.100139,37.240895,0 -107.099864,37.241187,0 -107.099562,37.241479,0 -107.099202,37.241769,0 -107.098845,37.242035,0 -107.098272,37.242441,0 -107.096214,37.243928,0 -107.095466,37.244410,0 -107.094656,37.244887,0 -107.090654,37.247112,0 -107.088881,37.248099,0 -107.087553,37.248830,0 -107.086982,37.249148,0 -107.086940,37.249172,0 -107.085007,37.250252,0 -107.083767,37.250918,0 -107.082575,37.251577,0 -107.080678,37.252636,0 -107.079405,37.253346,0 -107.078265,37.253982,0 -107.077877,37.254199,0 -107.077281,37.254528,0 -107.076078,37.255194,0 -107.075420,37.255559,0 -107.073561,37.256590,0 -107.071711,37.257603,0 -107.070801,37.258117,0 -107.070451,37.258308,0 -107.069933,37.258592,0 -107.069854,37.258635,0 -107.068934,37.259146,0 -107.067467,37.259960,0 -107.067247,37.260075,0 -107.067022,37.260195,0 -107.065989,37.260763,0 -107.065845,37.260843,0 -107.065404,37.261084,0 -107.064778,37.261427,0 -107.064359,37.261650,0 -107.063550,37.262103,0 -107.063329,37.262227,0 -107.062112,37.262913,0 -107.061757,37.263097,0 -107.061662,37.263150,0 -107.061441,37.263274,0 -107.060937,37.263558,0 -107.060490,37.263806,0 -107.059098,37.264579,0 -107.058488,37.264932,0 -107.057984,37.265190,0 -107.057452,37.265473,0 -107.056759,37.265844,0 -107.056563,37.265954,0 -107.055730,37.266423,0 -107.055354,37.266624,0 -107.054930,37.266836,0 -107.054404,37.267085,0 -107.054011,37.267241,0 -107.053607,37.267406,0 -107.053216,37.267558,0 -107.053100,37.267591,0 -107.052804,37.267675,0 -107.052484,37.267766,0 -107.050787,37.268219,0 -107.048972,37.268703,0 -107.047157,37.269180,0 -107.046049,37.269493,0 -107.045533,37.269625,0 -107.045164,37.269734,0 -107.044711,37.269851,0 -107.044003,37.270045,0 -107.043396,37.270206,0 -107.042950,37.270322,0 -107.042282,37.270514,0 -107.041878,37.270641,0 -107.041103,37.270947,0 -107.040502,37.271260,0 -107.039477,37.271739,0 -107.038974,37.272004,0 -107.037776,37.272598,0 -107.037090,37.272915,0 -107.036822,37.273021,0 -107.036560,37.273101,0 -107.036287,37.273163,0 -107.036031,37.273206,0 -107.035663,37.273233,0 -107.035333,37.273232,0 -107.034849,37.273177,0 -107.034677,37.273135,0 -107.034511,37.273095,0 -107.034258,37.273022,0 -107.033959,37.272906,0 -107.033696,37.272776,0 -107.033486,37.272653,0 -107.033269,37.272499,0 -107.033033,37.272298,0 -107.031682,37.270977,0 -107.030914,37.270203,0 -107.030561,37.269853,0 -107.029856,37.269154,0 -107.029286,37.268552,0 -107.028753,37.268016,0 -107.028326,37.267657,0 -107.028186,37.267546,0 -107.028046,37.267474,0 -107.027681,37.267284,0 -107.027340,37.267133,0 -107.027041,37.267024,0 -107.026746,37.266932,0 -107.026422,37.266870,0 -107.026165,37.266830,0 -107.025790,37.266801,0 -107.025407,37.266802,0 -107.025105,37.266823,0 -107.024734,37.266857,0 -107.024476,37.266883,0 -107.023727,37.266987,0 -107.023145,37.267070,0 -107.022780,37.267128,0 -107.022180,37.267164,0 -107.021881,37.267165,0 -107.021517,37.267137,0 -107.021291,37.267110,0 -107.021091,37.267085,0 -107.020340,37.267010,0 -107.019686,37.266929,0 -107.019356,37.266894,0 -107.018998,37.266855,0 -107.017133,37.266656,0 -107.016795,37.266612,0 -107.015805,37.266393,0 -107.015507,37.266345,0 -107.015112,37.266329,0 -107.014529,37.266324,0 -107.014436,37.266324,0 -107.014041,37.266328,0 -107.013622,37.266333,0 -107.013086,37.266340,0 -107.012444,37.266359,0 -107.011545,37.266348,0 -107.011480,37.266356,0 -107.011330,37.266428,0 -107.009927,37.267715,0 -107.009182,37.268379,0 -107.008839,37.268573,0 -107.008460,37.268610,0 -107.007360,37.268699,0 -107.005098,37.268882,0 -107.003100,37.269022,0 -107.002524,37.269072,0 -107.002322,37.269089,0 -107.001745,37.269157,0 -107.001590,37.269176,0 -107.001095,37.269238,0 -106.999786,37.269403,0 -106.999301,37.269451,0 -106.998907,37.269480,0 -106.998496,37.269503,0 -106.998433,37.269505,0 -106.998266,37.269504,0 -106.997803,37.269498,0 -106.997121,37.269474,0 -106.996101,37.269419,0 -106.995704,37.269390,0 -106.994858,37.269425,0 -106.994580,37.269448,0 -106.994223,37.269509,0 -106.993800,37.269604,0 -106.992993,37.269878,0 -106.992680,37.270034,0 -106.992383,37.270211,0 -106.992109,37.270395,0 -106.991572,37.270824,0 -106.990565,37.271726,0 -106.990366,37.271907,0 -106.989155,37.273018,0 -106.987895,37.274167,0 -106.986102,37.275814,0 -106.985069,37.276760,0 -106.984900,37.276924,0 -106.984663,37.277143,0 -106.983499,37.278277,0 -106.982971,37.278833,0 -106.982457,37.279486,0 -106.981721,37.280576,0 -106.981113,37.281478,0 -106.979806,37.283472,0 -106.978783,37.284987,0 -106.977797,37.286460,0 -106.977403,37.287071,0 -106.976404,37.288577,0 -106.975475,37.290017,0 -106.975103,37.290488,0 -106.974416,37.291642,0 -106.974290,37.291919,0 -106.973128,37.294480,0 -106.972956,37.295237,0 -106.971549,37.298531,0 -106.971434,37.298801,0 -106.969810,37.302607,0 -106.969636,37.303003,0 -106.969387,37.303628,0 -106.969363,37.303687,0 -106.968721,37.305154,0 -106.968312,37.306186,0 -106.967654,37.307627,0 -106.967376,37.308033,0 -106.966367,37.309297,0 -106.965834,37.310302,0 -106.965567,37.311243,0 -106.965358,37.312451,0 -106.965300,37.312995,0 -106.965150,37.313769,0 -106.964858,37.314808,0 -106.963447,37.318875,0 -106.962758,37.320865,0 -106.962081,37.322819,0 -106.961925,37.323078,0 -106.961828,37.323425,0 -106.961298,37.324202,0 -106.960291,37.325103,0 -106.959570,37.325817,0 -106.958180,37.327070,0 -106.957065,37.328099,0 -106.956556,37.328633,0 -106.955953,37.329173,0 -106.955307,37.329759,0 -106.953114,37.331884,0 -106.951174,37.333533,0 -106.950570,37.334059,0 -106.949115,37.335131,0 -106.948570,37.335452,0 -106.948156,37.335699,0 -106.947694,37.335957,0 -106.947170,37.336235,0 -106.946484,37.336574,0 -106.946124,37.336736,0 -106.945760,37.336890,0 -106.944963,37.337208,0 -106.944151,37.337525,0 -106.944015,37.337579,0 -106.943700,37.337703,0 -106.934769,37.341200,0 -106.930692,37.342770,0 -106.927117,37.344199,0 -106.922963,37.346526,0 -106.922088,37.347192,0 -106.920891,37.348206,0 -106.920051,37.349175,0 -106.919840,37.349447,0 -106.919607,37.349774,0 -106.919358,37.350115,0 -106.918929,37.350708,0 -106.918521,37.351314,0 -106.918060,37.351872,0 -106.917276,37.352674,0 -106.916456,37.353395,0 -106.914530,37.354886,0 -106.912538,37.356302,0 -106.912288,37.356496,0 -106.910286,37.358044,0 -106.908775,37.359537,0 -106.908282,37.359963,0 -106.904796,37.363678,0 -106.902828,37.366053,0 -106.901753,37.367970,0 -106.901078,37.369165,0 -106.899844,37.373715,0 -106.899624,37.375183,0 -106.899378,37.377955,0 -106.899334,37.378847,0 -106.899262,37.379473,0 -106.898891,37.385311,0 -106.898858,37.385974,0 -106.898430,37.393052,0 -106.898369,37.393866,0 -106.898291,37.395117,0 -106.898059,37.398571,0 -106.897874,37.401971,0 -106.897765,37.403979,0 -106.897753,37.404138,0 -106.897745,37.404255,0 -106.897498,37.407648,0 -106.897238,37.410715,0 -106.897037,37.412011,0 -106.896757,37.413321,0 -106.896254,37.415219,0 -106.895599,37.417307,0 -106.894514,37.419755,0 -106.891903,37.424785,0 -106.891216,37.425977,0 -106.890693,37.426989,0 -106.890310,37.428080,0 -106.889372,37.430849,0 -106.888733,37.432617,0 -106.888331,37.433257,0 -106.887960,37.433746,0 -106.887010,37.434676,0 -106.886004,37.435545,0 -106.884839,37.436375,0 -106.881114,37.438495,0 -106.880530,37.438875,0 -106.880165,37.439216,0 -106.879864,37.439587,0 -106.879219,37.440633,0 -106.878831,37.441086,0 -106.878184,37.441565,0 -106.878046,37.441685,0 -106.877890,37.441884,0 -106.877815,37.442031,0 -106.877720,37.442228,0 -106.877684,37.442399,0 -106.877680,37.442646,0 -106.877727,37.442838,0 -106.877806,37.443006,0 -106.877913,37.443151,0 -106.878038,37.443285,0 -106.878472,37.443741,0 -106.878632,37.443943,0 -106.878762,37.444170,0 -106.878795,37.444423,0 -106.878779,37.444862,0 -106.878565,37.446914,0 -106.878651,37.447345,0 -106.878912,37.447803,0 -106.879394,37.448245,0 -106.882248,37.450339,0 -106.882534,37.450581,0 -106.882801,37.451033,0 -106.882869,37.451456,0 -106.882794,37.452183,0 -106.882885,37.452571,0 -106.883076,37.453243,0 -106.883236,37.455021,0 -106.883238,37.455607,0 -106.883173,37.456026,0 -106.882969,37.456708,0 -106.883012,37.457014,0 -106.883234,37.457310,0 -106.883643,37.457533,0 -106.884092,37.457585,0 -106.884522,37.457467,0 -106.884863,37.457218,0 -106.885877,37.455618,0 -106.886279,37.455023,0 -106.886623,37.454183,0 -106.887190,37.453466,0 -106.887353,37.453038,0 -106.887424,37.452269,0 -106.887437,37.451772,0 -106.887344,37.451004,0 -106.887400,37.450678,0 -106.887602,37.450469,0 -106.887839,37.450376,0 -106.888163,37.450359,0 -106.888435,37.450446,0 -106.888547,37.450524,0 -106.888650,37.450713,0 -106.888656,37.450951,0 -106.888480,37.451527,0 -106.888404,37.451889,0 -106.888428,37.452261,0 -106.888556,37.452727,0 -106.888618,37.453086,0 -106.888590,37.453403,0 -106.888489,37.453646,0 -106.888066,37.454280,0 -106.887946,37.454593,0 -106.887947,37.454854,0 -106.888059,37.455493,0 -106.888060,37.455672,0 -106.888062,37.455937,0 -106.887952,37.456186,0 -106.887609,37.456632,0 -106.887458,37.456922,0 -106.887159,37.457632,0 -106.886926,37.457968,0 -106.886225,37.458745,0 -106.885967,37.459161,0 -106.885807,37.459639,0 -106.885542,37.460530,0 -106.885133,37.461099,0 -106.884408,37.461774,0 -106.883539,37.462391,0 -106.882693,37.462968,0 -106.882577,37.463048,0 -106.881839,37.463580,0 -106.881529,37.463804,0 -106.880730,37.464372,0 -106.879652,37.464971,0 -106.879043,37.465309,0 -106.878736,37.465480,0 -106.876726,37.466615,0 -106.876330,37.467031,0 -106.875854,37.467835,0 -106.875568,37.468144,0 -106.875182,37.468390,0 -106.874160,37.468918,0 -106.873586,37.469278,0 -106.873007,37.469730,0 -106.872613,37.470241,0 -106.872470,37.470802,0 -106.872373,37.471670,0 -106.872203,37.472121,0 -106.871825,37.472711,0 -106.871547,37.472911,0 -106.871023,37.473201,0 -106.869986,37.473728,0 -106.868958,37.474578,0 -106.868410,37.474943,0 -106.867478,37.475329,0 -106.866621,37.475566,0 -106.866013,37.475574,0 -106.865439,37.475455,0 -106.865118,37.475389,0 -106.864444,37.475328,0 -106.863176,37.475491,0 -106.862575,37.475568,0 -106.861649,37.475638,0 -106.860850,37.475692,0 -106.860168,37.475855,0 -106.859595,37.476153,0 -106.859148,37.476599,0 -106.858261,37.477960,0 -106.858042,37.478209,0 -106.857497,37.478575,0 -106.855947,37.479285,0 -106.854483,37.479812,0 -106.850943,37.480497,0 -106.849460,37.480874,0 -106.847318,37.481633,0 -106.846406,37.482062,0 -106.845698,37.482534,0 -106.844427,37.483597,0 -106.843195,37.484280,0 -106.841849,37.484898,0 -106.841131,37.485012,0 -106.838891,37.485219,0 -106.837208,37.485779,0 -106.836651,37.486066,0 -106.836087,37.486337,0 -106.835158,37.486639,0 -106.834376,37.486758,0 -106.833607,37.486754,0 -106.832609,37.486636,0 -106.831659,37.486443,0 -106.831024,37.486370,0 -106.830092,37.486429,0 -106.825929,37.487454,0 -106.823583,37.488426,0 -106.822893,37.488472,0 -106.822058,37.488290,0 -106.821112,37.488083,0 -106.820682,37.488083,0 -106.820251,37.488083,0 -106.818872,37.488381,0 -106.817982,37.488472,0 -106.817478,37.488389,0 -106.816546,37.488038,0 -106.815483,37.487334,0 -106.814704,37.486786,0 -106.813858,37.485978,0 -106.813458,37.485671,0 -106.812863,37.485404,0 -106.811304,37.484966,0 -106.810073,37.484326,0 -106.809661,37.484117,0 -106.809250,37.483907,0 -106.808719,37.483690,0 -106.808261,37.483539,0 -106.807349,37.483312,0 -106.805794,37.483140,0 -106.803001,37.483163,0 -106.802571,37.483166,0 -106.801984,37.483169,0 -106.801517,37.483172,0 -106.799822,37.482881,0 -106.798474,37.482625,0 -106.797746,37.482461,0 -106.797122,37.482327,0 -106.796373,37.482052,0 -106.795238,37.481420,0 -106.792787,37.479311,0 -106.792185,37.478799,0 -106.791998,37.478626,0 -106.791852,37.478439,0 -106.791783,37.478278,0 -106.791719,37.478101,0 -106.791703,37.477922,0 -106.791722,37.477729,0 -106.791768,37.477532,0 -106.791857,37.477360,0 -106.791985,37.477209,0 -106.792145,37.477068,0 -106.792455,37.476827,0 -106.792782,37.476619,0 -106.793166,37.476333,0 -106.793306,37.476178,0 -106.793411,37.476017,0 -106.793465,37.475875,0 -106.793523,37.475705,0 -106.793505,37.475401,0 -106.793489,37.475235,0 -106.793416,37.475090,0 -106.793336,37.474948,0 -106.793223,37.474820,0 -106.793048,37.474678,0 -106.792941,37.474615,0 -106.792829,37.474549,0 -106.792480,37.474427,0 -106.792307,37.474391,0 -106.792120,37.474376,0 -106.791834,37.474381,0 -106.791516,37.474445,0 -106.791150,37.474567,0 -106.790495,37.474787,0 -106.789334,37.475132,0 -106.787856,37.475568,0 -106.785476,37.476288,0 -106.784980,37.476441,0 -106.782629,37.477164,0 -106.781968,37.477403,0 -106.781562,37.477659,0 -106.781185,37.477939,0 -106.780755,37.478433,0 -106.780359,37.478991,0 -106.780232,37.479150,0 -106.780016,37.479302,0 -106.779663,37.479395,0 -106.779233,37.479428,0 -106.778565,37.479458,0 -106.778145,37.479428,0 -106.777688,37.479337,0 -106.777365,37.479262,0 -106.776904,37.479155,0 -106.776533,37.479069,0 -106.776196,37.479025,0 -106.775862,37.479015,0 -106.775549,37.479039,0 -106.775192,37.479100,0 -106.774845,37.479199,0 -106.773424,37.479610,0 -106.772596,37.479870,0 -106.772168,37.480075,0 -106.771829,37.480320,0 -106.771197,37.480919,0 -106.770565,37.481624,0 -106.769974,37.482179,0 -106.769373,37.482895,0 -106.768987,37.483516,0 -106.768758,37.484301,0 -106.768632,37.484734,0 -106.768268,37.486011,0 -106.768053,37.486581,0 -106.767710,37.487262,0 -106.766712,37.489222,0 -106.765878,37.490801,0 -106.765736,37.491433,0 -106.765736,37.491953,0 -106.765849,37.492426,0 -106.766079,37.492966,0 -106.766451,37.493456,0 -106.766851,37.494038,0 -106.767280,37.494633,0 -106.767516,37.495025,0 -106.767699,37.495476,0 -106.767796,37.495792,0 -106.767945,37.496667,0 -106.768010,37.496957,0 -106.768117,37.497280,0 -106.768300,37.497638,0 -106.768503,37.497995,0 -106.769005,37.498584,0 -106.769855,37.499400,0 -106.770123,37.499698,0 -106.770327,37.500038,0 -106.770424,37.500234,0 -106.770520,37.500455,0 -106.770692,37.500855,0 -106.770864,37.501247,0 -106.770982,37.501502,0 -106.771314,37.502047,0 -106.771701,37.502558,0 -106.773651,37.504612,0 -106.774111,37.505459,0 -106.774139,37.505985,0 -106.773868,37.507033,0 -106.773646,37.507545,0 -106.773384,37.508258,0 -106.773360,37.508773,0 -106.773457,37.509500,0 -106.773682,37.510663,0 -106.773769,37.511132,0 -106.773745,37.511636,0 -106.773575,37.512297,0 -106.773182,37.513587,0 -106.772930,37.514818,0 -106.772719,37.515381,0 -106.771892,37.517246,0 -106.771782,37.517920,0 -106.771774,37.518473,0 -106.771863,37.519335,0 -106.771866,37.520023,0 -106.771765,37.520439,0 -106.771516,37.520907,0 -106.771209,37.521338,0 -106.770282,37.522371,0 -106.769879,37.523059,0 -106.769665,37.523632,0 -106.769584,37.524098,0 -106.769607,37.524752,0 -106.769687,37.525321,0 -106.769915,37.526033,0 -106.770220,37.526994,0 -106.770313,37.527315,0 -106.770449,37.527782,0 -106.770524,37.528041,0 -106.770601,37.528320,0 -106.770633,37.528432,0 -106.770777,37.529351,0 -106.770858,37.530536,0 -106.770995,37.533394,0 -106.771057,37.534947,0 -106.771135,37.535312,0 -106.771270,37.535728,0 -106.771551,37.536234,0 -106.772215,37.537353,0 -106.772446,37.537911,0 -106.772556,37.538426,0 -106.772582,37.538917,0 -106.772525,37.539506,0 -106.772258,37.541117,0 -106.772200,37.541703,0 -106.772156,37.542449,0 -106.772203,37.543267,0 -106.772311,37.544019,0 -106.772647,37.545418,0 -106.772846,37.545854,0 -106.773039,37.546328,0 -106.773408,37.546798,0 -106.775146,37.548601,0 -106.775301,37.548860,0 -106.775415,37.549087,0 -106.775546,37.549403,0 -106.775836,37.550325,0 -106.776341,37.551785,0 -106.776582,37.552606,0 -106.776658,37.553074,0 -106.776676,37.553425,0 -106.776638,37.553694,0 -106.776579,37.553958,0 -106.776456,37.554338,0 -106.776259,37.554660,0 -106.775577,37.555577,0 -106.775332,37.555838,0 -106.775007,37.556136,0 -106.774724,37.556327,0 -106.774393,37.556530,0 -106.774098,37.556677,0 -106.773695,37.556826,0 -106.772847,37.557119,0 -106.772397,37.557327,0 -106.771825,37.557701,0 -106.771503,37.558017,0 -106.771351,37.558289,0 -106.771161,37.558594,0 -106.771038,37.558870,0 -106.770928,37.559212,0 -106.770772,37.559919,0 -106.770654,37.560240,0 -106.770515,37.560563,0 -106.770311,37.560876,0 -106.769824,37.561534,0 -106.769437,37.562045,0 -106.769047,37.562558,0 -106.768838,37.562807,0 -106.768578,37.563209,0 -106.768126,37.563805,0 -106.767944,37.564046,0 -106.767583,37.564435,0 -106.766796,37.565128,0 -106.766606,37.565268,0 -106.766384,37.565408,0 -106.766082,37.565515,0 -106.765712,37.565594,0 -106.765170,37.565668,0 -106.764818,37.565750,0 -106.764481,37.565896,0 -106.764174,37.566067,0 -106.763624,37.566426,0 -106.763112,37.566798,0 -106.762200,37.567604,0 -106.761183,37.568548,0 -106.760837,37.568827,0 -106.760507,37.569038,0 -106.759653,37.569513,0 -106.759194,37.569787,0 -106.758672,37.570134,0 -106.758311,37.570429,0 -106.757999,37.570748,0 -106.757666,37.571111,0 -106.756879,37.572039,0 -106.756649,37.572312,0 -106.756280,37.572709,0 -106.756137,37.572864,0 -106.755720,37.573252,0 -106.755243,37.573604,0 -106.754531,37.574124,0 -106.754250,37.574317,0 -106.754053,37.574452,0 -106.753806,37.574622,0 -106.752859,37.575278,0 -106.752779,37.575333,0 -106.752675,37.575405,0 -106.750844,37.576645,0 -106.749661,37.577434,0 -106.749392,37.577588,0 -106.748991,37.577753,0 -106.747770,37.578205,0 -106.747539,37.578309,0 -106.747264,37.578450,0 -106.746819,37.578728,0 -106.746528,37.578945,0 -106.745888,37.579440,0 -106.742204,37.582326,0 -106.741927,37.582526,0 -106.741437,37.582775,0 -106.741000,37.582958,0 -106.740805,37.583062,0 -106.740571,37.583239,0 -106.740260,37.583485,0 -106.739950,37.583777,0 -106.739466,37.584136,0 -106.739003,37.584381,0 -106.737678,37.585060,0 -106.737249,37.585357,0 -106.736717,37.585725,0 -106.734913,37.586998,0 -106.734097,37.587687,0 -106.733626,37.588069,0 -106.733290,37.588259,0 -106.731990,37.588933,0 -106.731600,37.589217,0 -106.731336,37.589507,0 -106.731027,37.589871,0 -106.730659,37.590479,0 -106.730490,37.590751,0 -106.730216,37.591195,0 -106.730101,37.591429,0 -106.730058,37.591613,0 -106.730038,37.591819,0 -106.730046,37.592027,0 -106.730149,37.592356,0 -106.730239,37.592717,0 -106.730264,37.592887,0 -106.730240,37.593108,0 -106.730186,37.593303,0 -106.730056,37.593543,0 -106.729857,37.593846,0 -106.729513,37.594257,0 -106.729143,37.594627,0 -106.728832,37.594949,0 -106.728627,37.595226,0 -106.728240,37.595816,0 -106.727828,37.596552,0 -106.727725,37.596892,0 -106.727680,37.597197,0 -106.727662,37.597815,0 -106.727615,37.598200,0 -106.727560,37.598445,0 -106.727458,37.598767,0 -106.727364,37.599041,0 -106.727114,37.599614,0 -106.726902,37.600090,0 -106.726844,37.600328,0 -106.726819,37.600604,0 -106.726803,37.601347,0 -106.726772,37.601613,0 -106.726708,37.601860,0 -106.726583,37.602173,0 -106.726265,37.602838,0 -106.726054,37.603419,0 -106.725890,37.603790,0 -106.725774,37.604036,0 -106.725676,37.604183,0 -106.725502,37.604369,0 -106.725278,37.604536,0 -106.724266,37.605194,0 -106.722275,37.606812,0 -106.720449,37.608260,0 -106.719632,37.608765,0 -106.718923,37.609078,0 -106.718358,37.609271,0 -106.717857,37.609404,0 -106.717254,37.609507,0 -106.716794,37.609541,0 -106.716425,37.609561,0 -106.715865,37.609578,0 -106.714204,37.609627,0 -106.713127,37.609667,0 -106.712565,37.609686,0 -106.712134,37.609706,0 -106.711396,37.609787,0 -106.710573,37.609917,0 -106.710292,37.609978,0 -106.709363,37.610161,0 -106.706303,37.610839,0 -106.705580,37.611027,0 -106.704863,37.611250,0 -106.704141,37.611529,0 -106.703266,37.611944,0 -106.701934,37.612579,0 -106.701567,37.612776,0 -106.700610,37.613318,0 -106.699370,37.614159,0 -106.698795,37.614468,0 -106.698231,37.614691,0 -106.697748,37.614846,0 -106.697059,37.615003,0 -106.695253,37.615180,0 -106.694493,37.615300,0 -106.693845,37.615456,0 -106.693193,37.615704,0 -106.692666,37.615974,0 -106.692164,37.616291,0 -106.691734,37.616671,0 -106.691347,37.617084,0 -106.690967,37.617643,0 -106.690362,37.618691,0 -106.689960,37.619266,0 -106.689627,37.619615,0 -106.689234,37.620005,0 -106.688570,37.620548,0 -106.687582,37.621361,0 -106.686161,37.622539,0 -106.685234,37.623228,0 -106.683880,37.624085,0 -106.683440,37.624428,0 -106.682971,37.624905,0 -106.682128,37.626059,0 -106.681852,37.626504,0 -106.681614,37.627061,0 -106.681195,37.628112,0 -106.680920,37.628606,0 -106.680566,37.629031,0 -106.680026,37.629494,0 -106.679547,37.629812,0 -106.677459,37.630907,0 -106.676544,37.631439,0 -106.675792,37.631996,0 -106.675124,37.632551,0 -106.674507,37.633151,0 -106.674098,37.633614,0 -106.673409,37.634516,0 -106.673032,37.635025,0 -106.672632,37.635455,0 -106.672479,37.635593,0 -106.672120,37.635918,0 -106.671354,37.636438,0 -106.670396,37.637062,0 -106.669249,37.637821,0 -106.668546,37.638355,0 -106.667867,37.638969,0 -106.666984,37.639872,0 -106.666415,37.640480,0 -106.665840,37.641032,0 -106.665275,37.641482,0 -106.664214,37.642150,0 -106.663630,37.642536,0 -106.663178,37.642901,0 -106.662801,37.643318,0 -106.662490,37.643775,0 -106.662236,37.644341,0 -106.661862,37.645302,0 -106.661618,37.645753,0 -106.661334,37.646113,0 -106.660801,37.646661,0 -106.660153,37.647339,0 -106.659091,37.648329,0 -106.658411,37.648901,0 -106.657811,37.649365,0 -106.656772,37.650169,0 -106.656291,37.650576,0 -106.655858,37.651073,0 -106.655538,37.651541,0 -106.655195,37.652121,0 -106.654820,37.652719,0 -106.654524,37.653070,0 -106.654118,37.653536,0 -106.653142,37.654653,0 -106.652251,37.655909,0 -106.651968,37.656372,0 -106.651600,37.657022,0 -106.651368,37.657407,0 -106.651090,37.657862,0 -106.650620,37.658625,0 -106.649599,37.660341,0 -106.648904,37.661370,0 -106.648666,37.661696,0 -106.648264,37.662205,0 -106.647783,37.662786,0 -106.647543,37.663071,0 -106.647287,37.663353,0 -106.646900,37.663762,0 -106.646422,37.664242,0 -106.646179,37.664485,0 -106.645819,37.664845,0 -106.644443,37.666221,0 -106.643855,37.666836,0 -106.643348,37.667351,0 -106.643052,37.667652,0 -106.642736,37.667958,0 -106.642509,37.668163,0 -106.642232,37.668374,0 -106.641950,37.668559,0 -106.641701,37.668711,0 -106.641536,37.668796,0 -106.641316,37.668905,0 -106.641055,37.669009,0 -106.640777,37.669106,0 -106.640360,37.669231,0 -106.640023,37.669326,0 -106.639759,37.669392,0 -106.639454,37.669450,0 -106.639078,37.669516,0 -106.638062,37.669650,0 -106.638015,37.669657,0 -106.637884,37.669674,0 -106.635450,37.669991,0 -106.634961,37.670059,0 -106.634274,37.670161,0 -106.632988,37.670316,0 -106.630333,37.670635,0 -106.630317,37.670632,0 -106.629131,37.670892,0 -106.628073,37.671043,0 -106.627843,37.671075,0 -106.626534,37.671280,0 -106.626392,37.671307,0 -106.626191,37.671348,0 -106.624655,37.671690,0 -106.623970,37.671829,0 -106.623301,37.671992,0 -106.621313,37.672454,0 -106.620640,37.672626,0 -106.618972,37.672992,0 -106.618028,37.673263,0 -106.617550,37.673362,0 -106.617242,37.673437,0 -106.616411,37.673635,0 -106.612736,37.674499,0 -106.610553,37.674993,0 -106.610222,37.675068,0 -106.608558,37.675436,0 -106.608206,37.675522,0 -106.607840,37.675597,0 -106.603749,37.676618,0 -106.603437,37.676681,0 -106.602667,37.676853,0 -106.601192,37.677171,0 -106.600206,37.677382,0 -106.598920,37.677493,0 -106.597647,37.677458,0 -106.595652,37.677190,0 -106.593664,37.676925,0 -106.591630,37.676653,0 -106.589596,37.676347,0 -106.588557,37.676266,0 -106.584841,37.676211,0 -106.578059,37.676154,0 -106.573042,37.676094,0 -106.571617,37.676150,0 -106.570155,37.676269,0 -106.569825,37.676316,0 -106.568533,37.676473,0 -106.566919,37.676680,0 -106.562384,37.677369,0 -106.560051,37.677670,0 -106.555404,37.678322,0 -106.552721,37.678693,0 -106.551377,37.678878,0 -106.548721,37.679256,0 -106.547799,37.679377,0 -106.545337,37.679493,0 -106.541820,37.679638,0 -106.538977,37.679777,0 -106.522182,37.680594,0 -106.519047,37.680602,0 -106.516927,37.680467,0 -106.514996,37.680263,0 -106.505752,37.678755,0 -106.501426,37.678023,0 -106.499769,37.677753,0 -106.498178,37.677542,0 -106.497019,37.677421,0 -106.496139,37.677342,0 -106.494700,37.677256,0 -106.493824,37.677228,0 -106.491809,37.677192,0 -106.490565,37.677188,0 -106.490161,37.677187,0 -106.485083,37.677146,0 -106.479361,37.677092,0 -106.474065,37.677052,0 -106.471513,37.677032,0 -106.468697,37.677014,0 -106.464728,37.676973,0 -106.463222,37.676952,0 -106.460442,37.676954,0 -106.455709,37.676898,0 -106.453254,37.676883,0 -106.451208,37.676869,0 -106.446779,37.676824,0 -106.445767,37.676813,0 -106.441881,37.676775,0 -106.434808,37.676730,0 -106.432972,37.676646,0 -106.432651,37.676620,0 -106.431626,37.676530,0 -106.430990,37.676437,0 -106.428336,37.675937,0 -106.415121,37.673486,0 -106.414777,37.673410,0 -106.412084,37.673019,0 -106.411097,37.672959,0 -106.409241,37.672943,0 -106.407138,37.673112,0 -106.405068,37.673432,0 -106.400547,37.674174,0 -106.396343,37.674853,0 -106.395917,37.674940,0 -106.394151,37.675209,0 -106.391067,37.675719,0 -106.386887,37.676405,0 -106.386080,37.676515,0 -106.383529,37.676940,0 -106.378502,37.677749,0 -106.373939,37.678496,0 -106.371895,37.678832,0 -106.368701,37.679345,0 -106.368001,37.679442,0 -106.367655,37.679470,0 -106.367529,37.679485,0 -106.367353,37.679505,0 -106.366919,37.679553,0 -106.366836,37.679561,0 -106.366477,37.679594,0 -106.366293,37.679605,0 -106.366100,37.679615,0 -106.365616,37.679632,0 -106.365426,37.679638,0 -106.365183,37.679640,0 -106.364701,37.679643,0 -106.364396,37.679639,0 -106.364080,37.679619,0 -106.363738,37.679589,0 -106.363575,37.679563,0 -106.362129,37.679489,0 -106.361572,37.679460,0 -106.361486,37.679456,0 -106.360832,37.679404,0 -106.359766,37.679320,0 -106.359475,37.679297,0 -106.358769,37.679243,0 -106.358093,37.679185,0 -106.357831,37.679165,0 -106.357428,37.679133,0 -106.356711,37.679076,0 -106.356021,37.679019,0 -106.355961,37.679014,0 -106.355343,37.678962,0 -106.354625,37.678901,0 -106.354542,37.678894,0 -106.353959,37.678843,0 -106.353304,37.678788,0 -106.353196,37.678778,0 -106.353104,37.678771,0 -106.352540,37.678723,0 -106.352059,37.678681,0 -106.351890,37.678666,0 -106.351873,37.678769,0 -106.351818,37.679214,0 -106.351751,37.679696,0 -106.351619,37.680759,0 -106.351546,37.681224,0 -106.351481,37.681803,0 -106.351363,37.682723,0 -106.351346,37.682859,0 -106.351276,37.683406,0 -106.351272,37.683452,0 -106.351222,37.683833,0 -106.351128,37.684423,0 -106.351022,37.684838,0 -106.350901,37.685192,0 -106.350739,37.685559,0 -106.350302,37.686513,0 -106.349969,37.687206,0 -106.349920,37.687289,0 -106.349825,37.687426,0 -106.349718,37.687566,0 -106.349631,37.687665,0 -106.349401,37.687885,0 -106.349002,37.688206,0 -106.348611,37.688449,0 -106.346671,37.689651,0 -106.343226,37.691804,0 -106.343037,37.691922,0 -106.340498,37.693510,0 -106.336354,37.696288,0 -106.335037,37.697171,0 -106.334827,37.697312,0 -106.334612,37.697455,0 -106.332767,37.698725,0 -106.329431,37.700976,0 -106.324186,37.704516,0 -106.324109,37.704569,0 -106.323990,37.704652,0 -106.314369,37.711171,0 -106.302484,37.719188,0 -106.302286,37.719322,0 -106.301894,37.719589,0 -106.281820,37.733149,0 -106.281594,37.733300,0 -106.281435,37.733406,0 -106.280860,37.733826,0 -106.269630,37.741395,0 -106.264497,37.744830,0 -106.263810,37.745230,0 -106.262609,37.745820,0 -106.261441,37.746357,0 -106.259991,37.746886,0 -106.259198,37.747169,0 -106.258043,37.747456,0 -106.256832,37.747700,0 -106.255202,37.747958,0 -106.254257,37.748040,0 -106.253305,37.748094,0 -106.252747,37.748114,0 -106.251871,37.748121,0 -106.240957,37.748145,0 -106.231754,37.748136,0 -106.222627,37.748118,0 -106.204287,37.748118,0 -106.185953,37.748180,0 -106.176814,37.748202,0 -106.167480,37.748158,0 -106.158339,37.748150,0 -106.158057,37.748149,0 -106.151314,37.748149,0 -106.149993,37.748145,0 -106.149787,37.748145,0 -106.149139,37.748146,0 -106.148971,37.748146,0 -106.148992,37.748535,0 -106.148999,37.748668,0 -106.149004,37.748809,0 -106.149042,37.749771,0 -106.149062,37.750591,0 -106.149076,37.751971,0 -106.149077,37.752137,0 -106.149075,37.752478,0 -106.149073,37.752671,0 -106.149054,37.753548,0 -106.149043,37.754047,0 -106.149017,37.755161,0 -106.149009,37.755497,0 -106.148848,37.762621,0 -106.148521,37.777114,0 -106.148454,37.780579,0 -106.148226,37.791604,0 -106.148160,37.797863,0 -106.148162,37.798062,0 -106.148012,37.806111,0 -106.147893,37.814467,0 -106.147772,37.820589,0 -106.147559,37.832170,0 -106.147529,37.835105,0 -106.147464,37.837178,0 -106.146899,37.851915,0 -106.146528,37.860155,0 -106.146332,37.864169,0 -106.146172,37.871434,0 -106.146172,37.871532,0 -106.145799,37.893370,0 -106.145136,37.922601,0 -106.144984,37.930961,0 -106.144891,37.937322,0 -106.144874,37.938301,0 -106.144334,37.960472,0 -106.144233,37.963212,0 -106.144213,37.965574,0 -106.144185,37.966453,0 -106.144182,37.966586,0 -106.143803,37.981034,0 -106.143773,37.982640,0 -106.143626,37.991357,0 -106.143562,37.993827,0 -106.143520,37.995489,0 -106.143451,37.997133,0 -106.143379,37.999070,0 -106.143322,37.999619,0 -106.143232,38.000295,0 -106.142830,38.002687,0 -106.142509,38.007355,0 -106.142060,38.015040,0 -106.142017,38.020636,0 -106.142016,38.021746,0 -106.141972,38.035520,0 -106.141955,38.036877,0 -106.142060,38.041889,0 -106.142389,38.057650,0 -106.142410,38.058626,0 -106.142414,38.059414,0 -106.142203,38.078486,0 -106.142188,38.079960,0 -106.142221,38.082541,0 -106.142226,38.083185,0 -106.142225,38.084551,0 -106.142220,38.085544,0 -106.142220,38.085639,0 -106.142219,38.085747,0 -106.142215,38.086117,0 -106.142217,38.086630,0 -106.142213,38.087139,0 -106.142210,38.087646,0 -106.142212,38.087873,0 -106.142214,38.088072,0 -106.142184,38.088160,0 -106.142170,38.088197,0 -106.142152,38.088239,0 -106.142132,38.088277,0 -106.142106,38.088320,0 -106.142086,38.088347,0 -106.142055,38.088386,0 -106.142032,38.088412,0 -106.141985,38.088459,0 -106.141958,38.088485,0 -106.141917,38.088518,0 -106.141866,38.088554,0 -106.141821,38.088583,0 -106.141756,38.088618,0 -106.141727,38.088632,0 -106.141681,38.088652,0 -106.141642,38.088668,0 -106.141577,38.088691,0 -106.141532,38.088705,0 -106.141479,38.088720,0 -106.141365,38.088748,0 -106.141127,38.088750,0 -106.140870,38.088751,0 -106.139519,38.088749,0 -106.138323,38.088743,0 -106.138206,38.088743,0 -106.137731,38.088744,0 -106.137628,38.088744,0 -106.137460,38.088746,0 -106.137372,38.088748,0 -106.137300,38.088751,0 -106.137190,38.088757,0 -106.137081,38.088766,0 -106.136870,38.088787,0 -106.136622,38.088843,0 -106.136466,38.088884,0 -106.136351,38.088916,0 -106.136220,38.088957,0 -106.136126,38.088989,0 -106.136018,38.089029,0 -106.135914,38.089074,0 -106.135818,38.089119,0 -106.135725,38.089165,0 -106.135551,38.089260,0 -106.135512,38.089282,0 -106.135422,38.089343,0 -106.135290,38.089432,0 -106.135176,38.089520,0 -106.135069,38.089605,0 -106.134994,38.089670,0 -106.134929,38.089733,0 -106.134861,38.089804,0 -106.134801,38.089865,0 -106.134565,38.090106,0 -106.134386,38.090288,0 -106.134304,38.090371,0 -106.134214,38.090460,0 -106.134140,38.090534,0 -106.134023,38.090645,0 -106.133926,38.090734,0 -106.133827,38.090818,0 -106.133736,38.090894,0 -106.133618,38.090988,0 -106.133474,38.091099,0 -106.133365,38.091178,0 -106.133254,38.091254,0 -106.133159,38.091317,0 -106.133062,38.091379,0 -106.132945,38.091450,0 -106.132840,38.091510,0 -106.132709,38.091584,0 -106.132576,38.091655,0 -106.132485,38.091701,0 -106.132353,38.091765,0 -106.132259,38.091808,0 -106.132114,38.091873,0 -106.131830,38.091998,0 -106.130219,38.092712,0 -106.127282,38.094011,0 -106.126433,38.094376,0 -106.126261,38.094445,0 -106.126071,38.094516,0 -106.125900,38.094574,0 -106.125732,38.094625,0 -106.125550,38.094677,0 -106.125380,38.094719,0 -106.125224,38.094755,0 -106.125057,38.094790,0 -106.124895,38.094821,0 -106.124729,38.094849,0 -106.124570,38.094874,0 -106.124456,38.094889,0 -106.124213,38.094917,0 -106.123983,38.094936,0 -106.123830,38.094947,0 -106.123669,38.094956,0 -106.123517,38.094963,0 -106.122570,38.094996,0 -106.121776,38.095022,0 -106.118842,38.095120,0 -106.115886,38.095217,0 -106.113950,38.095283,0 -106.110235,38.095408,0 -106.109169,38.095444,0 -106.108093,38.095480,0 -106.098586,38.095794,0 -106.084893,38.096260,0 -106.077105,38.096516,0 -106.075770,38.096556,0 -106.075272,38.096571,0 -106.074997,38.096579,0 -106.074696,38.096586,0 -106.074412,38.096590,0 -106.074109,38.096594,0 -106.073811,38.096597,0 -106.073489,38.096600,0 -106.072725,38.096605,0 -106.071316,38.096613,0 -106.069578,38.096622,0 -106.067965,38.096632,0 -106.065859,38.096644,0 -106.063574,38.096652,0 -106.063036,38.096655,0 -106.062666,38.096658,0 -106.062422,38.096662,0 -106.062155,38.096672,0 -106.061883,38.096686,0 -106.061624,38.096702,0 -106.061349,38.096731,0 -106.061092,38.096763,0 -106.060820,38.096799,0 -106.060533,38.096846,0 -106.060243,38.096899,0 -106.059958,38.096962,0 -106.059671,38.097033,0 -106.059360,38.097111,0 -106.059082,38.097190,0 -106.058824,38.097273,0 -106.058575,38.097357,0 -106.058327,38.097449,0 -106.058103,38.097538,0 -106.057872,38.097637,0 -106.057639,38.097740,0 -106.057408,38.097853,0 -106.057158,38.097977,0 -106.056862,38.098131,0 -106.054503,38.099401,0 -106.053455,38.099960,0 -106.051192,38.101187,0 -106.050133,38.101753,0 -106.047573,38.103136,0 -106.045944,38.104017,0 -106.044882,38.104591,0 -106.043251,38.105481,0 -106.036562,38.109114,0 -106.003169,38.127085,0 -106.000571,38.128488,0 -105.996115,38.130897,0 -105.994729,38.131640,0 -105.994036,38.132013,0 -105.993742,38.132171,0 -105.993341,38.132390,0 -105.992940,38.132608,0 -105.990453,38.133948,0 -105.977263,38.141045,0 -105.975655,38.141910,0 -105.971321,38.144243,0 -105.967851,38.146108,0 -105.966338,38.146921,0 -105.965841,38.147185,0 -105.965248,38.147504,0 -105.964289,38.148045,0 -105.963489,38.148523,0 -105.963183,38.148706,0 -105.962204,38.149345,0 -105.961735,38.149664,0 -105.961224,38.150018,0 -105.960493,38.150562,0 -105.959832,38.151075,0 -105.958961,38.151777,0 -105.958421,38.152246,0 -105.957660,38.152919,0 -105.957175,38.153372,0 -105.956348,38.154209,0 -105.956036,38.154533,0 -105.955443,38.155165,0 -105.955130,38.155515,0 -105.954345,38.156427,0 -105.953490,38.157549,0 -105.952733,38.158641,0 -105.951636,38.160210,0 -105.950318,38.162162,0 -105.948853,38.164311,0 -105.947951,38.165588,0 -105.947063,38.166903,0 -105.946454,38.167752,0 -105.945821,38.168678,0 -105.945214,38.169568,0 -105.944835,38.170129,0 -105.944394,38.170822,0 -105.943802,38.171843,0 -105.943462,38.172462,0 -105.943215,38.172944,0 -105.943028,38.173327,0 -105.942807,38.173789,0 -105.942546,38.174381,0 -105.942310,38.174930,0 -105.942155,38.175316,0 -105.942015,38.175684,0 -105.941909,38.175972,0 -105.941809,38.176259,0 -105.941701,38.176584,0 -105.941542,38.177067,0 -105.941442,38.177396,0 -105.941342,38.177750,0 -105.941254,38.178058,0 -105.941177,38.178359,0 -105.941103,38.178679,0 -105.941012,38.179076,0 -105.940915,38.179513,0 -105.940858,38.179798,0 -105.940787,38.180182,0 -105.940743,38.180444,0 -105.940667,38.180924,0 -105.940560,38.181769,0 -105.940487,38.182602,0 -105.940467,38.182898,0 -105.940444,38.183494,0 -105.940439,38.183620,0 -105.940436,38.183755,0 -105.940434,38.183858,0 -105.940429,38.184265,0 -105.940439,38.185095,0 -105.940463,38.185814,0 -105.940480,38.186150,0 -105.940491,38.186309,0 -105.940501,38.186422,0 -105.940580,38.187320,0 -105.940636,38.188018,0 -105.940697,38.188767,0 -105.940774,38.189611,0 -105.940887,38.190843,0 -105.941293,38.195095,0 -105.941607,38.198379,0 -105.942372,38.206373,0 -105.942733,38.210142,0 -105.943740,38.220671,0 -105.945448,38.238426,0 -105.945539,38.239388,0 -105.945544,38.239438,0 -105.945649,38.240548,0 -105.945696,38.240972,0 -105.945786,38.241577,0 -105.945873,38.242061,0 -105.945958,38.242442,0 -105.946053,38.242805,0 -105.946160,38.243157,0 -105.946225,38.243375,0 -105.946370,38.243791,0 -105.946592,38.244382,0 -105.946807,38.244874,0 -105.946892,38.245055,0 -105.946996,38.245283,0 -105.947087,38.245460,0 -105.947185,38.245646,0 -105.947279,38.245810,0 -105.947375,38.245978,0 -105.947484,38.246165,0 -105.947587,38.246330,0 -105.947691,38.246488,0 -105.947796,38.246675,0 -105.948163,38.247187,0 -105.948840,38.248206,0 -105.949404,38.249047,0 -105.949730,38.249532,0 -105.950148,38.250152,0 -105.950651,38.250901,0 -105.950984,38.251390,0 -105.951242,38.251780,0 -105.951447,38.251704,0 -105.951511,38.251682,0 -105.951560,38.251667,0 -105.951562,38.251666,0 -105.951639,38.251651,0 -105.951731,38.251636,0 -105.951817,38.251626,0 -105.952015,38.251603,0 -105.952325,38.251570,0 -105.952479,38.251553,0 -105.953931,38.251380,0 -105.954685,38.251286,0 -105.955269,38.251218,0 -105.956375,38.251094,0 -105.957696,38.250959,0 -105.958502,38.250885,0 -105.960255,38.250772,0 -105.962865,38.250617,0 -105.963301,38.250595,0 -105.963785,38.250552,0 -105.964076,38.250518,0 -105.964272,38.250483,0 -105.964667,38.250363,0 -105.965060,38.250189,0 -105.965876,38.249778,0 -105.968208,38.248546,0 -105.969705,38.247683,0 -105.970271,38.247427,0 -105.971497,38.247012,0 -105.983991,38.242787,0 -105.985087,38.242479,0 -105.988032,38.241826,0 -105.991472,38.241181,0 -105.993216,38.240841,0 -105.994044,38.240690,0 -105.997285,38.240072,0 -106.000262,38.239500,0 -106.002308,38.239116,0 -106.005281,38.238555,0 -106.007799,38.238096,0 -106.008663,38.237933,0 -106.009452,38.237802,0 -106.010093,38.237698,0 -106.012837,38.237246,0 -106.014167,38.237038,0 -106.015753,38.236168,0 -106.017569,38.235188,0 -106.018378,38.234770,0 -106.018961,38.234669,0 -106.019757,38.234699,0 -106.020462,38.234725,0 -106.021453,38.234673,0 -106.021954,38.234526,0 -106.022353,38.234216,0 -106.022855,38.233575,0 -106.023220,38.232809,0 -106.023324,38.232580,0 -106.023879,38.231533,0 -106.024371,38.230756,0 -106.025100,38.229952,0 -106.025158,38.229903,0 -106.025618,38.229507,0 -106.026162,38.229259,0 -106.027528,38.228851,0 -106.028817,38.228517,0 -106.029577,38.228320,0 -106.031868,38.227732,0 -106.032294,38.227637,0 -106.032554,38.227580,0 -106.034646,38.227113,0 -106.035542,38.226951,0 -106.035920,38.226890,0 -106.036269,38.226835,0 -106.037238,38.226640,0 -106.038039,38.226427,0 -106.038776,38.226113,0 -106.039846,38.225557,0 -106.041311,38.224796,0 -106.042211,38.224322,0 -106.042780,38.223966,0 -106.043467,38.223537,0 -106.045581,38.221827,0 -106.046009,38.221480,0 -106.046368,38.221190,0 -106.047691,38.220286,0 -106.048081,38.220019,0 -106.050904,38.218117,0 -106.050988,38.218069,0 -106.052117,38.217430,0 -106.054948,38.216092,0 -106.055559,38.215803,0 -106.056130,38.215554,0 -106.056575,38.215347,0 -106.057853,38.214791,0 -106.059462,38.214027,0 -106.060498,38.213556,0 -106.062224,38.213010,0 -106.063021,38.212913,0 -106.064795,38.212898,0 -106.066592,38.212955,0 -106.068023,38.213067,0 -106.069861,38.213207,0 -106.071617,38.213338,0 -106.072287,38.213448,0 -106.073131,38.213779,0 -106.074313,38.214489,0 -106.075104,38.214780,0 -106.076190,38.215000,0 -106.078032,38.215266,0 -106.079909,38.215543,0 -106.081368,38.215720,0 -106.082119,38.215875,0 -106.082782,38.216219,0 -106.083896,38.217037,0 -106.085008,38.217751,0 -106.086394,38.218565,0 -106.087620,38.219284,0 -106.088565,38.219828,0 -106.088836,38.219984,0 -106.089981,38.220767,0 -106.090866,38.221517,0 -106.092408,38.222785,0 -106.093730,38.223921,0 -106.094551,38.224561,0 -106.094692,38.224670,0 -106.097467,38.226888,0 -106.098075,38.227515,0 -106.098951,38.228420,0 -106.100379,38.229846,0 -106.102239,38.231713,0 -106.103238,38.232601,0 -106.104193,38.233502,0 -106.103886,38.233697,0 -106.103667,38.233753,0 -106.103415,38.233574,0 -106.103212,38.233338,0 -106.103020,38.233318,0 -106.102881,38.233442,0 -106.102697,38.233985,0 -106.102390,38.234447,0 -106.102362,38.234866,0 -106.102394,38.235006,0 -106.102625,38.235034,0 -106.103056,38.234886,0 -106.103372,38.234882,0 -106.103667,38.235126,0 -106.103751,38.235401,0 -106.103595,38.235668,0 -106.103368,38.235784,0 -106.102753,38.235916,0 -106.102079,38.236155,0 -106.101452,38.236359,0 -106.101145,38.236474,0 -106.100914,38.236434,0 -106.100818,38.236255,0 -106.100718,38.235824,0 -106.100602,38.235660,0 -106.100283,38.235609,0 -106.099557,38.235569,0 -106.099190,38.235501,0 -106.099050,38.235305,0 -106.098966,38.234914,0 -106.098895,38.234451,0 -106.098851,38.234092,0 -106.098827,38.233801,0 -106.098827,38.233586,0 -106.098799,38.233402,0 -106.098715,38.233354,0 -106.098583,38.233370,0 -106.098500,38.233430,0 -106.098488,38.233534,0 -106.098528,38.233845,0 -106.098476,38.233957,0 -106.098348,38.234108,0 -106.098312,38.234284,0 -106.098360,38.234575,0 -106.098376,38.234874,0 -106.098236,38.235178,0 -106.098160,38.235461,0 -106.098212,38.235748,0 -106.098276,38.235924,0 -106.098504,38.236111,0 -106.098803,38.236239,0 -106.099014,38.236391,0 -106.099142,38.236654,0 -106.099078,38.236997,0 -106.098966,38.237420,0 -106.098935,38.237659,0 -106.099022,38.237827,0 -106.099210,38.237975,0 -106.099717,38.238190,0 -106.100136,38.238314,0 -106.100335,38.238370,0 -106.100415,38.238497,0 -106.100387,38.238641,0 -106.099988,38.238912,0 -106.099633,38.239359,0 -106.099326,38.239866,0 -106.099274,38.240097,0 -106.099413,38.240393,0 -106.099737,38.240612,0 -106.099992,38.240780,0 -106.100183,38.240812,0 -106.100523,38.240700,0 -106.100810,38.240640,0 -106.101089,38.240684,0 -106.101149,38.240804,0 -106.101077,38.240899,0 -106.100830,38.240927,0 -106.100495,38.241099,0 -106.100175,38.241231,0 -106.099761,38.241223,0 -106.098871,38.241115,0 -106.098567,38.241035,0 -106.098368,38.240919,0 -106.098013,38.240568,0 -106.097837,38.240177,0 -106.097825,38.239902,0 -106.097893,38.239635,0 -106.097837,38.239363,0 -106.097658,38.239056,0 -106.097355,38.238876,0 -106.097043,38.238837,0 -106.096628,38.238872,0 -106.096082,38.239100,0 -106.095751,38.239355,0 -106.095591,38.239623,0 -106.095475,38.239942,0 -106.095507,38.240297,0 -106.095695,38.240736,0 -106.095906,38.241023,0 -106.096209,38.241266,0 -106.096441,38.241490,0 -106.096553,38.241701,0 -106.096608,38.242017,0 -106.096489,38.242400,0 -106.096349,38.242623,0 -106.096285,38.242866,0 -106.096146,38.243066,0 -106.095926,38.243285,0 -106.095671,38.243645,0 -106.095419,38.244111,0 -106.095236,38.244311,0</coordinates>
        </LineString>
      </Placemark>
      <Placemark>
        <name>Day 13</name>
        <description>Villa Grove, CO to Colorado Springs, CO</description>
        <LineString>
          <tessellate>1</tessellate>
          <coordinates>-106.095236,38.244311,0 -106.095419,38.244111,0 -106.095671,38.243645,0 -106.095926,38.243285,0 -106.096146,38.243066,0 -106.096285,38.242866,0 -106.096349,38.242623,0 -106.096489,38.242400,0 -106.096608,38.242017,0 -106.096553,38.241701,0 -106.096441,38.241490,0 -106.096209,38.241266,0 -106.095906,38.241023,0 -106.095695,38.240736,0 -106.095507,38.240297,0 -106.095475,38.239942,0 -106.095591,38.239623,0 -106.095751,38.239355,0 -106.096082,38.239100,0 -106.096628,38.238872,0 -106.097043,38.238837,0 -106.097355,38.238876,0 -106.097658,38.239056,0 -106.097837,38.239363,0 -106.097893,38.239635,0 -106.097825,38.239902,0 -106.097837,38.240177,0 -106.098013,38.240568,0 -106.098368,38.240919,0 -106.098567,38.241035,0 -106.098871,38.241115,0 -106.099761,38.241223,0 -106.100175,38.241231,0 -106.100495,38.241099,0 -106.100830,38.240927,0 -106.101077,38.240899,0 -106.101149,38.240804,0 -106.101089,38.240684,0 -106.100810,38.240640,0 -106.100523,38.240700,0 -106.100183,38.240812,0 -106.099992,38.240780,0 -106.099737,38.240612,0 -106.099413,38.240393,0 -106.099274,38.240097,0 -106.099326,38.239866,0 -106.099633,38.239359,0 -106.099988,38.238912,0 -106.100387,38.238641,0 -106.100415,38.238497,0 -106.100335,38.238370,0 -106.100136,38.238314,0 -106.099717,38.238190,0 -106.099210,38.237975,0 -106.099022,38.237827,0 -106.098935,38.237659,0 -106.098966,38.237420,0 -106.099078,38.236997,0 -106.099142,38.236654,0 -106.099014,38.236391,0 -106.098803,38.236239,0 -106.098504,38.236111,0 -106.098276,38.235924,0 -106.098212,38.235748,0 -106.098160,38.235461,0 -106.098236,38.235178,0 -106.098376,38.234874,0 -106.098360,38.234575,0 -106.098312,38.234284,0 -106.098348,38.234108,0 -106.098476,38.233957,0 -106.098528,38.233845,0 -106.098488,38.233534,0 -106.098500,38.233430,0 -106.098583,38.233370,0 -106.098715,38.233354,0 -106.098799,38.233402,0 -106.098827,38.233586,0 -106.098827,38.233801,0 -106.098851,38.234092,0 -106.098895,38.234451,0 -106.098966,38.234914,0 -106.099050,38.235305,0 -106.099190,38.235501,0 -106.099557,38.235569,0 -106.100283,38.235609,0 -106.100602,38.235660,0 -106.100718,38.235824,0 -106.100818,38.236255,0 -106.100914,38.236434,0 -106.101145,38.236474,0 -106.101452,38.236359,0 -106.102079,38.236155,0 -106.102753,38.235916,0 -106.103368,38.235784,0 -106.103595,38.235668,0 -106.103751,38.235401,0 -106.103667,38.235126,0 -106.103372,38.234882,0 -106.103056,38.234886,0 -106.102625,38.235034,0 -106.102394,38.235006,0 -106.102362,38.234866,0 -106.102390,38.234447,0 -106.102697,38.233985,0 -106.102881,38.233442,0 -106.103020,38.233318,0 -106.103212,38.233338,0 -106.103415,38.233574,0 -106.103667,38.233753,0 -106.103886,38.233697,0 -106.104193,38.233502,0 -106.103238,38.232601,0 -106.102239,38.231713,0 -106.100379,38.229846,0 -106.098951,38.228420,0 -106.098075,38.227515,0 -106.097467,38.226888,0 -106.094692,38.224670,0 -106.094551,38.224561,0 -106.093730,38.223921,0 -106.092408,38.222785,0 -106.090866,38.221517,0 -106.089981,38.220767,0 -106.088836,38.219984,0 -106.088565,38.219828,0 -106.087620,38.219284,0 -106.086394,38.218565,0 -106.085008,38.217751,0 -106.083896,38.217037,0 -106.082782,38.216219,0 -106.082119,38.215875,0 -106.081368,38.215720,0 -106.079909,38.215543,0 -106.078032,38.215266,0 -106.076190,38.215000,0 -106.075104,38.214780,0 -106.074313,38.214489,0 -106.073131,38.213779,0 -106.072287,38.213448,0 -106.071617,38.213338,0 -106.069861,38.213207,0 -106.068023,38.213067,0 -106.066592,38.212955,0 -106.064795,38.212898,0 -106.063021,38.212913,0 -106.062224,38.213010,0 -106.060498,38.213556,0 -106.059462,38.214027,0 -106.057853,38.214791,0 -106.056575,38.215347,0 -106.056130,38.215554,0 -106.055559,38.215803,0 -106.054948,38.216092,0 -106.052117,38.217430,0 -106.050988,38.218069,0 -106.050904,38.218117,0 -106.048081,38.220019,0 -106.047691,38.220286,0 -106.046368,38.221190,0 -106.046009,38.221480,0 -106.045581,38.221827,0 -106.043467,38.223537,0 -106.042780,38.223966,0 -106.042211,38.224322,0 -106.041311,38.224796,0 -106.039846,38.225557,0 -106.038776,38.226113,0 -106.038039,38.226427,0 -106.037238,38.226640,0 -106.036269,38.226835,0 -106.035920,38.226890,0 -106.035542,38.226951,0 -106.034646,38.227113,0 -106.032554,38.227580,0 -106.032294,38.227637,0 -106.031868,38.227732,0 -106.029577,38.228320,0 -106.028817,38.228517,0 -106.027528,38.228851,0 -106.026162,38.229259,0 -106.025618,38.229507,0 -106.025158,38.229903,0 -106.025100,38.229952,0 -106.024371,38.230756,0 -106.023879,38.231533,0 -106.023324,38.232580,0 -106.023220,38.232809,0 -106.022855,38.233575,0 -106.022353,38.234216,0 -106.021954,38.234526,0 -106.021453,38.234673,0 -106.020462,38.234725,0 -106.019757,38.234699,0 -106.018961,38.234669,0 -106.018378,38.234770,0 -106.017569,38.235188,0 -106.015753,38.236168,0 -106.014167,38.237038,0 -106.012837,38.237246,0 -106.010093,38.237698,0 -106.009452,38.237802,0 -106.008663,38.237933,0 -106.007799,38.238096,0 -106.005281,38.238555,0 -106.002308,38.239116,0 -106.000262,38.239500,0 -105.997285,38.240072,0 -105.994044,38.240690,0 -105.993216,38.240841,0 -105.991472,38.241181,0 -105.988032,38.241826,0 -105.985087,38.242479,0 -105.983991,38.242787,0 -105.971497,38.247012,0 -105.970271,38.247427,0 -105.969705,38.247683,0 -105.968208,38.248546,0 -105.965876,38.249778,0 -105.965060,38.250189,0 -105.964667,38.250363,0 -105.964272,38.250483,0 -105.964076,38.250518,0 -105.963785,38.250552,0 -105.963301,38.250595,0 -105.962865,38.250617,0 -105.960255,38.250772,0 -105.958502,38.250885,0 -105.957696,38.250959,0 -105.956375,38.251094,0 -105.955269,38.251218,0 -105.954685,38.251286,0 -105.953931,38.251380,0 -105.952479,38.251553,0 -105.952325,38.251570,0 -105.952015,38.251603,0 -105.951817,38.251626,0 -105.951731,38.251636,0 -105.951639,38.251651,0 -105.951562,38.251666,0 -105.951560,38.251667,0 -105.951511,38.251682,0 -105.951447,38.251704,0 -105.951242,38.251780,0 -105.951636,38.252344,0 -105.951856,38.252649,0 -105.952066,38.252939,0 -105.952590,38.253625,0 -105.953048,38.254204,0 -105.953546,38.254838,0 -105.954288,38.255765,0 -105.956593,38.258673,0 -105.961981,38.265489,0 -105.971684,38.277714,0 -105.973062,38.279452,0 -105.975746,38.282836,0 -105.976900,38.284287,0 -105.982382,38.291301,0 -105.987893,38.298914,0 -105.990665,38.302846,0 -105.993464,38.306710,0 -105.994994,38.308843,0 -106.006042,38.324134,0 -106.007916,38.326737,0 -106.010652,38.330532,0 -106.011269,38.331362,0 -106.015139,38.336740,0 -106.015990,38.337911,0 -106.019166,38.342308,0 -106.021272,38.345225,0 -106.028493,38.355223,0 -106.031725,38.359713,0 -106.038900,38.369586,0 -106.038925,38.369621,0 -106.039157,38.369943,0 -106.039404,38.370266,0 -106.039660,38.370591,0 -106.039893,38.370889,0 -106.040010,38.371025,0 -106.040130,38.371156,0 -106.040327,38.371366,0 -106.040754,38.371802,0 -106.042451,38.373531,0 -106.044061,38.375191,0 -106.044453,38.375594,0 -106.044720,38.375873,0 -106.048740,38.380008,0 -106.050222,38.381544,0 -106.051474,38.382842,0 -106.051720,38.383063,0 -106.052555,38.383939,0 -106.053261,38.384689,0 -106.053582,38.385056,0 -106.053958,38.385513,0 -106.054809,38.386607,0 -106.055100,38.387015,0 -106.057684,38.390489,0 -106.058368,38.391338,0 -106.058857,38.391864,0 -106.059352,38.392339,0 -106.059865,38.392830,0 -106.060327,38.393217,0 -106.060740,38.393570,0 -106.061575,38.394187,0 -106.063640,38.395724,0 -106.064071,38.396049,0 -106.064218,38.396163,0 -106.064346,38.396271,0 -106.064464,38.396375,0 -106.064559,38.396464,0 -106.064667,38.396576,0 -106.064725,38.396640,0 -106.064791,38.396712,0 -106.064872,38.396809,0 -106.064935,38.396889,0 -106.065042,38.397029,0 -106.065145,38.397183,0 -106.065266,38.397384,0 -106.065316,38.397480,0 -106.065359,38.397569,0 -106.065396,38.397650,0 -106.065443,38.397765,0 -106.065482,38.397871,0 -106.065535,38.398028,0 -106.065663,38.398441,0 -106.067565,38.404893,0 -106.068900,38.409155,0 -106.069228,38.409880,0 -106.069722,38.410777,0 -106.070198,38.411490,0 -106.071042,38.412611,0 -106.071548,38.413245,0 -106.071901,38.413633,0 -106.072260,38.413992,0 -106.073127,38.414772,0 -106.073499,38.415084,0 -106.073911,38.415410,0 -106.074263,38.415680,0 -106.074602,38.415928,0 -106.075007,38.416192,0 -106.075450,38.416475,0 -106.075858,38.416722,0 -106.076348,38.417004,0 -106.076927,38.417311,0 -106.077490,38.417588,0 -106.078086,38.417858,0 -106.079196,38.418348,0 -106.079896,38.418650,0 -106.083730,38.420324,0 -106.085286,38.421009,0 -106.085905,38.421277,0 -106.087239,38.421844,0 -106.087856,38.422111,0 -106.088105,38.422219,0 -106.088330,38.422322,0 -106.088416,38.422362,0 -106.088675,38.422493,0 -106.088876,38.422602,0 -106.089064,38.422716,0 -106.089242,38.422837,0 -106.089461,38.423004,0 -106.089636,38.423158,0 -106.089727,38.423255,0 -106.089790,38.423323,0 -106.089948,38.423515,0 -106.090077,38.423713,0 -106.090182,38.423917,0 -106.090247,38.424081,0 -106.090301,38.424265,0 -106.090335,38.424446,0 -106.090354,38.424634,0 -106.090362,38.424836,0 -106.090350,38.425066,0 -106.090307,38.425409,0 -106.090148,38.426106,0 -106.089963,38.426699,0 -106.089931,38.426803,0 -106.089898,38.426948,0 -106.089888,38.427012,0 -106.089881,38.427237,0 -106.089891,38.427338,0 -106.089943,38.427566,0 -106.089988,38.427687,0 -106.090075,38.427861,0 -106.090131,38.427948,0 -106.090252,38.428110,0 -106.090429,38.428264,0 -106.090627,38.428404,0 -106.090765,38.428481,0 -106.090925,38.428553,0 -106.091064,38.428609,0 -106.091274,38.428675,0 -106.091468,38.428715,0 -106.091685,38.428738,0 -106.091903,38.428739,0 -106.092108,38.428722,0 -106.092559,38.428667,0 -106.095306,38.428332,0 -106.095828,38.428292,0 -106.096081,38.428297,0 -106.096333,38.428314,0 -106.096576,38.428378,0 -106.096812,38.428452,0 -106.096934,38.428506,0 -106.097121,38.428606,0 -106.098349,38.429502,0 -106.098650,38.429731,0 -106.099014,38.430040,0 -106.099567,38.430602,0 -106.099817,38.430874,0 -106.100957,38.432223,0 -106.101358,38.432694,0 -106.101593,38.433000,0 -106.101702,38.433166,0 -106.101859,38.433511,0 -106.101929,38.433788,0 -106.101948,38.434035,0 -106.101866,38.434386,0 -106.101639,38.435057,0 -106.101547,38.435394,0 -106.101531,38.435748,0 -106.101573,38.435971,0 -106.101619,38.436078,0 -106.101743,38.436276,0 -106.101984,38.436585,0 -106.102342,38.437084,0 -106.102453,38.437255,0 -106.102580,38.437507,0 -106.102758,38.437978,0 -106.102953,38.438509,0 -106.103128,38.438851,0 -106.103267,38.439046,0 -106.103409,38.439233,0 -106.103739,38.439611,0 -106.104302,38.440297,0 -106.104445,38.440532,0 -106.104587,38.440795,0 -106.105265,38.442241,0 -106.105399,38.442625,0 -106.105428,38.442807,0 -106.105430,38.443020,0 -106.105386,38.443216,0 -106.105281,38.443546,0 -106.105150,38.443822,0 -106.105102,38.443978,0 -106.105052,38.444185,0 -106.105035,38.444377,0 -106.105023,38.444585,0 -106.105022,38.444824,0 -106.105040,38.445056,0 -106.105089,38.445216,0 -106.105128,38.445391,0 -106.105185,38.445570,0 -106.105262,38.445771,0 -106.105452,38.446145,0 -106.105629,38.446428,0 -106.105773,38.446605,0 -106.106226,38.447123,0 -106.106377,38.447337,0 -106.106394,38.447363,0 -106.106542,38.447609,0 -106.106598,38.447741,0 -106.106647,38.447867,0 -106.106705,38.448035,0 -106.106751,38.448185,0 -106.106792,38.448316,0 -106.106809,38.448441,0 -106.106813,38.448542,0 -106.106819,38.448628,0 -106.106823,38.448715,0 -106.106808,38.448814,0 -106.106784,38.448928,0 -106.106749,38.449069,0 -106.106705,38.449197,0 -106.106656,38.449316,0 -106.106596,38.449436,0 -106.106546,38.449529,0 -106.106486,38.449626,0 -106.106416,38.449721,0 -106.106331,38.449822,0 -106.106226,38.449935,0 -106.106099,38.450057,0 -106.105956,38.450174,0 -106.105816,38.450272,0 -106.105665,38.450374,0 -106.105528,38.450465,0 -106.105336,38.450582,0 -106.105018,38.450764,0 -106.104542,38.451033,0 -106.103840,38.451427,0 -106.103105,38.451826,0 -106.102739,38.452044,0 -106.102532,38.452182,0 -106.102393,38.452286,0 -106.102266,38.452390,0 -106.102130,38.452504,0 -106.101997,38.452617,0 -106.101876,38.452737,0 -106.101712,38.452902,0 -106.101581,38.453051,0 -106.101441,38.453234,0 -106.101191,38.453576,0 -106.100889,38.453997,0 -106.100585,38.454447,0 -106.100315,38.454840,0 -106.100198,38.455030,0 -106.100100,38.455204,0 -106.100017,38.455381,0 -106.099954,38.455539,0 -106.099879,38.455744,0 -106.099835,38.455912,0 -106.099800,38.456065,0 -106.099730,38.456388,0 -106.099639,38.456888,0 -106.099548,38.457416,0 -106.099502,38.457652,0 -106.099449,38.457869,0 -106.099393,38.458035,0 -106.099346,38.458151,0 -106.099278,38.458279,0 -106.099207,38.458390,0 -106.099118,38.458527,0 -106.098969,38.458730,0 -106.098801,38.458946,0 -106.098737,38.459028,0 -106.098678,38.459106,0 -106.098546,38.459284,0 -106.098446,38.459442,0 -106.098364,38.459583,0 -106.098311,38.459693,0 -106.098257,38.459822,0 -106.098220,38.459946,0 -106.098186,38.460103,0 -106.098155,38.460282,0 -106.098138,38.460463,0 -106.098129,38.460605,0 -106.098121,38.460715,0 -106.098116,38.460833,0 -106.098108,38.460954,0 -106.098089,38.461072,0 -106.098060,38.461200,0 -106.098021,38.461323,0 -106.097984,38.461431,0 -106.097941,38.461531,0 -106.097889,38.461641,0 -106.097826,38.461756,0 -106.097755,38.461864,0 -106.097663,38.461998,0 -106.097563,38.462126,0 -106.097388,38.462336,0 -106.097273,38.462481,0 -106.097167,38.462617,0 -106.097095,38.462718,0 -106.097025,38.462840,0 -106.096968,38.462955,0 -106.096907,38.463096,0 -106.096845,38.463254,0 -106.096223,38.464893,0 -106.096194,38.464966,0 -106.096042,38.465360,0 -106.095949,38.465589,0 -106.095880,38.465741,0 -106.095819,38.465865,0 -106.095756,38.465989,0 -106.095639,38.466209,0 -106.095487,38.466475,0 -106.095393,38.466636,0 -106.095301,38.466774,0 -106.095190,38.466934,0 -106.095048,38.467126,0 -106.094902,38.467308,0 -106.094672,38.467586,0 -106.094522,38.467763,0 -106.094432,38.467862,0 -106.094319,38.467979,0 -106.094170,38.468122,0 -106.094053,38.468237,0 -106.093945,38.468344,0 -106.093840,38.468458,0 -106.093729,38.468577,0 -106.093627,38.468692,0 -106.093530,38.468812,0 -106.093398,38.469000,0 -106.093185,38.469342,0 -106.093032,38.469603,0 -106.092863,38.469892,0 -106.092711,38.470125,0 -106.092535,38.470397,0 -106.092403,38.470596,0 -106.092319,38.470715,0 -106.092238,38.470820,0 -106.092158,38.470916,0 -106.092078,38.471001,0 -106.091933,38.471142,0 -106.091630,38.471433,0 -106.091414,38.471631,0 -106.091290,38.471751,0 -106.091197,38.471853,0 -106.091182,38.471869,0 -106.091092,38.471980,0 -106.091015,38.472092,0 -106.090945,38.472199,0 -106.090884,38.472310,0 -106.090825,38.472429,0 -106.090745,38.472608,0 -106.090642,38.472871,0 -106.090575,38.473037,0 -106.090517,38.473181,0 -106.090464,38.473311,0 -106.090402,38.473441,0 -106.090335,38.473561,0 -106.090254,38.473691,0 -106.090164,38.473821,0 -106.090083,38.473920,0 -106.089987,38.474041,0 -106.089868,38.474168,0 -106.089738,38.474292,0 -106.089567,38.474435,0 -106.088745,38.475085,0 -106.088513,38.475301,0 -106.088395,38.475434,0 -106.088277,38.475579,0 -106.088175,38.475745,0 -106.088119,38.475872,0 -106.088067,38.476014,0 -106.088038,38.476162,0 -106.088022,38.476304,0 -106.088015,38.476505,0 -106.088040,38.476710,0 -106.088086,38.476873,0 -106.088177,38.477175,0 -106.088245,38.477398,0 -106.088353,38.477814,0 -106.088371,38.478049,0 -106.088352,38.478337,0 -106.088312,38.478511,0 -106.088239,38.478709,0 -106.088153,38.478871,0 -106.087988,38.479103,0 -106.087788,38.479374,0 -106.087589,38.479645,0 -106.087383,38.479929,0 -106.087210,38.480181,0 -106.087117,38.480351,0 -106.087025,38.480555,0 -106.086936,38.480817,0 -106.086901,38.481015,0 -106.086893,38.481226,0 -106.086899,38.481435,0 -106.086942,38.481686,0 -106.087036,38.482164,0 -106.087131,38.482627,0 -106.087155,38.482935,0 -106.087136,38.483205,0 -106.087084,38.483423,0 -106.087022,38.483590,0 -106.086957,38.483738,0 -106.086810,38.483982,0 -106.086412,38.484533,0 -106.086142,38.484915,0 -106.085984,38.485138,0 -106.085872,38.485339,0 -106.085761,38.485572,0 -106.085668,38.485848,0 -106.085567,38.486218,0 -106.085493,38.486637,0 -106.085368,38.487297,0 -106.085265,38.487821,0 -106.085148,38.488255,0 -106.084389,38.490838,0 -106.084117,38.491764,0 -106.083468,38.494018,0 -106.083309,38.494610,0 -106.083157,38.495286,0 -106.083072,38.495866,0 -106.082999,38.496523,0 -106.082449,38.502147,0 -106.082344,38.502751,0 -106.082247,38.503021,0 -106.082132,38.503280,0 -106.082062,38.503414,0 -106.082017,38.503502,0 -106.081788,38.503868,0 -106.081577,38.504143,0 -106.081232,38.504545,0 -106.080869,38.504975,0 -106.080673,38.505191,0 -106.080293,38.505643,0 -106.079747,38.506280,0 -106.079302,38.506741,0 -106.078032,38.507970,0 -106.077636,38.508316,0 -106.077549,38.508398,0 -106.077454,38.508487,0 -106.077351,38.508587,0 -106.077234,38.508711,0 -106.077064,38.508910,0 -106.076948,38.509100,0 -106.076894,38.509200,0 -106.076841,38.509326,0 -106.076803,38.509419,0 -106.076768,38.509532,0 -106.076760,38.509572,0 -106.076748,38.509624,0 -106.076737,38.509695,0 -106.076727,38.509776,0 -106.076718,38.509902,0 -106.076712,38.510012,0 -106.076708,38.510176,0 -106.076696,38.510520,0 -106.076662,38.511375,0 -106.076655,38.511749,0 -106.076647,38.511995,0 -106.076635,38.512353,0 -106.076629,38.512759,0 -106.076623,38.513013,0 -106.076616,38.513305,0 -106.076614,38.513376,0 -106.076613,38.513465,0 -106.076610,38.513597,0 -106.076600,38.514033,0 -106.076596,38.514395,0 -106.076594,38.514549,0 -106.076597,38.514646,0 -106.076590,38.514853,0 -106.076599,38.515044,0 -106.076623,38.515234,0 -106.076698,38.515606,0 -106.076722,38.515672,0 -106.076747,38.515748,0 -106.076833,38.516016,0 -106.076927,38.516265,0 -106.076999,38.516461,0 -106.077152,38.516788,0 -106.077711,38.517857,0 -106.078099,38.518567,0 -106.078238,38.518796,0 -106.078574,38.519208,0 -106.078739,38.519382,0 -106.078911,38.519554,0 -106.079200,38.519811,0 -106.079320,38.519904,0 -106.079440,38.519992,0 -106.079656,38.520239,0 -106.079672,38.520261,0 -106.079721,38.520360,0 -106.079734,38.520459,0 -106.079717,38.520553,0 -106.079684,38.520707,0 -106.079695,38.520836,0 -106.079736,38.521307,0 -106.079762,38.522143,0 -106.079771,38.522504,0 -106.079764,38.522650,0 -106.079740,38.523537,0 -106.079735,38.524235,0 -106.079705,38.529387,0 -106.079683,38.531715,0 -106.079656,38.535660,0 -106.079615,38.540943,0 -106.079623,38.542206,0 -106.079625,38.542270,0 -106.079638,38.542807,0 -106.079622,38.543722,0 -106.079626,38.544562,0 -106.079635,38.546154,0 -106.079645,38.547471,0 -106.079642,38.548190,0 -106.079642,38.548259,0 -106.079651,38.548761,0 -106.079685,38.549072,0 -106.079759,38.549412,0 -106.079843,38.549688,0 -106.079954,38.549924,0 -106.080054,38.550120,0 -106.080193,38.550327,0 -106.080446,38.550661,0 -106.080703,38.550908,0 -106.080903,38.551084,0 -106.081421,38.551478,0 -106.081993,38.551888,0 -106.082195,38.552063,0 -106.082384,38.552245,0 -106.082716,38.552635,0 -106.082758,38.552699,0 -106.082863,38.552840,0 -106.082979,38.553046,0 -106.083080,38.553277,0 -106.083161,38.553513,0 -106.083253,38.553910,0 -106.083277,38.554202,0 -106.083269,38.554649,0 -106.083236,38.554883,0 -106.083129,38.555306,0 -106.082981,38.555848,0 -106.082853,38.556268,0 -106.082609,38.557125,0 -106.082593,38.557240,0 -106.082408,38.557875,0 -106.081630,38.560644,0 -106.081503,38.561094,0 -106.080794,38.563620,0 -106.080367,38.565158,0 -106.080150,38.566162,0 -106.080081,38.566630,0 -106.079994,38.567567,0 -106.079986,38.567925,0 -106.079974,38.568510,0 -106.079992,38.568982,0 -106.080042,38.569568,0 -106.080124,38.570290,0 -106.080837,38.573648,0 -106.080917,38.573995,0 -106.081561,38.577275,0 -106.081933,38.578952,0 -106.082759,38.582840,0 -106.082932,38.583652,0 -106.082965,38.583768,0 -106.083013,38.583995,0 -106.083677,38.587141,0 -106.083715,38.587297,0 -106.083732,38.587379,0 -106.083884,38.588101,0 -106.084220,38.589701,0 -106.084453,38.590873,0 -106.084557,38.591579,0 -106.084610,38.592102,0 -106.084629,38.592285,0 -106.084663,38.592992,0 -106.084649,38.594173,0 -106.084631,38.594358,0 -106.084535,38.595347,0 -106.084266,38.596696,0 -106.084200,38.597025,0 -106.084013,38.597732,0 -106.083434,38.600114,0 -106.083307,38.600637,0 -106.082941,38.602345,0 -106.082899,38.602500,0 -106.082473,38.604209,0 -106.082296,38.604918,0 -106.081976,38.606292,0 -106.081938,38.606407,0 -106.081353,38.608844,0 -106.081315,38.608960,0 -106.081074,38.610000,0 -106.081037,38.610116,0 -106.080786,38.611159,0 -106.080702,38.611468,0 -106.080213,38.613490,0 -106.080171,38.613645,0 -106.079687,38.615824,0 -106.079648,38.615979,0 -106.079212,38.617918,0 -106.079026,38.618656,0 -106.078819,38.619429,0 -106.078785,38.619568,0 -106.078340,38.621394,0 -106.078022,38.622544,0 -106.077877,38.623122,0 -106.077731,38.623701,0 -106.077622,38.624222,0 -106.077585,38.624402,0 -106.077525,38.624873,0 -106.077505,38.625345,0 -106.077538,38.626054,0 -106.077682,38.626875,0 -106.077804,38.627339,0 -106.077874,38.627579,0 -106.078107,38.628375,0 -106.078153,38.628490,0 -106.078305,38.629012,0 -106.078588,38.629983,0 -106.078622,38.630059,0 -106.079123,38.631880,0 -106.079381,38.632707,0 -106.079754,38.633713,0 -106.079824,38.633970,0 -106.080142,38.634665,0 -106.080232,38.634888,0 -106.080540,38.635423,0 -106.080587,38.635508,0 -106.080724,38.635759,0 -106.081439,38.637030,0 -106.081742,38.637618,0 -106.081962,38.638071,0 -106.082357,38.638964,0 -106.082430,38.639302,0 -106.082499,38.639520,0 -106.082694,38.640134,0 -106.082782,38.640366,0 -106.082801,38.640523,0 -106.082874,38.640807,0 -106.082946,38.641211,0 -106.083067,38.641881,0 -106.083361,38.643231,0 -106.083522,38.644151,0 -106.084219,38.647522,0 -106.085191,38.652071,0 -106.086003,38.654919,0 -106.087119,38.658690,0 -106.087342,38.659387,0 -106.088103,38.661903,0 -106.088462,38.663124,0 -106.088604,38.663607,0 -106.088843,38.664492,0 -106.089028,38.665128,0 -106.089244,38.665872,0 -106.089546,38.666913,0 -106.089594,38.667074,0 -106.089937,38.668227,0 -106.089994,38.668407,0 -106.090081,38.668709,0 -106.090926,38.671540,0 -106.091269,38.672689,0 -106.091611,38.673835,0 -106.091935,38.675062,0 -106.092100,38.675979,0 -106.092188,38.676735,0 -106.092208,38.677071,0 -106.092225,38.677807,0 -106.092220,38.678778,0 -106.092172,38.679586,0 -106.092071,38.681088,0 -106.092049,38.681438,0 -106.092030,38.681790,0 -106.092023,38.681912,0 -106.091993,38.682476,0 -106.091977,38.682968,0 -106.091909,38.684097,0 -106.091884,38.684316,0 -106.091766,38.685183,0 -106.091038,38.688390,0 -106.090706,38.689907,0 -106.090430,38.691167,0 -106.090244,38.691964,0 -106.090184,38.692513,0 -106.090130,38.693191,0 -106.090123,38.693920,0 -106.090123,38.695566,0 -106.090156,38.696577,0 -106.090178,38.700184,0 -106.090187,38.701556,0 -106.090200,38.702678,0 -106.090265,38.703673,0 -106.090375,38.704475,0 -106.090617,38.705593,0 -106.091060,38.706948,0 -106.091433,38.707913,0 -106.091747,38.708840,0 -106.091902,38.709504,0 -106.091921,38.709728,0 -106.091920,38.709761,0 -106.091912,38.710175,0 -106.091817,38.710759,0 -106.091804,38.710841,0 -106.091684,38.711280,0 -106.091412,38.711921,0 -106.091177,38.712332,0 -106.090241,38.713492,0 -106.089828,38.714062,0 -106.088431,38.715722,0 -106.088008,38.716237,0 -106.087030,38.717473,0 -106.086740,38.717863,0 -106.086474,38.718235,0 -106.086276,38.718571,0 -106.086081,38.719063,0 -106.085991,38.719325,0 -106.085930,38.719546,0 -106.085848,38.719991,0 -106.085796,38.720665,0 -106.085814,38.723002,0 -106.085852,38.727883,0 -106.085830,38.731719,0 -106.085771,38.734221,0 -106.085726,38.734725,0 -106.085546,38.735661,0 -106.085408,38.736032,0 -106.084578,38.737795,0 -106.084420,38.738122,0 -106.083625,38.739759,0 -106.083070,38.740897,0 -106.082942,38.741185,0 -106.082896,38.741289,0 -106.082416,38.742295,0 -106.082270,38.742601,0 -106.081982,38.743188,0 -106.081781,38.743613,0 -106.081606,38.743974,0 -106.081235,38.744792,0 -106.081146,38.745025,0 -106.081018,38.745407,0 -106.080929,38.745786,0 -106.080901,38.745968,0 -106.080884,38.746057,0 -106.080882,38.746208,0 -106.080898,38.746803,0 -106.080949,38.747461,0 -106.081029,38.748066,0 -106.081368,38.750814,0 -106.081486,38.751732,0 -106.081590,38.752323,0 -106.081684,38.752776,0 -106.081776,38.753050,0 -106.081967,38.753520,0 -106.082133,38.753835,0 -106.082241,38.754008,0 -106.082400,38.754244,0 -106.082612,38.754507,0 -106.082935,38.754875,0 -106.083118,38.755080,0 -106.083833,38.755768,0 -106.084767,38.756675,0 -106.085829,38.757711,0 -106.089484,38.761223,0 -106.090091,38.761736,0 -106.091040,38.762495,0 -106.091804,38.763055,0 -106.093033,38.763856,0 -106.095550,38.765471,0 -106.096231,38.765883,0 -106.096551,38.766091,0 -106.098248,38.767136,0 -106.102009,38.769450,0 -106.102563,38.769819,0 -106.103145,38.770244,0 -106.103695,38.770715,0 -106.104051,38.771063,0 -106.104408,38.771456,0 -106.104716,38.771849,0 -106.105002,38.772266,0 -106.105286,38.772742,0 -106.105547,38.773283,0 -106.105788,38.773910,0 -106.106242,38.775159,0 -106.106670,38.776348,0 -106.106929,38.777085,0 -106.106957,38.777159,0 -106.107048,38.777386,0 -106.107186,38.777647,0 -106.107390,38.777988,0 -106.107669,38.778394,0 -106.108020,38.778804,0 -106.108184,38.778969,0 -106.108541,38.779283,0 -106.108809,38.779482,0 -106.109226,38.779747,0 -106.109510,38.779924,0 -106.109874,38.780111,0 -106.111132,38.780787,0 -106.111515,38.781006,0 -106.112034,38.781341,0 -106.112301,38.781553,0 -106.112611,38.781826,0 -106.112836,38.782042,0 -106.113075,38.782294,0 -106.113262,38.782524,0 -106.113488,38.782822,0 -106.113697,38.783174,0 -106.113901,38.783580,0 -106.114013,38.783828,0 -106.114116,38.784184,0 -106.114167,38.784456,0 -106.114217,38.784749,0 -106.114242,38.785130,0 -106.114214,38.785603,0 -106.114165,38.785971,0 -106.113727,38.788041,0 -106.113620,38.788519,0 -106.113553,38.788933,0 -106.113524,38.789193,0 -106.113494,38.789576,0 -106.113482,38.789917,0 -106.113492,38.790314,0 -106.113507,38.790577,0 -106.113561,38.791407,0 -106.113707,38.792258,0 -106.113783,38.792626,0 -106.113906,38.793168,0 -106.114027,38.793856,0 -106.114074,38.794173,0 -106.114094,38.794489,0 -106.114114,38.794790,0 -106.114128,38.795617,0 -106.113984,38.801713,0 -106.113994,38.802087,0 -106.114011,38.802403,0 -106.114035,38.802657,0 -106.114095,38.803000,0 -106.114166,38.803307,0 -106.114262,38.803660,0 -106.114692,38.804873,0 -106.115691,38.807681,0 -106.115722,38.808014,0 -106.115747,38.808270,0 -106.115730,38.808536,0 -106.115708,38.808671,0 -106.115633,38.808940,0 -106.115578,38.809073,0 -106.115509,38.809202,0 -106.115454,38.809279,0 -106.115328,38.809458,0 -106.115084,38.809707,0 -106.114937,38.809821,0 -106.114776,38.809925,0 -106.114615,38.810001,0 -106.114326,38.810127,0 -106.114015,38.810252,0 -106.113595,38.810372,0 -106.111305,38.811066,0 -106.109591,38.811587,0 -106.108978,38.811763,0 -106.108376,38.811931,0 -106.107447,38.812208,0 -106.107322,38.812245,0 -106.106844,38.812388,0 -106.106673,38.812439,0 -106.106574,38.812468,0 -106.106431,38.812512,0 -106.106276,38.812559,0 -106.106083,38.812617,0 -106.105981,38.812649,0 -106.105646,38.812755,0 -106.105512,38.812793,0 -106.105160,38.812892,0 -106.104661,38.813040,0 -106.103514,38.813382,0 -106.103083,38.813511,0 -106.102544,38.813660,0 -106.100492,38.814266,0 -106.099548,38.814536,0 -106.097854,38.815037,0 -106.096667,38.815394,0 -106.096022,38.815561,0 -106.095688,38.815634,0 -106.095379,38.815685,0 -106.094990,38.815737,0 -106.094501,38.815776,0 -106.094098,38.815779,0 -106.093767,38.815766,0 -106.093385,38.815738,0 -106.093128,38.815712,0 -106.092727,38.815654,0 -106.092400,38.815593,0 -106.091792,38.815422,0 -106.091525,38.815342,0 -106.089239,38.814527,0 -106.088796,38.814388,0 -106.088524,38.814322,0 -106.088251,38.814277,0 -106.088007,38.814257,0 -106.087767,38.814264,0 -106.087470,38.814295,0 -106.087211,38.814350,0 -106.086331,38.814611,0 -106.083522,38.815509,0 -106.082722,38.815783,0 -106.082623,38.815816,0 -106.082604,38.815823,0 -106.082587,38.815828,0 -106.082477,38.815861,0 -106.080890,38.816335,0 -106.080331,38.816517,0 -106.079821,38.816671,0 -106.079795,38.816678,0 -106.079610,38.816735,0 -106.079348,38.816820,0 -106.077639,38.817341,0 -106.075931,38.817862,0 -106.074276,38.818332,0 -106.072889,38.818694,0 -106.071645,38.819004,0 -106.070286,38.819322,0 -106.069473,38.819508,0 -106.068718,38.819680,0 -106.067902,38.819870,0 -106.066938,38.820093,0 -106.066182,38.820265,0 -106.066163,38.820270,0 -106.064375,38.820681,0 -106.063467,38.820887,0 -106.062917,38.821015,0 -106.062489,38.821135,0 -106.062045,38.821271,0 -106.061594,38.821447,0 -106.060940,38.821712,0 -106.060597,38.821868,0 -106.059992,38.822139,0 -106.058829,38.822681,0 -106.058548,38.822809,0 -106.057774,38.823154,0 -106.057180,38.823422,0 -106.056775,38.823630,0 -106.056449,38.823805,0 -106.056065,38.824032,0 -106.055495,38.824404,0 -106.054858,38.824878,0 -106.054580,38.825107,0 -106.054456,38.825207,0 -106.054180,38.825425,0 -106.053870,38.825648,0 -106.053654,38.825771,0 -106.053548,38.825831,0 -106.053252,38.825994,0 -106.052858,38.826171,0 -106.052373,38.826340,0 -106.051937,38.826448,0 -106.051626,38.826505,0 -106.051178,38.826556,0 -106.050708,38.826590,0 -106.050153,38.826598,0 -106.046374,38.826672,0 -106.045417,38.826726,0 -106.044127,38.826767,0 -106.043691,38.826795,0 -106.043156,38.826920,0 -106.042474,38.827215,0 -106.041969,38.827593,0 -106.041191,38.828084,0 -106.040738,38.828244,0 -106.040499,38.828289,0 -106.040256,38.828314,0 -106.040015,38.828319,0 -106.039546,38.828260,0 -106.039318,38.828194,0 -106.038400,38.827828,0 -106.037902,38.827710,0 -106.037648,38.827686,0 -106.037143,38.827701,0 -106.036896,38.827739,0 -106.036656,38.827793,0 -106.036420,38.827866,0 -106.036181,38.827950,0 -106.035697,38.828150,0 -106.035297,38.828306,0 -106.034972,38.828448,0 -106.034104,38.828828,0 -106.032031,38.829718,0 -106.029289,38.830895,0 -106.029035,38.831013,0 -106.027740,38.831584,0 -106.026935,38.831926,0 -106.026213,38.832227,0 -106.025803,38.832407,0 -106.025467,38.832581,0 -106.025140,38.832769,0 -106.024868,38.832943,0 -106.024464,38.833274,0 -106.023811,38.833964,0 -106.023493,38.834295,0 -106.023213,38.834488,0 -106.023108,38.834567,0 -106.022897,38.834697,0 -106.022433,38.834947,0 -106.022267,38.835013,0 -106.020892,38.835540,0 -106.020176,38.835812,0 -106.019642,38.836021,0 -106.019000,38.836361,0 -106.018398,38.836676,0 -106.017271,38.837437,0 -106.016684,38.837879,0 -106.016205,38.838308,0 -106.015065,38.839498,0 -106.014542,38.839937,0 -106.013927,38.840337,0 -106.012972,38.840796,0 -106.012948,38.840805,0 -106.012441,38.840986,0 -106.012163,38.841068,0 -106.011313,38.841281,0 -106.010628,38.841411,0 -106.009599,38.841647,0 -106.009507,38.841656,0 -106.009017,38.841705,0 -106.008430,38.841705,0 -106.008141,38.841679,0 -106.007567,38.841571,0 -106.005049,38.841033,0 -106.004494,38.840952,0 -106.003937,38.840917,0 -106.002569,38.840937,0 -106.000470,38.841029,0 -105.999694,38.841095,0 -105.999045,38.841186,0 -105.995867,38.841848,0 -105.995754,38.841875,0 -105.995306,38.841982,0 -105.994761,38.842130,0 -105.993979,38.842435,0 -105.993476,38.842650,0 -105.992734,38.842977,0 -105.992262,38.843213,0 -105.991593,38.843599,0 -105.991039,38.843953,0 -105.990257,38.844587,0 -105.989357,38.845392,0 -105.988257,38.846436,0 -105.987757,38.846944,0 -105.987278,38.847469,0 -105.986862,38.847904,0 -105.985219,38.849717,0 -105.984129,38.850907,0 -105.983921,38.851148,0 -105.983694,38.851528,0 -105.983511,38.851899,0 -105.983455,38.852082,0 -105.983405,38.852666,0 -105.983425,38.852865,0 -105.983514,38.853260,0 -105.983694,38.853644,0 -105.984012,38.854075,0 -105.984528,38.854598,0 -105.984937,38.854986,0 -105.985519,38.855574,0 -105.985649,38.855736,0 -105.985763,38.855904,0 -105.985945,38.856254,0 -105.986007,38.856437,0 -105.986073,38.856814,0 -105.986180,38.858022,0 -105.986204,38.858446,0 -105.986229,38.858898,0 -105.986234,38.859302,0 -105.986248,38.859465,0 -105.986279,38.859925,0 -105.986284,38.860292,0 -105.986187,38.860859,0 -105.985964,38.861349,0 -105.985335,38.862394,0 -105.985224,38.862615,0 -105.985089,38.862936,0 -105.984993,38.863279,0 -105.984952,38.863488,0 -105.984905,38.863765,0 -105.984904,38.864155,0 -105.984943,38.864517,0 -105.985014,38.864986,0 -105.985056,38.865310,0 -105.985076,38.865701,0 -105.985056,38.866177,0 -105.984748,38.868468,0 -105.984354,38.871144,0 -105.984303,38.871564,0 -105.984277,38.871796,0 -105.984259,38.871934,0 -105.984255,38.872035,0 -105.984248,38.872198,0 -105.984255,38.872414,0 -105.984271,38.872607,0 -105.984296,38.872799,0 -105.984331,38.872976,0 -105.984384,38.873215,0 -105.984466,38.873517,0 -105.984546,38.873751,0 -105.984681,38.874038,0 -105.984845,38.874345,0 -105.985020,38.874677,0 -105.985490,38.875545,0 -105.986371,38.877158,0 -105.986799,38.877890,0 -105.987152,38.878642,0 -105.987433,38.879194,0 -105.987728,38.879752,0 -105.988134,38.880566,0 -105.988818,38.881771,0 -105.989005,38.882109,0 -105.989196,38.882457,0 -105.989481,38.882997,0 -105.989770,38.883526,0 -105.990038,38.884019,0 -105.990178,38.884253,0 -105.990439,38.884774,0 -105.990942,38.885731,0 -105.991054,38.885979,0 -105.991357,38.886733,0 -105.991440,38.886992,0 -105.991676,38.888080,0 -105.991726,38.888405,0 -105.991773,38.888825,0 -105.991786,38.889146,0 -105.991793,38.889482,0 -105.991781,38.889818,0 -105.991720,38.890552,0 -105.991420,38.893231,0 -105.991216,38.895084,0 -105.991102,38.896256,0 -105.990888,38.897647,0 -105.990507,38.898733,0 -105.990239,38.899407,0 -105.989572,38.901258,0 -105.989358,38.901948,0 -105.989118,38.902599,0 -105.988603,38.903811,0 -105.988470,38.904029,0 -105.988323,38.904208,0 -105.988099,38.904448,0 -105.987847,38.904650,0 -105.987592,38.904829,0 -105.987250,38.905019,0 -105.986957,38.905151,0 -105.986625,38.905282,0 -105.984294,38.906045,0 -105.981264,38.907043,0 -105.981078,38.907110,0 -105.980709,38.907244,0 -105.980512,38.907322,0 -105.980173,38.907457,0 -105.979381,38.907802,0 -105.978860,38.908042,0 -105.978345,38.908292,0 -105.977841,38.908554,0 -105.976071,38.909556,0 -105.975497,38.909857,0 -105.975298,38.909968,0 -105.975091,38.910084,0 -105.973708,38.910918,0 -105.972993,38.911370,0 -105.972654,38.911563,0 -105.972261,38.911785,0 -105.971928,38.911998,0 -105.971590,38.912209,0 -105.971377,38.912360,0 -105.971186,38.912506,0 -105.971077,38.912595,0 -105.970906,38.912763,0 -105.970666,38.912998,0 -105.970469,38.913202,0 -105.970274,38.913438,0 -105.970107,38.913661,0 -105.969958,38.913900,0 -105.969847,38.914101,0 -105.969733,38.914333,0 -105.969661,38.914499,0 -105.969608,38.914632,0 -105.969551,38.914839,0 -105.969490,38.915085,0 -105.969437,38.915353,0 -105.969186,38.916602,0 -105.969030,38.917390,0 -105.968948,38.917846,0 -105.968710,38.919128,0 -105.968405,38.920779,0 -105.968326,38.921175,0 -105.968132,38.922143,0 -105.967887,38.922114,0 -105.967240,38.922038,0 -105.967042,38.922022,0 -105.966835,38.922027,0 -105.966634,38.922057,0 -105.966425,38.922124,0 -105.965505,38.922738,0 -105.964909,38.923018,0 -105.964460,38.923218,0 -105.963941,38.923407,0 -105.963479,38.923548,0 -105.963133,38.923632,0 -105.962914,38.923685,0 -105.962676,38.923729,0 -105.962344,38.923787,0 -105.961987,38.923842,0 -105.957157,38.924550,0 -105.956488,38.924646,0 -105.954405,38.924956,0 -105.951249,38.925427,0 -105.949356,38.925709,0 -105.943665,38.926557,0 -105.941162,38.926930,0 -105.936313,38.927664,0 -105.930209,38.928570,0 -105.929023,38.928771,0 -105.928528,38.928872,0 -105.928011,38.929017,0 -105.927529,38.929176,0 -105.926959,38.929390,0 -105.926434,38.929614,0 -105.925940,38.929851,0 -105.925427,38.930138,0 -105.924711,38.930612,0 -105.922213,38.932473,0 -105.915878,38.937072,0 -105.913870,38.938567,0 -105.911503,38.940318,0 -105.907705,38.943104,0 -105.904996,38.945159,0 -105.904097,38.945943,0 -105.903335,38.946668,0 -105.901062,38.948805,0 -105.899167,38.950609,0 -105.894509,38.955053,0 -105.891790,38.957665,0 -105.888372,38.960898,0 -105.883931,38.965102,0 -105.875358,38.973245,0 -105.872782,38.975721,0 -105.872430,38.976105,0 -105.872178,38.976434,0 -105.871915,38.976780,0 -105.871504,38.977417,0 -105.871080,38.978224,0 -105.870723,38.979108,0 -105.869562,38.982210,0 -105.869061,38.983572,0 -105.868679,38.984502,0 -105.868313,38.985231,0 -105.867925,38.985903,0 -105.867608,38.986380,0 -105.866865,38.987412,0 -105.862567,38.992893,0 -105.862061,38.993536,0 -105.859809,38.996444,0 -105.858795,38.997771,0 -105.858619,38.998024,0 -105.858186,38.998718,0 -105.857747,38.999553,0 -105.857354,39.000420,0 -105.856938,39.001667,0 -105.856208,39.004303,0 -105.855978,39.005145,0 -105.855294,39.007690,0 -105.855046,39.008497,0 -105.854805,39.009079,0 -105.854635,39.009415,0 -105.854468,39.009693,0 -105.854263,39.010002,0 -105.854018,39.010307,0 -105.853790,39.010568,0 -105.853563,39.010814,0 -105.852987,39.011331,0 -105.852470,39.011725,0 -105.851963,39.012059,0 -105.849456,39.013583,0 -105.848134,39.014372,0 -105.847538,39.014710,0 -105.846974,39.015000,0 -105.846186,39.015360,0 -105.845517,39.015645,0 -105.844694,39.015951,0 -105.843578,39.016322,0 -105.842298,39.016675,0 -105.840909,39.017022,0 -105.839101,39.017459,0 -105.836359,39.018131,0 -105.834912,39.018491,0 -105.832936,39.018973,0 -105.828903,39.019957,0 -105.824410,39.021061,0 -105.822739,39.021458,0 -105.822046,39.021627,0 -105.816432,39.022995,0 -105.816003,39.023099,0 -105.815585,39.023195,0 -105.815251,39.023264,0 -105.814970,39.023312,0 -105.814702,39.023348,0 -105.814452,39.023375,0 -105.814211,39.023392,0 -105.813956,39.023408,0 -105.813562,39.023415,0 -105.813177,39.023412,0 -105.812790,39.023396,0 -105.812380,39.023357,0 -105.812094,39.023321,0 -105.811851,39.023282,0 -105.811501,39.023211,0 -105.809864,39.022860,0 -105.807409,39.022327,0 -105.802962,39.021351,0 -105.802657,39.021296,0 -105.802329,39.021250,0 -105.802037,39.021218,0 -105.801718,39.021184,0 -105.801445,39.021165,0 -105.801160,39.021149,0 -105.800843,39.021139,0 -105.800417,39.021139,0 -105.799753,39.021148,0 -105.797561,39.021186,0 -105.795921,39.021214,0 -105.795499,39.021224,0 -105.795107,39.021244,0 -105.794806,39.021273,0 -105.794560,39.021307,0 -105.794288,39.021355,0 -105.794022,39.021409,0 -105.793734,39.021477,0 -105.793282,39.021610,0 -105.792864,39.021746,0 -105.773950,39.028619,0 -105.773698,39.028710,0 -105.773529,39.028771,0 -105.768418,39.030589,0 -105.765528,39.031633,0 -105.762919,39.032598,0 -105.753865,39.035889,0 -105.748953,39.037651,0 -105.746575,39.038537,0 -105.745659,39.038820,0 -105.744701,39.039071,0 -105.743743,39.039277,0 -105.742564,39.039479,0 -105.741520,39.039623,0 -105.739951,39.039756,0 -105.737630,39.039930,0 -105.716568,39.041669,0 -105.716468,39.041678,0 -105.706925,39.042466,0 -105.697247,39.043213,0 -105.677830,39.044830,0 -105.676264,39.044956,0 -105.659795,39.046300,0 -105.648811,39.047188,0 -105.644678,39.047508,0 -105.642329,39.047700,0 -105.641626,39.047758,0 -105.640758,39.047832,0 -105.640028,39.047885,0 -105.639461,39.047915,0 -105.638901,39.047926,0 -105.638010,39.047928,0 -105.634111,39.047926,0 -105.631184,39.047928,0 -105.630759,39.047927,0 -105.625818,39.047919,0 -105.622524,39.047913,0 -105.617647,39.047915,0 -105.604237,39.047909,0 -105.604041,39.047908,0 -105.598958,39.047899,0 -105.596147,39.047894,0 -105.586392,39.047971,0 -105.578747,39.047905,0 -105.574506,39.047881,0 -105.569476,39.047879,0 -105.561365,39.047867,0 -105.559102,39.047878,0 -105.554542,39.047883,0 -105.544167,39.047867,0 -105.543004,39.047834,0 -105.542106,39.047770,0 -105.540970,39.047585,0 -105.539721,39.047213,0 -105.539300,39.047053,0 -105.538187,39.046559,0 -105.537815,39.046363,0 -105.536073,39.045262,0 -105.535651,39.045003,0 -105.535176,39.044777,0 -105.534517,39.044527,0 -105.533943,39.044363,0 -105.533384,39.044249,0 -105.532574,39.044134,0 -105.530779,39.043922,0 -105.530461,39.043866,0 -105.530141,39.043765,0 -105.529867,39.043623,0 -105.529543,39.043345,0 -105.529173,39.042987,0 -105.528959,39.042845,0 -105.528701,39.042713,0 -105.528257,39.042525,0 -105.527835,39.042347,0 -105.527438,39.042146,0 -105.527152,39.041935,0 -105.526919,39.041692,0 -105.526732,39.041436,0 -105.526600,39.041130,0 -105.526520,39.040813,0 -105.526490,39.040398,0 -105.526526,39.039964,0 -105.526650,39.039500,0 -105.526703,39.039235,0 -105.526686,39.039058,0 -105.526623,39.038882,0 -105.526521,39.038730,0 -105.526396,39.038594,0 -105.526216,39.038468,0 -105.525993,39.038386,0 -105.525638,39.038286,0 -105.524143,39.037978,0 -105.522487,39.037630,0 -105.519357,39.036979,0 -105.519235,39.036953,0 -105.518792,39.036745,0 -105.517891,39.036378,0 -105.516604,39.035728,0 -105.515279,39.035192,0 -105.513695,39.034070,0 -105.512933,39.033681,0 -105.511442,39.033369,0 -105.510761,39.033108,0 -105.508643,39.032345,0 -105.506454,39.031545,0 -105.504866,39.031228,0 -105.502753,39.031070,0 -105.501487,39.031070,0 -105.499330,39.031028,0 -105.493837,39.030495,0 -105.493026,39.030472,0 -105.492403,39.030488,0 -105.491568,39.030508,0 -105.473861,39.030824,0 -105.453206,39.031211,0 -105.452036,39.031305,0 -105.448979,39.031873,0 -105.448561,39.031921,0 -105.448257,39.031925,0 -105.447979,39.031907,0 -105.447410,39.031823,0 -105.447206,39.031791,0 -105.444903,39.031366,0 -105.442895,39.030944,0 -105.441926,39.030509,0 -105.440050,39.029341,0 -105.439482,39.029023,0 -105.438900,39.028793,0 -105.438270,39.028630,0 -105.437672,39.028540,0 -105.436295,39.028408,0 -105.435491,39.028255,0 -105.433040,39.027666,0 -105.428398,39.026710,0 -105.426143,39.026322,0 -105.425627,39.026249,0 -105.425278,39.026215,0 -105.425011,39.026201,0 -105.424745,39.026202,0 -105.424531,39.026211,0 -105.424233,39.026224,0 -105.423981,39.026238,0 -105.423626,39.026249,0 -105.423313,39.026248,0 -105.423000,39.026234,0 -105.422708,39.026210,0 -105.419365,39.025712,0 -105.417506,39.025436,0 -105.416525,39.025287,0 -105.414484,39.024977,0 -105.414140,39.024918,0 -105.413966,39.024878,0 -105.413762,39.024825,0 -105.413580,39.024763,0 -105.413409,39.024698,0 -105.413265,39.024637,0 -105.413132,39.024573,0 -105.413010,39.024504,0 -105.412864,39.024414,0 -105.412458,39.024121,0 -105.411657,39.023525,0 -105.411164,39.023168,0 -105.410954,39.023019,0 -105.410659,39.022832,0 -105.410179,39.022552,0 -105.409870,39.022375,0 -105.409686,39.022257,0 -105.409516,39.022136,0 -105.409338,39.022003,0 -105.408879,39.021651,0 -105.407765,39.020729,0 -105.407066,39.020163,0 -105.406508,39.019749,0 -105.405800,39.019204,0 -105.405310,39.018844,0 -105.405131,39.018726,0 -105.404965,39.018638,0 -105.404810,39.018569,0 -105.404640,39.018499,0 -105.404458,39.018441,0 -105.404320,39.018405,0 -105.404182,39.018378,0 -105.404011,39.018353,0 -105.403919,39.018341,0 -105.403819,39.018333,0 -105.403663,39.018329,0 -105.402075,39.018375,0 -105.401024,39.018405,0 -105.399717,39.018439,0 -105.398279,39.018475,0 -105.397573,39.018497,0 -105.397200,39.018501,0 -105.397029,39.018495,0 -105.396842,39.018485,0 -105.396678,39.018466,0 -105.396486,39.018437,0 -105.396236,39.018387,0 -105.395915,39.018309,0 -105.394979,39.018025,0 -105.394681,39.017925,0 -105.394426,39.017821,0 -105.394304,39.017760,0 -105.394195,39.017699,0 -105.394084,39.017625,0 -105.393980,39.017546,0 -105.393858,39.017442,0 -105.393716,39.017310,0 -105.393605,39.017195,0 -105.393511,39.017092,0 -105.393419,39.016996,0 -105.392393,39.015898,0 -105.391514,39.014987,0 -105.391164,39.014635,0 -105.390104,39.013596,0 -105.389458,39.012951,0 -105.389295,39.012789,0 -105.388774,39.012256,0 -105.388241,39.011722,0 -105.387887,39.011356,0 -105.387656,39.011103,0 -105.387447,39.010857,0 -105.387288,39.010641,0 -105.387132,39.010410,0 -105.387001,39.010205,0 -105.386875,39.009998,0 -105.386720,39.009714,0 -105.386606,39.009477,0 -105.386493,39.009218,0 -105.386407,39.008988,0 -105.386339,39.008804,0 -105.386268,39.008588,0 -105.386214,39.008379,0 -105.386180,39.008225,0 -105.386153,39.008100,0 -105.386128,39.007964,0 -105.386108,39.007845,0 -105.386082,39.007673,0 -105.386058,39.007479,0 -105.386033,39.007218,0 -105.385947,39.006257,0 -105.385876,39.005484,0 -105.385799,39.004523,0 -105.385741,39.003953,0 -105.385707,39.003719,0 -105.385658,39.003503,0 -105.385614,39.003370,0 -105.385562,39.003237,0 -105.385495,39.003110,0 -105.385419,39.002983,0 -105.385340,39.002866,0 -105.385250,39.002743,0 -105.385129,39.002610,0 -105.385000,39.002480,0 -105.384874,39.002355,0 -105.384738,39.002236,0 -105.384590,39.002127,0 -105.384450,39.002034,0 -105.384316,39.001958,0 -105.384179,39.001885,0 -105.384037,39.001822,0 -105.383911,39.001770,0 -105.383762,39.001716,0 -105.383609,39.001669,0 -105.383453,39.001623,0 -105.382679,39.001422,0 -105.382125,39.001271,0 -105.381832,39.001188,0 -105.381500,39.001088,0 -105.381172,39.000990,0 -105.380820,39.000875,0 -105.380469,39.000751,0 -105.379840,39.000505,0 -105.379105,39.000209,0 -105.377979,38.999726,0 -105.376982,38.999299,0 -105.376099,38.998917,0 -105.375457,38.998643,0 -105.374373,38.998179,0 -105.373970,38.997998,0 -105.373663,38.997849,0 -105.373276,38.997651,0 -105.372895,38.997440,0 -105.372582,38.997246,0 -105.372247,38.997019,0 -105.371968,38.996812,0 -105.371736,38.996628,0 -105.371538,38.996468,0 -105.371361,38.996316,0 -105.371193,38.996150,0 -105.371007,38.995951,0 -105.370810,38.995734,0 -105.370281,38.995138,0 -105.369479,38.994216,0 -105.369064,38.993726,0 -105.368152,38.992648,0 -105.367336,38.991688,0 -105.366470,38.990651,0 -105.365679,38.989700,0 -105.365269,38.989197,0 -105.364276,38.988069,0 -105.363326,38.986935,0 -105.362983,38.986526,0 -105.362173,38.985559,0 -105.361469,38.984760,0 -105.360269,38.983385,0 -105.359847,38.982896,0 -105.359423,38.982428,0 -105.358696,38.981604,0 -105.357670,38.980403,0 -105.357339,38.980001,0 -105.357229,38.979879,0 -105.356700,38.979245,0 -105.356335,38.978825,0 -105.355627,38.978087,0 -105.355118,38.977604,0 -105.354831,38.977359,0 -105.354517,38.977093,0 -105.353818,38.976554,0 -105.353315,38.976185,0 -105.352758,38.975813,0 -105.351970,38.975324,0 -105.351285,38.974942,0 -105.350377,38.974456,0 -105.350102,38.974313,0 -105.347949,38.973174,0 -105.347003,38.972675,0 -105.346040,38.972177,0 -105.345302,38.971785,0 -105.344687,38.971447,0 -105.344025,38.971098,0 -105.343042,38.970538,0 -105.342939,38.970476,0 -105.342415,38.970150,0 -105.342125,38.969956,0 -105.341630,38.969604,0 -105.340525,38.968770,0 -105.339610,38.968075,0 -105.338869,38.967524,0 -105.336532,38.965761,0 -105.334886,38.964505,0 -105.333249,38.963276,0 -105.332348,38.962605,0 -105.332154,38.962460,0 -105.331134,38.961671,0 -105.330291,38.961073,0 -105.326201,38.957977,0 -105.325135,38.957167,0 -105.323813,38.956173,0 -105.323134,38.955662,0 -105.322830,38.955432,0 -105.322709,38.955341,0 -105.320691,38.953810,0 -105.320313,38.953537,0 -105.319897,38.953247,0 -105.317712,38.951868,0 -105.315709,38.950615,0 -105.315674,38.950596,0 -105.315649,38.950580,0 -105.314940,38.950140,0 -105.311927,38.948245,0 -105.310898,38.947630,0 -105.310186,38.947267,0 -105.309520,38.946946,0 -105.308973,38.946721,0 -105.308078,38.946393,0 -105.307282,38.946130,0 -105.306327,38.945867,0 -105.305368,38.945673,0 -105.304169,38.945480,0 -105.303229,38.945383,0 -105.302270,38.945341,0 -105.302030,38.945342,0 -105.301637,38.945332,0 -105.301260,38.945334,0 -105.300822,38.945348,0 -105.300397,38.945370,0 -105.299905,38.945399,0 -105.297865,38.945550,0 -105.297458,38.945579,0 -105.295778,38.945690,0 -105.294330,38.945792,0 -105.293523,38.945853,0 -105.292238,38.945948,0 -105.291062,38.946028,0 -105.289490,38.946147,0 -105.289408,38.946154,0 -105.289188,38.946172,0 -105.288864,38.946193,0 -105.288560,38.946214,0 -105.288304,38.946235,0 -105.288070,38.946263,0 -105.287785,38.946306,0 -105.287532,38.946356,0 -105.287235,38.946423,0 -105.287004,38.946487,0 -105.286678,38.946590,0 -105.286532,38.946641,0 -105.286072,38.946804,0 -105.282970,38.947858,0 -105.281823,38.948051,0 -105.281660,38.948085,0 -105.281454,38.948144,0 -105.281187,38.948242,0 -105.280962,38.948335,0 -105.280835,38.948401,0 -105.280733,38.948456,0 -105.280610,38.948532,0 -105.280460,38.948631,0 -105.280318,38.948736,0 -105.280171,38.948863,0 -105.279936,38.949105,0 -105.279621,38.949469,0 -105.279527,38.949579,0 -105.279437,38.949669,0 -105.279316,38.949759,0 -105.279204,38.949830,0 -105.279008,38.949941,0 -105.278806,38.950021,0 -105.278676,38.950068,0 -105.278517,38.950111,0 -105.278272,38.950153,0 -105.278063,38.950174,0 -105.277874,38.950179,0 -105.277687,38.950170,0 -105.277494,38.950152,0 -105.276685,38.950061,0 -105.276385,38.950045,0 -105.276044,38.950058,0 -105.275798,38.950097,0 -105.273041,38.950897,0 -105.272520,38.951032,0 -105.272004,38.951081,0 -105.271818,38.951091,0 -105.271372,38.951116,0 -105.270663,38.951156,0 -105.270101,38.951182,0 -105.269815,38.951176,0 -105.269243,38.951082,0 -105.268686,38.950878,0 -105.268019,38.950447,0 -105.267218,38.949900,0 -105.266395,38.949552,0 -105.265291,38.949112,0 -105.263848,38.948517,0 -105.263433,38.948374,0 -105.262976,38.948292,0 -105.262519,38.948226,0 -105.262013,38.948227,0 -105.261290,38.948357,0 -105.260698,38.948502,0 -105.260317,38.948554,0 -105.259806,38.948580,0 -105.259407,38.948530,0 -105.258826,38.948357,0 -105.258305,38.948101,0 -105.257887,38.947882,0 -105.256794,38.947326,0 -105.255862,38.946852,0 -105.255621,38.946720,0 -105.255407,38.946561,0 -105.255206,38.946376,0 -105.255035,38.946172,0 -105.254944,38.946034,0 -105.254836,38.945834,0 -105.254797,38.945728,0 -105.254772,38.945654,0 -105.254747,38.945568,0 -105.254730,38.945485,0 -105.254722,38.945394,0 -105.254720,38.945251,0 -105.254743,38.945012,0 -105.254984,38.943812,0 -105.255032,38.943459,0 -105.255011,38.943101,0 -105.254941,38.942328,0 -105.254753,38.941472,0 -105.254574,38.940664,0 -105.254188,38.939121,0 -105.254097,38.938736,0 -105.253911,38.938230,0 -105.253625,38.937800,0 -105.252889,38.937261,0 -105.250731,38.936416,0 -105.249437,38.935922,0 -105.248752,38.935684,0 -105.248137,38.935615,0 -105.247019,38.935646,0 -105.245975,38.935748,0 -105.245283,38.935784,0 -105.242422,38.935960,0 -105.241730,38.935994,0 -105.240843,38.935918,0 -105.237443,38.935591,0 -105.237116,38.935559,0 -105.235233,38.935383,0 -105.234673,38.935237,0 -105.234197,38.935050,0 -105.233982,38.934859,0 -105.233896,38.934782,0 -105.233548,38.934504,0 -105.233513,38.934459,0 -105.233322,38.934213,0 -105.233102,38.933837,0 -105.232904,38.933307,0 -105.232535,38.932899,0 -105.232064,38.932629,0 -105.231618,38.932502,0 -105.231113,38.932452,0 -105.230722,38.932481,0 -105.230200,38.932594,0 -105.229163,38.932838,0 -105.227980,38.933152,0 -105.227513,38.933198,0 -105.227008,38.933215,0 -105.226482,38.933175,0 -105.225856,38.933031,0 -105.225168,38.932823,0 -105.224600,38.932737,0 -105.223966,38.932727,0 -105.223284,38.932784,0 -105.222300,38.932832,0 -105.220043,38.933050,0 -105.219497,38.933102,0 -105.218924,38.933183,0 -105.218365,38.933359,0 -105.217884,38.933655,0 -105.217464,38.933957,0 -105.216422,38.934988,0 -105.215903,38.935410,0 -105.215382,38.935707,0 -105.214052,38.936216,0 -105.212312,38.936808,0 -105.210995,38.937280,0 -105.209377,38.937807,0 -105.208551,38.937943,0 -105.206627,38.937978,0 -105.204141,38.937943,0 -105.202428,38.937940,0 -105.201482,38.937886,0 -105.200461,38.937753,0 -105.199530,38.937544,0 -105.198578,38.937287,0 -105.195153,38.935785,0 -105.194271,38.935377,0 -105.193845,38.935227,0 -105.193168,38.935026,0 -105.192491,38.934910,0 -105.191808,38.934828,0 -105.190986,38.934762,0 -105.189420,38.934761,0 -105.187964,38.934861,0 -105.185490,38.935384,0 -105.182846,38.935991,0 -105.181293,38.936342,0 -105.177446,38.937203,0 -105.176497,38.937415,0 -105.176375,38.937443,0 -105.176034,38.937519,0 -105.175757,38.937583,0 -105.172261,38.938382,0 -105.171754,38.938489,0 -105.170546,38.938788,0 -105.161993,38.940688,0 -105.161557,38.940791,0 -105.159699,38.941205,0 -105.158350,38.941502,0 -105.158276,38.941518,0 -105.157651,38.941655,0 -105.157538,38.941655,0 -105.157427,38.941664,0 -105.157075,38.941739,0 -105.156470,38.941874,0 -105.156115,38.941983,0 -105.155455,38.942247,0 -105.155037,38.942437,0 -105.154898,38.942504,0 -105.154782,38.942572,0 -105.154649,38.942685,0 -105.152755,38.943923,0 -105.151076,38.944971,0 -105.150662,38.945231,0 -105.149537,38.945915,0 -105.148363,38.946555,0 -105.147513,38.946981,0 -105.146726,38.947320,0 -105.146584,38.947384,0 -105.146436,38.947437,0 -105.145398,38.947816,0 -105.144682,38.948048,0 -105.143850,38.948289,0 -105.143547,38.948375,0 -105.143184,38.948471,0 -105.143095,38.948496,0 -105.143070,38.948503,0 -105.142967,38.948529,0 -105.138742,38.949525,0 -105.136877,38.949966,0 -105.134973,38.950408,0 -105.133017,38.950850,0 -105.131061,38.951296,0 -105.130022,38.951551,0 -105.129133,38.951775,0 -105.128638,38.951922,0 -105.128133,38.952089,0 -105.126020,38.952836,0 -105.124523,38.953358,0 -105.119602,38.955028,0 -105.111670,38.957749,0 -105.111142,38.957881,0 -105.110561,38.957982,0 -105.110176,38.958017,0 -105.109749,38.958037,0 -105.109157,38.958026,0 -105.108470,38.957968,0 -105.106072,38.957667,0 -105.103641,38.957387,0 -105.101832,38.957170,0 -105.101480,38.957148,0 -105.101135,38.957149,0 -105.100793,38.957169,0 -105.100470,38.957201,0 -105.100042,38.957270,0 -105.099651,38.957350,0 -105.099253,38.957470,0 -105.099051,38.957548,0 -105.098868,38.957618,0 -105.098366,38.957832,0 -105.095184,38.959311,0 -105.094369,38.959702,0 -105.093481,38.960099,0 -105.093409,38.960132,0 -105.092412,38.960573,0 -105.090465,38.961472,0 -105.088579,38.962347,0 -105.087892,38.962719,0 -105.087366,38.963038,0 -105.087124,38.963192,0 -105.086862,38.963372,0 -105.086341,38.963749,0 -105.085970,38.964050,0 -105.085716,38.964258,0 -105.085111,38.964795,0 -105.084753,38.965134,0 -105.084419,38.965484,0 -105.084110,38.965833,0 -105.083759,38.966258,0 -105.082687,38.967554,0 -105.081165,38.969341,0 -105.080941,38.969607,0 -105.079665,38.971118,0 -105.079401,38.971432,0 -105.078438,38.972584,0 -105.078243,38.972820,0 -105.077627,38.973541,0 -105.076380,38.975014,0 -105.076051,38.975399,0 -105.075288,38.976314,0 -105.074413,38.977354,0 -105.073737,38.978162,0 -105.073289,38.978699,0 -105.072285,38.979870,0 -105.072030,38.980172,0 -105.071878,38.980317,0 -105.071715,38.980454,0 -105.071355,38.980708,0 -105.070964,38.980927,0 -105.070618,38.981072,0 -105.070261,38.981188,0 -105.069885,38.981282,0 -105.069609,38.981325,0 -105.069251,38.981371,0 -105.069013,38.981398,0 -105.067756,38.981549,0 -105.067492,38.981590,0 -105.067010,38.981686,0 -105.066864,38.981697,0 -105.066744,38.981723,0 -105.066332,38.981862,0 -105.065922,38.982034,0 -105.065526,38.982233,0 -105.065130,38.982445,0 -105.064729,38.982684,0 -105.064374,38.982932,0 -105.063813,38.983374,0 -105.063551,38.983617,0 -105.063238,38.983971,0 -105.062965,38.984351,0 -105.062694,38.984853,0 -105.062573,38.985161,0 -105.062505,38.985366,0 -105.062442,38.985614,0 -105.062401,38.985855,0 -105.062372,38.986092,0 -105.062303,38.986782,0 -105.062280,38.987008,0 -105.062220,38.987463,0 -105.062183,38.987688,0 -105.062131,38.987910,0 -105.062026,38.988265,0 -105.061924,38.988560,0 -105.061844,38.988754,0 -105.061758,38.988945,0 -105.061677,38.989122,0 -105.061640,38.989204,0 -105.061526,38.989446,0 -105.061393,38.989687,0 -105.060686,38.990887,0 -105.060518,38.991173,0 -105.060355,38.991456,0 -105.060178,38.991736,0 -105.060081,38.991902,0 -105.059916,38.992200,0 -105.059737,38.992478,0 -105.059665,38.992568,0 -105.059547,38.992702,0 -105.059395,38.992873,0 -105.059291,38.992973,0 -105.059189,38.993063,0 -105.059066,38.993160,0 -105.058834,38.993328,0 -105.058678,38.993425,0 -105.058406,38.993571,0 -105.058199,38.993671,0 -105.057986,38.993756,0 -105.057787,38.993823,0 -105.057617,38.993870,0 -105.057460,38.993911,0 -105.057256,38.993959,0 -105.057203,38.993969,0 -105.057150,38.993976,0 -105.056965,38.994000,0 -105.056832,38.994018,0 -105.056720,38.994030,0 -105.055908,38.994102,0 -105.055722,38.994118,0 -105.055567,38.994134,0 -105.054307,38.994240,0 -105.054250,38.994247,0 -105.054195,38.994252,0 -105.053022,38.994360,0 -105.052767,38.994382,0 -105.052586,38.994390,0 -105.052436,38.994394,0 -105.052281,38.994389,0 -105.052127,38.994379,0 -105.051958,38.994361,0 -105.051811,38.994341,0 -105.051681,38.994312,0 -105.051578,38.994287,0 -105.051242,38.994173,0 -105.050963,38.994049,0 -105.050777,38.993950,0 -105.050662,38.993882,0 -105.050526,38.993787,0 -105.050403,38.993688,0 -105.050205,38.993501,0 -105.050053,38.993316,0 -105.049981,38.993219,0 -105.049915,38.993119,0 -105.049381,38.992245,0 -105.049271,38.992060,0 -105.049166,38.991890,0 -105.048982,38.991592,0 -105.048796,38.991292,0 -105.048763,38.991236,0 -105.048426,38.990679,0 -105.048252,38.990400,0 -105.048079,38.990121,0 -105.048047,38.990070,0 -105.047406,38.989015,0 -105.046992,38.988341,0 -105.046608,38.987713,0 -105.046484,38.987510,0 -105.046369,38.987320,0 -105.046228,38.987074,0 -105.046123,38.986858,0 -105.046070,38.986703,0 -105.046031,38.986564,0 -105.045998,38.986422,0 -105.045931,38.986070,0 -105.045829,38.985498,0 -105.045670,38.984567,0 -105.045624,38.984349,0 -105.045468,38.983526,0 -105.045414,38.983253,0 -105.045384,38.983079,0 -105.045343,38.982910,0 -105.045305,38.982770,0 -105.045264,38.982648,0 -105.045204,38.982478,0 -105.045140,38.982325,0 -105.044991,38.982019,0 -105.044909,38.981873,0 -105.044823,38.981740,0 -105.044775,38.981667,0 -105.044709,38.981577,0 -105.044536,38.981366,0 -105.044445,38.981274,0 -105.044272,38.981098,0 -105.044129,38.980931,0 -105.043747,38.980619,0 -105.043480,38.980383,0 -105.042905,38.979871,0 -105.042700,38.979667,0 -105.042512,38.979463,0 -105.042357,38.979285,0 -105.042219,38.979117,0 -105.041960,38.978779,0 -105.041794,38.978546,0 -105.041278,38.977843,0 -105.040391,38.976684,0 -105.038922,38.974620,0 -105.038688,38.974292,0 -105.038602,38.974146,0 -105.038491,38.973928,0 -105.038150,38.973259,0 -105.037740,38.972205,0 -105.037506,38.971583,0 -105.037351,38.971203,0 -105.037138,38.970778,0 -105.036845,38.970304,0 -105.036360,38.969717,0 -105.036020,38.969366,0 -105.035042,38.968451,0 -105.034500,38.967923,0 -105.033560,38.966727,0 -105.031847,38.964528,0 -105.031092,38.963629,0 -105.030646,38.963048,0 -105.030095,38.962336,0 -105.029627,38.961516,0 -105.029351,38.960881,0 -105.029191,38.960468,0 -105.028919,38.959729,0 -105.027941,38.957121,0 -105.027899,38.957010,0 -105.027819,38.956802,0 -105.027680,38.956469,0 -105.027556,38.956149,0 -105.027467,38.955897,0 -105.026980,38.954665,0 -105.026785,38.954166,0 -105.026716,38.953958,0 -105.026432,38.953234,0 -105.026313,38.952911,0 -105.026217,38.952577,0 -105.026028,38.951580,0 -105.025986,38.951278,0 -105.025896,38.950828,0 -105.025777,38.950397,0 -105.025650,38.950091,0 -105.025302,38.949504,0 -105.025043,38.949178,0 -105.024484,38.948662,0 -105.023311,38.947888,0 -105.022336,38.947169,0 -105.021371,38.946155,0 -105.020983,38.945451,0 -105.020646,38.944922,0 -105.020505,38.944732,0 -105.019709,38.943904,0 -105.017939,38.942674,0 -105.016756,38.941908,0 -105.015203,38.940964,0 -105.014258,38.940422,0 -105.013810,38.940144,0 -105.012967,38.939616,0 -105.012328,38.939169,0 -105.012050,38.938944,0 -105.011652,38.938534,0 -105.011281,38.938129,0 -105.010955,38.937722,0 -105.010348,38.936971,0 -105.009931,38.936538,0 -105.009174,38.935937,0 -105.008657,38.935547,0 -105.008302,38.935310,0 -105.007270,38.934578,0 -105.006832,38.934285,0 -105.005224,38.933433,0 -105.003087,38.932336,0 -105.002370,38.931949,0 -105.001789,38.931597,0 -105.001455,38.931400,0 -105.000619,38.930634,0 -105.000051,38.929905,0 -104.999436,38.928923,0 -104.998994,38.928196,0 -104.998226,38.926881,0 -104.997541,38.926014,0 -104.996163,38.924884,0 -104.994641,38.924032,0 -104.991303,38.922201,0 -104.988990,38.920890,0 -104.988090,38.920401,0 -104.987008,38.919862,0 -104.986275,38.919497,0 -104.985606,38.919118,0 -104.985350,38.918972,0 -104.984498,38.918347,0 -104.982618,38.916792,0 -104.982431,38.916638,0 -104.982115,38.916354,0 -104.981458,38.915829,0 -104.980688,38.915188,0 -104.978334,38.913236,0 -104.975968,38.911254,0 -104.975160,38.910585,0 -104.974415,38.909975,0 -104.973277,38.909097,0 -104.972322,38.908312,0 -104.972185,38.908200,0 -104.971954,38.908002,0 -104.971393,38.907469,0 -104.970875,38.906759,0 -104.970820,38.906685,0 -104.970572,38.906130,0 -104.970518,38.905940,0 -104.970399,38.905521,0 -104.970357,38.905222,0 -104.970334,38.904676,0 -104.970402,38.904194,0 -104.970443,38.904009,0 -104.970666,38.903393,0 -104.970859,38.902951,0 -104.970904,38.902840,0 -104.971022,38.902612,0 -104.971451,38.901659,0 -104.971539,38.901507,0 -104.971798,38.900704,0 -104.971853,38.900459,0 -104.971881,38.900178,0 -104.971916,38.899783,0 -104.971926,38.899446,0 -104.971878,38.898836,0 -104.971747,38.898225,0 -104.971572,38.897535,0 -104.971531,38.897403,0 -104.971331,38.896752,0 -104.971296,38.896623,0 -104.971191,38.896241,0 -104.971102,38.895991,0 -104.970977,38.895748,0 -104.970743,38.895437,0 -104.970535,38.895213,0 -104.970312,38.895023,0 -104.969671,38.894582,0 -104.969442,38.894434,0 -104.969146,38.894249,0 -104.968817,38.894067,0 -104.968312,38.893711,0 -104.968012,38.893450,0 -104.967800,38.893225,0 -104.967526,38.892901,0 -104.967307,38.892624,0 -104.967173,38.892430,0 -104.966928,38.892108,0 -104.966460,38.891495,0 -104.966373,38.891386,0 -104.965221,38.889769,0 -104.964970,38.889432,0 -104.964801,38.889231,0 -104.964629,38.889069,0 -104.964447,38.888918,0 -104.964302,38.888818,0 -104.964082,38.888718,0 -104.963873,38.888634,0 -104.963670,38.888581,0 -104.963446,38.888533,0 -104.963224,38.888513,0 -104.963025,38.888513,0 -104.962816,38.888522,0 -104.962603,38.888561,0 -104.962285,38.888626,0 -104.961974,38.888735,0 -104.961646,38.888843,0 -104.961384,38.888939,0 -104.961115,38.889069,0 -104.960853,38.889177,0 -104.960584,38.889294,0 -104.960198,38.889449,0 -104.959962,38.889524,0 -104.959534,38.889585,0 -104.959249,38.889578,0 -104.958996,38.889549,0 -104.958734,38.889495,0 -104.958401,38.889373,0 -104.958090,38.889198,0 -104.957763,38.888973,0 -104.957451,38.888735,0 -104.957167,38.888517,0 -104.956958,38.888350,0 -104.956738,38.888183,0 -104.956523,38.888037,0 -104.956362,38.887932,0 -104.956123,38.887811,0 -104.955805,38.887687,0 -104.955472,38.887570,0 -104.955215,38.887490,0 -104.954941,38.887398,0 -104.954673,38.887307,0 -104.954345,38.887156,0 -104.954077,38.887006,0 -104.953857,38.886835,0 -104.953648,38.886647,0 -104.953476,38.886455,0 -104.953172,38.886102,0 -104.952881,38.885787,0 -104.952616,38.885461,0 -104.952092,38.884862,0 -104.951672,38.884376,0 -104.951352,38.883983,0 -104.951201,38.883702,0 -104.951050,38.883399,0 -104.950884,38.882995,0 -104.950756,38.882656,0 -104.950609,38.882254,0 -104.950515,38.882013,0 -104.950449,38.881821,0 -104.950416,38.881735,0 -104.950314,38.881504,0 -104.950144,38.881237,0 -104.949940,38.880990,0 -104.949685,38.880774,0 -104.949371,38.880606,0 -104.948937,38.880452,0 -104.948306,38.880271,0 -104.947140,38.879917,0 -104.946861,38.879775,0 -104.946453,38.879504,0 -104.945895,38.879038,0 -104.945407,38.878644,0 -104.945083,38.878421,0 -104.944774,38.878289,0 -104.944447,38.878193,0 -104.944091,38.878161,0 -104.943474,38.878226,0 -104.942808,38.878373,0 -104.942349,38.878464,0 -104.941724,38.878473,0 -104.941323,38.878371,0 -104.940967,38.878191,0 -104.940568,38.877887,0 -104.940245,38.877653,0 -104.939898,38.877472,0 -104.939388,38.877304,0 -104.939328,38.877287,0 -104.939256,38.877265,0 -104.938613,38.877072,0 -104.938122,38.876906,0 -104.937656,38.876625,0 -104.937365,38.876387,0 -104.937033,38.876216,0 -104.936793,38.876122,0 -104.936523,38.876052,0 -104.936212,38.876008,0 -104.935917,38.876008,0 -104.935552,38.876063,0 -104.934987,38.876216,0 -104.934469,38.876343,0 -104.934339,38.876379,0 -104.933900,38.876459,0 -104.933407,38.876547,0 -104.932999,38.876543,0 -104.932401,38.876467,0 -104.931878,38.876380,0 -104.931368,38.876280,0 -104.931009,38.876205,0 -104.930607,38.876100,0 -104.930210,38.875950,0 -104.929955,38.875770,0 -104.929657,38.875536,0 -104.929507,38.875382,0 -104.929330,38.875148,0 -104.929156,38.874894,0 -104.929086,38.874766,0 -104.928973,38.874553,0 -104.928751,38.874163,0 -104.928617,38.873933,0 -104.928512,38.873759,0 -104.928469,38.873689,0 -104.928330,38.873467,0 -104.928180,38.873254,0 -104.927965,38.872974,0 -104.927719,38.872687,0 -104.927676,38.872637,0 -104.927118,38.872080,0 -104.926689,38.871646,0 -104.926406,38.871392,0 -104.925951,38.871031,0 -104.925636,38.870793,0 -104.924981,38.870329,0 -104.924509,38.869935,0 -104.924063,38.869454,0 -104.923333,38.868438,0 -104.922784,38.867650,0 -104.922089,38.866534,0 -104.921814,38.866093,0 -104.921742,38.865996,0 -104.921531,38.865712,0 -104.921233,38.865377,0 -104.921136,38.865279,0 -104.921007,38.865150,0 -104.920659,38.864865,0 -104.920458,38.864723,0 -104.920097,38.864509,0 -104.919745,38.864322,0 -104.919359,38.864148,0 -104.919033,38.864027,0 -104.917840,38.863633,0 -104.916630,38.863239,0 -104.916269,38.863099,0 -104.915934,38.862925,0 -104.915394,38.862577,0 -104.913865,38.861591,0 -104.913582,38.861403,0 -104.912595,38.860762,0 -104.911891,38.860334,0 -104.911573,38.860174,0 -104.911187,38.860020,0 -104.910827,38.859920,0 -104.910114,38.859779,0 -104.909668,38.859746,0 -104.908937,38.859723,0 -104.908534,38.859709,0 -104.906010,38.859663,0 -104.905264,38.859689,0 -104.904637,38.859770,0 -104.902903,38.860130,0 -104.902371,38.860217,0 -104.901779,38.860257,0 -104.901238,38.860257,0 -104.900818,38.860231,0 -104.900431,38.860177,0 -104.899959,38.860090,0 -104.899436,38.859943,0 -104.899015,38.859803,0 -104.898638,38.859629,0 -104.898250,38.859443,0 -104.897805,38.859181,0 -104.897244,38.858836,0 -104.896283,38.858255,0 -104.895773,38.857940,0 -104.895468,38.857766,0 -104.895007,38.857489,0 -104.894760,38.857356,0 -104.894541,38.857246,0 -104.894353,38.857160,0 -104.894167,38.857084,0 -104.893971,38.857011,0 -104.893779,38.856945,0 -104.893584,38.856887,0 -104.893380,38.856839,0 -104.893191,38.856795,0 -104.892908,38.856738,0 -104.892210,38.856612,0 -104.891778,38.856541,0 -104.890967,38.856405,0 -104.890528,38.856328,0 -104.886416,38.855609,0 -104.883037,38.855023,0 -104.882791,38.854980,0 -104.882504,38.854932,0 -104.882229,38.854882,0 -104.882184,38.854875,0 -104.881916,38.854828,0 -104.881779,38.854804,0 -104.879847,38.854476,0 -104.878684,38.854265,0 -104.877607,38.854082,0 -104.877388,38.854040,0 -104.877181,38.853998,0 -104.876960,38.853947,0 -104.876760,38.853890,0 -104.876587,38.853841,0 -104.876418,38.853787,0 -104.876229,38.853721,0 -104.876056,38.853659,0 -104.875875,38.853592,0 -104.875685,38.853509,0 -104.875486,38.853420,0 -104.875298,38.853325,0 -104.875120,38.853227,0 -104.874930,38.853112,0 -104.874722,38.852988,0 -104.874503,38.852840,0 -104.874322,38.852709,0 -104.874131,38.852556,0 -104.873955,38.852402,0 -104.873716,38.852177,0 -104.873469,38.851955,0 -104.873303,38.851785,0 -104.873133,38.851621,0 -104.872845,38.851359,0 -104.872699,38.851222,0 -104.872575,38.851103,0 -104.872312,38.850852,0 -104.872111,38.850655,0 -104.869895,38.848587,0 -104.868912,38.847708,0 -104.868141,38.847041,0 -104.868003,38.846943,0 -104.867848,38.846860,0 -104.867769,38.846793,0 -104.867128,38.846237,0 -104.866649,38.845818,0 -104.866541,38.845736,0 -104.866409,38.845622,0 -104.866224,38.845458,0 -104.865941,38.845208,0 -104.865589,38.844897,0 -104.865280,38.844620,0 -104.865104,38.844394,0 -104.864997,38.844291,0 -104.863378,38.842871,0 -104.863059,38.842601,0 -104.862785,38.842388,0 -104.862487,38.842169,0 -104.862187,38.841964,0 -104.861828,38.841745,0 -104.861479,38.841551,0 -104.861074,38.841337,0 -104.860370,38.840984,0 -104.860229,38.840913,0 -104.859837,38.840717,0 -104.859451,38.840524,0 -104.859279,38.840439,0 -104.859168,38.840378,0 -104.859080,38.840335,0 -104.858987,38.840287,0 -104.858665,38.840121,0 -104.857922,38.839710,0 -104.857538,38.839503,0 -104.856863,38.839138,0 -104.856125,38.838761,0 -104.855331,38.838369,0 -104.854666,38.838057,0 -104.853242,38.837389,0 -104.852054,38.836822,0 -104.851217,38.836415,0 -104.849519,38.835579,0 -104.847816,38.834744,0 -104.846569,38.834125,0 -104.846016,38.833853,0 -104.843960,38.832834,0 -104.843788,38.832747,0 -104.842481,38.832049,0 -104.842264,38.831923,0 -104.842067,38.831818,0 -104.841880,38.831726,0 -104.841478,38.831597,0 -104.840969,38.831393,0 -104.840832,38.831339,0 -104.840792,38.831326,0 -104.840733,38.831311,0 -104.840684,38.831303,0 -104.840550,38.831294,0 -104.840523,38.831371,0 -104.840476,38.831511,0 -104.840453,38.831552,0 -104.840397,38.831650,0 -104.840379,38.831681,0 -104.840268,38.831838,0 -104.840225,38.831901,0 -104.840076,38.832064,0 -104.839671,38.832507,0 -104.839417,38.832783,0 -104.839262,38.832952,0 -104.838917,38.833329,0 -104.838841,38.833412,0 -104.838738,38.833354,0 -104.838154,38.833027,0 -104.838031,38.832956,0 -104.837889,38.832897,0 -104.837632,38.832827,0 -104.837456,38.832799,0 -104.837268,38.832785,0 -104.836833,38.832779,0 -104.836513,38.832775,0 -104.836047,38.832769,0 -104.835709,38.832766,0 -104.835661,38.832765,0 -104.834925,38.832758,0 -104.834519,38.832754,0 -104.834350,38.832753,0 -104.834175,38.832749,0 -104.833803,38.832742,0 -104.833543,38.832737,0 -104.833151,38.832686,0 -104.832917,38.832682,0 -104.832683,38.832679,0 -104.831437,38.832660,0 -104.831245,38.832656,0 -104.831039,38.832651,0 -104.830857,38.832647,0 -104.829769,38.832605,0 -104.828577,38.832587,0 -104.827942,38.832568,0 -104.827803,38.832615,0 -104.827663,38.832612,0 -104.827242,38.832595,0 -104.826435,38.832564,0 -104.826166,38.832556,0 -104.825968,38.832549,0 -104.825642,38.832539,0 -104.825514,38.832535,0 -104.825323,38.832531,0 -104.825206,38.832527,0 -104.824635,38.832506,0 -104.824495,38.832501,0 -104.823805,38.832482,0 -104.823769,38.832481,0 -104.823628,38.832476,0 -104.823455,38.832470,0 -104.822836,38.832448,0 -104.822730,38.832444,0 -104.822441,38.832435,0 -104.822317,38.832431,0 -104.822013,38.832421,0 -104.821879,38.832420,0 -104.821665,38.832414,0 -104.821578,38.832411,0 -104.821395,38.832406,0 -104.820828,38.832390,0 -104.820094,38.832368,0 -104.820046,38.832367,0 -104.819959,38.832364,0 -104.819952,38.832479,0 -104.819935,38.832821,0 -104.819920,38.833090,0 -104.819914,38.833203,0 -104.819912,38.833255,0 -104.819904,38.833399,0 -104.819900,38.833477,0 -104.819894,38.833614,0 -104.819889,38.833719,0 -104.819878,38.833867,0 -104.820036,38.833873,0 -104.820751,38.833893,0 -104.821399,38.833916,0</coordinates>
        </LineString>
      </Placemark>
      <Placemark>
        <name>Day 14</name>
        <description>Colorado Springs, CO to Greeley, CO</description>
        <LineString>
          <tessellate>1</tessellate>
          <coordinates>-104.825350,38.833913,0 -104.825252,38.833910,0 -104.825248,38.834014,0 -104.825242,38.834138,0 -104.825217,38.834597,0 -104.825212,38.834663,0 -104.825177,38.835262,0 -104.825175,38.835363,0 -104.825176,38.835409,0 -104.825169,38.835682,0 -104.825167,38.835735,0 -104.825140,38.836042,0 -104.825134,38.836166,0 -104.825133,38.836176,0 -104.825128,38.836279,0 -104.825127,38.836327,0 -104.825118,38.836638,0 -104.825111,38.836764,0 -104.825315,38.836789,0 -104.825437,38.836807,0 -104.825818,38.836853,0 -104.825923,38.836866,0 -104.825997,38.836872,0 -104.826219,38.836885,0 -104.826310,38.836884,0 -104.826533,38.836882,0 -104.826805,38.836886,0 -104.827355,38.836909,0 -104.827423,38.836913,0 -104.827871,38.836939,0 -104.827965,38.836945,0 -104.828442,38.836973,0 -104.829456,38.836995,0 -104.829553,38.837049,0 -104.829624,38.837085,0 -104.829682,38.837117,0 -104.829720,38.837145,0 -104.829750,38.837168,0 -104.829797,38.837224,0 -104.829837,38.837296,0 -104.829761,38.838212,0 -104.829716,38.838935,0 -104.829716,38.839483,0 -104.829736,38.840801,0 -104.829760,38.841294,0 -104.829829,38.841989,0 -104.829906,38.842370,0 -104.830026,38.843159,0 -104.830163,38.843914,0 -104.830730,38.846861,0 -104.830988,38.847702,0 -104.831544,38.849265,0 -104.831845,38.850402,0 -104.831981,38.851090,0 -104.832160,38.852188,0 -104.832334,38.853840,0 -104.832407,38.854183,0 -104.832491,38.854494,0 -104.832539,38.854664,0 -104.832587,38.854834,0 -104.832694,38.855134,0 -104.832901,38.855569,0 -104.833275,38.856290,0 -104.833520,38.856789,0 -104.833709,38.857303,0 -104.833828,38.857684,0 -104.833921,38.858016,0 -104.833995,38.858443,0 -104.834036,38.858908,0 -104.834045,38.859368,0 -104.834042,38.860468,0 -104.834005,38.861034,0 -104.833914,38.861661,0 -104.833775,38.862231,0 -104.833408,38.863568,0 -104.833342,38.863878,0 -104.833313,38.864072,0 -104.833286,38.864268,0 -104.833273,38.864386,0 -104.833261,38.864515,0 -104.833249,38.864674,0 -104.833240,38.864845,0 -104.833230,38.865093,0 -104.833237,38.865553,0 -104.833241,38.865751,0 -104.833248,38.866215,0 -104.833249,38.866422,0 -104.833250,38.867132,0 -104.833258,38.868024,0 -104.833270,38.868408,0 -104.833273,38.868537,0 -104.833275,38.868585,0 -104.833279,38.868667,0 -104.833289,38.868796,0 -104.833299,38.868899,0 -104.833326,38.869109,0 -104.833357,38.869345,0 -104.833373,38.869452,0 -104.833389,38.869544,0 -104.833408,38.869637,0 -104.833439,38.869779,0 -104.833597,38.870540,0 -104.833837,38.871679,0 -104.833961,38.872245,0 -104.834205,38.873361,0 -104.834496,38.874640,0 -104.835017,38.876779,0 -104.835192,38.877271,0 -104.835456,38.877953,0 -104.835551,38.878307,0 -104.835756,38.879314,0 -104.835903,38.879986,0 -104.835981,38.880506,0 -104.836061,38.881091,0 -104.836096,38.881494,0 -104.836113,38.881960,0 -104.836125,38.882325,0 -104.836119,38.882673,0 -104.836054,38.883249,0 -104.835982,38.883758,0 -104.835903,38.884187,0 -104.835788,38.884745,0 -104.835685,38.885213,0 -104.835521,38.885720,0 -104.835368,38.886147,0 -104.835210,38.886558,0 -104.835021,38.886961,0 -104.834717,38.887594,0 -104.834499,38.888027,0 -104.834027,38.888923,0 -104.832649,38.891152,0 -104.832011,38.892385,0 -104.831790,38.892822,0 -104.831640,38.893139,0 -104.831251,38.893970,0 -104.830507,38.895826,0 -104.830232,38.896510,0 -104.829995,38.897103,0 -104.829819,38.897526,0 -104.829374,38.898560,0 -104.828173,38.901327,0 -104.827927,38.901913,0 -104.826297,38.905985,0 -104.826161,38.906322,0 -104.825717,38.907357,0 -104.825456,38.907896,0 -104.825228,38.908298,0 -104.824913,38.908794,0 -104.824567,38.909257,0 -104.824233,38.909671,0 -104.823918,38.910026,0 -104.823267,38.910592,0 -104.822718,38.911060,0 -104.822605,38.911156,0 -104.821122,38.912264,0 -104.820709,38.912569,0 -104.819159,38.913752,0 -104.817880,38.914725,0 -104.817248,38.915222,0 -104.816769,38.915692,0 -104.816462,38.916039,0 -104.816114,38.916453,0 -104.815838,38.916853,0 -104.815689,38.917071,0 -104.815542,38.917327,0 -104.815395,38.917580,0 -104.815272,38.917844,0 -104.815042,38.918391,0 -104.814847,38.918972,0 -104.814649,38.919812,0 -104.814606,38.920044,0 -104.814229,38.922310,0 -104.813839,38.924498,0 -104.813385,38.927111,0 -104.813274,38.927805,0 -104.813187,38.928344,0 -104.812582,38.932258,0 -104.812538,38.932529,0 -104.812425,38.933270,0 -104.812350,38.934061,0 -104.812329,38.934471,0 -104.812315,38.934901,0 -104.812324,38.935455,0 -104.812342,38.935911,0 -104.812398,38.936497,0 -104.812461,38.937006,0 -104.812541,38.937519,0 -104.812636,38.937990,0 -104.812681,38.938238,0 -104.812710,38.938402,0 -104.812842,38.939131,0 -104.813068,38.940175,0 -104.813096,38.940303,0 -104.813173,38.940644,0 -104.813243,38.940966,0 -104.813431,38.941855,0 -104.813531,38.942313,0 -104.813618,38.942722,0 -104.813769,38.943413,0 -104.813812,38.943710,0 -104.813838,38.943912,0 -104.813870,38.944216,0 -104.813876,38.944379,0 -104.813880,38.944582,0 -104.813876,38.944745,0 -104.813865,38.944945,0 -104.813848,38.945143,0 -104.813825,38.945351,0 -104.813788,38.945619,0 -104.813757,38.945772,0 -104.813732,38.945901,0 -104.813673,38.946159,0 -104.813602,38.946404,0 -104.813523,38.946637,0 -104.813459,38.946812,0 -104.813409,38.946941,0 -104.813334,38.947124,0 -104.813242,38.947331,0 -104.813173,38.947460,0 -104.813031,38.947734,0 -104.812928,38.947917,0 -104.812680,38.948295,0 -104.812562,38.948467,0 -104.812329,38.948775,0 -104.812159,38.948977,0 -104.811958,38.949200,0 -104.811744,38.949420,0 -104.811524,38.949634,0 -104.811342,38.949804,0 -104.810839,38.950210,0 -104.810565,38.950411,0 -104.809946,38.950811,0 -104.809469,38.951095,0 -104.808696,38.951559,0 -104.807924,38.952022,0 -104.807167,38.952469,0 -104.805916,38.953209,0 -104.804892,38.953832,0 -104.804470,38.954105,0 -104.804206,38.954291,0 -104.803921,38.954508,0 -104.803584,38.954787,0 -104.803396,38.954946,0 -104.803083,38.955252,0 -104.803010,38.955329,0 -104.802756,38.955595,0 -104.802544,38.955850,0 -104.802343,38.956104,0 -104.802139,38.956376,0 -104.801980,38.956634,0 -104.801828,38.956888,0 -104.801761,38.957005,0 -104.801598,38.957317,0 -104.801510,38.957521,0 -104.801383,38.957820,0 -104.801287,38.958093,0 -104.801163,38.958486,0 -104.801080,38.958831,0 -104.800996,38.959347,0 -104.800960,38.959685,0 -104.800947,38.960095,0 -104.800960,38.960488,0 -104.800988,38.960880,0 -104.801025,38.961137,0 -104.801073,38.961415,0 -104.801172,38.961834,0 -104.801322,38.962292,0 -104.801431,38.962568,0 -104.801797,38.963338,0 -104.802227,38.964224,0 -104.802512,38.964793,0 -104.802668,38.965109,0 -104.802842,38.965463,0 -104.803141,38.966070,0 -104.803389,38.966561,0 -104.803763,38.967284,0 -104.804178,38.968112,0 -104.804532,38.968834,0 -104.805148,38.970067,0 -104.805540,38.970872,0 -104.806195,38.972212,0 -104.810128,38.980192,0 -104.811918,38.983815,0 -104.812208,38.984449,0 -104.812335,38.984747,0 -104.812567,38.985353,0 -104.812921,38.986318,0 -104.813287,38.987338,0 -104.813885,38.988962,0 -104.814450,38.990514,0 -104.814796,38.991505,0 -104.815539,38.993571,0 -104.816169,38.995308,0 -104.816877,38.997215,0 -104.817335,38.998466,0 -104.818188,39.000804,0 -104.818348,39.001210,0 -104.818556,39.001706,0 -104.818789,39.002171,0 -104.819050,39.002692,0 -104.819258,39.003063,0 -104.819450,39.003381,0 -104.819637,39.003690,0 -104.819908,39.004131,0 -104.820197,39.004598,0 -104.820421,39.004959,0 -104.821135,39.006107,0 -104.821786,39.007151,0 -104.822547,39.008428,0 -104.822896,39.009001,0 -104.823574,39.010151,0 -104.823998,39.010870,0 -104.825050,39.012621,0 -104.825975,39.014166,0 -104.826446,39.014956,0 -104.826799,39.015549,0 -104.827513,39.016785,0 -104.827764,39.017175,0 -104.828010,39.017575,0 -104.828377,39.018195,0 -104.828658,39.018669,0 -104.828939,39.019142,0 -104.829311,39.019790,0 -104.829558,39.020220,0 -104.830000,39.020926,0 -104.830454,39.021673,0 -104.830785,39.022224,0 -104.831631,39.023622,0 -104.831985,39.024199,0 -104.832395,39.024904,0 -104.833084,39.026115,0 -104.833403,39.026649,0 -104.834079,39.027763,0 -104.835783,39.030631,0 -104.838021,39.034361,0 -104.838200,39.034657,0 -104.839138,39.036225,0 -104.840134,39.037950,0 -104.840623,39.038804,0 -104.840877,39.039248,0 -104.841089,39.039627,0 -104.841377,39.040129,0 -104.841712,39.040695,0 -104.842341,39.041743,0 -104.842689,39.042318,0 -104.843176,39.043140,0 -104.843777,39.044144,0 -104.844634,39.045587,0 -104.847474,39.050337,0 -104.847787,39.050867,0 -104.847871,39.051008,0 -104.848222,39.051613,0 -104.848583,39.052202,0 -104.849228,39.053278,0 -104.850243,39.054979,0 -104.852696,39.059080,0 -104.853081,39.059747,0 -104.853322,39.060146,0 -104.854559,39.062202,0 -104.854944,39.062853,0 -104.855162,39.063235,0 -104.855366,39.063610,0 -104.855561,39.064019,0 -104.855812,39.064582,0 -104.855973,39.064998,0 -104.856122,39.065385,0 -104.856179,39.065588,0 -104.856258,39.065853,0 -104.856340,39.066158,0 -104.856426,39.066491,0 -104.856672,39.067543,0 -104.857153,39.069591,0 -104.857325,39.070325,0 -104.857547,39.071258,0 -104.857683,39.071820,0 -104.857775,39.072222,0 -104.857959,39.073017,0 -104.858316,39.074531,0 -104.859107,39.077883,0 -104.859440,39.079338,0 -104.859829,39.080870,0 -104.860074,39.081819,0 -104.860489,39.083495,0 -104.860763,39.084692,0 -104.861070,39.086032,0 -104.861255,39.086811,0 -104.861788,39.089040,0 -104.862176,39.090720,0 -104.863488,39.096488,0 -104.863644,39.097760,0 -104.863865,39.099552,0 -104.863968,39.100505,0 -104.864329,39.103672,0 -104.864782,39.107756,0 -104.865368,39.113013,0 -104.865654,39.115537,0 -104.865697,39.116002,0 -104.865714,39.116520,0 -104.865719,39.117167,0 -104.865693,39.117599,0 -104.865667,39.118039,0 -104.865604,39.118520,0 -104.865413,39.119750,0 -104.865097,39.121564,0 -104.864902,39.122710,0 -104.864649,39.124166,0 -104.864379,39.125846,0 -104.864137,39.127240,0 -104.864022,39.127906,0 -104.863710,39.129831,0 -104.863461,39.131389,0 -104.863325,39.132230,0 -104.863229,39.132843,0 -104.863112,39.133487,0 -104.862926,39.134635,0 -104.862655,39.136224,0 -104.862432,39.137559,0 -104.862134,39.139348,0 -104.861969,39.140200,0 -104.861889,39.140654,0 -104.861737,39.141353,0 -104.861635,39.141781,0 -104.861524,39.142226,0 -104.861344,39.142833,0 -104.861148,39.143444,0 -104.860957,39.143972,0 -104.860248,39.145911,0 -104.859459,39.148023,0 -104.858480,39.150630,0 -104.856199,39.156655,0 -104.854295,39.161744,0 -104.853637,39.163504,0 -104.852691,39.166029,0 -104.851775,39.168492,0 -104.851466,39.169338,0 -104.851257,39.169897,0 -104.851061,39.170529,0 -104.850918,39.171004,0 -104.850786,39.171494,0 -104.850645,39.172048,0 -104.850543,39.172531,0 -104.850422,39.173112,0 -104.850301,39.173778,0 -104.850197,39.174530,0 -104.850121,39.175141,0 -104.850063,39.175738,0 -104.850011,39.176483,0 -104.849982,39.177193,0 -104.849970,39.177772,0 -104.849973,39.178373,0 -104.849993,39.179178,0 -104.850015,39.179973,0 -104.850050,39.181283,0 -104.850086,39.182711,0 -104.850108,39.183801,0 -104.850115,39.184179,0 -104.850124,39.184608,0 -104.850141,39.185293,0 -104.850149,39.185501,0 -104.850170,39.186172,0 -104.850213,39.187495,0 -104.850228,39.188123,0 -104.850255,39.188686,0 -104.850301,39.189217,0 -104.850359,39.189665,0 -104.850445,39.190176,0 -104.850610,39.190921,0 -104.850703,39.191288,0 -104.850822,39.191689,0 -104.850844,39.191750,0 -104.851029,39.192282,0 -104.851152,39.192602,0 -104.851309,39.192959,0 -104.851441,39.193241,0 -104.851566,39.193499,0 -104.851672,39.193713,0 -104.851853,39.194058,0 -104.852016,39.194345,0 -104.852203,39.194669,0 -104.852418,39.195006,0 -104.852838,39.195662,0 -104.853283,39.196355,0 -104.853645,39.196923,0 -104.854164,39.197734,0 -104.854746,39.198645,0 -104.855289,39.199500,0 -104.855774,39.200257,0 -104.856686,39.201680,0 -104.857730,39.203315,0 -104.858124,39.203931,0 -104.858321,39.204218,0 -104.858487,39.204444,0 -104.858650,39.204651,0 -104.858822,39.204855,0 -104.859003,39.205053,0 -104.859168,39.205228,0 -104.859417,39.205467,0 -104.859651,39.205682,0 -104.859945,39.205924,0 -104.860249,39.206155,0 -104.860598,39.206404,0 -104.860950,39.206629,0 -104.861296,39.206835,0 -104.861661,39.207049,0 -104.863006,39.207850,0 -104.863585,39.208194,0 -104.866120,39.209699,0 -104.867175,39.210324,0 -104.868792,39.211284,0 -104.870678,39.212400,0 -104.871459,39.212868,0 -104.871754,39.213045,0 -104.872093,39.213258,0 -104.872517,39.213540,0 -104.872845,39.213771,0 -104.873184,39.214019,0 -104.873505,39.214263,0 -104.873864,39.214552,0 -104.874211,39.214847,0 -104.875471,39.215937,0 -104.875897,39.216309,0 -104.876237,39.216606,0 -104.876478,39.216828,0 -104.876714,39.217062,0 -104.876948,39.217323,0 -104.877181,39.217599,0 -104.877370,39.217844,0 -104.877545,39.218086,0 -104.877721,39.218367,0 -104.877890,39.218655,0 -104.878068,39.219006,0 -104.878159,39.219217,0 -104.878244,39.219431,0 -104.878322,39.219640,0 -104.878391,39.219846,0 -104.878420,39.219959,0 -104.878452,39.220077,0 -104.878540,39.220334,0 -104.878622,39.220738,0 -104.878676,39.221226,0 -104.878693,39.221747,0 -104.878670,39.222245,0 -104.878597,39.222837,0 -104.878429,39.224139,0 -104.878255,39.225506,0 -104.878139,39.226336,0 -104.877943,39.227819,0 -104.877863,39.228472,0 -104.877693,39.229852,0 -104.877573,39.230834,0 -104.877388,39.232288,0 -104.877316,39.232940,0 -104.877257,39.233672,0 -104.877220,39.234317,0 -104.877202,39.235108,0 -104.877207,39.238601,0 -104.877207,39.239593,0 -104.877207,39.239798,0 -104.877220,39.240094,0 -104.877237,39.240401,0 -104.877273,39.240681,0 -104.877314,39.240945,0 -104.877367,39.241187,0 -104.877429,39.241448,0 -104.877510,39.241728,0 -104.877602,39.241990,0 -104.877690,39.242229,0 -104.877788,39.242467,0 -104.877926,39.242752,0 -104.878061,39.242993,0 -104.878139,39.243127,0 -104.878230,39.243268,0 -104.878402,39.243528,0 -104.878568,39.243759,0 -104.878738,39.243973,0 -104.878910,39.244166,0 -104.879102,39.244379,0 -104.879240,39.244511,0 -104.879489,39.244746,0 -104.879702,39.244929,0 -104.879913,39.245111,0 -104.880438,39.245566,0 -104.880969,39.246033,0 -104.881573,39.246562,0 -104.882027,39.246966,0 -104.882469,39.247361,0 -104.882870,39.247741,0 -104.883078,39.247946,0 -104.883273,39.248160,0 -104.883545,39.248446,0 -104.883945,39.248910,0 -104.884246,39.249277,0 -104.884590,39.249729,0 -104.885098,39.250420,0 -104.885769,39.251328,0 -104.886160,39.251844,0 -104.886369,39.252118,0 -104.886817,39.252697,0 -104.887865,39.254074,0 -104.888892,39.255464,0 -104.890211,39.257244,0 -104.891237,39.258654,0 -104.891676,39.259298,0 -104.892020,39.259823,0 -104.892257,39.260193,0 -104.892418,39.260443,0 -104.893164,39.261659,0 -104.893406,39.262074,0 -104.893651,39.262505,0 -104.893746,39.262665,0 -104.893881,39.262905,0 -104.894015,39.263137,0 -104.894189,39.263435,0 -104.894595,39.264173,0 -104.894935,39.264884,0 -104.895258,39.265601,0 -104.895482,39.266138,0 -104.895762,39.266857,0 -104.896015,39.267570,0 -104.896174,39.268057,0 -104.896457,39.269059,0 -104.896639,39.269773,0 -104.896780,39.270389,0 -104.896871,39.270835,0 -104.896956,39.271284,0 -104.897042,39.271953,0 -104.897176,39.273047,0 -104.897314,39.274192,0 -104.897496,39.275693,0 -104.897547,39.276164,0 -104.897559,39.276537,0 -104.897539,39.277077,0 -104.897444,39.277787,0 -104.896995,39.280497,0 -104.896162,39.285563,0 -104.895699,39.288370,0 -104.895605,39.288822,0 -104.895448,39.289354,0 -104.895228,39.289872,0 -104.895020,39.290299,0 -104.894540,39.291154,0 -104.894131,39.291870,0 -104.892825,39.294152,0 -104.891805,39.295938,0 -104.891270,39.296877,0 -104.890819,39.297660,0 -104.890518,39.298262,0 -104.890302,39.298780,0 -104.889951,39.299741,0 -104.887499,39.306547,0 -104.886966,39.308012,0 -104.886285,39.309909,0 -104.885902,39.310965,0 -104.885249,39.312771,0 -104.884964,39.313560,0 -104.884767,39.314097,0 -104.883903,39.316496,0 -104.883567,39.317426,0 -104.883301,39.318163,0 -104.882592,39.320116,0 -104.881869,39.322106,0 -104.881395,39.323426,0 -104.881024,39.324460,0 -104.880439,39.326080,0 -104.879293,39.329225,0 -104.878645,39.331013,0 -104.877465,39.334284,0 -104.875784,39.338940,0 -104.875522,39.339656,0 -104.875144,39.340762,0 -104.874902,39.341470,0 -104.874455,39.342751,0 -104.873933,39.344236,0 -104.873453,39.345549,0 -104.872955,39.346941,0 -104.872532,39.348107,0 -104.871963,39.349679,0 -104.871500,39.350943,0 -104.871316,39.351389,0 -104.871177,39.351713,0 -104.870903,39.352275,0 -104.870756,39.352563,0 -104.870079,39.353821,0 -104.869465,39.354961,0 -104.868856,39.356095,0 -104.868620,39.356565,0 -104.868361,39.357104,0 -104.868080,39.357748,0 -104.867908,39.358186,0 -104.867685,39.358790,0 -104.867545,39.359194,0 -104.867414,39.359626,0 -104.867268,39.360146,0 -104.867144,39.360631,0 -104.867022,39.361204,0 -104.866907,39.361687,0 -104.866811,39.362175,0 -104.866699,39.362612,0 -104.866572,39.363065,0 -104.866467,39.363409,0 -104.866300,39.363904,0 -104.866097,39.364494,0 -104.865895,39.365075,0 -104.865501,39.366210,0 -104.865337,39.366679,0 -104.865054,39.367540,0 -104.864905,39.367976,0 -104.864635,39.368827,0 -104.864247,39.370067,0 -104.864134,39.370427,0 -104.863840,39.371379,0 -104.863623,39.372088,0 -104.863511,39.372469,0 -104.862742,39.374982,0 -104.862633,39.375285,0 -104.862539,39.375519,0 -104.862398,39.375833,0 -104.862292,39.376052,0 -104.861874,39.376836,0 -104.861617,39.377340,0 -104.861419,39.377705,0 -104.861251,39.378040,0 -104.861096,39.378381,0 -104.860905,39.378878,0 -104.860862,39.378998,0 -104.860765,39.379295,0 -104.860674,39.379595,0 -104.860610,39.379854,0 -104.860524,39.380284,0 -104.860478,39.380528,0 -104.860432,39.380845,0 -104.860404,39.381175,0 -104.860377,39.381627,0 -104.860382,39.382125,0 -104.860385,39.382420,0 -104.860388,39.382689,0 -104.860422,39.384646,0 -104.860427,39.385038,0 -104.860429,39.385340,0 -104.860420,39.385624,0 -104.860394,39.386083,0 -104.860367,39.386433,0 -104.860334,39.386696,0 -104.860308,39.386893,0 -104.860235,39.387320,0 -104.860029,39.388446,0 -104.859870,39.389268,0 -104.859777,39.389907,0 -104.859735,39.390239,0 -104.859705,39.390606,0 -104.859678,39.391022,0 -104.859662,39.391352,0 -104.859646,39.391762,0 -104.859641,39.392185,0 -104.859644,39.392622,0 -104.859665,39.393079,0 -104.859711,39.393760,0 -104.859775,39.394315,0 -104.859817,39.394641,0 -104.859882,39.395052,0 -104.859971,39.395537,0 -104.860033,39.395821,0 -104.860108,39.396141,0 -104.860206,39.396521,0 -104.860287,39.396822,0 -104.860394,39.397194,0 -104.860555,39.397689,0 -104.860704,39.398109,0 -104.860865,39.398527,0 -104.860996,39.398851,0 -104.861298,39.399587,0 -104.861551,39.400142,0 -104.861755,39.400620,0 -104.861970,39.401117,0 -104.862642,39.402675,0 -104.862960,39.403405,0 -104.863553,39.404782,0 -104.863886,39.405545,0 -104.864203,39.406275,0 -104.864456,39.406828,0 -104.864652,39.407259,0 -104.864830,39.407626,0 -104.865012,39.407988,0 -104.865312,39.408580,0 -104.865522,39.408926,0 -104.865808,39.409429,0 -104.866062,39.409840,0 -104.866438,39.410438,0 -104.866788,39.410967,0 -104.867379,39.411838,0 -104.868756,39.413866,0 -104.869409,39.414826,0 -104.869712,39.415279,0 -104.870495,39.416490,0 -104.871924,39.418570,0 -104.872115,39.418849,0 -104.872545,39.419483,0 -104.872791,39.419839,0 -104.873379,39.420711,0 -104.873834,39.421382,0 -104.874037,39.421657,0 -104.874851,39.422869,0 -104.875586,39.423969,0 -104.875837,39.424340,0 -104.876567,39.425407,0 -104.877100,39.426197,0 -104.877574,39.426900,0 -104.878137,39.427721,0 -104.878257,39.427907,0 -104.878345,39.428050,0 -104.878441,39.428221,0 -104.878502,39.428339,0 -104.878586,39.428514,0 -104.878659,39.428675,0 -104.878734,39.428855,0 -104.878787,39.428989,0 -104.878860,39.429191,0 -104.878927,39.429391,0 -104.879003,39.429647,0 -104.879126,39.430180,0 -104.879176,39.430467,0 -104.879210,39.430783,0 -104.879226,39.431069,0 -104.879235,39.431359,0 -104.879228,39.431611,0 -104.879206,39.431860,0 -104.879158,39.432243,0 -104.879042,39.433072,0 -104.878900,39.434075,0 -104.878855,39.434415,0 -104.878807,39.434720,0 -104.878757,39.434984,0 -104.878700,39.435248,0 -104.878648,39.435455,0 -104.878571,39.435727,0 -104.878485,39.435995,0 -104.878342,39.436377,0 -104.878192,39.436734,0 -104.878073,39.437009,0 -104.877986,39.437199,0 -104.877840,39.437461,0 -104.877384,39.438233,0 -104.876661,39.439411,0 -104.876473,39.439712,0 -104.876309,39.439990,0 -104.876202,39.440207,0 -104.876097,39.440420,0 -104.875987,39.440673,0 -104.875907,39.440880,0 -104.875834,39.441082,0 -104.875733,39.441398,0 -104.875669,39.441631,0 -104.875606,39.441879,0 -104.875555,39.442147,0 -104.875523,39.442391,0 -104.875494,39.442678,0 -104.875475,39.442958,0 -104.875466,39.443190,0 -104.875481,39.443796,0 -104.875500,39.444881,0 -104.875516,39.445779,0 -104.875556,39.447122,0 -104.875580,39.448457,0 -104.875562,39.449298,0 -104.875417,39.452208,0 -104.875280,39.454395,0 -104.875237,39.454972,0 -104.875207,39.455253,0 -104.875185,39.455462,0 -104.875039,39.456536,0 -104.874812,39.457999,0 -104.873463,39.465803,0 -104.872842,39.469643,0 -104.872619,39.471141,0 -104.872419,39.473404,0 -104.872411,39.473524,0 -104.872386,39.474099,0 -104.872365,39.474767,0 -104.872357,39.476454,0 -104.872352,39.477903,0 -104.872347,39.478227,0 -104.872345,39.478906,0 -104.872341,39.481169,0 -104.872323,39.482574,0 -104.872320,39.483968,0 -104.872320,39.484830,0 -104.872329,39.485319,0 -104.872364,39.486022,0 -104.872409,39.486689,0 -104.872464,39.487279,0 -104.872611,39.488458,0 -104.872848,39.490105,0 -104.872900,39.490483,0 -104.873049,39.491518,0 -104.873181,39.492466,0 -104.873408,39.494097,0 -104.873594,39.495421,0 -104.874200,39.499623,0 -104.874310,39.500378,0 -104.874340,39.500641,0 -104.874354,39.500828,0 -104.874365,39.500988,0 -104.874374,39.501155,0 -104.874379,39.501321,0 -104.874378,39.501491,0 -104.874364,39.501878,0 -104.874357,39.502038,0 -104.874337,39.502229,0 -104.874320,39.502389,0 -104.874299,39.502551,0 -104.874259,39.502817,0 -104.874235,39.502952,0 -104.874210,39.503084,0 -104.874182,39.503201,0 -104.874157,39.503300,0 -104.874114,39.503476,0 -104.873943,39.504061,0 -104.873875,39.504250,0 -104.873807,39.504435,0 -104.873714,39.504675,0 -104.873608,39.504912,0 -104.873367,39.505390,0 -104.871071,39.509833,0 -104.870945,39.510079,0 -104.870720,39.510523,0 -104.870390,39.511178,0 -104.869791,39.512380,0 -104.869645,39.512680,0 -104.869475,39.513021,0 -104.869338,39.513298,0 -104.869221,39.513540,0 -104.869064,39.513853,0 -104.868787,39.514409,0 -104.868463,39.515060,0 -104.868363,39.515264,0 -104.868070,39.515852,0 -104.867916,39.516158,0 -104.867759,39.516476,0 -104.867717,39.516568,0 -104.867622,39.516781,0 -104.867581,39.516885,0 -104.867540,39.516992,0 -104.867488,39.517125,0 -104.867385,39.517443,0 -104.867326,39.517639,0 -104.867253,39.517953,0 -104.867212,39.518172,0 -104.867190,39.518295,0 -104.867173,39.518417,0 -104.867148,39.518605,0 -104.867136,39.518723,0 -104.867128,39.518828,0 -104.867115,39.519078,0 -104.867112,39.519295,0 -104.867114,39.519513,0 -104.867124,39.519707,0 -104.867134,39.519926,0 -104.867152,39.520282,0 -104.867171,39.520693,0 -104.867203,39.521349,0 -104.867222,39.521700,0 -104.867235,39.521925,0 -104.867255,39.522359,0 -104.867272,39.522717,0 -104.867277,39.522827,0 -104.867278,39.522892,0 -104.867302,39.523311,0 -104.867308,39.523414,0 -104.867315,39.523572,0 -104.867334,39.523971,0 -104.867356,39.524404,0 -104.867373,39.524734,0 -104.867395,39.525171,0 -104.867412,39.525529,0 -104.867427,39.525825,0 -104.867458,39.526295,0 -104.867472,39.526482,0 -104.867481,39.526625,0 -104.867501,39.526844,0 -104.867521,39.527073,0 -104.867561,39.527520,0 -104.867575,39.527691,0 -104.867619,39.528190,0 -104.867647,39.528490,0 -104.867695,39.529034,0 -104.867743,39.529578,0 -104.867819,39.530453,0 -104.867826,39.530544,0 -104.867876,39.531109,0 -104.867923,39.531653,0 -104.867978,39.532308,0 -104.868054,39.533197,0 -104.868118,39.533946,0 -104.868169,39.534541,0 -104.868179,39.534654,0 -104.868218,39.535098,0 -104.868259,39.535583,0 -104.868304,39.536076,0 -104.868345,39.536564,0 -104.868416,39.537396,0 -104.868535,39.538776,0 -104.868574,39.539296,0 -104.868587,39.539480,0 -104.868712,39.541334,0 -104.868744,39.541751,0 -104.868859,39.543143,0 -104.868994,39.544954,0 -104.869336,39.549145,0 -104.869283,39.549234,0 -104.869289,39.549376,0 -104.869293,39.549664,0 -104.869304,39.549950,0 -104.869315,39.550134,0 -104.869325,39.550330,0 -104.869335,39.550533,0 -104.869343,39.550733,0 -104.869353,39.550880,0 -104.869355,39.551022,0 -104.869351,39.551135,0 -104.869338,39.551280,0 -104.869321,39.551412,0 -104.869311,39.551507,0 -104.869268,39.551591,0 -104.869247,39.551687,0 -104.869226,39.551775,0 -104.869190,39.551922,0 -104.869138,39.552115,0 -104.869085,39.552276,0 -104.869036,39.552429,0 -104.869000,39.552536,0 -104.868965,39.552630,0 -104.868916,39.552737,0 -104.868874,39.552815,0 -104.868822,39.552894,0 -104.868753,39.552995,0 -104.868685,39.553088,0 -104.868607,39.553184,0 -104.868530,39.553268,0 -104.868464,39.553335,0 -104.868397,39.553399,0 -104.868332,39.553454,0 -104.868256,39.553515,0 -104.868180,39.553576,0 -104.868103,39.553629,0 -104.868017,39.553685,0 -104.867941,39.553731,0 -104.867841,39.553786,0 -104.867760,39.553828,0 -104.867689,39.553862,0 -104.867596,39.553905,0 -104.867509,39.553941,0 -104.867417,39.553977,0 -104.867299,39.554014,0 -104.867221,39.554041,0 -104.867144,39.554062,0 -104.867036,39.554088,0 -104.866919,39.554112,0 -104.866815,39.554131,0 -104.866704,39.554146,0 -104.866607,39.554157,0 -104.866494,39.554170,0 -104.866402,39.554177,0 -104.866261,39.554184,0 -104.866112,39.554191,0 -104.865294,39.554208,0 -104.864882,39.554216,0 -104.864672,39.554254,0 -104.864426,39.554258,0 -104.864139,39.554261,0 -104.863964,39.554264,0 -104.863785,39.554263,0 -104.863625,39.554256,0 -104.863474,39.554248,0 -104.863327,39.554236,0 -104.863193,39.554223,0 -104.863043,39.554205,0 -104.862903,39.554181,0 -104.862746,39.554147,0 -104.862602,39.554111,0 -104.862487,39.554081,0 -104.862401,39.554057,0 -104.862336,39.554037,0 -104.862290,39.554021,0 -104.862057,39.553939,0 -104.861922,39.553888,0 -104.861785,39.553887,0 -104.861659,39.553835,0 -104.861509,39.553773,0 -104.861287,39.553684,0 -104.860849,39.553500,0 -104.860007,39.553146,0 -104.859477,39.552928,0 -104.858555,39.552543,0 -104.858032,39.552324,0 -104.857824,39.552236,0 -104.857570,39.552135,0 -104.857343,39.552047,0 -104.857138,39.551967,0 -104.856792,39.551844,0 -104.856491,39.551743,0 -104.856292,39.551678,0 -104.856060,39.551602,0 -104.855800,39.551522,0 -104.855659,39.551480,0 -104.855510,39.551437,0 -104.855228,39.551362,0 -104.855006,39.551305,0 -104.854650,39.551216,0 -104.854297,39.551134,0 -104.854018,39.551075,0 -104.853733,39.551015,0 -104.853444,39.550959,0 -104.853206,39.550915,0 -104.852921,39.550866,0 -104.852696,39.550829,0 -104.852423,39.550785,0 -104.851960,39.550721,0 -104.851668,39.550685,0 -104.851279,39.550640,0 -104.850952,39.550608,0 -104.850600,39.550578,0 -104.850338,39.550558,0 -104.850070,39.550542,0 -104.849813,39.550528,0 -104.849565,39.550515,0 -104.849304,39.550506,0 -104.848968,39.550496,0 -104.848465,39.550493,0 -104.848142,39.550493,0 -104.847972,39.550494,0 -104.847814,39.550498,0 -104.847465,39.550507,0 -104.847280,39.550513,0 -104.847080,39.550521,0 -104.846634,39.550552,0 -104.846428,39.550568,0 -104.846221,39.550587,0 -104.845948,39.550610,0 -104.845619,39.550643,0 -104.845099,39.550703,0 -104.844690,39.550759,0 -104.844276,39.550821,0 -104.843850,39.550892,0 -104.843540,39.550948,0 -104.843233,39.551007,0 -104.842912,39.551075,0 -104.842505,39.551165,0 -104.842238,39.551228,0 -104.841973,39.551294,0 -104.841454,39.551427,0 -104.840782,39.551614,0 -104.840349,39.551733,0 -104.839824,39.551879,0 -104.839047,39.552092,0 -104.838259,39.552311,0 -104.837464,39.552528,0 -104.835744,39.553001,0 -104.833530,39.553610,0 -104.833135,39.553715,0 -104.830713,39.554385,0 -104.829641,39.554678,0 -104.828715,39.554935,0 -104.828007,39.555128,0 -104.827385,39.555299,0 -104.826857,39.555433,0 -104.826301,39.555566,0 -104.826139,39.555604,0 -104.825895,39.555654,0 -104.825489,39.555736,0 -104.825126,39.555808,0 -104.824865,39.555858,0 -104.824666,39.555894,0 -104.824312,39.555949,0 -104.824009,39.555991,0 -104.823740,39.556025,0 -104.823413,39.556063,0 -104.823146,39.556093,0 -104.822832,39.556121,0 -104.822549,39.556143,0 -104.822183,39.556165,0 -104.821844,39.556183,0 -104.821423,39.556197,0 -104.821128,39.556203,0 -104.820847,39.556204,0 -104.820449,39.556204,0 -104.820198,39.556200,0 -104.819692,39.556185,0 -104.819242,39.556160,0 -104.818884,39.556136,0 -104.818523,39.556105,0 -104.818255,39.556083,0 -104.818006,39.556057,0 -104.817762,39.556030,0 -104.817404,39.555984,0 -104.817054,39.555938,0 -104.816771,39.555887,0 -104.816059,39.555763,0 -104.816016,39.555755,0 -104.815544,39.555662,0 -104.814727,39.555482,0 -104.814498,39.555429,0 -104.814122,39.555330,0 -104.813798,39.555239,0 -104.813487,39.555149,0 -104.813070,39.555020,0 -104.812647,39.554880,0 -104.812410,39.554801,0 -104.812079,39.554682,0 -104.811793,39.554573,0 -104.811366,39.554404,0 -104.811007,39.554256,0 -104.810639,39.554093,0 -104.810295,39.553935,0 -104.809955,39.553770,0 -104.809585,39.553580,0 -104.808531,39.553044,0 -104.807843,39.552690,0 -104.807251,39.552382,0 -104.806096,39.551778,0 -104.805501,39.551467,0 -104.804974,39.551192,0 -104.804523,39.550965,0 -104.804176,39.550804,0 -104.803645,39.550565,0 -104.803266,39.550409,0 -104.802910,39.550278,0 -104.802466,39.550123,0 -104.802052,39.549993,0 -104.801514,39.549841,0 -104.800991,39.549712,0 -104.800637,39.549635,0 -104.800442,39.549595,0 -104.800248,39.549559,0 -104.799848,39.549487,0 -104.799602,39.549451,0 -104.799294,39.549410,0 -104.799082,39.549385,0 -104.798720,39.549345,0 -104.797812,39.549256,0 -104.796875,39.549165,0 -104.795899,39.549071,0 -104.794915,39.548978,0 -104.793774,39.548871,0 -104.793054,39.548803,0 -104.791850,39.548686,0 -104.790827,39.548591,0 -104.789601,39.548472,0 -104.789044,39.548419,0 -104.788632,39.548382,0 -104.788290,39.548351,0 -104.787916,39.548324,0 -104.787667,39.548312,0 -104.787359,39.548302,0 -104.787045,39.548293,0 -104.786677,39.548293,0 -104.786299,39.548299,0 -104.786020,39.548310,0 -104.785795,39.548325,0 -104.785524,39.548342,0 -104.785246,39.548365,0 -104.784983,39.548391,0 -104.784770,39.548414,0 -104.784526,39.548443,0 -104.784310,39.548475,0 -104.783963,39.548531,0 -104.783737,39.548569,0 -104.783536,39.548607,0 -104.783268,39.548661,0 -104.782955,39.548730,0 -104.782675,39.548798,0 -104.782430,39.548860,0 -104.782290,39.548896,0 -104.782138,39.548936,0 -104.781990,39.548981,0 -104.781795,39.549041,0 -104.781585,39.549105,0 -104.781386,39.549171,0 -104.781196,39.549234,0 -104.781039,39.549292,0 -104.780859,39.549356,0 -104.780728,39.549407,0 -104.780530,39.549485,0 -104.780353,39.549556,0 -104.780167,39.549632,0 -104.779964,39.549720,0 -104.779787,39.549801,0 -104.779619,39.549879,0 -104.779410,39.549984,0 -104.779077,39.550157,0 -104.778744,39.550335,0 -104.778491,39.550480,0 -104.778219,39.550641,0 -104.777465,39.551102,0 -104.777272,39.551222,0 -104.776879,39.551463,0 -104.776636,39.551608,0 -104.775770,39.552139,0 -104.775508,39.552295,0 -104.775384,39.552375,0 -104.775161,39.552509,0 -104.774936,39.552644,0 -104.774674,39.552806,0 -104.774408,39.552967,0 -104.774179,39.553110,0 -104.773953,39.553250,0 -104.773815,39.553343,0 -104.773639,39.553459,0 -104.773529,39.553538,0 -104.773432,39.553611,0 -104.773316,39.553697,0 -104.773233,39.553761,0 -104.773123,39.553851,0 -104.773031,39.553931,0 -104.772906,39.554042,0 -104.772753,39.554179,0 -104.772614,39.554311,0 -104.772478,39.554450,0 -104.772328,39.554615,0 -104.772202,39.554762,0 -104.772086,39.554906,0 -104.771932,39.555102,0 -104.771831,39.555249,0 -104.771743,39.555378,0 -104.771615,39.555578,0 -104.771504,39.555774,0 -104.771452,39.555877,0 -104.771389,39.556002,0 -104.771305,39.556186,0 -104.771249,39.556312,0 -104.771204,39.556429,0 -104.771159,39.556558,0 -104.771097,39.556726,0 -104.771057,39.556849,0 -104.770952,39.557182,0 -104.770908,39.557326,0 -104.770868,39.557472,0 -104.770742,39.557947,0 -104.770684,39.558172,0 -104.770600,39.558481,0 -104.770517,39.558798,0 -104.770389,39.559277,0 -104.770272,39.559719,0 -104.770156,39.560154,0 -104.770061,39.560475,0 -104.769988,39.560709,0 -104.769898,39.560975,0 -104.769816,39.561179,0 -104.769726,39.561390,0 -104.769640,39.561591,0 -104.769477,39.561920,0 -104.769382,39.562112,0 -104.769252,39.562340,0 -104.769138,39.562533,0 -104.768962,39.562817,0 -104.768778,39.563074,0 -104.768641,39.563268,0 -104.768504,39.563452,0 -104.768382,39.563606,0 -104.768241,39.563769,0 -104.768091,39.563947,0 -104.767920,39.564139,0 -104.767739,39.564324,0 -104.767566,39.564503,0 -104.767345,39.564716,0 -104.767183,39.564869,0 -104.767049,39.564982,0 -104.766885,39.565121,0 -104.766687,39.565286,0 -104.766472,39.565454,0 -104.766275,39.565602,0 -104.766078,39.565749,0 -104.765902,39.565871,0 -104.765660,39.566031,0 -104.765439,39.566169,0 -104.765224,39.566302,0 -104.765003,39.566430,0 -104.764783,39.566554,0 -104.764562,39.566671,0 -104.764233,39.566838,0 -104.764007,39.566948,0 -104.763721,39.567078,0 -104.763462,39.567190,0 -104.763213,39.567291,0 -104.762989,39.567380,0 -104.762792,39.567456,0 -104.762581,39.567533,0 -104.762366,39.567606,0 -104.762115,39.567685,0 -104.761848,39.567766,0 -104.761573,39.567846,0 -104.761306,39.567918,0 -104.761027,39.567987,0 -104.760761,39.568050,0 -104.760495,39.568108,0 -104.760086,39.568196,0 -104.759810,39.568257,0 -104.759501,39.568323,0 -104.759098,39.568410,0 -104.758723,39.568491,0 -104.758333,39.568578,0 -104.757815,39.568685,0 -104.757361,39.568785,0 -104.757014,39.568875,0 -104.756704,39.568943,0 -104.756436,39.569002,0 -104.756224,39.569051,0 -104.756017,39.569102,0 -104.755843,39.569148,0 -104.755674,39.569195,0 -104.755480,39.569254,0 -104.755321,39.569305,0 -104.755111,39.569374,0 -104.754902,39.569453,0 -104.754724,39.569525,0 -104.754582,39.569586,0 -104.754401,39.569664,0 -104.754287,39.569716,0 -104.754124,39.569794,0 -104.754018,39.569848,0 -104.753895,39.569912,0 -104.753777,39.569974,0 -104.753664,39.570036,0 -104.753544,39.570107,0 -104.753416,39.570186,0 -104.753268,39.570280,0 -104.753124,39.570373,0 -104.753000,39.570457,0 -104.752807,39.570596,0 -104.752630,39.570726,0 -104.752478,39.570841,0 -104.752309,39.570971,0 -104.752185,39.571066,0 -104.751829,39.571335,0 -104.751650,39.571469,0 -104.751445,39.571623,0 -104.751241,39.571778,0 -104.751073,39.571907,0 -104.750747,39.572154,0 -104.750373,39.572437,0 -104.750021,39.572703,0 -104.749585,39.573032,0 -104.749221,39.573309,0 -104.748915,39.573540,0 -104.748704,39.573699,0 -104.748373,39.573951,0 -104.747883,39.574322,0 -104.747438,39.574660,0 -104.747007,39.574985,0 -104.746626,39.575271,0 -104.746491,39.575368,0 -104.746311,39.575492,0 -104.746141,39.575603,0 -104.745993,39.575694,0 -104.745829,39.575794,0 -104.745708,39.575864,0 -104.745540,39.575956,0 -104.745411,39.576023,0 -104.745336,39.576059,0 -104.745285,39.576083,0 -104.745135,39.576155,0 -104.744963,39.576230,0 -104.744790,39.576302,0 -104.744544,39.576398,0 -104.744359,39.576468,0 -104.744200,39.576521,0 -104.744019,39.576576,0 -104.743868,39.576623,0 -104.743720,39.576664,0 -104.743510,39.576718,0 -104.743262,39.576778,0 -104.743052,39.576823,0 -104.742838,39.576862,0 -104.742624,39.576897,0 -104.742384,39.576933,0 -104.742202,39.576954,0 -104.742022,39.576972,0 -104.741774,39.576991,0 -104.741585,39.577004,0 -104.741400,39.577010,0 -104.741201,39.577014,0 -104.740978,39.577015,0 -104.740770,39.577014,0 -104.740149,39.577004,0 -104.739090,39.576983,0 -104.737884,39.576963,0 -104.736685,39.576939,0 -104.735055,39.576910,0 -104.733594,39.576883,0 -104.731681,39.576847,0 -104.730733,39.576828,0 -104.729894,39.576816,0 -104.729475,39.576808,0 -104.729172,39.576802,0 -104.728822,39.576799,0 -104.728557,39.576799,0 -104.728289,39.576805,0 -104.728095,39.576811,0 -104.727830,39.576823,0 -104.727611,39.576837,0 -104.727338,39.576862,0 -104.727085,39.576888,0 -104.726919,39.576908,0 -104.726694,39.576941,0 -104.726499,39.576974,0 -104.726242,39.577016,0 -104.726030,39.577058,0 -104.725877,39.577090,0 -104.725691,39.577131,0 -104.725453,39.577188,0 -104.725258,39.577237,0 -104.725013,39.577306,0 -104.724841,39.577357,0 -104.724656,39.577416,0 -104.724473,39.577476,0 -104.724261,39.577549,0 -104.723997,39.577648,0 -104.723694,39.577770,0 -104.723539,39.577836,0 -104.723371,39.577912,0 -104.723136,39.578024,0 -104.722906,39.578140,0 -104.722662,39.578270,0 -104.722411,39.578409,0 -104.722257,39.578500,0 -104.722088,39.578605,0 -104.721927,39.578709,0 -104.721766,39.578817,0 -104.721615,39.578923,0 -104.721317,39.579146,0 -104.721020,39.579382,0 -104.720862,39.579522,0 -104.720701,39.579663,0 -104.720589,39.579768,0 -104.720415,39.579941,0 -104.720242,39.580121,0 -104.720055,39.580331,0 -104.719851,39.580576,0 -104.719709,39.580756,0 -104.719436,39.581149,0 -104.719371,39.581249,0 -104.719310,39.581348,0 -104.719278,39.581401,0 -104.719207,39.581504,0 -104.719127,39.581649,0 -104.719061,39.581771,0 -104.718970,39.581947,0 -104.718900,39.582090,0 -104.718830,39.582250,0 -104.718779,39.582368,0 -104.718691,39.582592,0 -104.718647,39.582716,0 -104.718589,39.582890,0 -104.718550,39.583033,0 -104.718503,39.583192,0 -104.718467,39.583319,0 -104.718439,39.583435,0 -104.718413,39.583566,0 -104.718388,39.583705,0 -104.718357,39.583888,0 -104.718343,39.583998,0 -104.718319,39.584181,0 -104.718309,39.584279,0 -104.718299,39.584425,0 -104.718296,39.584505,0 -104.718288,39.584657,0 -104.718278,39.584873,0 -104.718278,39.585066,0 -104.718274,39.585625,0 -104.718265,39.586180,0 -104.718258,39.586851,0 -104.718253,39.587415,0 -104.718246,39.587923,0 -104.718243,39.588463,0 -104.718238,39.588790,0 -104.718238,39.589198,0 -104.718222,39.590000,0 -104.718211,39.590872,0 -104.718205,39.591145,0 -104.718189,39.591418,0 -104.718168,39.591689,0 -104.718156,39.591834,0 -104.718135,39.591970,0 -104.718111,39.592172,0 -104.718082,39.592389,0 -104.718049,39.592600,0 -104.717995,39.592915,0 -104.717946,39.593139,0 -104.717871,39.593464,0 -104.717818,39.593685,0 -104.717732,39.593994,0 -104.717636,39.594308,0 -104.717564,39.594524,0 -104.717492,39.594747,0 -104.717373,39.595055,0 -104.717299,39.595253,0 -104.717213,39.595459,0 -104.717117,39.595677,0 -104.717022,39.595888,0 -104.716920,39.596101,0 -104.716823,39.596295,0 -104.716665,39.596595,0 -104.716496,39.596897,0 -104.716383,39.597097,0 -104.716153,39.597489,0 -104.715852,39.597993,0 -104.715387,39.598779,0 -104.714912,39.599576,0 -104.714502,39.600268,0 -104.714429,39.600392,0 -104.714312,39.600590,0 -104.714126,39.600905,0 -104.713846,39.601378,0 -104.713613,39.601778,0 -104.713528,39.601936,0 -104.713453,39.602077,0 -104.713398,39.602183,0 -104.713335,39.602312,0 -104.713269,39.602460,0 -104.713207,39.602602,0 -104.713141,39.602760,0 -104.713078,39.602934,0 -104.713013,39.603119,0 -104.712960,39.603294,0 -104.712917,39.603447,0 -104.712890,39.603560,0 -104.712864,39.603667,0 -104.712837,39.603784,0 -104.712806,39.603949,0 -104.712778,39.604109,0 -104.712762,39.604226,0 -104.712747,39.604353,0 -104.712729,39.604514,0 -104.712720,39.604638,0 -104.712712,39.604773,0 -104.712706,39.604892,0 -104.712706,39.605060,0 -104.712709,39.605192,0 -104.712712,39.605333,0 -104.712721,39.605488,0 -104.712733,39.605655,0 -104.712746,39.605767,0 -104.712776,39.605992,0 -104.712798,39.606122,0 -104.712827,39.606288,0 -104.712850,39.606391,0 -104.712868,39.606482,0 -104.712903,39.606619,0 -104.712942,39.606760,0 -104.712967,39.606850,0 -104.713005,39.606971,0 -104.713046,39.607094,0 -104.713081,39.607196,0 -104.713163,39.607414,0 -104.713208,39.607523,0 -104.713263,39.607652,0 -104.713345,39.607830,0 -104.713400,39.607948,0 -104.713461,39.608065,0 -104.713533,39.608204,0 -104.713619,39.608355,0 -104.713682,39.608470,0 -104.713792,39.608668,0 -104.714013,39.609065,0 -104.714500,39.609924,0 -104.714755,39.610378,0 -104.715154,39.611089,0 -104.715385,39.611497,0 -104.715899,39.612404,0 -104.716418,39.613328,0 -104.716910,39.614199,0 -104.717221,39.614753,0 -104.717568,39.615368,0 -104.717800,39.615773,0 -104.718019,39.616177,0 -104.718122,39.616387,0 -104.718228,39.616598,0 -104.718327,39.616817,0 -104.718421,39.617037,0 -104.718534,39.617332,0 -104.718603,39.617547,0 -104.718670,39.617758,0 -104.718736,39.617980,0 -104.718793,39.618197,0 -104.718867,39.618531,0 -104.718895,39.618690,0 -104.718921,39.618849,0 -104.718956,39.619084,0 -104.718977,39.619256,0 -104.718996,39.619445,0 -104.719007,39.619619,0 -104.719015,39.619777,0 -104.719020,39.619954,0 -104.719020,39.620076,0 -104.719020,39.620297,0 -104.719009,39.620632,0 -104.718996,39.621004,0 -104.718987,39.621295,0 -104.718951,39.622191,0 -104.718920,39.622985,0 -104.718863,39.624637,0 -104.718807,39.626010,0 -104.718770,39.626721,0 -104.718741,39.627590,0 -104.718732,39.628187,0 -104.718687,39.629353,0 -104.718672,39.630203,0 -104.718673,39.631359,0 -104.718689,39.632104,0 -104.718702,39.632900,0 -104.718735,39.634084,0 -104.718764,39.635283,0 -104.718794,39.636708,0 -104.718804,39.637221,0 -104.718816,39.637597,0 -104.718827,39.638146,0 -104.718848,39.638817,0 -104.718866,39.639724,0 -104.718868,39.640709,0 -104.718877,39.641347,0 -104.718885,39.641775,0 -104.718921,39.643072,0 -104.718956,39.644632,0 -104.718980,39.645440,0 -104.719032,39.647616,0 -104.719072,39.648955,0 -104.719083,39.649348,0 -104.719100,39.649807,0 -104.719122,39.650109,0 -104.719141,39.650338,0 -104.719167,39.650655,0 -104.719204,39.651008,0 -104.719241,39.651338,0 -104.719335,39.652030,0 -104.719363,39.652227,0 -104.719386,39.652389,0 -104.719446,39.652723,0 -104.719517,39.653113,0 -104.719595,39.653497,0 -104.719662,39.653788,0 -104.719770,39.654265,0 -104.720011,39.655310,0 -104.720185,39.656055,0 -104.720482,39.657340,0 -104.720692,39.658228,0 -104.721075,39.659878,0 -104.721347,39.661048,0 -104.721463,39.661554,0 -104.721725,39.662659,0 -104.721924,39.663534,0 -104.722146,39.664492,0 -104.722322,39.665215,0 -104.723063,39.668470,0 -104.723281,39.669431,0 -104.723568,39.670581,0 -104.723705,39.671163,0 -104.723954,39.672262,0 -104.724193,39.673253,0 -104.724346,39.673911,0 -104.724506,39.674599,0 -104.724692,39.675404,0 -104.725011,39.676769,0 -104.725349,39.678232,0 -104.725561,39.679113,0 -104.725671,39.679589,0 -104.725755,39.679938,0 -104.725839,39.680305,0 -104.725931,39.680726,0 -104.726001,39.681091,0 -104.726068,39.681504,0 -104.726126,39.681890,0 -104.726173,39.682272,0 -104.726207,39.682716,0 -104.726219,39.682887,0 -104.726239,39.683176,0 -104.726253,39.683597,0 -104.726245,39.684701,0 -104.726229,39.686346,0 -104.726202,39.687913,0 -104.726198,39.688463,0 -104.726197,39.688974,0 -104.726196,39.689334,0 -104.726190,39.690225,0 -104.726181,39.690809,0 -104.726164,39.692279,0 -104.726151,39.693734,0 -104.726127,39.695190,0 -104.726116,39.695721,0 -104.726104,39.696212,0 -104.726089,39.696635,0 -104.726017,39.697873,0 -104.725942,39.698881,0 -104.725891,39.699436,0 -104.725811,39.700117,0 -104.725754,39.700604,0 -104.725636,39.701429,0 -104.725443,39.702715,0 -104.725290,39.703534,0 -104.725004,39.704935,0 -104.724847,39.705637,0 -104.724700,39.706254,0 -104.724434,39.707297,0 -104.724230,39.708041,0 -104.723994,39.708838,0 -104.723746,39.709651,0 -104.723412,39.710787,0 -104.723229,39.711461,0 -104.722906,39.712585,0 -104.722538,39.713699,0 -104.722367,39.714278,0 -104.722012,39.715471,0 -104.721787,39.716210,0 -104.721348,39.717687,0 -104.721095,39.718537,0 -104.720663,39.719985,0 -104.720226,39.721437,0 -104.719786,39.722894,0 -104.719579,39.723612,0 -104.719334,39.724417,0 -104.718781,39.726271,0 -104.718304,39.727867,0 -104.718006,39.728864,0 -104.717648,39.730065,0 -104.717489,39.730595,0 -104.717335,39.731112,0 -104.717283,39.731277,0 -104.717241,39.731434,0 -104.717206,39.731583,0 -104.717174,39.731759,0 -104.717143,39.731940,0 -104.717120,39.732103,0 -104.717102,39.732299,0 -104.717091,39.732571,0 -104.717093,39.732724,0 -104.717093,39.732864,0 -104.717189,39.733601,0 -104.717236,39.733794,0 -104.717278,39.733966,0 -104.717340,39.734166,0 -104.717447,39.734461,0 -104.717563,39.734793,0 -104.717812,39.735428,0 -104.718108,39.736164,0 -104.718234,39.736538,0 -104.718328,39.736843,0 -104.718403,39.737130,0 -104.718485,39.737411,0 -104.718583,39.738053,0 -104.718598,39.738382,0 -104.718614,39.738660,0 -104.718628,39.739023,0 -104.718623,39.739341,0 -104.718596,39.739665,0 -104.718569,39.739955,0 -104.718531,39.740242,0 -104.718488,39.740508,0 -104.718443,39.740754,0 -104.718376,39.741030,0 -104.718295,39.741306,0 -104.718218,39.741572,0 -104.718097,39.741942,0 -104.717968,39.742272,0 -104.717813,39.742665,0 -104.717606,39.743146,0 -104.717456,39.743482,0 -104.717335,39.743752,0 -104.717220,39.744025,0 -104.717110,39.744322,0 -104.717029,39.744567,0 -104.716949,39.744835,0 -104.716891,39.745049,0 -104.716834,39.745282,0 -104.716787,39.745530,0 -104.716749,39.745754,0 -104.716697,39.746124,0 -104.716659,39.746521,0 -104.716648,39.746880,0 -104.716647,39.747338,0 -104.716629,39.748203,0 -104.716609,39.749337,0 -104.716631,39.750020,0 -104.716627,39.750831,0 -104.716621,39.751186,0 -104.716611,39.751997,0 -104.716604,39.752639,0 -104.716600,39.753325,0 -104.716585,39.754513,0 -104.716554,39.756792,0 -104.716549,39.757368,0 -104.716546,39.757629,0 -104.716512,39.760326,0 -104.716423,39.763653,0 -104.716395,39.764415,0 -104.716406,39.766807,0 -104.716409,39.767146,0 -104.716420,39.768215,0 -104.716415,39.768604,0 -104.716408,39.768942,0 -104.716366,39.772460,0 -104.716357,39.773542,0 -104.716357,39.774693,0 -104.716351,39.775007,0 -104.716336,39.775934,0 -104.716333,39.776351,0 -104.716318,39.778152,0 -104.716302,39.779005,0 -104.716288,39.780330,0 -104.716277,39.781429,0 -104.716267,39.781845,0 -104.716272,39.782029,0 -104.716266,39.782368,0 -104.716250,39.783749,0 -104.716221,39.786673,0 -104.716188,39.789235,0 -104.716186,39.789723,0 -104.716171,39.791042,0 -104.716167,39.791469,0 -104.716155,39.792257,0 -104.716136,39.793583,0 -104.716113,39.795645,0 -104.716070,39.797630,0 -104.716061,39.798727,0 -104.716049,39.799039,0 -104.716029,39.800748,0 -104.716023,39.802413,0 -104.716027,39.802665,0 -104.716064,39.803189,0 -104.716118,39.803573,0 -104.716189,39.804026,0 -104.716322,39.804647,0 -104.716405,39.804971,0 -104.716527,39.805342,0 -104.716624,39.805612,0 -104.716830,39.806135,0 -104.716919,39.806360,0 -104.717013,39.806572,0 -104.717259,39.807058,0 -104.717392,39.807295,0 -104.717631,39.807676,0 -104.718106,39.808500,0 -104.718630,39.809388,0 -104.719489,39.810828,0 -104.721083,39.813523,0 -104.721340,39.813912,0 -104.721492,39.814114,0 -104.721631,39.814288,0 -104.721795,39.814479,0 -104.722141,39.814827,0 -104.722351,39.815017,0 -104.722628,39.815241,0 -104.722924,39.815456,0 -104.723184,39.815625,0 -104.723390,39.815753,0 -104.723650,39.815898,0 -104.723899,39.816028,0 -104.724137,39.816140,0 -104.724199,39.816167,0 -104.724358,39.816237,0 -104.724595,39.816333,0 -104.724868,39.816433,0 -104.725116,39.816515,0 -104.725584,39.816648,0 -104.725781,39.816696,0 -104.726050,39.816754,0 -104.726359,39.816814,0 -104.726779,39.816873,0 -104.727035,39.816902,0 -104.727510,39.816948,0 -104.728465,39.817031,0 -104.734339,39.817546,0 -104.734877,39.817591,0 -104.735276,39.817630,0 -104.735713,39.817684,0 -104.736144,39.817745,0 -104.736526,39.817811,0 -104.736962,39.817897,0 -104.737374,39.817987,0 -104.737775,39.818089,0 -104.738108,39.818180,0 -104.738186,39.818201,0 -104.738625,39.818340,0 -104.739105,39.818502,0 -104.739380,39.818600,0 -104.739848,39.818788,0 -104.740232,39.818955,0 -104.740734,39.819190,0 -104.740977,39.819312,0 -104.741347,39.819509,0 -104.742003,39.819911,0 -104.742227,39.820056,0 -104.742746,39.820413,0 -104.743162,39.820736,0 -104.743549,39.821058,0 -104.743829,39.821308,0 -104.744089,39.821560,0 -104.744352,39.821829,0 -104.744689,39.822202,0 -104.744926,39.822489,0 -104.745159,39.822795,0 -104.745373,39.823104,0 -104.745712,39.823642,0 -104.745906,39.823967,0 -104.746069,39.824287,0 -104.746199,39.824564,0 -104.746345,39.824917,0 -104.746530,39.825415,0 -104.746678,39.825930,0 -104.746795,39.826435,0 -104.746871,39.826921,0 -104.746917,39.827394,0 -104.746929,39.827625,0 -104.746933,39.827820,0 -104.746933,39.828049,0 -104.746910,39.833603,0 -104.746906,39.834821,0 -104.746907,39.835054,0 -104.746782,39.842076,0 -104.746781,39.842315,0 -104.746779,39.842554,0 -104.746769,39.843237,0 -104.746737,39.845378,0 -104.746705,39.848890,0 -104.746659,39.850749,0 -104.746651,39.853338,0 -104.746673,39.853795,0 -104.746752,39.854194,0 -104.746843,39.854548,0 -104.746934,39.854943,0 -104.747047,39.855347,0 -104.747396,39.856304,0 -104.747481,39.856537,0 -104.747952,39.857593,0 -104.748142,39.857951,0 -104.748455,39.858507,0 -104.748671,39.858919,0 -104.749160,39.859892,0 -104.749861,39.861259,0 -104.750388,39.862284,0 -104.751505,39.864460,0 -104.751906,39.865235,0 -104.752492,39.866368,0 -104.752829,39.866972,0 -104.753147,39.867489,0 -104.753930,39.868602,0 -104.756278,39.871727,0 -104.757169,39.872921,0 -104.757853,39.873826,0 -104.758352,39.874502,0 -104.758821,39.875153,0 -104.759214,39.875680,0 -104.759509,39.876103,0 -104.759988,39.876856,0 -104.760282,39.877374,0 -104.760498,39.877815,0 -104.760710,39.878290,0 -104.760934,39.878822,0 -104.761092,39.879239,0 -104.761203,39.879553,0 -104.761361,39.880086,0 -104.761471,39.880495,0 -104.761600,39.881031,0 -104.761702,39.881677,0 -104.761754,39.882131,0 -104.761789,39.882562,0 -104.761799,39.884319,0 -104.761777,39.886102,0 -104.761719,39.890362,0 -104.761710,39.891219,0 -104.761702,39.892022,0 -104.761703,39.893597,0 -104.761664,39.896901,0 -104.761675,39.897248,0 -104.761703,39.897670,0 -104.761747,39.898021,0 -104.761848,39.898557,0 -104.761941,39.898915,0 -104.762075,39.899332,0 -104.762188,39.899649,0 -104.762257,39.899836,0 -104.762423,39.900175,0 -104.762549,39.900430,0 -104.762643,39.900599,0 -104.762946,39.901095,0 -104.763074,39.901284,0 -104.763229,39.901498,0 -104.763436,39.901772,0 -104.763674,39.902054,0 -104.763996,39.902404,0 -104.764275,39.902675,0 -104.764653,39.903025,0 -104.764941,39.903263,0 -104.765252,39.903510,0 -104.765561,39.903732,0 -104.765993,39.904013,0 -104.766608,39.904375,0 -104.767005,39.904584,0 -104.767285,39.904721,0 -104.767654,39.904888,0 -104.767975,39.905027,0 -104.768658,39.905283,0 -104.769854,39.905659,0 -104.770257,39.905781,0 -104.771331,39.906119,0 -104.772642,39.906532,0 -104.773513,39.906806,0 -104.774019,39.906970,0 -104.774377,39.907104,0 -104.775041,39.907380,0 -104.775409,39.907554,0 -104.775931,39.907837,0 -104.776523,39.908200,0 -104.776836,39.908416,0 -104.777126,39.908643,0 -104.777474,39.908939,0 -104.777903,39.909353,0 -104.778127,39.909573,0 -104.778349,39.909821,0 -104.778695,39.910275,0 -104.779178,39.910888,0 -104.780200,39.912184,0 -104.781287,39.913550,0 -104.781398,39.913689,0 -104.781659,39.913997,0 -104.782262,39.914698,0 -104.782536,39.915016,0 -104.782788,39.915277,0 -104.783146,39.915624,0 -104.783805,39.916219,0 -104.784272,39.916604,0 -104.784609,39.916863,0 -104.785015,39.917167,0 -104.785755,39.917707,0 -104.785868,39.917784,0 -104.786445,39.918142,0 -104.787361,39.918640,0 -104.787795,39.918873,0 -104.788221,39.919075,0 -104.788850,39.919360,0 -104.789192,39.919509,0 -104.789683,39.919722,0 -104.790259,39.919942,0 -104.792355,39.920741,0 -104.793092,39.921022,0 -104.793121,39.921035,0 -104.793333,39.921164,0 -104.794281,39.921610,0 -104.794480,39.921702,0 -104.795859,39.922338,0 -104.797151,39.922948,0 -104.797529,39.923123,0 -104.797768,39.923246,0 -104.797971,39.923369,0 -104.798162,39.923515,0 -104.798308,39.923642,0 -104.798521,39.923863,0 -104.798638,39.924007,0 -104.798728,39.924138,0 -104.798790,39.924239,0 -104.798851,39.924352,0 -104.798908,39.924482,0 -104.798956,39.924626,0 -104.799056,39.924921,0 -104.799233,39.925586,0 -104.799334,39.925914,0 -104.799387,39.926082,0 -104.799418,39.926223,0 -104.799445,39.926379,0 -104.799466,39.926502,0 -104.799483,39.926676,0 -104.799481,39.926812,0 -104.799459,39.926965,0 -104.799445,39.927079,0 -104.799389,39.927348,0 -104.799326,39.927596,0 -104.799297,39.927685,0 -104.799268,39.927759,0 -104.799201,39.927920,0 -104.799131,39.928055,0 -104.799030,39.928239,0 -104.798922,39.928407,0 -104.798818,39.928530,0 -104.798559,39.928769,0 -104.798342,39.928964,0 -104.798026,39.929239,0 -104.797407,39.929766,0 -104.796611,39.930478,0 -104.795834,39.931211,0 -104.795057,39.931957,0 -104.794749,39.932238,0 -104.794332,39.932652,0 -104.793446,39.933393,0 -104.790956,39.935514,0 -104.790283,39.936107,0 -104.789659,39.936708,0 -104.789093,39.937295,0 -104.788626,39.937811,0 -104.787668,39.938945,0 -104.787201,39.939553,0 -104.786917,39.939931,0 -104.786177,39.940943,0 -104.785568,39.941766,0 -104.785202,39.942246,0 -104.784672,39.942987,0 -104.784399,39.943343,0 -104.784083,39.943753,0 -104.783615,39.944416,0 -104.783120,39.945076,0 -104.782782,39.945490,0 -104.782492,39.945816,0 -104.782255,39.946074,0 -104.782025,39.946310,0 -104.781708,39.946604,0 -104.781060,39.947212,0 -104.780317,39.947925,0 -104.780143,39.948092,0 -104.778986,39.949202,0 -104.776300,39.951746,0 -104.774733,39.953193,0 -104.774409,39.953492,0 -104.772985,39.954874,0 -104.771928,39.955864,0 -104.771405,39.956368,0 -104.770920,39.956836,0 -104.770268,39.957464,0 -104.769786,39.957912,0 -104.769449,39.958237,0 -104.769108,39.958552,0 -104.768786,39.958829,0 -104.768459,39.959092,0 -104.768057,39.959400,0 -104.767554,39.959761,0 -104.767309,39.959905,0 -104.767050,39.960071,0 -104.766800,39.960219,0 -104.766539,39.960359,0 -104.766339,39.960448,0 -104.765879,39.960675,0 -104.765300,39.960954,0 -104.764744,39.961203,0 -104.763493,39.961764,0 -104.763247,39.961875,0 -104.762554,39.962217,0 -104.762278,39.962362,0 -104.761955,39.962551,0 -104.761408,39.962886,0 -104.760595,39.963467,0 -104.759914,39.964032,0 -104.759262,39.964643,0 -104.757759,39.966086,0 -104.756484,39.967295,0 -104.755779,39.967971,0 -104.755038,39.968671,0 -104.754369,39.969318,0 -104.754158,39.969507,0 -104.751113,39.972423,0 -104.748825,39.974608,0 -104.746318,39.976986,0 -104.745291,39.977970,0 -104.744271,39.978947,0 -104.742687,39.980464,0 -104.736656,39.986189,0 -104.736077,39.986664,0 -104.735735,39.986921,0 -104.735578,39.987042,0 -104.734948,39.987491,0 -104.733960,39.988166,0 -104.733419,39.988545,0 -104.732779,39.988985,0 -104.731711,39.989730,0 -104.728397,39.992013,0 -104.724999,39.994362,0 -104.724272,39.994870,0 -104.724227,39.994902,0 -104.722869,39.995832,0 -104.722530,39.996053,0 -104.722130,39.996302,0 -104.721615,39.996609,0 -104.721104,39.996887,0 -104.720780,39.997057,0 -104.719953,39.997501,0 -104.719125,39.997916,0 -104.718755,39.998127,0 -104.718321,39.998352,0 -104.717637,39.998722,0 -104.716849,39.999141,0 -104.716133,39.999563,0 -104.715442,40.000003,0 -104.714901,40.000396,0 -104.714652,40.000587,0 -104.714364,40.000806,0 -104.712632,40.002236,0 -104.711698,40.003020,0 -104.710754,40.003782,0 -104.710632,40.003885,0 -104.710458,40.004035,0 -104.709726,40.004663,0 -104.709383,40.004947,0 -104.708791,40.005457,0 -104.708425,40.005779,0 -104.708120,40.006058,0 -104.707624,40.006522,0 -104.707043,40.007088,0 -104.706349,40.007792,0 -104.699134,40.015032,0 -104.699085,40.015082,0 -104.697829,40.016350,0 -104.696517,40.017663,0 -104.692293,40.021910,0 -104.690794,40.023423,0 -104.689996,40.024244,0 -104.684848,40.029674,0 -104.684324,40.030227,0 -104.678215,40.036671,0 -104.677562,40.037378,0 -104.670702,40.044620,0 -104.670145,40.045208,0 -104.665742,40.049859,0 -104.664418,40.051250,0 -104.657261,40.058810,0 -104.653450,40.062836,0 -104.652718,40.063587,0 -104.652306,40.064023,0 -104.652297,40.064032,0 -104.652145,40.064201,0 -104.651910,40.064484,0 -104.651700,40.064763,0 -104.651440,40.065150,0 -104.651303,40.065378,0 -104.651200,40.065566,0 -104.650998,40.065973,0 -104.650905,40.066187,0 -104.650881,40.066252,0 -104.650803,40.066459,0 -104.650598,40.067056,0 -104.650038,40.068781,0 -104.649531,40.070251,0 -104.649440,40.070510,0 -104.649337,40.070763,0 -104.649203,40.071065,0 -104.649074,40.071335,0 -104.648925,40.071632,0 -104.648764,40.071925,0 -104.648605,40.072199,0 -104.648434,40.072471,0 -104.648332,40.072632,0 -104.648213,40.072803,0 -104.648040,40.073049,0 -104.647841,40.073310,0 -104.647616,40.073578,0 -104.647363,40.073859,0 -104.647065,40.074164,0 -104.646843,40.074372,0 -104.646571,40.074623,0 -104.646394,40.074780,0 -104.646056,40.075060,0 -104.645746,40.075299,0 -104.645433,40.075520,0 -104.645179,40.075694,0 -104.644904,40.075870,0 -104.644401,40.076164,0 -104.643203,40.076811,0 -104.642978,40.076933,0 -104.642615,40.077126,0 -104.626318,40.085794,0 -104.624456,40.086799,0 -104.623897,40.087110,0 -104.623112,40.087567,0 -104.622614,40.087883,0 -104.622326,40.088076,0 -104.621259,40.088816,0 -104.618300,40.090881,0 -104.611826,40.095388,0 -104.609880,40.096758,0 -104.609640,40.096926,0 -104.607320,40.098546,0 -104.606591,40.099057,0 -104.605562,40.099760,0 -104.604415,40.100403,0 -104.602801,40.101311,0 -104.602629,40.101398,0 -104.602638,40.102573,0 -104.602650,40.102883,0 -104.602742,40.105247,0 -104.602749,40.105442,0 -104.602815,40.107660,0 -104.602842,40.109092,0 -104.602844,40.109482,0 -104.602843,40.109732,0 -104.602848,40.111112,0 -104.602906,40.116697,0 -104.602944,40.120134,0 -104.602968,40.123323,0 -104.602979,40.123860,0 -104.603011,40.126059,0 -104.603046,40.129137,0 -104.603053,40.129275,0 -104.603062,40.129926,0 -104.603067,40.130641,0 -104.603063,40.131223,0 -104.603046,40.133159,0 -104.603009,40.135064,0 -104.602999,40.135875,0 -104.602961,40.137508,0 -104.602961,40.137599,0 -104.602942,40.141127,0 -104.602961,40.144890,0 -104.602962,40.145006,0 -104.602948,40.145481,0 -104.602942,40.146079,0 -104.602928,40.149728,0 -104.602939,40.153915,0 -104.602932,40.155997,0 -104.602905,40.158209,0 -104.602870,40.159061,0 -104.602824,40.159988,0 -104.602767,40.162231,0 -104.602764,40.163483,0 -104.602767,40.163905,0 -104.602780,40.164534,0 -104.602821,40.165731,0 -104.602868,40.167105,0 -104.602887,40.167665,0 -104.602998,40.170748,0 -104.602996,40.172051,0 -104.602936,40.174421,0 -104.602895,40.180327,0 -104.602883,40.180956,0 -104.602873,40.186792,0 -104.602852,40.188838,0 -104.602818,40.193456,0 -104.602828,40.193696,0 -104.602826,40.196102,0 -104.602825,40.196221,0 -104.602813,40.198331,0 -104.602788,40.200271,0 -104.602787,40.201501,0 -104.602785,40.202885,0 -104.602784,40.203453,0 -104.602782,40.203970,0 -104.602772,40.206726,0 -104.602749,40.210737,0 -104.602744,40.211646,0 -104.602697,40.214238,0 -104.602672,40.215459,0 -104.602600,40.217686,0 -104.602598,40.217959,0 -104.602582,40.219608,0 -104.602579,40.220148,0 -104.602574,40.221351,0 -104.602585,40.222458,0 -104.602604,40.223460,0 -104.602609,40.224066,0 -104.602635,40.225322,0 -104.602658,40.226689,0 -104.602687,40.227573,0 -104.602728,40.228653,0 -104.602756,40.229769,0 -104.602778,40.230753,0 -104.602770,40.231624,0 -104.602755,40.232125,0 -104.602744,40.232498,0 -104.602728,40.232979,0 -104.602681,40.234126,0 -104.602621,40.235932,0 -104.602571,40.236835,0 -104.602496,40.239841,0 -104.602470,40.246986,0 -104.602453,40.253844,0 -104.602454,40.256876,0 -104.602420,40.259223,0 -104.602409,40.261486,0 -104.602386,40.267364,0 -104.602364,40.268704,0 -104.602370,40.270403,0 -104.602350,40.273087,0 -104.602219,40.275991,0 -104.602219,40.277690,0 -104.602282,40.279786,0 -104.602298,40.280453,0 -104.602271,40.285791,0 -104.602217,40.290432,0 -104.602229,40.293248,0 -104.602137,40.304441,0 -104.602138,40.304991,0 -104.602137,40.305108,0 -104.602135,40.305735,0 -104.602090,40.310164,0 -104.602065,40.311987,0 -104.602032,40.315763,0 -104.602031,40.316919,0 -104.601936,40.319429,0 -104.601927,40.322072,0 -104.601922,40.323147,0 -104.601897,40.325721,0 -104.601913,40.327555,0 -104.601920,40.327793,0 -104.601907,40.328760,0 -104.601940,40.330278,0 -104.601963,40.332352,0 -104.601987,40.333955,0 -104.602130,40.339456,0 -104.602126,40.341052,0 -104.602166,40.342609,0 -104.602134,40.345886,0 -104.602117,40.347310,0 -104.602099,40.348003,0 -104.602088,40.348400,0 -104.602086,40.348965,0 -104.602083,40.349836,0 -104.602105,40.354641,0 -104.602105,40.355649,0 -104.602104,40.356685,0 -104.602113,40.362873,0 -104.602108,40.362993,0 -104.602113,40.363922,0 -104.602092,40.364128,0 -104.602088,40.364836,0 -104.602067,40.366701,0 -104.602059,40.367286,0 -104.602060,40.367386,0 -104.602057,40.369518,0 -104.602062,40.370264,0 -104.602064,40.370657,0 -104.602077,40.372581,0 -104.602110,40.375509,0 -104.602112,40.375614,0 -104.602117,40.376094,0 -104.602109,40.376576,0 -104.602088,40.377835,0 -104.602070,40.378184,0 -104.602064,40.378392,0 -104.602060,40.378457,0 -104.602024,40.379060,0 -104.601983,40.379614,0 -104.601949,40.381745,0 -104.601951,40.382152,0 -104.602012,40.384084,0 -104.602027,40.384574,0 -104.602032,40.384835,0 -104.601900,40.391193,0 -104.601894,40.391518,0 -104.601896,40.391972,0 -104.601895,40.392384,0 -104.601899,40.392767,0 -104.601901,40.393508,0 -104.601901,40.393544,0 -104.601902,40.393878,0 -104.601908,40.395788,0 -104.601909,40.395992,0 -104.601901,40.396498,0 -104.601814,40.396634,0 -104.601844,40.397360,0 -104.601875,40.397684,0 -104.601925,40.397998,0 -104.602014,40.398451,0 -104.602088,40.398712,0 -104.602131,40.398835,0 -104.602176,40.398971,0 -104.602239,40.399129,0 -104.602353,40.399415,0 -104.602505,40.399757,0 -104.602763,40.400227,0 -104.602898,40.400440,0 -104.603108,40.400773,0 -104.603672,40.401475,0 -104.604167,40.401977,0 -104.604582,40.402341,0 -104.605016,40.402684,0 -104.605155,40.402787,0 -104.605311,40.402893,0 -104.605747,40.403180,0 -104.605836,40.403230,0 -104.606321,40.403504,0 -104.607083,40.403913,0 -104.607241,40.403935,0 -104.607558,40.404105,0 -104.609756,40.405256,0 -104.610043,40.405406,0 -104.610325,40.405550,0 -104.610415,40.405597,0 -104.610739,40.405779,0 -104.611057,40.405984,0 -104.611228,40.406105,0 -104.611493,40.406292,0 -104.612238,40.406889,0 -104.612602,40.407179,0 -104.612772,40.407328,0 -104.612962,40.407506,0 -104.613275,40.407787,0 -104.613448,40.407967,0 -104.613849,40.408326,0 -104.614026,40.408452,0 -104.614213,40.408559,0 -104.614431,40.408677,0 -104.614577,40.408764,0 -104.614787,40.408857,0 -104.615101,40.408969,0 -104.615144,40.408982,0 -104.615224,40.409005,0 -104.615505,40.409085,0 -104.615641,40.409173,0 -104.616133,40.409280,0 -104.618411,40.409730,0 -104.618609,40.409769,0 -104.618776,40.409742,0 -104.618831,40.409751,0 -104.618915,40.409765,0 -104.619110,40.409797,0 -104.619443,40.409874,0 -104.620071,40.409982,0 -104.620280,40.410019,0 -104.621204,40.410222,0 -104.621246,40.410233,0 -104.621728,40.410391,0 -104.622184,40.410615,0 -104.622530,40.410828,0 -104.622614,40.410880,0 -104.622738,40.410792,0 -104.622996,40.410609,0 -104.623069,40.410559,0 -104.623117,40.410527,0 -104.623294,40.410461,0 -104.623560,40.410436,0 -104.626262,40.410389,0 -104.628828,40.410352,0 -104.629477,40.410348,0 -104.629594,40.410346,0 -104.630533,40.410333,0 -104.632151,40.410323,0 -104.632197,40.410323,0 -104.632711,40.410322,0 -104.633467,40.410320,0 -104.634281,40.410318,0 -104.634692,40.410317,0 -104.635208,40.410316,0 -104.635309,40.410315,0 -104.637683,40.410309,0 -104.638502,40.410307,0 -104.638768,40.410303,0 -104.638736,40.410501,0 -104.638595,40.411864,0 -104.638603,40.412071,0 -104.638626,40.412158,0 -104.638642,40.412192,0 -104.638675,40.412263,0 -104.638769,40.412392,0 -104.638859,40.412503,0 -104.639302,40.413050,0 -104.639919,40.413768,0 -104.639946,40.413795,0 -104.640021,40.413868,0 -104.640179,40.413848,0 -104.641405,40.413832,0 -104.641510,40.413831,0 -104.645957,40.413791,0 -104.646044,40.413790,0 -104.646366,40.413786,0 -104.646875,40.413779,0 -104.647176,40.413776,0 -104.647306,40.413772,0 -104.647798,40.413766,0 -104.649483,40.413755,0 -104.649649,40.413757,0 -104.650134,40.413763,0 -104.652932,40.413752,0 -104.653037,40.413752,0 -104.653567,40.413750,0 -104.654278,40.413747,0 -104.656539,40.413740,0 -104.657457,40.413736,0 -104.658902,40.413731,0 -104.659288,40.413730,0 -104.661225,40.413723,0 -104.662549,40.413725,0 -104.662901,40.413725,0 -104.663687,40.413726,0 -104.664672,40.413746,0 -104.665009,40.413745,0 -104.665352,40.413743,0 -104.665609,40.413742,0 -104.665748,40.413743,0 -104.666269,40.413740,0 -104.667777,40.413734,0 -104.668148,40.413732,0 -104.668336,40.413727,0 -104.668355,40.413727,0 -104.668466,40.413724,0 -104.670402,40.413718,0 -104.671432,40.413715,0 -104.671891,40.413713,0 -104.672540,40.413711,0 -104.672938,40.413713,0 -104.673244,40.413714,0 -104.673523,40.413714,0 -104.673923,40.413710,0 -104.674755,40.413709,0 -104.675437,40.413710,0 -104.676283,40.413724,0 -104.676731,40.413731,0 -104.677180,40.413729,0 -104.677203,40.413729,0 -104.677553,40.413727,0 -104.677758,40.413726,0 -104.677859,40.413709,0 -104.677985,40.413688,0 -104.678162,40.413687,0 -104.678398,40.413686,0 -104.678732,40.413684,0 -104.678852,40.413686,0 -104.679173,40.413660,0 -104.679246,40.413649,0 -104.679316,40.413638,0 -104.679409,40.413624,0 -104.679464,40.413616,0 -104.679632,40.413590,0 -104.679691,40.413586,0 -104.679865,40.413586,0 -104.680191,40.413600,0 -104.680308,40.413606,0 -104.680477,40.413615,0 -104.680622,40.413624,0 -104.680708,40.413629,0 -104.680926,40.413645,0 -104.681638,40.413655,0 -104.682576,40.413656,0 -104.682840,40.413656,0 -104.683255,40.413658,0 -104.683737,40.413660,0 -104.684185,40.413667,0 -104.684363,40.413673,0 -104.684429,40.413675,0 -104.685322,40.413706,0 -104.685784,40.413720,0 -104.685963,40.413725,0 -104.686354,40.413733,0 -104.687187,40.413737,0 -104.687351,40.413738,0 -104.687514,40.413739,0 -104.688236,40.413743,0 -104.688989,40.413746,0 -104.689146,40.413747,0 -104.689317,40.413748,0 -104.690062,40.413752,0 -104.690142,40.413752,0 -104.690289,40.413752,0 -104.690783,40.413756,0 -104.690945,40.413758,0 -104.691110,40.413759,0 -104.691122,40.413759,0 -104.691246,40.413759,0 -104.691500,40.413759,0 -104.691530,40.413759,0 -104.691697,40.413760,0 -104.692162,40.413762,0 -104.692440,40.413764,0 -104.692592,40.413764,0 -104.692743,40.413765,0 -104.692911,40.413766,0 -104.693654,40.413769,0 -104.694396,40.413773,0 -104.694552,40.413773,0 -104.694713,40.413774,0 -104.694823,40.413775,0 -104.695204,40.413776,0 -104.695459,40.413777,0 -104.695924,40.413780,0 -104.696197,40.413781,0 -104.696331,40.413781,0 -104.696331,40.413807,0 -104.696331,40.413914,0 -104.696331,40.414087,0 -104.696330,40.414142,0 -104.696329,40.414574,0 -104.696325,40.415570,0 -104.696325,40.415689,0 -104.696323,40.415820,0 -104.696318,40.416148,0 -104.696306,40.416945,0 -104.696304,40.417066,0 -104.696304,40.417195,0 -104.696303,40.417744,0 -104.696303,40.417963,0 -104.696303,40.418064,0 -104.696303,40.418120,0 -104.696301,40.418326,0 -104.696296,40.418449,0 -104.696413,40.418450,0 -104.696468,40.418450,0 -104.696744,40.418452,0 -104.696793,40.418452,0 -104.697068,40.418453,0 -104.697942,40.418458,0 -104.698098,40.418459,0 -104.698268,40.418460,0 -104.699756,40.418468,0 -104.699895,40.418469,0 -104.700861,40.418475,0 -104.700979,40.418476,0 -104.701237,40.418477,0 -104.701563,40.418479,0 -104.701695,40.418480,0 -104.701870,40.418481,0 -104.701991,40.418482,0 -104.702182,40.418483,0 -104.702436,40.418485,0 -104.702606,40.418486,0 -104.703333,40.418490,0 -104.703495,40.418491,0 -104.703660,40.418492,0 -104.704412,40.418497,0 -104.705292,40.418502,0 -104.705722,40.418505,0 -104.706634,40.418511,0 -104.706714,40.418511,0 -104.707742,40.418517,0 -104.707818,40.418517,0 -104.707817,40.418601,0 -104.707817,40.418639,0 -104.707811,40.419239,0 -104.707805,40.419804,0 -104.707804,40.419894,0 -104.707803,40.419995,0 -104.707798,40.420479,0 -104.707793,40.420978,0 -104.707792,40.421021,0 -104.707792,40.421095,0 -104.707794,40.421866,0 -104.707782,40.422323,0 -104.707778,40.422453,0 -104.707780,40.422554,0 -104.707780,40.422567,0 -104.707781,40.422649,0 -104.707782,40.422738,0 -104.707782,40.422757,0 -104.707785,40.422952,0 -104.707782,40.423058,0 -104.707768,40.423515,0 -104.707764,40.423834,0 -104.707762,40.423939,0 -104.707762,40.423945,0 -104.707761,40.424023,0 -104.707849,40.424023,0 -104.708441,40.424026,0 -104.709121,40.424029,0 -104.709122,40.423949,0 -104.709122,40.423938,0 -104.709124,40.423859,0 -104.709132,40.423314,0</coordinates>
        </LineString>
      </Placemark>
      <Placemark>
        <name>Day 15</name>
        <description>Greeley, CO to Lemoyne, NE</description>
        <LineString>
          <tessellate>1</tessellate>
          <coordinates>-104.709132,40.423314,0 -104.709124,40.423859,0 -104.709122,40.423938,0 -104.709122,40.423949,0 -104.709121,40.424029,0 -104.709120,40.424122,0 -104.709120,40.424132,0 -104.709118,40.424513,0 -104.709118,40.424882,0 -104.709118,40.424897,0 -104.709118,40.424998,0 -104.709040,40.424997,0 -104.707857,40.424990,0 -104.707753,40.424989,0 -104.707617,40.424988,0 -104.705395,40.424974,0 -104.705310,40.424973,0 -104.705230,40.424972,0 -104.704225,40.424965,0 -104.703417,40.424962,0 -104.701802,40.424949,0 -104.701786,40.424948,0 -104.701624,40.424947,0 -104.701625,40.424826,0 -104.701627,40.424471,0 -104.701629,40.424414,0 -104.701631,40.424356,0 -104.701635,40.424217,0 -104.701636,40.424184,0 -104.701637,40.424142,0 -104.701638,40.424114,0 -104.701643,40.423983,0 -104.701644,40.423859,0 -104.701643,40.423841,0 -104.701644,40.423797,0 -104.701646,40.423595,0 -104.701647,40.423492,0 -104.701647,40.423479,0 -104.701647,40.423444,0 -104.701647,40.423386,0 -104.701648,40.423295,0 -104.701648,40.423267,0 -104.701650,40.422967,0 -104.701652,40.422736,0 -104.701653,40.422611,0 -104.701654,40.422494,0 -104.701654,40.422481,0 -104.701657,40.422277,0 -104.701657,40.422082,0 -104.701661,40.421909,0 -104.701666,40.421375,0 -104.701668,40.421232,0 -104.701669,40.421128,0 -104.701675,40.420547,0 -104.701676,40.420423,0 -104.701681,40.419983,0 -104.701682,40.419866,0 -104.701684,40.419770,0 -104.701695,40.419181,0 -104.701699,40.418934,0 -104.701700,40.418881,0 -104.701699,40.418838,0 -104.701699,40.418769,0 -104.701697,40.418604,0 -104.701695,40.418480,0 -104.701696,40.418432,0 -104.701696,40.418388,0 -104.701698,40.418219,0 -104.701701,40.418036,0 -104.701701,40.418002,0 -104.701711,40.417223,0 -104.701713,40.417101,0 -104.701715,40.416981,0 -104.701724,40.416176,0 -104.701726,40.416035,0 -104.701727,40.415992,0 -104.701727,40.415958,0 -104.701728,40.415849,0 -104.701730,40.415720,0 -104.701731,40.415605,0 -104.701736,40.415290,0 -104.701738,40.415094,0 -104.701746,40.414478,0 -104.701746,40.414413,0 -104.701749,40.414212,0 -104.701752,40.413931,0 -104.701754,40.413805,0 -104.701601,40.413804,0 -104.701313,40.413803,0 -104.700853,40.413801,0 -104.700115,40.413798,0 -104.699952,40.413797,0 -104.699802,40.413796,0 -104.699048,40.413793,0 -104.698316,40.413790,0 -104.698149,40.413789,0 -104.697995,40.413789,0 -104.697263,40.413786,0 -104.697255,40.413786,0 -104.696934,40.413784,0 -104.696873,40.413784,0 -104.696830,40.413784,0 -104.696520,40.413782,0 -104.696331,40.413781,0 -104.696197,40.413781,0 -104.695924,40.413780,0 -104.695459,40.413777,0 -104.695204,40.413776,0 -104.694823,40.413775,0 -104.694713,40.413774,0 -104.694552,40.413773,0 -104.694396,40.413773,0 -104.693654,40.413769,0 -104.692911,40.413766,0 -104.692743,40.413765,0 -104.692592,40.413764,0 -104.692440,40.413764,0 -104.692162,40.413762,0 -104.691697,40.413760,0 -104.691530,40.413759,0 -104.691500,40.413759,0 -104.691246,40.413759,0 -104.691122,40.413759,0 -104.691110,40.413759,0 -104.690945,40.413758,0 -104.690783,40.413756,0 -104.690289,40.413752,0 -104.690142,40.413752,0 -104.690062,40.413752,0 -104.689317,40.413748,0 -104.689146,40.413747,0 -104.688989,40.413746,0 -104.688236,40.413743,0 -104.687514,40.413739,0 -104.687351,40.413738,0 -104.687187,40.413737,0 -104.686354,40.413733,0 -104.685963,40.413725,0 -104.685784,40.413720,0 -104.685322,40.413706,0 -104.684429,40.413675,0 -104.684363,40.413673,0 -104.684185,40.413667,0 -104.683737,40.413660,0 -104.683255,40.413658,0 -104.682840,40.413656,0 -104.682576,40.413656,0 -104.681638,40.413655,0 -104.680926,40.413645,0 -104.680708,40.413629,0 -104.680622,40.413624,0 -104.680477,40.413615,0 -104.680308,40.413606,0 -104.680191,40.413600,0 -104.679865,40.413586,0 -104.679691,40.413586,0 -104.679632,40.413590,0 -104.679464,40.413616,0 -104.679409,40.413624,0 -104.679316,40.413638,0 -104.679246,40.413649,0 -104.679173,40.413660,0 -104.678852,40.413686,0 -104.678732,40.413684,0 -104.678398,40.413686,0 -104.678162,40.413687,0 -104.677985,40.413688,0 -104.677859,40.413709,0 -104.677758,40.413726,0 -104.677553,40.413727,0 -104.677203,40.413729,0 -104.677180,40.413729,0 -104.676731,40.413731,0 -104.676283,40.413724,0 -104.675437,40.413710,0 -104.674755,40.413709,0 -104.673923,40.413710,0 -104.673523,40.413714,0 -104.673244,40.413714,0 -104.672938,40.413713,0 -104.672540,40.413711,0 -104.671891,40.413713,0 -104.671432,40.413715,0 -104.670402,40.413718,0 -104.668466,40.413724,0 -104.668355,40.413727,0 -104.668336,40.413727,0 -104.668148,40.413732,0 -104.667777,40.413734,0 -104.666269,40.413740,0 -104.665748,40.413743,0 -104.665609,40.413742,0 -104.665352,40.413743,0 -104.665009,40.413745,0 -104.664672,40.413746,0 -104.663687,40.413726,0 -104.662901,40.413725,0 -104.662549,40.413725,0 -104.661225,40.413723,0 -104.659288,40.413730,0 -104.658902,40.413731,0 -104.657457,40.413736,0 -104.656539,40.413740,0 -104.654278,40.413747,0 -104.653567,40.413750,0 -104.653037,40.413752,0 -104.652932,40.413752,0 -104.650134,40.413763,0 -104.649649,40.413757,0 -104.649483,40.413755,0 -104.647798,40.413766,0 -104.647306,40.413772,0 -104.647176,40.413776,0 -104.646875,40.413779,0 -104.646366,40.413786,0 -104.646044,40.413790,0 -104.645957,40.413791,0 -104.641510,40.413831,0 -104.641405,40.413832,0 -104.640179,40.413848,0 -104.640021,40.413868,0 -104.639946,40.413795,0 -104.639919,40.413768,0 -104.639302,40.413050,0 -104.638859,40.412503,0 -104.638769,40.412392,0 -104.638675,40.412263,0 -104.638642,40.412192,0 -104.638626,40.412158,0 -104.638603,40.412071,0 -104.638595,40.411864,0 -104.638736,40.410501,0 -104.638768,40.410303,0 -104.638502,40.410307,0 -104.637683,40.410309,0 -104.635309,40.410315,0 -104.635208,40.410316,0 -104.634692,40.410317,0 -104.634281,40.410318,0 -104.633467,40.410320,0 -104.632711,40.410322,0 -104.632197,40.410323,0 -104.632151,40.410323,0 -104.630533,40.410333,0 -104.629594,40.410346,0 -104.629477,40.410348,0 -104.628828,40.410352,0 -104.626262,40.410389,0 -104.623560,40.410436,0 -104.623294,40.410461,0 -104.623117,40.410527,0 -104.623069,40.410559,0 -104.622996,40.410609,0 -104.622738,40.410792,0 -104.622614,40.410880,0 -104.622530,40.410828,0 -104.622184,40.410615,0 -104.621728,40.410391,0 -104.621246,40.410233,0 -104.621204,40.410222,0 -104.620280,40.410019,0 -104.620071,40.409982,0 -104.619443,40.409874,0 -104.619110,40.409797,0 -104.618915,40.409765,0 -104.618831,40.409751,0 -104.618776,40.409742,0 -104.618636,40.409660,0 -104.616149,40.409168,0 -104.615665,40.409071,0 -104.615505,40.409085,0 -104.615224,40.409005,0 -104.615144,40.408982,0 -104.615101,40.408969,0 -104.614787,40.408857,0 -104.614577,40.408764,0 -104.614431,40.408677,0 -104.614213,40.408559,0 -104.614026,40.408452,0 -104.613849,40.408326,0 -104.613448,40.407967,0 -104.613275,40.407787,0 -104.612962,40.407506,0 -104.612772,40.407328,0 -104.612602,40.407179,0 -104.612238,40.406889,0 -104.611493,40.406292,0 -104.611228,40.406105,0 -104.611057,40.405984,0 -104.610739,40.405779,0 -104.610415,40.405597,0 -104.610325,40.405550,0 -104.610043,40.405406,0 -104.609756,40.405256,0 -104.607558,40.404105,0 -104.607241,40.403935,0 -104.607151,40.403820,0 -104.606286,40.403363,0 -104.605833,40.403091,0 -104.605410,40.402822,0 -104.605261,40.402706,0 -104.604549,40.402152,0 -104.604024,40.401654,0 -104.603730,40.401344,0 -104.603506,40.401063,0 -104.603211,40.400694,0 -104.602952,40.400302,0 -104.602554,40.399521,0 -104.602400,40.399185,0 -104.602374,40.399108,0 -104.602322,40.398948,0 -104.602309,40.398908,0 -104.602236,40.398694,0 -104.602159,40.398438,0 -104.602076,40.398020,0 -104.602016,40.397654,0 -104.601994,40.397413,0 -104.601986,40.396624,0 -104.601901,40.396498,0 -104.601909,40.395992,0 -104.601908,40.395788,0 -104.601902,40.393878,0 -104.601901,40.393544,0 -104.601901,40.393508,0 -104.601899,40.392767,0 -104.601895,40.392384,0 -104.601896,40.391972,0 -104.601894,40.391518,0 -104.601900,40.391193,0 -104.602032,40.384835,0 -104.602027,40.384574,0 -104.602012,40.384084,0 -104.601951,40.382152,0 -104.601949,40.381745,0 -104.601983,40.379614,0 -104.602024,40.379060,0 -104.602060,40.378457,0 -104.602064,40.378392,0 -104.602070,40.378184,0 -104.602088,40.377835,0 -104.602109,40.376576,0 -104.602117,40.376094,0 -104.602112,40.375614,0 -104.602110,40.375509,0 -104.602077,40.372581,0 -104.602064,40.370657,0 -104.602062,40.370264,0 -104.602057,40.369518,0 -104.602060,40.367386,0 -104.602059,40.367286,0 -104.602067,40.366701,0 -104.602088,40.364836,0 -104.602092,40.364128,0 -104.602113,40.363922,0 -104.602108,40.362993,0 -104.602113,40.362873,0 -104.602104,40.356685,0 -104.602105,40.355649,0 -104.602105,40.354641,0 -104.602083,40.349836,0 -104.602086,40.348965,0 -104.602088,40.348400,0 -104.602099,40.348003,0 -104.602117,40.347310,0 -104.602134,40.345886,0 -104.602166,40.342609,0 -104.602126,40.341052,0 -104.602130,40.339456,0 -104.601987,40.333955,0 -104.601963,40.332352,0 -104.601940,40.330278,0 -104.601907,40.328760,0 -104.601920,40.327793,0 -104.601913,40.327555,0 -104.601897,40.325721,0 -104.601922,40.323147,0 -104.601927,40.322072,0 -104.601936,40.319429,0 -104.602031,40.316919,0 -104.602032,40.315763,0 -104.602065,40.311987,0 -104.602090,40.310164,0 -104.602135,40.305735,0 -104.602137,40.305108,0 -104.602138,40.304991,0 -104.602137,40.304441,0 -104.602229,40.293248,0 -104.602217,40.290432,0 -104.602271,40.285791,0 -104.602298,40.280453,0 -104.602282,40.279786,0 -104.602219,40.277690,0 -104.602219,40.275991,0 -104.602350,40.273087,0 -104.602370,40.270403,0 -104.602364,40.268704,0 -104.602386,40.267364,0 -104.602409,40.261486,0 -104.602420,40.259223,0 -104.602454,40.256876,0 -104.602453,40.253844,0 -104.602470,40.246986,0 -104.602496,40.239841,0 -104.602571,40.236835,0 -104.602621,40.235932,0 -104.602681,40.234126,0 -104.602728,40.232979,0 -104.602744,40.232498,0 -104.602755,40.232125,0 -104.602770,40.231624,0 -104.602778,40.230753,0 -104.602756,40.229769,0 -104.602728,40.228653,0 -104.602687,40.227573,0 -104.602658,40.226689,0 -104.602635,40.225322,0 -104.602609,40.224066,0 -104.602604,40.223460,0 -104.602585,40.222458,0 -104.602574,40.221351,0 -104.602579,40.220148,0 -104.602582,40.219608,0 -104.602598,40.217959,0 -104.602600,40.217686,0 -104.602672,40.215459,0 -104.602697,40.214238,0 -104.602744,40.211646,0 -104.602749,40.210737,0 -104.602772,40.206726,0 -104.602782,40.203970,0 -104.602784,40.203453,0 -104.602785,40.202885,0 -104.602787,40.201501,0 -104.602788,40.200271,0 -104.602813,40.198331,0 -104.602825,40.196221,0 -104.602826,40.196102,0 -104.602828,40.193696,0 -104.602818,40.193456,0 -104.602852,40.188838,0 -104.602873,40.186792,0 -104.602883,40.180956,0 -104.602895,40.180327,0 -104.602936,40.174421,0 -104.602996,40.172051,0 -104.602998,40.170748,0 -104.602887,40.167665,0 -104.602868,40.167105,0 -104.602821,40.165731,0 -104.602780,40.164534,0 -104.602767,40.163905,0 -104.602764,40.163483,0 -104.602767,40.162231,0 -104.602824,40.159988,0 -104.602870,40.159061,0 -104.602905,40.158209,0 -104.602932,40.155997,0 -104.602939,40.153915,0 -104.602928,40.149728,0 -104.602942,40.146079,0 -104.602948,40.145481,0 -104.602962,40.145006,0 -104.602961,40.144890,0 -104.602942,40.141127,0 -104.602961,40.137599,0 -104.602961,40.137508,0 -104.602999,40.135875,0 -104.603009,40.135064,0 -104.603046,40.133159,0 -104.603063,40.131223,0 -104.603067,40.130641,0 -104.603062,40.129926,0 -104.603053,40.129275,0 -104.603046,40.129137,0 -104.603011,40.126059,0 -104.602979,40.123860,0 -104.602968,40.123323,0 -104.602944,40.120134,0 -104.602906,40.116697,0 -104.602848,40.111112,0 -104.602843,40.109732,0 -104.602844,40.109482,0 -104.602842,40.109092,0 -104.602815,40.107660,0 -104.602749,40.105442,0 -104.602742,40.105247,0 -104.602650,40.102883,0 -104.602638,40.102573,0 -104.602629,40.101398,0 -104.600856,40.102497,0 -104.600261,40.102846,0 -104.599660,40.103162,0 -104.598403,40.103615,0 -104.597150,40.104070,0 -104.596459,40.104274,0 -104.596051,40.104403,0 -104.595677,40.104516,0 -104.594738,40.104783,0 -104.594152,40.104939,0 -104.593984,40.104984,0 -104.592010,40.105492,0 -104.584086,40.107465,0 -104.578794,40.108823,0 -104.575518,40.109664,0 -104.573512,40.110080,0 -104.571886,40.110334,0 -104.570206,40.110458,0 -104.568387,40.110497,0 -104.567689,40.110467,0 -104.567273,40.110439,0 -104.566832,40.110410,0 -104.566362,40.110369,0 -104.565797,40.110305,0 -104.565336,40.110252,0 -104.564577,40.110165,0 -104.563827,40.110079,0 -104.561579,40.109825,0 -104.561112,40.109774,0 -104.560642,40.109731,0 -104.560261,40.109704,0 -104.559848,40.109680,0 -104.559396,40.109661,0 -104.541884,40.109689,0 -104.537350,40.109696,0 -104.536809,40.109698,0 -104.536400,40.109708,0 -104.535928,40.109728,0 -104.535457,40.109759,0 -104.534922,40.109802,0 -104.534460,40.109852,0 -104.534104,40.109889,0 -104.533883,40.109912,0 -104.533339,40.109987,0 -104.532846,40.110070,0 -104.532361,40.110157,0 -104.531934,40.110237,0 -104.531398,40.110358,0 -104.530721,40.110523,0 -104.530242,40.110652,0 -104.529747,40.110795,0 -104.528999,40.111037,0 -104.526819,40.111807,0 -104.526491,40.111926,0 -104.521477,40.113743,0 -104.520942,40.113933,0 -104.517950,40.115009,0 -104.515999,40.115693,0 -104.511886,40.117183,0 -104.507139,40.118864,0 -104.506865,40.118975,0 -104.505320,40.119540,0 -104.503860,40.120163,0 -104.502873,40.120669,0 -104.501534,40.121410,0 -104.500384,40.122132,0 -104.499440,40.122887,0 -104.492727,40.128202,0 -104.481356,40.137254,0 -104.477746,40.140127,0 -104.464589,40.150518,0 -104.451559,40.160840,0 -104.450735,40.161422,0 -104.449527,40.162254,0 -104.447221,40.163500,0 -104.445082,40.164414,0 -104.443647,40.164855,0 -104.442010,40.165248,0 -104.440616,40.165523,0 -104.438794,40.165722,0 -104.433257,40.165980,0 -104.433048,40.165990,0 -104.423935,40.166305,0 -104.414140,40.166644,0 -104.410485,40.166788,0 -104.409113,40.166842,0 -104.395006,40.167397,0 -104.391641,40.167524,0 -104.385679,40.167826,0 -104.385101,40.167930,0 -104.383730,40.168208,0 -104.382985,40.168368,0 -104.381362,40.168828,0 -104.380997,40.168972,0 -104.380513,40.169109,0 -104.378685,40.169653,0 -104.377990,40.169837,0 -104.376453,40.170139,0 -104.375827,40.170243,0 -104.374969,40.170329,0 -104.373655,40.170453,0 -104.371956,40.170506,0 -104.371014,40.170522,0 -104.368558,40.170570,0 -104.362188,40.170703,0 -104.359726,40.170749,0 -104.359023,40.170763,0 -104.353208,40.170880,0 -104.352742,40.170890,0 -104.348370,40.170978,0 -104.346404,40.170991,0 -104.344275,40.171188,0 -104.341752,40.171614,0 -104.340344,40.171975,0 -104.339314,40.172277,0 -104.338887,40.172422,0 -104.337237,40.172985,0 -104.313445,40.181307,0 -104.309671,40.182631,0 -104.291297,40.189074,0 -104.288297,40.190126,0 -104.263775,40.198793,0 -104.255847,40.201491,0 -104.221971,40.213305,0 -104.217367,40.214910,0 -104.212512,40.216591,0 -104.211198,40.217076,0 -104.189453,40.224659,0 -104.173316,40.230286,0 -104.171748,40.230786,0 -104.170596,40.231094,0 -104.168732,40.231482,0 -104.168014,40.231587,0 -104.167355,40.231668,0 -104.166947,40.231691,0 -104.165372,40.231779,0 -104.160681,40.231816,0 -104.159613,40.231825,0 -104.156472,40.231851,0 -104.153493,40.231890,0 -104.150352,40.231913,0 -104.134671,40.232019,0 -104.131054,40.232044,0 -104.112148,40.232152,0 -104.099491,40.232240,0 -104.096683,40.232259,0 -104.094593,40.232302,0 -104.094084,40.232327,0 -104.092101,40.232479,0 -104.090672,40.232672,0 -104.089647,40.232847,0 -104.089236,40.232924,0 -104.088386,40.233102,0 -104.087799,40.233237,0 -104.087077,40.233405,0 -104.085798,40.233751,0 -104.084650,40.234101,0 -104.083417,40.234546,0 -104.082102,40.235048,0 -104.080984,40.235531,0 -104.078473,40.236672,0 -104.071635,40.239778,0 -104.066466,40.242112,0 -104.063815,40.243293,0 -104.061815,40.244196,0 -104.061199,40.244428,0 -104.060823,40.244569,0 -104.059781,40.244920,0 -104.059140,40.245113,0 -104.058028,40.245398,0 -104.056999,40.245629,0 -104.056625,40.245689,0 -104.055974,40.245793,0 -104.054885,40.245932,0 -104.054245,40.246011,0 -104.053511,40.246098,0 -104.051557,40.246326,0 -104.047013,40.246851,0 -104.044618,40.247127,0 -104.042727,40.247327,0 -104.041572,40.247425,0 -104.039744,40.247558,0 -104.036948,40.247880,0 -104.034791,40.248150,0 -104.019898,40.250010,0 -104.018815,40.250082,0 -104.017727,40.250110,0 -104.016456,40.250087,0 -104.015551,40.250036,0 -104.014111,40.249900,0 -103.999545,40.248424,0 -103.986749,40.247127,0 -103.980805,40.246525,0 -103.979928,40.246437,0 -103.977445,40.246185,0 -103.977327,40.246173,0 -103.961979,40.244618,0 -103.943932,40.242790,0 -103.940080,40.242400,0 -103.938815,40.242319,0 -103.937910,40.242304,0 -103.936642,40.242332,0 -103.929931,40.242596,0 -103.922708,40.242880,0 -103.918894,40.242969,0 -103.907677,40.243241,0 -103.906055,40.243368,0 -103.905770,40.243398,0 -103.904617,40.243518,0 -103.903008,40.243727,0 -103.901588,40.243957,0 -103.900512,40.244175,0 -103.900360,40.244206,0 -103.898973,40.244537,0 -103.897606,40.244910,0 -103.896262,40.245328,0 -103.895434,40.245611,0 -103.894818,40.245841,0 -103.894166,40.246085,0 -103.894132,40.246098,0 -103.892856,40.246626,0 -103.891611,40.247196,0 -103.890400,40.247807,0 -103.889407,40.248351,0 -103.887437,40.249537,0 -103.886893,40.249864,0 -103.886501,40.250100,0 -103.886020,40.250397,0 -103.885464,40.250748,0 -103.885200,40.250915,0 -103.884383,40.251460,0 -103.880440,40.254205,0 -103.878029,40.255915,0 -103.876490,40.257075,0 -103.873198,40.259330,0 -103.869780,40.261748,0 -103.868433,40.262562,0 -103.866895,40.263318,0 -103.865375,40.263891,0 -103.864019,40.264368,0 -103.862336,40.264801,0 -103.860691,40.265109,0 -103.858864,40.265322,0 -103.857123,40.265395,0 -103.848937,40.265387,0 -103.848298,40.265381,0 -103.844289,40.265373,0 -103.839436,40.265332,0 -103.835983,40.265334,0 -103.835033,40.265329,0 -103.830244,40.265314,0 -103.827622,40.265306,0 -103.825894,40.265303,0 -103.825185,40.265302,0 -103.823671,40.265275,0 -103.823404,40.265286,0 -103.821932,40.265284,0 -103.819016,40.265281,0 -103.811383,40.265257,0 -103.810529,40.265228,0 -103.809917,40.265193,0 -103.809379,40.265156,0 -103.808670,40.265092,0 -103.808014,40.265002,0 -103.807416,40.264916,0 -103.806839,40.264807,0 -103.806234,40.264686,0 -103.805370,40.264504,0 -103.801717,40.263794,0 -103.801183,40.263703,0 -103.800040,40.263533,0 -103.798981,40.263435,0 -103.797299,40.263390,0 -103.796374,40.263370,0 -103.795171,40.263349,0 -103.794562,40.263339,0 -103.789975,40.263270,0 -103.786937,40.263221,0 -103.776511,40.263025,0 -103.775651,40.263011,0 -103.772916,40.262985,0 -103.772489,40.262978,0 -103.767952,40.262901,0 -103.767754,40.262900,0 -103.764871,40.262850,0 -103.764647,40.262847,0 -103.764112,40.262838,0 -103.756809,40.262717,0 -103.755310,40.262718,0 -103.754739,40.262737,0 -103.753642,40.262797,0 -103.752563,40.262911,0 -103.751663,40.263040,0 -103.750693,40.263216,0 -103.748632,40.263636,0 -103.735062,40.266453,0 -103.734642,40.266536,0 -103.731058,40.267240,0 -103.729874,40.267404,0 -103.728797,40.267507,0 -103.727623,40.267590,0 -103.727543,40.267592,0 -103.726445,40.267622,0 -103.706308,40.267778,0 -103.705627,40.267783,0 -103.703145,40.267802,0 -103.702789,40.267805,0 -103.702202,40.267810,0 -103.697808,40.267847,0 -103.697227,40.267851,0 -103.696830,40.267855,0 -103.693239,40.267877,0 -103.690566,40.267894,0 -103.678676,40.267971,0 -103.678132,40.267977,0 -103.678017,40.267978,0 -103.672380,40.268050,0 -103.659732,40.268185,0 -103.659192,40.268193,0 -103.645902,40.268297,0 -103.641046,40.268363,0 -103.640396,40.268368,0 -103.635329,40.268391,0 -103.629186,40.268452,0 -103.626790,40.268474,0 -103.622334,40.268518,0 -103.621999,40.268524,0 -103.619369,40.268551,0 -103.613545,40.268615,0 -103.613254,40.268620,0 -103.608208,40.268716,0 -103.603392,40.268802,0 -103.602739,40.268818,0 -103.599823,40.268890,0 -103.598078,40.268961,0 -103.596308,40.269126,0 -103.595599,40.269197,0 -103.594880,40.269266,0 -103.593555,40.269437,0 -103.592265,40.269641,0 -103.591292,40.269792,0 -103.590433,40.269926,0 -103.587728,40.270513,0 -103.587428,40.270595,0 -103.586961,40.270722,0 -103.585127,40.271196,0 -103.584526,40.271371,0 -103.583790,40.271594,0 -103.581698,40.272276,0 -103.581343,40.272387,0 -103.579637,40.272922,0 -103.573343,40.274960,0 -103.572215,40.275390,0 -103.570953,40.275919,0 -103.569880,40.276427,0 -103.568868,40.277019,0 -103.567426,40.277848,0 -103.557032,40.283885,0 -103.544357,40.291303,0 -103.544320,40.291324,0 -103.531215,40.298937,0 -103.530837,40.299179,0 -103.527295,40.301280,0 -103.526977,40.301465,0 -103.523913,40.303217,0 -103.510807,40.310851,0 -103.471711,40.333677,0 -103.471374,40.333869,0 -103.459764,40.340605,0 -103.437572,40.353512,0 -103.429459,40.358219,0 -103.425861,40.360306,0 -103.425537,40.360499,0 -103.422058,40.362516,0 -103.418529,40.364566,0 -103.379276,40.387368,0 -103.362383,40.397170,0 -103.359574,40.398864,0 -103.357554,40.400162,0 -103.355993,40.401207,0 -103.354463,40.402278,0 -103.352424,40.403774,0 -103.350833,40.405004,0 -103.349019,40.406471,0 -103.347502,40.407755,0 -103.345658,40.409393,0 -103.344107,40.410847,0 -103.342382,40.412557,0 -103.340271,40.414771,0 -103.320910,40.435585,0 -103.319237,40.437323,0 -103.315941,40.440961,0 -103.313083,40.444005,0 -103.310438,40.446863,0 -103.310306,40.447008,0 -103.303453,40.454345,0 -103.301505,40.456447,0 -103.301341,40.456625,0 -103.295882,40.462463,0 -103.291762,40.466883,0 -103.282724,40.476593,0 -103.279626,40.479909,0 -103.276304,40.483492,0 -103.272253,40.487828,0 -103.264288,40.496333,0 -103.262880,40.497841,0 -103.260816,40.500138,0 -103.260492,40.500485,0 -103.257899,40.503244,0 -103.257331,40.503832,0 -103.256219,40.505001,0 -103.252037,40.509531,0 -103.247817,40.514035,0 -103.244092,40.518012,0 -103.239792,40.522651,0 -103.239516,40.522945,0 -103.235655,40.527055,0 -103.232900,40.530010,0 -103.229381,40.533787,0 -103.227372,40.535940,0 -103.226381,40.537281,0 -103.225537,40.538476,0 -103.224927,40.539380,0 -103.224723,40.539704,0 -103.224162,40.540532,0 -103.221819,40.544087,0 -103.220784,40.545677,0 -103.218446,40.549187,0 -103.215879,40.553087,0 -103.212704,40.557926,0 -103.209848,40.562306,0 -103.209634,40.562626,0 -103.208045,40.565014,0 -103.206483,40.567403,0 -103.205716,40.568540,0 -103.204364,40.570600,0 -103.203031,40.572622,0 -103.201181,40.575401,0 -103.200256,40.576793,0 -103.199242,40.578334,0 -103.196468,40.582515,0 -103.195078,40.584650,0 -103.193751,40.586679,0 -103.193538,40.587016,0 -103.191938,40.589385,0 -103.190459,40.591639,0 -103.188954,40.593942,0 -103.186306,40.597959,0 -103.184088,40.601319,0 -103.182293,40.604032,0 -103.180033,40.607461,0 -103.177251,40.611726,0 -103.176866,40.612357,0 -103.176387,40.613271,0 -103.176028,40.613970,0 -103.175465,40.615106,0 -103.175189,40.615666,0 -103.174748,40.616562,0 -103.172534,40.621046,0 -103.172247,40.621648,0 -103.171896,40.622312,0 -103.171747,40.622587,0 -103.171598,40.622841,0 -103.171405,40.623125,0 -103.171188,40.623419,0 -103.170972,40.623683,0 -103.170734,40.623961,0 -103.170453,40.624248,0 -103.170186,40.624500,0 -103.169898,40.624749,0 -103.169614,40.624977,0 -103.169160,40.625294,0 -103.168391,40.625796,0 -103.166585,40.626829,0 -103.165479,40.627652,0 -103.163394,40.629623,0 -103.162555,40.630310,0 -103.157539,40.634953,0 -103.155782,40.636585,0 -103.154163,40.638116,0 -103.152754,40.639878,0 -103.151784,40.641466,0 -103.151161,40.642723,0 -103.150915,40.643279,0 -103.149555,40.646175,0 -103.148140,40.648540,0 -103.146724,40.650498,0 -103.145328,40.652201,0 -103.143812,40.653783,0 -103.142597,40.654903,0 -103.141330,40.655920,0 -103.139540,40.657370,0 -103.137959,40.658654,0 -103.135802,40.660430,0 -103.133130,40.662513,0 -103.130801,40.664130,0 -103.128226,40.665739,0 -103.126081,40.666994,0 -103.123066,40.668733,0 -103.119168,40.671039,0 -103.115515,40.673168,0 -103.112622,40.674878,0 -103.109313,40.676849,0 -103.106358,40.678550,0 -103.101566,40.681376,0 -103.087984,40.689296,0 -103.073667,40.697679,0 -103.065184,40.702632,0 -103.063633,40.703539,0 -103.058651,40.706451,0 -103.056947,40.707455,0 -103.055648,40.708208,0 -103.055071,40.708551,0 -103.052663,40.709923,0 -103.051382,40.710679,0 -103.047553,40.712944,0 -103.044959,40.714479,0 -103.028860,40.723909,0 -103.026111,40.725515,0 -103.023353,40.727127,0 -103.017840,40.730343,0 -103.015167,40.731905,0 -103.012506,40.733458,0 -103.007172,40.736578,0 -103.003888,40.738491,0 -103.000584,40.740416,0 -102.993966,40.744274,0 -102.993882,40.744322,0 -102.984147,40.749951,0 -102.978585,40.753156,0 -102.975443,40.754749,0 -102.971761,40.756433,0 -102.964818,40.759326,0 -102.961728,40.760653,0 -102.956878,40.762700,0 -102.954513,40.763699,0 -102.950012,40.765600,0 -102.944055,40.768096,0 -102.940869,40.769476,0 -102.940427,40.769665,0 -102.936830,40.771191,0 -102.933798,40.772425,0 -102.923413,40.776787,0 -102.923004,40.776959,0 -102.913980,40.780777,0 -102.905680,40.784300,0 -102.897543,40.787705,0 -102.889141,40.791305,0 -102.879699,40.795217,0 -102.875120,40.797155,0 -102.871863,40.798534,0 -102.871039,40.798883,0 -102.863495,40.802060,0 -102.851865,40.806972,0 -102.842613,40.810871,0 -102.840666,40.811696,0 -102.832071,40.815307,0 -102.830674,40.815863,0 -102.829363,40.816347,0 -102.827983,40.816833,0 -102.826362,40.817365,0 -102.825309,40.817674,0 -102.824220,40.817981,0 -102.822430,40.818484,0 -102.814879,40.820570,0 -102.809801,40.821972,0 -102.805009,40.823314,0 -102.804590,40.823427,0 -102.799829,40.824742,0 -102.795577,40.825900,0 -102.790410,40.827297,0 -102.782797,40.829414,0 -102.778445,40.830647,0 -102.776814,40.831109,0 -102.775185,40.831523,0 -102.773169,40.832083,0 -102.770081,40.832904,0 -102.765367,40.834240,0 -102.753247,40.837577,0 -102.751288,40.838121,0 -102.746677,40.839387,0 -102.740574,40.841065,0 -102.736526,40.842188,0 -102.733262,40.843080,0 -102.724560,40.845482,0 -102.722096,40.846160,0 -102.711918,40.848959,0 -102.695663,40.853424,0 -102.694514,40.853739,0 -102.690385,40.854884,0 -102.689976,40.854998,0 -102.685957,40.856101,0 -102.680921,40.857495,0 -102.678284,40.858224,0 -102.668777,40.860841,0 -102.659111,40.863462,0 -102.658855,40.863531,0 -102.651814,40.865445,0 -102.643410,40.867725,0 -102.636458,40.869611,0 -102.629988,40.871366,0 -102.595704,40.880652,0 -102.574915,40.886283,0 -102.574552,40.886379,0 -102.566500,40.888566,0 -102.564579,40.889084,0 -102.563526,40.889369,0 -102.545701,40.894188,0 -102.541474,40.895331,0 -102.536858,40.896586,0 -102.535450,40.896995,0 -102.527060,40.899613,0 -102.521045,40.901490,0 -102.517404,40.902648,0 -102.517022,40.902763,0 -102.513475,40.903853,0 -102.512352,40.904214,0 -102.509429,40.905134,0 -102.502408,40.907331,0 -102.493340,40.910168,0 -102.492149,40.910541,0 -102.487976,40.911844,0 -102.475237,40.915820,0 -102.464916,40.919041,0 -102.461021,40.920257,0 -102.458633,40.921002,0 -102.449804,40.923758,0 -102.448356,40.924210,0 -102.447325,40.924496,0 -102.446272,40.924735,0 -102.445220,40.924924,0 -102.443758,40.925121,0 -102.442666,40.925217,0 -102.441566,40.925262,0 -102.438260,40.925287,0 -102.435924,40.925299,0 -102.421674,40.925372,0 -102.417834,40.925392,0 -102.406358,40.925451,0 -102.393738,40.925516,0 -102.391526,40.925527,0 -102.387838,40.925562,0 -102.387325,40.925562,0 -102.383695,40.925560,0 -102.378233,40.925545,0 -102.372588,40.925406,0 -102.363175,40.925180,0 -102.349046,40.924842,0 -102.347936,40.924885,0 -102.346823,40.924971,0 -102.345352,40.925157,0 -102.344270,40.925351,0 -102.343209,40.925583,0 -102.342966,40.925648,0 -102.341821,40.925954,0 -102.336981,40.927336,0 -102.325258,40.930683,0 -102.318582,40.932583,0 -102.308703,40.935395,0 -102.307541,40.935733,0 -102.305563,40.936307,0 -102.301824,40.937394,0 -102.300503,40.937894,0 -102.299542,40.938315,0 -102.298721,40.938713,0 -102.297362,40.939372,0 -102.286705,40.944571,0 -102.284956,40.945424,0 -102.282820,40.946470,0 -102.263510,40.955924,0 -102.260498,40.957398,0 -102.259917,40.957743,0 -102.258801,40.958477,0 -102.258011,40.959066,0 -102.252270,40.963725,0 -102.251042,40.964721,0 -102.249672,40.965794,0 -102.248527,40.966730,0 -102.247336,40.967726,0 -102.246914,40.968074,0 -102.246289,40.968563,0 -102.243590,40.970751,0 -102.242792,40.971401,0 -102.241989,40.972053,0 -102.241262,40.972628,0 -102.240753,40.973005,0 -102.240215,40.973364,0 -102.239362,40.973840,0 -102.238756,40.974120,0 -102.238020,40.974407,0 -102.237480,40.974617,0 -102.224480,40.979448,0 -102.223232,40.979911,0 -102.213120,40.983669,0 -102.212159,40.984061,0 -102.211222,40.984487,0 -102.210016,40.985108,0 -102.209161,40.985623,0 -102.208341,40.986169,0 -102.207305,40.986938,0 -102.207115,40.987098,0 -102.206583,40.987549,0 -102.197610,40.995497,0 -102.196252,40.996713,0 -102.195145,40.997674,0 -102.191559,41.000853,0 -102.190138,41.002114,0 -102.189866,41.002359,0 -102.189069,41.003073,0 -102.187468,41.004486,0 -102.183453,41.008050,0 -102.181715,41.009590,0 -102.181332,41.009910,0 -102.180539,41.010623,0 -102.179671,41.011358,0 -102.178900,41.011973,0 -102.178114,41.012613,0 -102.177108,41.013363,0 -102.175977,41.014177,0 -102.174764,41.015004,0 -102.173739,41.015660,0 -102.173252,41.015967,0 -102.172142,41.016651,0 -102.168708,41.018620,0 -102.165770,41.020305,0 -102.164428,41.021072,0 -102.164122,41.021233,0 -102.162778,41.022019,0 -102.160852,41.023150,0 -102.158903,41.024242,0 -102.155989,41.025863,0 -102.155032,41.026358,0 -102.150545,41.028952,0 -102.147557,41.030693,0 -102.146870,41.031143,0 -102.144799,41.032334,0 -102.143864,41.032862,0 -102.142905,41.033355,0 -102.142260,41.033700,0 -102.141512,41.034036,0 -102.140632,41.034393,0 -102.139737,41.034746,0 -102.138668,41.035137,0 -102.138228,41.035279,0 -102.138064,41.035332,0 -102.137304,41.035571,0 -102.136481,41.035807,0 -102.135612,41.036045,0 -102.134718,41.036254,0 -102.134447,41.036319,0 -102.133694,41.036470,0 -102.132843,41.036622,0 -102.132125,41.036742,0 -102.131395,41.036853,0 -102.130381,41.037003,0 -102.128213,41.037309,0 -102.127196,41.037446,0 -102.125000,41.037761,0 -102.110491,41.039870,0 -102.095134,41.042108,0 -102.092987,41.042475,0 -102.091471,41.042769,0 -102.089960,41.043094,0 -102.088899,41.043332,0 -102.087379,41.043717,0 -102.084732,41.044464,0 -102.083243,41.044916,0 -102.078964,41.046214,0 -102.078052,41.046490,0 -102.076747,41.046887,0 -102.075797,41.047179,0 -102.073774,41.047786,0 -102.070303,41.048836,0 -102.066430,41.050018,0 -102.059188,41.052241,0 -102.055476,41.053374,0 -102.047388,41.055816,0 -102.037193,41.058912,0 -102.036328,41.059165,0 -102.035769,41.059331,0 -102.035091,41.059514,0 -102.034444,41.059689,0 -102.033510,41.059930,0 -102.032035,41.060292,0 -102.031282,41.060463,0 -102.030518,41.060631,0 -102.029787,41.060788,0 -102.029311,41.060881,0 -102.028625,41.061006,0 -102.027582,41.061181,0 -102.026571,41.061359,0 -102.025477,41.061531,0 -102.024884,41.061609,0 -102.024353,41.061677,0 -102.023408,41.061803,0 -102.022839,41.061864,0 -102.021948,41.061957,0 -102.021140,41.062027,0 -102.020435,41.062077,0 -102.019416,41.062153,0 -102.018397,41.062215,0 -102.017469,41.062251,0 -102.016250,41.062302,0 -102.014987,41.062330,0 -102.013810,41.062354,0 -102.006112,41.062336,0 -101.999909,41.062336,0 -101.998908,41.062348,0 -101.997924,41.062357,0 -101.996705,41.062391,0 -101.995622,41.062431,0 -101.994527,41.062488,0 -101.993652,41.062542,0 -101.992999,41.062591,0 -101.992348,41.062647,0 -101.991098,41.062766,0 -101.989694,41.062920,0 -101.987823,41.063160,0 -101.986972,41.063287,0 -101.986443,41.063377,0 -101.986162,41.063419,0 -101.984844,41.063644,0 -101.983898,41.063827,0 -101.982364,41.064139,0 -101.981776,41.064266,0 -101.980892,41.064468,0 -101.979550,41.064771,0 -101.979089,41.064871,0 -101.977455,41.065242,0 -101.976122,41.065532,0 -101.975047,41.065784,0 -101.972582,41.066335,0 -101.970129,41.066888,0 -101.963557,41.068359,0 -101.952847,41.070770,0 -101.940554,41.073519,0 -101.927144,41.076519,0 -101.925599,41.076809,0 -101.924141,41.077064,0 -101.922702,41.077285,0 -101.921722,41.077408,0 -101.921249,41.077463,0 -101.920412,41.077558,0 -101.919715,41.077641,0 -101.918478,41.077754,0 -101.918029,41.077791,0 -101.917453,41.077842,0 -101.916950,41.077872,0 -101.916279,41.077922,0 -101.915389,41.077975,0 -101.914692,41.078005,0 -101.913246,41.078061,0 -101.910507,41.078149,0 -101.902403,41.078443,0 -101.898805,41.078574,0 -101.896744,41.078650,0 -101.894676,41.078729,0 -101.894108,41.078686,0 -101.893550,41.078694,0 -101.892279,41.078748,0 -101.892008,41.078752,0 -101.891647,41.078740,0 -101.891401,41.078722,0 -101.891046,41.078679,0 -101.890693,41.078616,0 -101.890341,41.078535,0 -101.889866,41.078386,0 -101.888405,41.077869,0 -101.888233,41.077830,0 -101.888072,41.077822,0 -101.888066,41.078130,0 -101.888053,41.078898,0 -101.888044,41.079856,0 -101.888063,41.080948,0 -101.888079,41.081390,0 -101.888068,41.081940,0 -101.888070,41.082406,0 -101.888070,41.082491,0 -101.888071,41.082799,0 -101.888072,41.082998,0 -101.888055,41.084874,0 -101.888041,41.086182,0 -101.888057,41.086986,0 -101.888071,41.087712,0 -101.888072,41.088892,0 -101.888072,41.089045,0 -101.888076,41.090336,0 -101.888077,41.090727,0 -101.888078,41.091231,0 -101.888078,41.091432,0 -101.888073,41.091676,0 -101.888074,41.091721,0 -101.888073,41.091795,0 -101.888068,41.092176,0 -101.886876,41.092381,0 -101.885688,41.092583,0 -101.885110,41.092671,0 -101.884594,41.092757,0 -101.883320,41.092969,0 -101.879933,41.093522,0 -101.878327,41.093795,0 -101.876692,41.094068,0 -101.870662,41.095071,0 -101.870631,41.095077,0 -101.865844,41.095873,0 -101.864188,41.096152,0 -101.862531,41.096428,0 -101.860777,41.096718,0 -101.859072,41.097002,0 -101.858937,41.097024,0 -101.857297,41.097302,0 -101.854664,41.097738,0 -101.852361,41.098114,0 -101.850582,41.098414,0 -101.847403,41.098937,0 -101.844960,41.099339,0 -101.844224,41.099465,0 -101.842480,41.099755,0 -101.842132,41.099808,0 -101.842012,41.099828,0 -101.837535,41.100571,0 -101.837068,41.100642,0 -101.835297,41.100943,0 -101.833843,41.101190,0 -101.831139,41.101640,0 -101.828561,41.102069,0 -101.828095,41.102139,0 -101.825966,41.102505,0 -101.825861,41.102523,0 -101.825845,41.102526,0 -101.823263,41.102953,0 -101.823118,41.102977,0 -101.822313,41.103107,0 -101.820868,41.103350,0 -101.818797,41.103694,0 -101.817583,41.103903,0 -101.816527,41.104072,0 -101.814445,41.104411,0 -101.813700,41.104533,0 -101.811631,41.104883,0 -101.811245,41.104950,0 -101.809586,41.105223,0 -101.807920,41.105500,0 -101.806680,41.105710,0 -101.804946,41.105988,0 -101.802478,41.106404,0 -101.801162,41.106625,0 -101.797536,41.107217,0 -101.793179,41.107946,0 -101.791089,41.108292,0 -101.788779,41.108672,0 -101.787535,41.108881,0 -101.787530,41.108882,0 -101.787352,41.108912,0 -101.785960,41.109144,0 -101.783936,41.109477,0 -101.782831,41.109659,0 -101.781570,41.109870,0 -101.779459,41.110216,0 -101.777865,41.110483,0 -101.777057,41.110625,0 -101.776443,41.110753,0 -101.775780,41.110906,0 -101.775194,41.111058,0 -101.774577,41.111235,0 -101.774042,41.111407,0 -101.773390,41.111632,0 -101.772806,41.111848,0 -101.771775,41.112259,0 -101.771050,41.112548,0 -101.770499,41.112761,0 -101.768195,41.113674,0 -101.766750,41.114247,0 -101.765709,41.114663,0 -101.764509,41.115132,0 -101.762886,41.115765,0 -101.762135,41.116066,0 -101.760962,41.116538,0 -101.759853,41.116964,0 -101.758699,41.117424,0 -101.758594,41.117464,0 -101.756483,41.118303,0 -101.755543,41.118676,0 -101.755268,41.118789,0 -101.755143,41.118838,0 -101.755527,41.120031,0 -101.755663,41.120283,0 -101.755782,41.120761,0 -101.755834,41.121035,0 -101.755872,41.121283,0 -101.755904,41.121605,0 -101.755919,41.121873,0 -101.755921,41.122191,0 -101.755906,41.122515,0 -101.755877,41.122797,0 -101.755840,41.123058,0 -101.755760,41.123368,0 -101.755704,41.123586,0 -101.755590,41.123962,0 -101.755130,41.125380,0 -101.754899,41.126060,0 -101.754658,41.126727,0 -101.754444,41.127336,0 -101.754400,41.127451,0 -101.754331,41.127681,0 -101.753961,41.128723,0 -101.753047,41.131399,0 -101.752743,41.132268,0 -101.752471,41.133060,0 -101.752199,41.133957,0 -101.752003,41.134775,0 -101.751879,41.135308,0 -101.751767,41.135896,0 -101.751470,41.137823,0 -101.750649,41.142979,0 -101.750165,41.146170,0 -101.750113,41.146442,0 -101.749982,41.147482,0 -101.749863,41.148556,0 -101.749741,41.149558,0 -101.749670,41.150563,0 -101.749640,41.151601,0 -101.749598,41.152593,0 -101.749597,41.153600,0 -101.749583,41.154633,0 -101.749562,41.155652,0 -101.749528,41.156812,0 -101.749530,41.157120,0 -101.749500,41.158272,0 -101.749482,41.159230,0 -101.749460,41.159650,0 -101.749428,41.159979,0 -101.749398,41.160422,0 -101.749391,41.160715,0 -101.749355,41.161390,0 -101.749293,41.161628,0 -101.749145,41.162859,0 -101.749093,41.163408,0 -101.749164,41.163537,0 -101.749019,41.163532,0 -101.743171,41.163534,0 -101.741312,41.163546,0 -101.737030,41.163535,0 -101.733055,41.163556,0 -101.729871,41.163545,0 -101.728104,41.163543,0 -101.724868,41.163552,0 -101.724384,41.163550,0 -101.722699,41.163565,0 -101.722245,41.163534,0 -101.721529,41.163506,0 -101.721086,41.163505,0 -101.720532,41.163509,0 -101.719368,41.163504,0 -101.716965,41.163519,0 -101.716131,41.163522,0 -101.715193,41.163526,0 -101.714804,41.163533,0 -101.714454,41.163562,0 -101.712776,41.163586,0 -101.710252,41.163587,0 -101.707981,41.163589,0 -101.705894,41.163588,0 -101.701272,41.163589,0 -101.697985,41.163578,0 -101.696514,41.163587,0 -101.695153,41.163577,0 -101.691891,41.163575,0 -101.687508,41.163584,0 -101.686679,41.163591,0 -101.683862,41.163569,0 -101.682860,41.163580,0 -101.682435,41.163569,0 -101.681036,41.163576,0 -101.679403,41.163564,0 -101.676217,41.163567,0 -101.675142,41.163596,0 -101.674830,41.163616,0 -101.674570,41.163639,0 -101.674150,41.163706,0 -101.673805,41.163769,0 -101.673492,41.163840,0 -101.672836,41.164043,0 -101.672523,41.164152,0 -101.672296,41.164244,0 -101.671845,41.164459,0 -101.671388,41.164707,0 -101.671187,41.164833,0 -101.670813,41.165093,0 -101.670623,41.165240,0 -101.670233,41.165584,0 -101.669902,41.165933,0 -101.669647,41.166254,0 -101.669521,41.166437,0 -101.669325,41.166750,0 -101.669148,41.167091,0 -101.665511,41.174974,0 -101.664108,41.178040,0 -101.661574,41.183559,0 -101.660868,41.185052,0 -101.660755,41.185267,0 -101.660405,41.185857,0 -101.658964,41.188125,0 -101.658816,41.188376,0 -101.658563,41.188848,0 -101.658410,41.189198,0 -101.658269,41.189620,0 -101.658206,41.189865,0 -101.658144,41.190147,0 -101.658083,41.190563,0 -101.658059,41.190952,0 -101.658060,41.191148,0 -101.658103,41.191566,0 -101.658141,41.191816,0 -101.658194,41.192062,0 -101.658255,41.192297,0 -101.658322,41.192506,0 -101.658447,41.192840,0 -101.658551,41.193071,0 -101.658704,41.193375,0 -101.658814,41.193569,0 -101.659314,41.194385,0 -101.660427,41.196144,0 -101.660784,41.196709,0 -101.661103,41.197163,0 -101.661354,41.197460,0 -101.661569,41.197691,0 -101.661868,41.197972,0 -101.662141,41.198203,0 -101.662263,41.198295,0 -101.662506,41.198461,0 -101.662821,41.198662,0 -101.663177,41.198867,0 -101.664386,41.199470,0 -101.664652,41.199619,0 -101.664856,41.199749,0 -101.665081,41.199901,0 -101.665425,41.200160,0 -101.665575,41.200283,0 -101.665902,41.200588,0 -101.666060,41.200757,0 -101.666197,41.200910,0 -101.666504,41.201305,0 -101.667048,41.202078,0 -101.670119,41.206626,0 -101.671342,41.208435,0 -101.671418,41.208565,0 -101.671459,41.208655,0 -101.671512,41.208836,0 -101.671537,41.208996,0 -101.671539,41.209207,0 -101.671491,41.209427,0 -101.671426,41.209602,0 -101.671378,41.209696,0 -101.671263,41.209856,0 -101.671131,41.209983,0 -101.671058,41.210037,0 -101.670970,41.210090,0 -101.670692,41.210223,0 -101.670517,41.210326,0 -101.670426,41.210445,0 -101.670403,41.210500,0 -101.670391,41.210552,0 -101.670393,41.210673,0 -101.670485,41.211542,0 -101.671069,41.216460,0 -101.671615,41.221158,0 -101.671714,41.222072,0 -101.671791,41.222612,0 -101.672750,41.230759,0 -101.672795,41.231063,0 -101.672898,41.231546,0 -101.672954,41.231756,0 -101.673029,41.231998,0 -101.673117,41.232234,0 -101.676338,41.239738,0 -101.676490,41.240213,0 -101.676550,41.240460,0 -101.676672,41.241168,0 -101.676847,41.242332,0 -101.676901,41.242578,0 -101.676960,41.242807,0 -101.677101,41.243211,0 -101.677174,41.243380,0 -101.677367,41.243751,0 -101.677489,41.243948,0 -101.677662,41.244198,0 -101.678022,41.244640,0 -101.678348,41.244968,0 -101.678527,41.245127,0 -101.679678,41.246132,0 -101.680115,41.246530,0 -101.680560,41.246958,0 -101.680811,41.247217,0 -101.681075,41.247530,0 -101.681821,41.248457,0 -101.682915,41.249854,0 -101.683126,41.250106,0 -101.683669,41.250732,0 -101.683992,41.251038,0 -101.684156,41.251175,0 -101.684877,41.251712,0 -101.685916,41.252431,0 -101.688177,41.254031,0 -101.690558,41.255742,0 -101.691099,41.256113,0 -101.691358,41.256300,0 -101.693081,41.257542,0 -101.693159,41.257598,0 -101.693283,41.257513,0 -101.693541,41.257362,0 -101.693639,41.257319,0 -101.693773,41.257243,0 -101.693888,41.257215,0 -101.694012,41.257189,0 -101.694155,41.257174,0 -101.694399,41.257163,0 -101.694782,41.257162,0 -101.695816,41.257162,0 -101.695938,41.257164,0 -101.696933,41.257173,0 -101.699102,41.257120,0 -101.700191,41.257131,0 -101.703689,41.257118,0 -101.704785,41.257096,0 -101.705785,41.257092,0 -101.706695,41.257084,0 -101.707499,41.257002,0 -101.708233,41.256904,0 -101.709668,41.256675,0 -101.710142,41.256588,0 -101.710667,41.256507,0 -101.711457,41.256373,0 -101.712300,41.256270,0 -101.712606,41.256262,0 -101.712879,41.256264,0 -101.713123,41.256246,0 -101.714176,41.256275,0 -101.714636,41.256306,0 -101.715731,41.256369,0 -101.716100,41.256381,0 -101.718308,41.256461,0 -101.718743,41.256465,0 -101.719564,41.256456,0 -101.720973,41.256454,0 -101.721452,41.256451,0 -101.723035,41.256421,0 -101.724016,41.256429,0 -101.724389,41.256439,0 -101.724870,41.256471,0 -101.725086,41.256504,0 -101.725701,41.256572,0 -101.725994,41.256623,0 -101.727083,41.256835,0 -101.728244,41.257047,0 -101.729827,41.257345,0 -101.730529,41.257476,0 -101.731679,41.257703,0 -101.732193,41.257800,0 -101.732398,41.257839,0 -101.733156,41.257973,0 -101.733429,41.258021,0 -101.733566,41.258046,0 -101.734167,41.258156,0 -101.735033,41.258324,0 -101.735683,41.258456,0 -101.736650,41.258631,0 -101.737242,41.258731,0 -101.738490,41.258981,0 -101.738799,41.259040,0 -101.739312,41.259137,0 -101.741176,41.259477,0 -101.741939,41.259604,0 -101.742856,41.259782,0 -101.745135,41.260213,0 -101.746572,41.260485,0 -101.747565,41.260681,0 -101.748182,41.260785,0 -101.750373,41.261202,0 -101.750857,41.261305,0 -101.751293,41.261384,0 -101.753638,41.261815,0 -101.756121,41.262282,0 -101.756840,41.262387,0 -101.757496,41.262514,0 -101.758608,41.262690,0 -101.759155,41.262772,0 -101.760470,41.262957,0 -101.760782,41.263007,0 -101.761538,41.263099,0 -101.761734,41.263122,0 -101.762141,41.263186,0 -101.762854,41.263322,0 -101.763900,41.263552,0 -101.764785,41.263721,0 -101.765848,41.263931,0 -101.767267,41.264218,0 -101.768653,41.264496,0 -101.769261,41.264627,0 -101.769942,41.264752,0 -101.771326,41.264980,0 -101.772528,41.265159,0 -101.773622,41.265331,0 -101.774723,41.265496,0 -101.775652,41.265644,0 -101.777290,41.265941,0 -101.777584,41.265996,0 -101.780036,41.266465,0 -101.781478,41.266728,0 -101.782421,41.266924,0 -101.782989,41.267031,0 -101.783662,41.267142,0 -101.784286,41.267261,0 -101.784579,41.267311,0 -101.785006,41.267391,0 -101.785488,41.267496,0 -101.786276,41.267678,0 -101.786460,41.267730,0 -101.786875,41.267829,0 -101.787539,41.267999,0 -101.788651,41.268303,0 -101.789322,41.268468,0 -101.790050,41.268653,0 -101.790388,41.268745,0 -101.790803,41.268849,0 -101.792199,41.269303,0 -101.793033,41.269547,0 -101.793336,41.269641,0 -101.793528,41.269705,0 -101.793892,41.269803,0 -101.795169,41.270185,0 -101.795419,41.270277,0 -101.795848,41.270458,0 -101.796182,41.270605,0 -101.796332,41.270680,0 -101.796481,41.270748,0 -101.796758,41.270913,0 -101.797134,41.271158,0 -101.797496,41.271437,0 -101.797615,41.271544,0 -101.797772,41.271673,0 -101.797885,41.271781,0 -101.798540,41.272367,0 -101.799605,41.273380,0 -101.802804,41.276351,0 -101.803598,41.277066,0 -101.803752,41.277192,0 -101.804231,41.277583,0 -101.804485,41.277790,0 -101.804595,41.277880,0 -101.805376,41.278531,0 -101.805881,41.278941,0 -101.806658,41.279585,0 -101.806834,41.279723,0 -101.807092,41.279928,0 -101.807434,41.280229,0 -101.807679,41.280409,0 -101.807836,41.280530,0 -101.807988,41.280655,0 -101.808236,41.280820,0 -101.808543,41.281013,0 -101.808713,41.281097,0 -101.808920,41.281192,0 -101.809114,41.281287,0 -101.809423,41.281419,0 -101.809654,41.281506,0 -101.810150,41.281674,0 -101.810471,41.281774,0 -101.810921,41.281884,0 -101.811122,41.281924,0 -101.812126,41.282064,0 -101.812323,41.282093,0 -101.812881,41.282176,0 -101.813580,41.282277,0 -101.813610,41.282139,0 -101.813600,41.282073,0 -101.813591,41.282006,0 -101.813488,41.281813,0 -101.813286,41.281522,0 -101.813067,41.281266,0 -101.812626,41.280712,0 -101.812228,41.280135,0 -101.811866,41.279644,0 -101.811773,41.279467,0 -101.811779,41.279386,0 -101.811834,41.279137,0 -101.812008,41.278533,0 -101.812153,41.278023,0 -101.812218,41.277829,0 -101.812295,41.277648,0 -101.812362,41.277528,0</coordinates>
        </LineString>
      </Placemark>
    </Folder>
  </Document>
</kml>
