<?xml version="1.0" encoding="UTF-8" standalone="no" ?><gpx xmlns="http://www.topografix.com/GPX/1/1" xmlns:xsi="http://www.w3.org/2001/XMLSchema-instance" creator="GraphHopper" version="1.1" xmlns:gh="https://graphhopper.com/public/schema/gpx/1.1">
<metadata><copyright author="OpenStreetMap contributors"/><link href="http://graphhopper.com"><text>GraphHopper GPX</text></link><time>2026-06-02T02:07:48.288Z</time></metadata>
<trk>
<name>GraphHopper Track</name><desc></desc>
<trkseg><trkpt lat="25.787335" lon="-80.265839"><ele>1.2</ele></trkpt>
<trkpt lat="25.787452" lon="-80.266170"><ele>1.4</ele></trkpt>
<trkpt lat="25.787286" lon="-80.266251"><ele>1.2</ele></trkpt>
<trkpt lat="25.787127" lon="-80.266316"><ele>1.0</ele></trkpt>
<trkpt lat="25.787174" lon="-80.266457"><ele>1.0</ele></trkpt>
<trkpt lat="25.787010" lon="-80.266529"><ele>1.0</ele></trkpt>
<trkpt lat="25.786960" lon="-80.266568"><ele>1.0</ele></trkpt>
<trkpt lat="25.786927" lon="-80.266617"><ele>1.0</ele></trkpt>
<trkpt lat="25.786902" lon="-80.266696"><ele>1.0</ele></trkpt>
<trkpt lat="25.786971" lon="-80.266804"><ele>1.1</ele></trkpt>
<trkpt lat="25.787060" lon="-80.267025"><ele>1.5</ele></trkpt>
<trkpt lat="25.787090" lon="-80.267122"><ele>1.7</ele></trkpt>
<trkpt lat="25.787119" lon="-80.267282"><ele>1.8</ele></trkpt>
<trkpt lat="25.787134" lon="-80.267471"><ele>1.9</ele></trkpt>
<trkpt lat="25.787113" lon="-80.268486"><ele>1.8</ele></trkpt>
<trkpt lat="25.787142" lon="-80.268711"><ele>1.8</ele></trkpt>
<trkpt lat="25.787141" lon="-80.268905"><ele>1.8</ele></trkpt>
<trkpt lat="25.787119" lon="-80.269587"><ele>1.8</ele></trkpt>
<trkpt lat="25.787104" lon="-80.269770"><ele>1.7</ele></trkpt>
<trkpt lat="25.786097" lon="-80.269733"><ele>1.9</ele></trkpt>
<trkpt lat="25.785852" lon="-80.269740"><ele>1.9</ele></trkpt>
<trkpt lat="25.784485" lon="-80.269685"><ele>1.7</ele></trkpt>
<trkpt lat="25.784356" lon="-80.269673"><ele>1.6</ele></trkpt>
<trkpt lat="25.784384" lon="-80.268933"><ele>1.0</ele></trkpt>
<trkpt lat="25.784417" lon="-80.267697"><ele>1.9</ele></trkpt>
<trkpt lat="25.784444" lon="-80.267600"><ele>1.9</ele></trkpt>
<trkpt lat="25.784500" lon="-80.267531"><ele>1.7</ele></trkpt>
<trkpt lat="25.784567" lon="-80.267506"><ele>1.5</ele></trkpt>
<trkpt lat="25.784633" lon="-80.267501"><ele>1.4</ele></trkpt>
<trkpt lat="25.786111" lon="-80.267513"><ele>1.2</ele></trkpt>
<trkpt lat="25.786186" lon="-80.264208"><ele>1.3</ele></trkpt>
<trkpt lat="25.786191" lon="-80.264042"><ele>1.5</ele></trkpt>
<trkpt lat="25.787277" lon="-80.264200"><ele>1.9</ele></trkpt>
<trkpt lat="25.788840" lon="-80.264214"><ele>1.8</ele></trkpt>
<trkpt lat="25.789413" lon="-80.264194"><ele>1.8</ele></trkpt>
<trkpt lat="25.791282" lon="-80.264212"><ele>1.7</ele></trkpt>
<trkpt lat="25.791729" lon="-80.264217"><ele>1.6</ele></trkpt>
<trkpt lat="25.791995" lon="-80.264291"><ele>2.0</ele></trkpt>
<trkpt lat="25.792914" lon="-80.264375"><ele>3.5</ele></trkpt>
<trkpt lat="25.793268" lon="-80.264452"><ele>3.7</ele></trkpt>
<trkpt lat="25.793735" lon="-80.264363"><ele>0.4</ele></trkpt>
<trkpt lat="25.794336" lon="-80.264272"><ele>3.2</ele></trkpt>
<trkpt lat="25.794644" lon="-80.264237"><ele>3.0</ele></trkpt>
<trkpt lat="25.794881" lon="-80.264232"><ele>3.2</ele></trkpt>
<trkpt lat="25.797913" lon="-80.264297"><ele>2.0</ele></trkpt>
<trkpt lat="25.798303" lon="-80.264313"><ele>2.0</ele></trkpt>
<trkpt lat="25.798525" lon="-80.264282"><ele>2.0</ele></trkpt>
<trkpt lat="25.800686" lon="-80.264338"><ele>2.0</ele></trkpt>
<trkpt lat="25.802450" lon="-80.264361"><ele>2.0</ele></trkpt>
<trkpt lat="25.802978" lon="-80.264372"><ele>2.0</ele></trkpt>
<trkpt lat="25.803462" lon="-80.264389"><ele>2.0</ele></trkpt>
<trkpt lat="25.803722" lon="-80.264388"><ele>2.0</ele></trkpt>
<trkpt lat="25.804121" lon="-80.264379"><ele>1.6</ele></trkpt>
<trkpt lat="25.804440" lon="-80.264358"><ele>1.3</ele></trkpt>
<trkpt lat="25.805054" lon="-80.264279"><ele>1.9</ele></trkpt>
<trkpt lat="25.806385" lon="-80.264040"><ele>1.0</ele></trkpt>
<trkpt lat="25.806549" lon="-80.263961"><ele>1.4</ele></trkpt>
<trkpt lat="25.807155" lon="-80.263811"><ele>3.9</ele></trkpt>
<trkpt lat="25.807257" lon="-80.263775"><ele>4.3</ele></trkpt>
<trkpt lat="25.807344" lon="-80.263731"><ele>4.6</ele></trkpt>
<trkpt lat="25.807536" lon="-80.263610"><ele>5.2</ele></trkpt>
<trkpt lat="25.807621" lon="-80.263540"><ele>5.5</ele></trkpt>
<trkpt lat="25.807911" lon="-80.263263"><ele>5.5</ele></trkpt>
<trkpt lat="25.808090" lon="-80.263072"><ele>3.3</ele></trkpt>
<trkpt lat="25.808260" lon="-80.262851"><ele>3.5</ele></trkpt>
<trkpt lat="25.808421" lon="-80.262657"><ele>3.6</ele></trkpt>
<trkpt lat="25.808586" lon="-80.262325"><ele>4.5</ele></trkpt>
<trkpt lat="25.808645" lon="-80.262179"><ele>4.9</ele></trkpt>
<trkpt lat="25.808718" lon="-80.261951"><ele>5.5</ele></trkpt>
<trkpt lat="25.808786" lon="-80.261640"><ele>9.1</ele></trkpt>
<trkpt lat="25.808898" lon="-80.260892"><ele>7.5</ele></trkpt>
<trkpt lat="25.808987" lon="-80.260378"><ele>6.7</ele></trkpt>
<trkpt lat="25.809085" lon="-80.259475"><ele>7.1</ele></trkpt>
<trkpt lat="25.809109" lon="-80.259346"><ele>7.2</ele></trkpt>
<trkpt lat="25.809172" lon="-80.259112"><ele>7.3</ele></trkpt>
<trkpt lat="25.809263" lon="-80.258862"><ele>7.4</ele></trkpt>
<trkpt lat="25.809692" lon="-80.257997"><ele>7.8</ele></trkpt>
<trkpt lat="25.810256" lon="-80.256816"><ele>5.3</ele></trkpt>
<trkpt lat="25.810472" lon="-80.256342"><ele>5.5</ele></trkpt>
<trkpt lat="25.810603" lon="-80.255947"><ele>5.7</ele></trkpt>
<trkpt lat="25.810704" lon="-80.255526"><ele>5.3</ele></trkpt>
<trkpt lat="25.811299" lon="-80.252634"><ele>2.2</ele></trkpt>
<trkpt lat="25.811840" lon="-80.250050"><ele>3.7</ele></trkpt>
<trkpt lat="25.811948" lon="-80.249510"><ele>4.5</ele></trkpt>
<trkpt lat="25.812079" lon="-80.248711"><ele>4.3</ele></trkpt>
<trkpt lat="25.812133" lon="-80.248265"><ele>3.8</ele></trkpt>
<trkpt lat="25.812180" lon="-80.247802"><ele>4.6</ele></trkpt>
<trkpt lat="25.812226" lon="-80.247175"><ele>4.0</ele></trkpt>
<trkpt lat="25.812249" lon="-80.246626"><ele>3.4</ele></trkpt>
<trkpt lat="25.812319" lon="-80.242926"><ele>3.1</ele></trkpt>
<trkpt lat="25.812303" lon="-80.241510"><ele>5.8</ele></trkpt>
<trkpt lat="25.812280" lon="-80.240935"><ele>6.8</ele></trkpt>
<trkpt lat="25.812257" lon="-80.240626"><ele>5.0</ele></trkpt>
<trkpt lat="25.812226" lon="-80.240025"><ele>4.8</ele></trkpt>
<trkpt lat="25.812180" lon="-80.238927"><ele>4.5</ele></trkpt>
<trkpt lat="25.812041" lon="-80.236395"><ele>4.0</ele></trkpt>
<trkpt lat="25.812004" lon="-80.235039"><ele>4.0</ele></trkpt>
<trkpt lat="25.812010" lon="-80.233794"><ele>5.1</ele></trkpt>
<trkpt lat="25.812037" lon="-80.232433"><ele>5.7</ele></trkpt>
<trkpt lat="25.812052" lon="-80.231910"><ele>5.3</ele></trkpt>
<trkpt lat="25.812079" lon="-80.230841"><ele>5.2</ele></trkpt>
<trkpt lat="25.812112" lon="-80.228750"><ele>3.0</ele></trkpt>
<trkpt lat="25.812178" lon="-80.226473"><ele>3.0</ele></trkpt>
<trkpt lat="25.812226" lon="-80.224232"><ele>5.6</ele></trkpt>
<trkpt lat="25.812234" lon="-80.223786"><ele>5.8</ele></trkpt>
<trkpt lat="25.812257" lon="-80.222894"><ele>5.2</ele></trkpt>
<trkpt lat="25.812342" lon="-80.217435"><ele>5.0</ele></trkpt>
<trkpt lat="25.812384" lon="-80.216075"><ele>6.9</ele></trkpt>
<trkpt lat="25.812397" lon="-80.215501"><ele>6.2</ele></trkpt>
<trkpt lat="25.812404" lon="-80.215215"><ele>7.2</ele></trkpt>
<trkpt lat="25.812372" lon="-80.214492"><ele>5.8</ele></trkpt>
<trkpt lat="25.812351" lon="-80.212573"><ele>6.3</ele></trkpt>
<trkpt lat="25.812416" lon="-80.212010"><ele>7.4</ele></trkpt>
<trkpt lat="25.812410" lon="-80.211426"><ele>7.0</ele></trkpt>
<trkpt lat="25.812404" lon="-80.210674"><ele>7.3</ele></trkpt>
<trkpt lat="25.812410" lon="-80.210464"><ele>7.3</ele></trkpt>
<trkpt lat="25.812437" lon="-80.210065"><ele>7.2</ele></trkpt>
<trkpt lat="25.812457" lon="-80.209873"><ele>7.1</ele></trkpt>
<trkpt lat="25.812493" lon="-80.209653"><ele>7.0</ele></trkpt>
<trkpt lat="25.812583" lon="-80.209228"><ele>6.9</ele></trkpt>
<trkpt lat="25.812718" lon="-80.208793"><ele>6.8</ele></trkpt>
<trkpt lat="25.812800" lon="-80.208572"><ele>6.7</ele></trkpt>
<trkpt lat="25.813005" lon="-80.208119"><ele>6.6</ele></trkpt>
<trkpt lat="25.813241" lon="-80.207704"><ele>6.4</ele></trkpt>
<trkpt lat="25.813651" lon="-80.207117"><ele>6.2</ele></trkpt>
<trkpt lat="25.813968" lon="-80.206795"><ele>6.1</ele></trkpt>
<trkpt lat="25.814087" lon="-80.206695"><ele>6.1</ele></trkpt>
<trkpt lat="25.814225" lon="-80.206593"><ele>6.0</ele></trkpt>
<trkpt lat="25.814488" lon="-80.206415"><ele>5.9</ele></trkpt>
<trkpt lat="25.814615" lon="-80.206343"><ele>5.9</ele></trkpt>
<trkpt lat="25.814770" lon="-80.206270"><ele>5.8</ele></trkpt>
<trkpt lat="25.815039" lon="-80.206180"><ele>5.8</ele></trkpt>
<trkpt lat="25.815160" lon="-80.206151"><ele>5.7</ele></trkpt>
<trkpt lat="25.815326" lon="-80.206123"><ele>5.7</ele></trkpt>
<trkpt lat="25.815517" lon="-80.206109"><ele>5.6</ele></trkpt>
<trkpt lat="25.815879" lon="-80.206096"><ele>5.5</ele></trkpt>
<trkpt lat="25.816993" lon="-80.206132"><ele>5.2</ele></trkpt>
<trkpt lat="25.819112" lon="-80.206259"><ele>4.6</ele></trkpt>
<trkpt lat="25.820911" lon="-80.206330"><ele>3.0</ele></trkpt>
<trkpt lat="25.822810" lon="-80.206420"><ele>5.0</ele></trkpt>
<trkpt lat="25.822906" lon="-80.206380"><ele>5.2</ele></trkpt>
<trkpt lat="25.823392" lon="-80.206414"><ele>6.7</ele></trkpt>
<trkpt lat="25.823894" lon="-80.206431"><ele>4.8</ele></trkpt>
<trkpt lat="25.824327" lon="-80.206453"><ele>8.3</ele></trkpt>
<trkpt lat="25.824764" lon="-80.206485"><ele>5.3</ele></trkpt>
<trkpt lat="25.825188" lon="-80.206506"><ele>6.5</ele></trkpt>
<trkpt lat="25.825773" lon="-80.206536"><ele>5.8</ele></trkpt>
<trkpt lat="25.826378" lon="-80.206554"><ele>4.7</ele></trkpt>
<trkpt lat="25.826790" lon="-80.206545"><ele>3.8</ele></trkpt>
<trkpt lat="25.827173" lon="-80.206510"><ele>3.4</ele></trkpt>
<trkpt lat="25.827653" lon="-80.206453"><ele>3.1</ele></trkpt>
<trkpt lat="25.827906" lon="-80.206410"><ele>3.0</ele></trkpt>
<trkpt lat="25.828689" lon="-80.206215"><ele>3.0</ele></trkpt>
<trkpt lat="25.830130" lon="-80.205890"><ele>3.9</ele></trkpt>
<trkpt lat="25.830791" lon="-80.205811"><ele>5.1</ele></trkpt>
<trkpt lat="25.831345" lon="-80.205786"><ele>6.5</ele></trkpt>
<trkpt lat="25.832158" lon="-80.205806"><ele>7.6</ele></trkpt>
<trkpt lat="25.832591" lon="-80.205829"><ele>7.2</ele></trkpt>
<trkpt lat="25.837258" lon="-80.206022"><ele>3.3</ele></trkpt>
<trkpt lat="25.839475" lon="-80.206004"><ele>2.7</ele></trkpt>
<trkpt lat="25.841720" lon="-80.206039"><ele>5.3</ele></trkpt>
<trkpt lat="25.842217" lon="-80.206079"><ele>5.9</ele></trkpt>
<trkpt lat="25.842646" lon="-80.206142"><ele>6.4</ele></trkpt>
<trkpt lat="25.843012" lon="-80.206229"><ele>6.8</ele></trkpt>
<trkpt lat="25.843639" lon="-80.206431"><ele>7.6</ele></trkpt>
<trkpt lat="25.845278" lon="-80.207206"><ele>4.6</ele></trkpt>
<trkpt lat="25.845767" lon="-80.207373"><ele>5.5</ele></trkpt>
<trkpt lat="25.846237" lon="-80.207491"><ele>6.3</ele></trkpt>
<trkpt lat="25.846883" lon="-80.207591"><ele>6.0</ele></trkpt>
<trkpt lat="25.847358" lon="-80.207629"><ele>8.2</ele></trkpt>
<trkpt lat="25.848672" lon="-80.207698"><ele>5.3</ele></trkpt>
<trkpt lat="25.849116" lon="-80.207727"><ele>6.5</ele></trkpt>
<trkpt lat="25.851817" lon="-80.207890"><ele>2.0</ele></trkpt>
<trkpt lat="25.854108" lon="-80.207977"><ele>1.0</ele></trkpt>
<trkpt lat="25.854418" lon="-80.207987"><ele>1.1</ele></trkpt>
<trkpt lat="25.861604" lon="-80.208207"><ele>6.7</ele></trkpt>
<trkpt lat="25.862231" lon="-80.208225"><ele>7.1</ele></trkpt>
<trkpt lat="25.868985" lon="-80.208424"><ele>6.4</ele></trkpt>
<trkpt lat="25.869554" lon="-80.208442"><ele>7.7</ele></trkpt>
<trkpt lat="25.871104" lon="-80.208504"><ele>4.2</ele></trkpt>
<trkpt lat="25.873254" lon="-80.208753"><ele>3.1</ele></trkpt>
<trkpt lat="25.876270" lon="-80.208880"><ele>7.3</ele></trkpt>
<trkpt lat="25.876797" lon="-80.208901"><ele>7.3</ele></trkpt>
<trkpt lat="25.880040" lon="-80.209040"><ele>3.3</ele></trkpt>
<trkpt lat="25.880655" lon="-80.209055"><ele>3.6</ele></trkpt>
<trkpt lat="25.881418" lon="-80.209042"><ele>3.9</ele></trkpt>
<trkpt lat="25.882520" lon="-80.208976"><ele>5.7</ele></trkpt>
<trkpt lat="25.882963" lon="-80.208959"><ele>6.9</ele></trkpt>
<trkpt lat="25.883577" lon="-80.208958"><ele>7.2</ele></trkpt>
<trkpt lat="25.884102" lon="-80.208978"><ele>7.7</ele></trkpt>
<trkpt lat="25.888965" lon="-80.209215"><ele>6.5</ele></trkpt>
<trkpt lat="25.889553" lon="-80.209245"><ele>6.3</ele></trkpt>
<trkpt lat="25.894430" lon="-80.209481"><ele>6.3</ele></trkpt>
<trkpt lat="25.895671" lon="-80.209541"><ele>3.0</ele></trkpt>
<trkpt lat="25.898147" lon="-80.209663"><ele>7.6</ele></trkpt>
<trkpt lat="25.898588" lon="-80.209687"><ele>8.0</ele></trkpt>
<trkpt lat="25.899544" lon="-80.209765"><ele>8.0</ele></trkpt>
<trkpt lat="25.900038" lon="-80.209818"><ele>3.0</ele></trkpt>
<trkpt lat="25.902047" lon="-80.210000"><ele>4.2</ele></trkpt>
<trkpt lat="25.903724" lon="-80.210058"><ele>4.6</ele></trkpt>
<trkpt lat="25.905429" lon="-80.210044"><ele>6.7</ele></trkpt>
<trkpt lat="25.905830" lon="-80.210034"><ele>5.4</ele></trkpt>
<trkpt lat="25.911047" lon="-80.210089"><ele>3.5</ele></trkpt>
<trkpt lat="25.911544" lon="-80.210020"><ele>3.7</ele></trkpt>
<trkpt lat="25.912865" lon="-80.210034"><ele>1.7</ele></trkpt>
<trkpt lat="25.913376" lon="-80.210049"><ele>4.2</ele></trkpt>
<trkpt lat="25.916609" lon="-80.210186"><ele>1.9</ele></trkpt>
<trkpt lat="25.916931" lon="-80.210203"><ele>1.0</ele></trkpt>
<trkpt lat="25.917874" lon="-80.210240"><ele>2.9</ele></trkpt>
<trkpt lat="25.918862" lon="-80.210294"><ele>2.8</ele></trkpt>
<trkpt lat="25.919384" lon="-80.210377"><ele>2.4</ele></trkpt>
<trkpt lat="25.919799" lon="-80.210456"><ele>2.2</ele></trkpt>
<trkpt lat="25.921135" lon="-80.210790"><ele>3.4</ele></trkpt>
<trkpt lat="25.921986" lon="-80.210989"><ele>4.9</ele></trkpt>
<trkpt lat="25.922791" lon="-80.211205"><ele>4.6</ele></trkpt>
<trkpt lat="25.923206" lon="-80.211323"><ele>6.1</ele></trkpt>
<trkpt lat="25.924032" lon="-80.211609"><ele>5.8</ele></trkpt>
<trkpt lat="25.924406" lon="-80.211684"><ele>6.0</ele></trkpt>
<trkpt lat="25.924655" lon="-80.211691"><ele>5.9</ele></trkpt>
<trkpt lat="25.925304" lon="-80.211761"><ele>6.3</ele></trkpt>
<trkpt lat="25.925650" lon="-80.211805"><ele>7.5</ele></trkpt>
<trkpt lat="25.926315" lon="-80.211905"><ele>4.8</ele></trkpt>
<trkpt lat="25.928165" lon="-80.212110"><ele>6.2</ele></trkpt>
<trkpt lat="25.928971" lon="-80.212223"><ele>4.5</ele></trkpt>
<trkpt lat="25.929782" lon="-80.212293"><ele>5.8</ele></trkpt>
<trkpt lat="25.930773" lon="-80.212370"><ele>4.9</ele></trkpt>
<trkpt lat="25.931398" lon="-80.212456"><ele>5.2</ele></trkpt>
<trkpt lat="25.931885" lon="-80.212516"><ele>4.6</ele></trkpt>
<trkpt lat="25.932070" lon="-80.212559"><ele>4.4</ele></trkpt>
<trkpt lat="25.932278" lon="-80.212627"><ele>4.1</ele></trkpt>
<trkpt lat="25.932440" lon="-80.212705"><ele>4.7</ele></trkpt>
<trkpt lat="25.932618" lon="-80.212816"><ele>4.4</ele></trkpt>
<trkpt lat="25.932835" lon="-80.212991"><ele>4.1</ele></trkpt>
<trkpt lat="25.933086" lon="-80.213247"><ele>3.7</ele></trkpt>
<trkpt lat="25.933294" lon="-80.213531"><ele>3.4</ele></trkpt>
<trkpt lat="25.933595" lon="-80.213983"><ele>3.1</ele></trkpt>
<trkpt lat="25.933938" lon="-80.214443"><ele>3.0</ele></trkpt>
<trkpt lat="25.934164" lon="-80.214723"><ele>3.0</ele></trkpt>
<trkpt lat="25.934455" lon="-80.215038"><ele>3.0</ele></trkpt>
<trkpt lat="25.934852" lon="-80.215434"><ele>3.0</ele></trkpt>
<trkpt lat="25.936638" lon="-80.217364"><ele>2.6</ele></trkpt>
<trkpt lat="25.937045" lon="-80.217787"><ele>2.8</ele></trkpt>
<trkpt lat="25.938228" lon="-80.218984"><ele>1.9</ele></trkpt>
<trkpt lat="25.938982" lon="-80.219775"><ele>2.2</ele></trkpt>
<trkpt lat="25.941642" lon="-80.222510"><ele>7.5</ele></trkpt>
<trkpt lat="25.942010" lon="-80.222888"><ele>3.5</ele></trkpt>
<trkpt lat="25.942491" lon="-80.223356"><ele>6.1</ele></trkpt>
<trkpt lat="25.942960" lon="-80.223788"><ele>6.4</ele></trkpt>
<trkpt lat="25.943616" lon="-80.224345"><ele>5.2</ele></trkpt>
<trkpt lat="25.943947" lon="-80.224614"><ele>4.3</ele></trkpt>
<trkpt lat="25.944306" lon="-80.224891"><ele>3.5</ele></trkpt>
<trkpt lat="25.944730" lon="-80.225200"><ele>3.0</ele></trkpt>
<trkpt lat="25.945366" lon="-80.225636"><ele>2.7</ele></trkpt>
<trkpt lat="25.945570" lon="-80.225772"><ele>2.4</ele></trkpt>
<trkpt lat="25.946303" lon="-80.226219"><ele>2.1</ele></trkpt>
<trkpt lat="25.946950" lon="-80.226581"><ele>2.0</ele></trkpt>
<trkpt lat="25.947556" lon="-80.226894"><ele>2.0</ele></trkpt>
<trkpt lat="25.948656" lon="-80.227430"><ele>2.0</ele></trkpt>
<trkpt lat="25.949292" lon="-80.227704"><ele>2.0</ele></trkpt>
<trkpt lat="25.949825" lon="-80.227908"><ele>2.0</ele></trkpt>
<trkpt lat="25.950291" lon="-80.228069"><ele>2.0</ele></trkpt>
<trkpt lat="25.951095" lon="-80.228306"><ele>2.0</ele></trkpt>
<trkpt lat="25.951442" lon="-80.228397"><ele>2.0</ele></trkpt>
<trkpt lat="25.952041" lon="-80.228537"><ele>2.0</ele></trkpt>
<trkpt lat="25.952750" lon="-80.228679"><ele>2.0</ele></trkpt>
<trkpt lat="25.953528" lon="-80.228799"><ele>2.0</ele></trkpt>
<trkpt lat="25.954190" lon="-80.228878"><ele>2.4</ele></trkpt>
<trkpt lat="25.954762" lon="-80.228926"><ele>4.2</ele></trkpt>
<trkpt lat="25.955300" lon="-80.228958"><ele>6.1</ele></trkpt>
<trkpt lat="25.955883" lon="-80.228980"><ele>7.0</ele></trkpt>
<trkpt lat="25.956398" lon="-80.229001"><ele>4.0</ele></trkpt>
<trkpt lat="25.960384" lon="-80.229169"><ele>1.3</ele></trkpt>
<trkpt lat="25.960882" lon="-80.229188"><ele>3.2</ele></trkpt>
<trkpt lat="25.961361" lon="-80.229209"><ele>3.5</ele></trkpt>
<trkpt lat="25.962414" lon="-80.229238"><ele>3.0</ele></trkpt>
<trkpt lat="25.964283" lon="-80.229254"><ele>2.8</ele></trkpt>
<trkpt lat="25.968085" lon="-80.229414"><ele>2.4</ele></trkpt>
<trkpt lat="25.969785" lon="-80.229495"><ele>2.9</ele></trkpt>
<trkpt lat="25.977987" lon="-80.229840"><ele>2.9</ele></trkpt>
<trkpt lat="25.979100" lon="-80.229863"><ele>3.0</ele></trkpt>
<trkpt lat="25.979266" lon="-80.229842"><ele>2.9</ele></trkpt>
<trkpt lat="25.979769" lon="-80.229915"><ele>2.8</ele></trkpt>
<trkpt lat="25.980627" lon="-80.229951"><ele>2.0</ele></trkpt>
<trkpt lat="25.981419" lon="-80.229968"><ele>2.0</ele></trkpt>
<trkpt lat="25.982194" lon="-80.229948"><ele>2.1</ele></trkpt>
<trkpt lat="25.982818" lon="-80.229911"><ele>2.6</ele></trkpt>
<trkpt lat="25.983368" lon="-80.229860"><ele>2.8</ele></trkpt>
<trkpt lat="25.983827" lon="-80.229807"><ele>2.6</ele></trkpt>
<trkpt lat="25.984450" lon="-80.229713"><ele>2.4</ele></trkpt>
<trkpt lat="25.985026" lon="-80.229611"><ele>2.5</ele></trkpt>
<trkpt lat="25.985390" lon="-80.229538"><ele>2.5</ele></trkpt>
<trkpt lat="25.986141" lon="-80.229361"><ele>2.5</ele></trkpt>
<trkpt lat="25.987036" lon="-80.229104"><ele>2.5</ele></trkpt>
<trkpt lat="25.987671" lon="-80.228895"><ele>2.4</ele></trkpt>
<trkpt lat="25.987981" lon="-80.228785"><ele>2.4</ele></trkpt>
<trkpt lat="25.988505" lon="-80.228582"><ele>2.6</ele></trkpt>
<trkpt lat="25.988953" lon="-80.228396"><ele>2.7</ele></trkpt>
<trkpt lat="25.989608" lon="-80.228107"><ele>2.7</ele></trkpt>
<trkpt lat="25.990137" lon="-80.227845"><ele>2.7</ele></trkpt>
<trkpt lat="25.990641" lon="-80.227578"><ele>2.6</ele></trkpt>
<trkpt lat="25.991420" lon="-80.227130"><ele>2.6</ele></trkpt>
<trkpt lat="25.991706" lon="-80.226953"><ele>2.7</ele></trkpt>
<trkpt lat="25.992367" lon="-80.226520"><ele>3.3</ele></trkpt>
<trkpt lat="25.992912" lon="-80.226135"><ele>4.5</ele></trkpt>
<trkpt lat="25.993406" lon="-80.225765"><ele>6.0</ele></trkpt>
<trkpt lat="25.993923" lon="-80.225346"><ele>7.1</ele></trkpt>
<trkpt lat="25.994450" lon="-80.224892"><ele>6.8</ele></trkpt>
<trkpt lat="25.994816" lon="-80.224560"><ele>4.3</ele></trkpt>
<trkpt lat="25.995383" lon="-80.224019"><ele>7.7</ele></trkpt>
<trkpt lat="25.997297" lon="-80.222079"><ele>3.7</ele></trkpt>
<trkpt lat="25.998579" lon="-80.220760"><ele>2.5</ele></trkpt>
<trkpt lat="26.000414" lon="-80.218903"><ele>2.8</ele></trkpt>
<trkpt lat="26.001540" lon="-80.217779"><ele>2.9</ele></trkpt>
<trkpt lat="26.002157" lon="-80.217213"><ele>2.8</ele></trkpt>
<trkpt lat="26.002877" lon="-80.216604"><ele>2.5</ele></trkpt>
<trkpt lat="26.003582" lon="-80.216047"><ele>2.7</ele></trkpt>
<trkpt lat="26.004335" lon="-80.215542"><ele>2.7</ele></trkpt>
<trkpt lat="26.005015" lon="-80.215122"><ele>3.0</ele></trkpt>
<trkpt lat="26.005760" lon="-80.214681"><ele>3.1</ele></trkpt>
<trkpt lat="26.006606" lon="-80.214250"><ele>3.4</ele></trkpt>
<trkpt lat="26.007208" lon="-80.213984"><ele>4.6</ele></trkpt>
<trkpt lat="26.007691" lon="-80.213794"><ele>5.8</ele></trkpt>
<trkpt lat="26.008381" lon="-80.213540"><ele>7.0</ele></trkpt>
<trkpt lat="26.009009" lon="-80.213340"><ele>7.3</ele></trkpt>
<trkpt lat="26.009635" lon="-80.213168"><ele>4.6</ele></trkpt>
<trkpt lat="26.010293" lon="-80.213004"><ele>8.7</ele></trkpt>
<trkpt lat="26.010503" lon="-80.212962"><ele>8.4</ele></trkpt>
<trkpt lat="26.011263" lon="-80.212808"><ele>7.4</ele></trkpt>
<trkpt lat="26.011787" lon="-80.212731"><ele>6.6</ele></trkpt>
<trkpt lat="26.012659" lon="-80.212645"><ele>4.9</ele></trkpt>
<trkpt lat="26.013569" lon="-80.212602"><ele>3.9</ele></trkpt>
<trkpt lat="26.014580" lon="-80.212602"><ele>4.3</ele></trkpt>
<trkpt lat="26.017302" lon="-80.212711"><ele>5.5</ele></trkpt>
<trkpt lat="26.017765" lon="-80.212731"><ele>5.9</ele></trkpt>
<trkpt lat="26.024548" lon="-80.213013"><ele>7.5</ele></trkpt>
<trkpt lat="26.025046" lon="-80.213023"><ele>7.0</ele></trkpt>
<trkpt lat="26.034420" lon="-80.213417"><ele>1.9</ele></trkpt>
<trkpt lat="26.035947" lon="-80.213511"><ele>2.2</ele></trkpt>
<trkpt lat="26.037243" lon="-80.213631"><ele>4.4</ele></trkpt>
<trkpt lat="26.044183" lon="-80.214378"><ele>2.5</ele></trkpt>
<trkpt lat="26.046096" lon="-80.214558"><ele>2.2</ele></trkpt>
<trkpt lat="26.047499" lon="-80.214644"><ele>1.9</ele></trkpt>
<trkpt lat="26.052856" lon="-80.214845"><ele>2.0</ele></trkpt>
<trkpt lat="26.056591" lon="-80.214996"><ele>2.5</ele></trkpt>
<trkpt lat="26.059066" lon="-80.215073"><ele>2.7</ele></trkpt>
<trkpt lat="26.065089" lon="-80.215310"><ele>6.7</ele></trkpt>
<trkpt lat="26.068089" lon="-80.215423"><ele>6.0</ele></trkpt>
<trkpt lat="26.068943" lon="-80.215435"><ele>4.2</ele></trkpt>
<trkpt lat="26.070655" lon="-80.215500"><ele>3.0</ele></trkpt>
<trkpt lat="26.071110" lon="-80.215491"><ele>3.0</ele></trkpt>
<trkpt lat="26.077324" lon="-80.215731"><ele>2.9</ele></trkpt>
<trkpt lat="26.078270" lon="-80.215753"><ele>3.0</ele></trkpt>
<trkpt lat="26.079387" lon="-80.215816"><ele>2.9</ele></trkpt>
<trkpt lat="26.080506" lon="-80.215862"><ele>3.0</ele></trkpt>
<trkpt lat="26.082156" lon="-80.215922"><ele>3.0</ele></trkpt>
<trkpt lat="26.085226" lon="-80.216014"><ele>2.7</ele></trkpt>
<trkpt lat="26.087021" lon="-80.216120"><ele>4.5</ele></trkpt>
<trkpt lat="26.088781" lon="-80.216263"><ele>6.4</ele></trkpt>
<trkpt lat="26.090443" lon="-80.216436"><ele>8.3</ele></trkpt>
<trkpt lat="26.092034" lon="-80.216608"><ele>3.3</ele></trkpt>
<trkpt lat="26.094408" lon="-80.216790"><ele>4.0</ele></trkpt>
<trkpt lat="26.095500" lon="-80.216891"><ele>3.7</ele></trkpt>
<trkpt lat="26.096493" lon="-80.217003"><ele>4.3</ele></trkpt>
<trkpt lat="26.101172" lon="-80.217689"><ele>3.4</ele></trkpt>
<trkpt lat="26.102920" lon="-80.217915"><ele>3.5</ele></trkpt>
<trkpt lat="26.105559" lon="-80.218136"><ele>3.8</ele></trkpt>
<trkpt lat="26.113988" lon="-80.218448"><ele>3.7</ele></trkpt>
<trkpt lat="26.116186" lon="-80.218520"><ele>4.0</ele></trkpt>
<trkpt lat="26.117126" lon="-80.218495"><ele>4.0</ele></trkpt>
<trkpt lat="26.118053" lon="-80.218428"><ele>4.7</ele></trkpt>
<trkpt lat="26.119039" lon="-80.218300"><ele>6.4</ele></trkpt>
<trkpt lat="26.120646" lon="-80.218024"><ele>3.0</ele></trkpt>
<trkpt lat="26.121203" lon="-80.217922"><ele>7.2</ele></trkpt>
<trkpt lat="26.122950" lon="-80.217617"><ele>6.0</ele></trkpt>
<trkpt lat="26.123984" lon="-80.217477"><ele>4.4</ele></trkpt>
<trkpt lat="26.125030" lon="-80.217396"><ele>3.8</ele></trkpt>
<trkpt lat="26.126130" lon="-80.217371"><ele>3.7</ele></trkpt>
<trkpt lat="26.127229" lon="-80.217409"><ele>3.8</ele></trkpt>
<trkpt lat="26.127997" lon="-80.217471"><ele>3.9</ele></trkpt>
<trkpt lat="26.129381" lon="-80.217674"><ele>3.8</ele></trkpt>
<trkpt lat="26.131190" lon="-80.218044"><ele>3.5</ele></trkpt>
<trkpt lat="26.134059" lon="-80.218686"><ele>3.5</ele></trkpt>
<trkpt lat="26.134938" lon="-80.218856"><ele>3.4</ele></trkpt>
<trkpt lat="26.135517" lon="-80.218948"><ele>2.7</ele></trkpt>
<trkpt lat="26.135753" lon="-80.218979"><ele>5.0</ele></trkpt>
<trkpt lat="26.136793" lon="-80.219062"><ele>3.6</ele></trkpt>
<trkpt lat="26.137226" lon="-80.219080"><ele>3.6</ele></trkpt>
<trkpt lat="26.142304" lon="-80.219192"><ele>4.0</ele></trkpt>
<trkpt lat="26.143020" lon="-80.219202"><ele>4.0</ele></trkpt>
<trkpt lat="26.146695" lon="-80.219296"><ele>3.0</ele></trkpt>
<trkpt lat="26.152786" lon="-80.219424"><ele>3.3</ele></trkpt>
<trkpt lat="26.164369" lon="-80.219683"><ele>3.0</ele></trkpt>
<trkpt lat="26.172673" lon="-80.219854"><ele>1.8</ele></trkpt>
<trkpt lat="26.172970" lon="-80.219859"><ele>2.0</ele></trkpt>
<trkpt lat="26.174198" lon="-80.219880"><ele>3.4</ele></trkpt>
<trkpt lat="26.175284" lon="-80.219846"><ele>3.7</ele></trkpt>
<trkpt lat="26.176378" lon="-80.219743"><ele>3.3</ele></trkpt>
<trkpt lat="26.177572" lon="-80.219562"><ele>3.3</ele></trkpt>
<trkpt lat="26.178875" lon="-80.219288"><ele>3.2</ele></trkpt>
<trkpt lat="26.180084" lon="-80.218927"><ele>3.4</ele></trkpt>
<trkpt lat="26.181212" lon="-80.218516"><ele>4.0</ele></trkpt>
<trkpt lat="26.181402" lon="-80.218446"><ele>3.8</ele></trkpt>
<trkpt lat="26.182480" lon="-80.217966"><ele>3.6</ele></trkpt>
<trkpt lat="26.183705" lon="-80.217322"><ele>3.6</ele></trkpt>
<trkpt lat="26.184787" lon="-80.216660"><ele>3.5</ele></trkpt>
<trkpt lat="26.184952" lon="-80.216558"><ele>3.4</ele></trkpt>
<trkpt lat="26.186131" lon="-80.215708"><ele>3.8</ele></trkpt>
<trkpt lat="26.187355" lon="-80.214653"><ele>4.7</ele></trkpt>
<trkpt lat="26.188523" lon="-80.213589"><ele>5.6</ele></trkpt>
<trkpt lat="26.195297" lon="-80.207947"><ele>3.6</ele></trkpt>
<trkpt lat="26.195567" lon="-80.207681"><ele>3.7</ele></trkpt>
<trkpt lat="26.199818" lon="-80.204128"><ele>7.3</ele></trkpt>
<trkpt lat="26.200565" lon="-80.203493"><ele>6.8</ele></trkpt>
<trkpt lat="26.218325" lon="-80.188462"><ele>8.2</ele></trkpt>
<trkpt lat="26.218985" lon="-80.187903"><ele>4.6</ele></trkpt>
<trkpt lat="26.219827" lon="-80.187184"><ele>9.0</ele></trkpt>
<trkpt lat="26.221577" lon="-80.185727"><ele>4.7</ele></trkpt>
<trkpt lat="26.222240" lon="-80.185168"><ele>4.5</ele></trkpt>
<trkpt lat="26.222791" lon="-80.184691"><ele>4.0</ele></trkpt>
<trkpt lat="26.223135" lon="-80.184378"><ele>3.8</ele></trkpt>
<trkpt lat="26.225283" lon="-80.182576"><ele>4.0</ele></trkpt>
<trkpt lat="26.225599" lon="-80.182327"><ele>3.9</ele></trkpt>
<trkpt lat="26.228117" lon="-80.180181"><ele>3.8</ele></trkpt>
<trkpt lat="26.228747" lon="-80.179663"><ele>3.9</ele></trkpt>
<trkpt lat="26.230545" lon="-80.178138"><ele>4.1</ele></trkpt>
<trkpt lat="26.231027" lon="-80.177729"><ele>2.6</ele></trkpt>
<trkpt lat="26.233214" lon="-80.175847"><ele>4.5</ele></trkpt>
<trkpt lat="26.239111" lon="-80.170860"><ele>4.2</ele></trkpt>
<trkpt lat="26.240012" lon="-80.170165"><ele>4.4</ele></trkpt>
<trkpt lat="26.240966" lon="-80.169504"><ele>4.3</ele></trkpt>
<trkpt lat="26.241844" lon="-80.168971"><ele>4.7</ele></trkpt>
<trkpt lat="26.242845" lon="-80.168422"><ele>4.6</ele></trkpt>
<trkpt lat="26.243892" lon="-80.167924"><ele>4.7</ele></trkpt>
<trkpt lat="26.244854" lon="-80.167547"><ele>5.1</ele></trkpt>
<trkpt lat="26.246553" lon="-80.166980"><ele>4.8</ele></trkpt>
<trkpt lat="26.247610" lon="-80.166714"><ele>4.8</ele></trkpt>
<trkpt lat="26.248895" lon="-80.166500"><ele>5.1</ele></trkpt>
<trkpt lat="26.249937" lon="-80.166388"><ele>4.9</ele></trkpt>
<trkpt lat="26.251258" lon="-80.166328"><ele>4.7</ele></trkpt>
<trkpt lat="26.252678" lon="-80.166328"><ele>4.7</ele></trkpt>
<trkpt lat="26.254510" lon="-80.166379"><ele>4.5</ele></trkpt>
<trkpt lat="26.255641" lon="-80.166422"><ele>4.4</ele></trkpt>
<trkpt lat="26.256781" lon="-80.166525"><ele>5.0</ele></trkpt>
<trkpt lat="26.258020" lon="-80.166723"><ele>6.8</ele></trkpt>
<trkpt lat="26.258951" lon="-80.166920"><ele>8.2</ele></trkpt>
<trkpt lat="26.259658" lon="-80.167146"><ele>7.5</ele></trkpt>
<trkpt lat="26.260112" lon="-80.167275"><ele>5.9</ele></trkpt>
<trkpt lat="26.263223" lon="-80.168139"><ele>4.9</ele></trkpt>
<trkpt lat="26.264262" lon="-80.168362"><ele>4.7</ele></trkpt>
<trkpt lat="26.265394" lon="-80.168534"><ele>4.7</ele></trkpt>
<trkpt lat="26.266417" lon="-80.168637"><ele>4.9</ele></trkpt>
<trkpt lat="26.267049" lon="-80.168655"><ele>4.9</ele></trkpt>
<trkpt lat="26.272698" lon="-80.168753"><ele>4.4</ele></trkpt>
<trkpt lat="26.290922" lon="-80.169030"><ele>4.8</ele></trkpt>
<trkpt lat="26.298672" lon="-80.169162"><ele>4.7</ele></trkpt>
<trkpt lat="26.304578" lon="-80.169401"><ele>9.8</ele></trkpt>
<trkpt lat="26.305015" lon="-80.169423"><ele>7.0</ele></trkpt>
<trkpt lat="26.305865" lon="-80.169460"><ele>8.3</ele></trkpt>
<trkpt lat="26.306391" lon="-80.169481"><ele>10.1</ele></trkpt>
<trkpt lat="26.309626" lon="-80.169639"><ele>5.2</ele></trkpt>
<trkpt lat="26.313547" lon="-80.169813"><ele>5.4</ele></trkpt>
<trkpt lat="26.319070" lon="-80.170038"><ele>5.8</ele></trkpt>
<trkpt lat="26.327507" lon="-80.170157"><ele>4.6</ele></trkpt>
<trkpt lat="26.328189" lon="-80.170168"><ele>5.3</ele></trkpt>
<trkpt lat="26.330095" lon="-80.170177"><ele>5.4</ele></trkpt>
<trkpt lat="26.334626" lon="-80.170229"><ele>7.3</ele></trkpt>
<trkpt lat="26.339697" lon="-80.170320"><ele>5.0</ele></trkpt>
<trkpt lat="26.357155" lon="-80.170546"><ele>5.0</ele></trkpt>
<trkpt lat="26.359761" lon="-80.170600"><ele>5.0</ele></trkpt>
<trkpt lat="26.363915" lon="-80.170641"><ele>7.0</ele></trkpt>
<trkpt lat="26.365457" lon="-80.170692"><ele>9.7</ele></trkpt>
<trkpt lat="26.367741" lon="-80.170752"><ele>9.3</ele></trkpt>
<trkpt lat="26.368134" lon="-80.170755"><ele>8.5</ele></trkpt>
<trkpt lat="26.369073" lon="-80.170762"><ele>11.5</ele></trkpt>
<trkpt lat="26.371425" lon="-80.170780"><ele>6.7</ele></trkpt>
<trkpt lat="26.371650" lon="-80.170781"><ele>6.5</ele></trkpt>
<trkpt lat="26.376191" lon="-80.170812"><ele>5.7</ele></trkpt>
<trkpt lat="26.376568" lon="-80.170794"><ele>5.7</ele></trkpt>
<trkpt lat="26.380190" lon="-80.170863"><ele>5.5</ele></trkpt>
<trkpt lat="26.388584" lon="-80.170980"><ele>5.8</ele></trkpt>
<trkpt lat="26.398412" lon="-80.171129"><ele>5.7</ele></trkpt>
<trkpt lat="26.408626" lon="-80.171320"><ele>9.5</ele></trkpt>
<trkpt lat="26.409157" lon="-80.171327"><ele>7.7</ele></trkpt>
<trkpt lat="26.416832" lon="-80.171451"><ele>5.8</ele></trkpt>
<trkpt lat="26.423885" lon="-80.171577"><ele>6.3</ele></trkpt>
<trkpt lat="26.424109" lon="-80.171578"><ele>5.5</ele></trkpt>
<trkpt lat="26.424827" lon="-80.171589"><ele>6.0</ele></trkpt>
<trkpt lat="26.425473" lon="-80.171624"><ele>6.1</ele></trkpt>
<trkpt lat="26.426026" lon="-80.171667"><ele>6.0</ele></trkpt>
<trkpt lat="26.426795" lon="-80.171744"><ele>5.9</ele></trkpt>
<trkpt lat="26.427448" lon="-80.171821"><ele>5.9</ele></trkpt>
<trkpt lat="26.428055" lon="-80.171915"><ele>5.9</ele></trkpt>
<trkpt lat="26.428678" lon="-80.172027"><ele>5.9</ele></trkpt>
<trkpt lat="26.429324" lon="-80.172156"><ele>5.9</ele></trkpt>
<trkpt lat="26.431545" lon="-80.172628"><ele>5.9</ele></trkpt>
<trkpt lat="26.435734" lon="-80.173549"><ele>6.0</ele></trkpt>
<trkpt lat="26.436379" lon="-80.173675"><ele>6.0</ele></trkpt>
<trkpt lat="26.436994" lon="-80.173787"><ele>6.0</ele></trkpt>
<trkpt lat="26.437600" lon="-80.173883"><ele>6.0</ele></trkpt>
<trkpt lat="26.438261" lon="-80.173971"><ele>6.0</ele></trkpt>
<trkpt lat="26.438815" lon="-80.174035"><ele>6.0</ele></trkpt>
<trkpt lat="26.439515" lon="-80.174104"><ele>6.0</ele></trkpt>
<trkpt lat="26.440214" lon="-80.174156"><ele>5.9</ele></trkpt>
<trkpt lat="26.440952" lon="-80.174181"><ele>5.9</ele></trkpt>
<trkpt lat="26.452411" lon="-80.174424"><ele>13.8</ele></trkpt>
<trkpt lat="26.453503" lon="-80.174447"><ele>8.3</ele></trkpt>
<trkpt lat="26.454033" lon="-80.174456"><ele>11.9</ele></trkpt>
<trkpt lat="26.466475" lon="-80.174702"><ele>6.0</ele></trkpt>
<trkpt lat="26.467524" lon="-80.174706"><ele>6.0</ele></trkpt>
<trkpt lat="26.468549" lon="-80.174672"><ele>6.0</ele></trkpt>
<trkpt lat="26.468980" lon="-80.174646"><ele>6.0</ele></trkpt>
<trkpt lat="26.469436" lon="-80.174609"><ele>6.2</ele></trkpt>
<trkpt lat="26.470363" lon="-80.174519"><ele>6.7</ele></trkpt>
<trkpt lat="26.470995" lon="-80.174440"><ele>6.9</ele></trkpt>
<trkpt lat="26.471593" lon="-80.174346"><ele>6.3</ele></trkpt>
<trkpt lat="26.471911" lon="-80.174277"><ele>6.4</ele></trkpt>
<trkpt lat="26.472717" lon="-80.174131"><ele>6.6</ele></trkpt>
<trkpt lat="26.476090" lon="-80.173470"><ele>6.0</ele></trkpt>
<trkpt lat="26.479417" lon="-80.172835"><ele>6.5</ele></trkpt>
<trkpt lat="26.480685" lon="-80.172655"><ele>6.3</ele></trkpt>
<trkpt lat="26.482129" lon="-80.172526"><ele>7.0</ele></trkpt>
<trkpt lat="26.482720" lon="-80.172492"><ele>7.3</ele></trkpt>
<trkpt lat="26.483584" lon="-80.172491"><ele>5.8</ele></trkpt>
<trkpt lat="26.483825" lon="-80.172488"><ele>7.0</ele></trkpt>
<trkpt lat="26.484902" lon="-80.172466"><ele>7.0</ele></trkpt>
<trkpt lat="26.496631" lon="-80.172491"><ele>5.8</ele></trkpt>
<trkpt lat="26.522106" lon="-80.172504"><ele>5.8</ele></trkpt>
<trkpt lat="26.522432" lon="-80.172503"><ele>5.8</ele></trkpt>
<trkpt lat="26.527746" lon="-80.172488"><ele>10.9</ele></trkpt>
<trkpt lat="26.528375" lon="-80.172494"><ele>9.6</ele></trkpt>
<trkpt lat="26.538819" lon="-80.172622"><ele>6.1</ele></trkpt>
<trkpt lat="26.539070" lon="-80.172627"><ele>5.5</ele></trkpt>
<trkpt lat="26.557099" lon="-80.172890"><ele>6.0</ele></trkpt>
<trkpt lat="26.558200" lon="-80.172933"><ele>6.0</ele></trkpt>
<trkpt lat="26.559477" lon="-80.173030"><ele>6.0</ele></trkpt>
<trkpt lat="26.560038" lon="-80.173049"><ele>6.0</ele></trkpt>
<trkpt lat="26.562205" lon="-80.173060"><ele>6.3</ele></trkpt>
<trkpt lat="26.564184" lon="-80.173049"><ele>6.0</ele></trkpt>
<trkpt lat="26.570931" lon="-80.173115"><ele>6.0</ele></trkpt>
<trkpt lat="26.573793" lon="-80.173098"><ele>6.0</ele></trkpt>
<trkpt lat="26.587091" lon="-80.173253"><ele>7.3</ele></trkpt>
<trkpt lat="26.590222" lon="-80.173323"><ele>8.2</ele></trkpt>
<trkpt lat="26.590581" lon="-80.173324"><ele>9.8</ele></trkpt>
<trkpt lat="26.602237" lon="-80.173470"><ele>6.3</ele></trkpt>
<trkpt lat="26.602577" lon="-80.173475"><ele>6.5</ele></trkpt>
<trkpt lat="26.611922" lon="-80.173581"><ele>6.0</ele></trkpt>
<trkpt lat="26.616081" lon="-80.173633"><ele>12.3</ele></trkpt>
<trkpt lat="26.617243" lon="-80.173648"><ele>7.5</ele></trkpt>
<trkpt lat="26.617645" lon="-80.173652"><ele>8.9</ele></trkpt>
<trkpt lat="26.620123" lon="-80.173682"><ele>7.1</ele></trkpt>
<trkpt lat="26.623604" lon="-80.173784"><ele>6.0</ele></trkpt>
<trkpt lat="26.629978" lon="-80.173894"><ele>4.6</ele></trkpt>
<trkpt lat="26.630399" lon="-80.173810"><ele>5.1</ele></trkpt>
<trkpt lat="26.637518" lon="-80.173890"><ele>5.7</ele></trkpt>
<trkpt lat="26.638189" lon="-80.173898"><ele>5.5</ele></trkpt>
<trkpt lat="26.638527" lon="-80.173915"><ele>5.4</ele></trkpt>
<trkpt lat="26.640637" lon="-80.173924"><ele>5.6</ele></trkpt>
<trkpt lat="26.644541" lon="-80.173967"><ele>5.5</ele></trkpt>
<trkpt lat="26.659039" lon="-80.174159"><ele>5.9</ele></trkpt>
<trkpt lat="26.662123" lon="-80.174190"><ele>5.7</ele></trkpt>
<trkpt lat="26.662791" lon="-80.174173"><ele>5.8</ele></trkpt>
<trkpt lat="26.663489" lon="-80.174130"><ele>5.9</ele></trkpt>
<trkpt lat="26.664064" lon="-80.174078"><ele>5.7</ele></trkpt>
<trkpt lat="26.664624" lon="-80.174010"><ele>5.6</ele></trkpt>
<trkpt lat="26.665169" lon="-80.173915"><ele>5.6</ele></trkpt>
<trkpt lat="26.666566" lon="-80.173645"><ele>5.6</ele></trkpt>
<trkpt lat="26.667477" lon="-80.173383"><ele>5.8</ele></trkpt>
<trkpt lat="26.668129" lon="-80.173160"><ele>5.9</ele></trkpt>
<trkpt lat="26.668681" lon="-80.172982"><ele>5.9</ele></trkpt>
<trkpt lat="26.669398" lon="-80.172695"><ele>5.8</ele></trkpt>
<trkpt lat="26.669654" lon="-80.172587"><ele>5.9</ele></trkpt>
<trkpt lat="26.671051" lon="-80.171881"><ele>5.6</ele></trkpt>
<trkpt lat="26.671596" lon="-80.171581"><ele>5.3</ele></trkpt>
<trkpt lat="26.672570" lon="-80.170980"><ele>5.3</ele></trkpt>
<trkpt lat="26.678443" lon="-80.166932"><ele>9.6</ele></trkpt>
<trkpt lat="26.679632" lon="-80.166097"><ele>7.3</ele></trkpt>
<trkpt lat="26.680806" lon="-80.165258"><ele>11.1</ele></trkpt>
<trkpt lat="26.683721" lon="-80.163255"><ele>4.8</ele></trkpt>
<trkpt lat="26.683936" lon="-80.163075"><ele>5.0</ele></trkpt>
<trkpt lat="26.685282" lon="-80.162141"><ele>4.9</ele></trkpt>
<trkpt lat="26.686344" lon="-80.161384"><ele>5.5</ele></trkpt>
<trkpt lat="26.686973" lon="-80.160886"><ele>5.3</ele></trkpt>
<trkpt lat="26.687625" lon="-80.160345"><ele>5.3</ele></trkpt>
<trkpt lat="26.688484" lon="-80.159581"><ele>4.9</ele></trkpt>
<trkpt lat="26.695820" lon="-80.152492"><ele>5.0</ele></trkpt>
<trkpt lat="26.695878" lon="-80.152422"><ele>5.0</ele></trkpt>
<trkpt lat="26.702082" lon="-80.146354"><ele>5.0</ele></trkpt>
<trkpt lat="26.706624" lon="-80.141978"><ele>5.0</ele></trkpt>
<trkpt lat="26.707207" lon="-80.141446"><ele>5.9</ele></trkpt>
<trkpt lat="26.707928" lon="-80.140811"><ele>7.2</ele></trkpt>
<trkpt lat="26.708732" lon="-80.140181"><ele>4.5</ele></trkpt>
<trkpt lat="26.710315" lon="-80.139120"><ele>5.5</ele></trkpt>
<trkpt lat="26.712696" lon="-80.137781"><ele>5.2</ele></trkpt>
<trkpt lat="26.713486" lon="-80.137414"><ele>5.2</ele></trkpt>
<trkpt lat="26.714651" lon="-80.136949"><ele>4.9</ele></trkpt>
<trkpt lat="26.715280" lon="-80.136717"><ele>5.1</ele></trkpt>
<trkpt lat="26.715894" lon="-80.136519"><ele>5.2</ele></trkpt>
<trkpt lat="26.717182" lon="-80.136193"><ele>5.0</ele></trkpt>
<trkpt lat="26.717795" lon="-80.136056"><ele>5.1</ele></trkpt>
<trkpt lat="26.718462" lon="-80.135936"><ele>5.2</ele></trkpt>
<trkpt lat="26.719114" lon="-80.135833"><ele>5.3</ele></trkpt>
<trkpt lat="26.719781" lon="-80.135738"><ele>5.4</ele></trkpt>
<trkpt lat="26.720591" lon="-80.135689"><ele>5.2</ele></trkpt>
<trkpt lat="26.746174" lon="-80.134528"><ele>5.5</ele></trkpt>
<trkpt lat="26.751521" lon="-80.134300"><ele>6.2</ele></trkpt>
<trkpt lat="26.751934" lon="-80.134279"><ele>6.8</ele></trkpt>
<trkpt lat="26.759612" lon="-80.133918"><ele>5.4</ele></trkpt>
<trkpt lat="26.764630" lon="-80.133562"><ele>5.1</ele></trkpt>
<trkpt lat="26.766253" lon="-80.133434"><ele>5.4</ele></trkpt>
<trkpt lat="26.787183" lon="-80.131977"><ele>5.2</ele></trkpt>
<trkpt lat="26.790058" lon="-80.131837"><ele>5.0</ele></trkpt>
<trkpt lat="26.795093" lon="-80.131640"><ele>8.9</ele></trkpt>
<trkpt lat="26.796074" lon="-80.131604"><ele>8.5</ele></trkpt>
<trkpt lat="26.797737" lon="-80.131514"><ele>8.3</ele></trkpt>
<trkpt lat="26.798043" lon="-80.131514"><ele>8.2</ele></trkpt>
<trkpt lat="26.808738" lon="-80.131102"><ele>6.0</ele></trkpt>
<trkpt lat="26.815875" lon="-80.130827"><ele>5.1</ele></trkpt>
<trkpt lat="26.820779" lon="-80.130638"><ele>5.3</ele></trkpt>
<trkpt lat="26.827694" lon="-80.130398"><ele>5.7</ele></trkpt>
<trkpt lat="26.833581" lon="-80.130155"><ele>5.1</ele></trkpt>
<trkpt lat="26.839866" lon="-80.129883"><ele>4.7</ele></trkpt>
<trkpt lat="26.840149" lon="-80.129891"><ele>5.1</ele></trkpt>
<trkpt lat="26.843794" lon="-80.129763"><ele>6.0</ele></trkpt>
<trkpt lat="26.854546" lon="-80.129334"><ele>5.6</ele></trkpt>
<trkpt lat="26.858329" lon="-80.129215"><ele>5.4</ele></trkpt>
<trkpt lat="26.870188" lon="-80.128755"><ele>5.0</ele></trkpt>
<trkpt lat="26.871361" lon="-80.128690"><ele>4.9</ele></trkpt>
<trkpt lat="26.872892" lon="-80.128716"><ele>5.0</ele></trkpt>
<trkpt lat="26.873420" lon="-80.128741"><ele>5.0</ele></trkpt>
<trkpt lat="26.874048" lon="-80.128784"><ele>5.1</ele></trkpt>
<trkpt lat="26.875480" lon="-80.128939"><ele>5.2</ele></trkpt>
<trkpt lat="26.876222" lon="-80.129050"><ele>5.3</ele></trkpt>
<trkpt lat="26.876942" lon="-80.129179"><ele>5.1</ele></trkpt>
<trkpt lat="26.877723" lon="-80.129334"><ele>5.3</ele></trkpt>
<trkpt lat="26.879078" lon="-80.129668"><ele>5.4</ele></trkpt>
<trkpt lat="26.879667" lon="-80.129831"><ele>5.4</ele></trkpt>
<trkpt lat="26.880303" lon="-80.130020"><ele>5.4</ele></trkpt>
<trkpt lat="26.881313" lon="-80.130346"><ele>5.3</ele></trkpt>
<trkpt lat="26.882324" lon="-80.130741"><ele>5.7</ele></trkpt>
<trkpt lat="26.883380" lon="-80.131179"><ele>5.7</ele></trkpt>
<trkpt lat="26.911655" lon="-80.143579"><ele>4.4</ele></trkpt>
<trkpt lat="26.928022" lon="-80.150779"><ele>4.4</ele></trkpt>
<trkpt lat="26.928630" lon="-80.151044"><ele>4.1</ele></trkpt>
<trkpt lat="26.933072" lon="-80.152986"><ele>5.6</ele></trkpt>
<trkpt lat="26.935306" lon="-80.153973"><ele>5.0</ele></trkpt>
<trkpt lat="26.939300" lon="-80.155698"><ele>5.6</ele></trkpt>
<trkpt lat="26.941382" lon="-80.156642"><ele>4.8</ele></trkpt>
<trkpt lat="26.942591" lon="-80.157278"><ele>5.0</ele></trkpt>
<trkpt lat="26.943249" lon="-80.157638"><ele>5.0</ele></trkpt>
<trkpt lat="26.943800" lon="-80.157956"><ele>5.0</ele></trkpt>
<trkpt lat="26.944695" lon="-80.158488"><ele>4.8</ele></trkpt>
<trkpt lat="26.945436" lon="-80.158981"><ele>4.9</ele></trkpt>
<trkpt lat="26.946216" lon="-80.159539"><ele>4.6</ele></trkpt>
<trkpt lat="26.948037" lon="-80.160853"><ele>4.5</ele></trkpt>
<trkpt lat="26.949032" lon="-80.161599"><ele>4.4</ele></trkpt>
<trkpt lat="26.949726" lon="-80.162100"><ele>4.9</ele></trkpt>
<trkpt lat="26.951327" lon="-80.163256"><ele>4.3</ele></trkpt>
<trkpt lat="26.954130" lon="-80.165320"><ele>2.3</ele></trkpt>
<trkpt lat="26.954553" lon="-80.165627"><ele>4.2</ele></trkpt>
<trkpt lat="26.956093" lon="-80.166723"><ele>4.0</ele></trkpt>
<trkpt lat="26.957608" lon="-80.167836"><ele>4.7</ele></trkpt>
<trkpt lat="26.961071" lon="-80.170346"><ele>5.0</ele></trkpt>
<trkpt lat="26.971883" lon="-80.178225"><ele>3.0</ele></trkpt>
<trkpt lat="26.972306" lon="-80.178534"><ele>3.7</ele></trkpt>
<trkpt lat="26.984541" lon="-80.187439"><ele>4.5</ele></trkpt>
<trkpt lat="26.985659" lon="-80.188247"><ele>5.2</ele></trkpt>
<trkpt lat="26.987938" lon="-80.189912"><ele>5.1</ele></trkpt>
<trkpt lat="26.989155" lon="-80.190821"><ele>5.1</ele></trkpt>
<trkpt lat="26.989774" lon="-80.191328"><ele>5.4</ele></trkpt>
<trkpt lat="26.990294" lon="-80.191766"><ele>5.4</ele></trkpt>
<trkpt lat="26.990837" lon="-80.192246"><ele>5.4</ele></trkpt>
<trkpt lat="26.991487" lon="-80.192838"><ele>5.4</ele></trkpt>
<trkpt lat="26.992130" lon="-80.193439"><ele>5.7</ele></trkpt>
<trkpt lat="26.992520" lon="-80.193826"><ele>5.8</ele></trkpt>
<trkpt lat="26.993116" lon="-80.194461"><ele>5.8</ele></trkpt>
<trkpt lat="26.993705" lon="-80.195122"><ele>5.8</ele></trkpt>
<trkpt lat="26.996252" lon="-80.198031"><ele>5.4</ele></trkpt>
<trkpt lat="26.996887" lon="-80.198769"><ele>5.5</ele></trkpt>
<trkpt lat="26.997866" lon="-80.199868"><ele>5.7</ele></trkpt>
<trkpt lat="27.000015" lon="-80.202306"><ele>5.7</ele></trkpt>
<trkpt lat="27.001483" lon="-80.204005"><ele>5.7</ele></trkpt>
<trkpt lat="27.002967" lon="-80.205679"><ele>5.7</ele></trkpt>
<trkpt lat="27.010667" lon="-80.214451"><ele>5.8</ele></trkpt>
<trkpt lat="27.015640" lon="-80.220138"><ele>6.0</ele></trkpt>
<trkpt lat="27.017916" lon="-80.222725"><ele>5.6</ele></trkpt>
<trkpt lat="27.025014" lon="-80.230829"><ele>5.6</ele></trkpt>
<trkpt lat="27.025868" lon="-80.231814"><ele>5.6</ele></trkpt>
<trkpt lat="27.026380" lon="-80.232363"><ele>5.7</ele></trkpt>
<trkpt lat="27.026969" lon="-80.232947"><ele>5.9</ele></trkpt>
<trkpt lat="27.027986" lon="-80.233874"><ele>5.8</ele></trkpt>
<trkpt lat="27.028712" lon="-80.234501"><ele>5.7</ele></trkpt>
<trkpt lat="27.029286" lon="-80.234938"><ele>5.6</ele></trkpt>
<trkpt lat="27.030096" lon="-80.235539"><ele>5.7</ele></trkpt>
<trkpt lat="27.031396" lon="-80.236372"><ele>6.9</ele></trkpt>
<trkpt lat="27.032114" lon="-80.236784"><ele>7.4</ele></trkpt>
<trkpt lat="27.033644" lon="-80.237496"><ele>6.9</ele></trkpt>
<trkpt lat="27.034408" lon="-80.237822"><ele>6.4</ele></trkpt>
<trkpt lat="27.035004" lon="-80.238063"><ele>6.0</ele></trkpt>
<trkpt lat="27.035784" lon="-80.238337"><ele>5.8</ele></trkpt>
<trkpt lat="27.036495" lon="-80.238552"><ele>5.7</ele></trkpt>
<trkpt lat="27.037229" lon="-80.238749"><ele>5.8</ele></trkpt>
<trkpt lat="27.038032" lon="-80.238938"><ele>5.8</ele></trkpt>
<trkpt lat="27.038896" lon="-80.239101"><ele>5.8</ele></trkpt>
<trkpt lat="27.039668" lon="-80.239221"><ele>5.8</ele></trkpt>
<trkpt lat="27.040455" lon="-80.239307"><ele>5.6</ele></trkpt>
<trkpt lat="27.041273" lon="-80.239376"><ele>5.6</ele></trkpt>
<trkpt lat="27.042099" lon="-80.239402"><ele>5.7</ele></trkpt>
<trkpt lat="27.043169" lon="-80.239419"><ele>5.8</ele></trkpt>
<trkpt lat="27.045965" lon="-80.239418"><ele>5.8</ele></trkpt>
<trkpt lat="27.049928" lon="-80.239398"><ele>5.7</ele></trkpt>
<trkpt lat="27.050830" lon="-80.239433"><ele>5.7</ele></trkpt>
<trkpt lat="27.051541" lon="-80.239476"><ele>5.8</ele></trkpt>
<trkpt lat="27.052336" lon="-80.239536"><ele>5.7</ele></trkpt>
<trkpt lat="27.053116" lon="-80.239630"><ele>5.3</ele></trkpt>
<trkpt lat="27.053964" lon="-80.239759"><ele>5.7</ele></trkpt>
<trkpt lat="27.054813" lon="-80.239905"><ele>5.6</ele></trkpt>
<trkpt lat="27.055822" lon="-80.240119"><ele>5.5</ele></trkpt>
<trkpt lat="27.056678" lon="-80.240325"><ele>5.5</ele></trkpt>
<trkpt lat="27.058298" lon="-80.240772"><ele>5.4</ele></trkpt>
<trkpt lat="27.058878" lon="-80.241003"><ele>4.9</ele></trkpt>
<trkpt lat="27.059092" lon="-80.241089"><ele>4.7</ele></trkpt>
<trkpt lat="27.060225" lon="-80.241475"><ele>5.0</ele></trkpt>
<trkpt lat="27.066102" lon="-80.244085"><ele>6.2</ele></trkpt>
<trkpt lat="27.067715" lon="-80.244823"><ele>5.1</ele></trkpt>
<trkpt lat="27.071513" lon="-80.246514"><ele>4.5</ele></trkpt>
<trkpt lat="27.072981" lon="-80.247183"><ele>4.3</ele></trkpt>
<trkpt lat="27.092751" lon="-80.256058"><ele>3.8</ele></trkpt>
<trkpt lat="27.093606" lon="-80.256444"><ele>3.7</ele></trkpt>
<trkpt lat="27.094370" lon="-80.256822"><ele>3.6</ele></trkpt>
<trkpt lat="27.095112" lon="-80.257217"><ele>3.6</ele></trkpt>
<trkpt lat="27.095746" lon="-80.257577"><ele>3.5</ele></trkpt>
<trkpt lat="27.096533" lon="-80.258049"><ele>3.6</ele></trkpt>
<trkpt lat="27.097312" lon="-80.258547"><ele>3.5</ele></trkpt>
<trkpt lat="27.098145" lon="-80.259114"><ele>3.5</ele></trkpt>
<trkpt lat="27.098840" lon="-80.259620"><ele>3.6</ele></trkpt>
<trkpt lat="27.099490" lon="-80.260118"><ele>3.5</ele></trkpt>
<trkpt lat="27.100155" lon="-80.260650"><ele>3.5</ele></trkpt>
<trkpt lat="27.100858" lon="-80.261259"><ele>3.4</ele></trkpt>
<trkpt lat="27.101744" lon="-80.262066"><ele>3.5</ele></trkpt>
<trkpt lat="27.104753" lon="-80.264958"><ele>3.0</ele></trkpt>
<trkpt lat="27.106305" lon="-80.266435"><ele>3.2</ele></trkpt>
<trkpt lat="27.107237" lon="-80.267276"><ele>2.7</ele></trkpt>
<trkpt lat="27.107933" lon="-80.267877"><ele>2.8</ele></trkpt>
<trkpt lat="27.109323" lon="-80.268993"><ele>2.7</ele></trkpt>
<trkpt lat="27.110882" lon="-80.270143"><ele>2.4</ele></trkpt>
<trkpt lat="27.112654" lon="-80.271353"><ele>3.3</ele></trkpt>
<trkpt lat="27.113876" lon="-80.272169"><ele>3.1</ele></trkpt>
<trkpt lat="27.120906" lon="-80.276931"><ele>5.2</ele></trkpt>
<trkpt lat="27.122372" lon="-80.278005"><ele>5.3</ele></trkpt>
<trkpt lat="27.122899" lon="-80.278408"><ele>4.6</ele></trkpt>
<trkpt lat="27.124282" lon="-80.279378"><ele>4.1</ele></trkpt>
<trkpt lat="27.145226" lon="-80.293572"><ele>5.2</ele></trkpt>
<trkpt lat="27.147670" lon="-80.295237"><ele>5.8</ele></trkpt>
<trkpt lat="27.155300" lon="-80.300395"><ele>4.9</ele></trkpt>
<trkpt lat="27.159546" lon="-80.303279"><ele>5.9</ele></trkpt>
<trkpt lat="27.159790" lon="-80.303425"><ele>5.9</ele></trkpt>
<trkpt lat="27.160645" lon="-80.304017"><ele>5.7</ele></trkpt>
<trkpt lat="27.172642" lon="-80.312171"><ele>5.2</ele></trkpt>
<trkpt lat="27.174091" lon="-80.313163"><ele>5.3</ele></trkpt>
<trkpt lat="27.174483" lon="-80.313420"><ele>4.5</ele></trkpt>
<trkpt lat="27.175963" lon="-80.314437"><ele>5.6</ele></trkpt>
<trkpt lat="27.185492" lon="-80.320888"><ele>5.6</ele></trkpt>
<trkpt lat="27.190131" lon="-80.324018"><ele>5.7</ele></trkpt>
<trkpt lat="27.190810" lon="-80.324438"><ele>5.8</ele></trkpt>
<trkpt lat="27.191451" lon="-80.324807"><ele>5.8</ele></trkpt>
<trkpt lat="27.191986" lon="-80.325099"><ele>5.8</ele></trkpt>
<trkpt lat="27.192957" lon="-80.325612"><ele>5.4</ele></trkpt>
<trkpt lat="27.199040" lon="-80.328541"><ele>5.7</ele></trkpt>
<trkpt lat="27.201467" lon="-80.329683"><ele>5.5</ele></trkpt>
<trkpt lat="27.205199" lon="-80.331494"><ele>6.4</ele></trkpt>
<trkpt lat="27.206085" lon="-80.331932"><ele>5.0</ele></trkpt>
<trkpt lat="27.210856" lon="-80.334195"><ele>6.8</ele></trkpt>
<trkpt lat="27.211368" lon="-80.334456"><ele>6.1</ele></trkpt>
<trkpt lat="27.214437" lon="-80.335914"><ele>5.6</ele></trkpt>
<trkpt lat="27.215955" lon="-80.336652"><ele>5.5</ele></trkpt>
<trkpt lat="27.216268" lon="-80.336772"><ele>5.7</ele></trkpt>
<trkpt lat="27.218497" lon="-80.337871"><ele>4.9</ele></trkpt>
<trkpt lat="27.223321" lon="-80.340171"><ele>5.2</ele></trkpt>
<trkpt lat="27.224542" lon="-80.340686"><ele>5.2</ele></trkpt>
<trkpt lat="27.225779" lon="-80.341141"><ele>5.3</ele></trkpt>
<trkpt lat="27.227000" lon="-80.341519"><ele>5.4</ele></trkpt>
<trkpt lat="27.228122" lon="-80.341830"><ele>4.5</ele></trkpt>
<trkpt lat="27.231121" lon="-80.342609"><ele>4.8</ele></trkpt>
<trkpt lat="27.238072" lon="-80.344438"><ele>5.5</ele></trkpt>
<trkpt lat="27.250790" lon="-80.347769"><ele>5.1</ele></trkpt>
<trkpt lat="27.254701" lon="-80.348806"><ele>4.8</ele></trkpt>
<trkpt lat="27.255647" lon="-80.349080"><ele>5.1</ele></trkpt>
<trkpt lat="27.256684" lon="-80.349432"><ele>5.2</ele></trkpt>
<trkpt lat="27.257760" lon="-80.349844"><ele>5.1</ele></trkpt>
<trkpt lat="27.258828" lon="-80.350308"><ele>5.0</ele></trkpt>
<trkpt lat="27.259889" lon="-80.350806"><ele>5.2</ele></trkpt>
<trkpt lat="27.261117" lon="-80.351449"><ele>5.6</ele></trkpt>
<trkpt lat="27.262068" lon="-80.351974"><ele>3.6</ele></trkpt>
<trkpt lat="27.262790" lon="-80.352380"><ele>4.7</ele></trkpt>
<trkpt lat="27.271988" lon="-80.357528"><ele>6.4</ele></trkpt>
<trkpt lat="27.273706" lon="-80.358487"><ele>6.9</ele></trkpt>
<trkpt lat="27.273988" lon="-80.358659"><ele>6.7</ele></trkpt>
<trkpt lat="27.279587" lon="-80.361792"><ele>6.6</ele></trkpt>
<trkpt lat="27.279954" lon="-80.361981"><ele>6.9</ele></trkpt>
<trkpt lat="27.292218" lon="-80.368865"><ele>6.8</ele></trkpt>
<trkpt lat="27.293119" lon="-80.369301"><ele>6.4</ele></trkpt>
<trkpt lat="27.294110" lon="-80.369705"><ele>6.0</ele></trkpt>
<trkpt lat="27.295255" lon="-80.370099"><ele>6.3</ele></trkpt>
<trkpt lat="27.297840" lon="-80.370812"><ele>5.9</ele></trkpt>
<trkpt lat="27.299137" lon="-80.371129"><ele>6.1</ele></trkpt>
<trkpt lat="27.299846" lon="-80.371318"><ele>6.5</ele></trkpt>
<trkpt lat="27.300799" lon="-80.371541"><ele>6.6</ele></trkpt>
<trkpt lat="27.305452" lon="-80.372795"><ele>6.5</ele></trkpt>
<trkpt lat="27.307732" lon="-80.373387"><ele>6.4</ele></trkpt>
<trkpt lat="27.309784" lon="-80.373884"><ele>6.4</ele></trkpt>
<trkpt lat="27.310508" lon="-80.374022"><ele>6.8</ele></trkpt>
<trkpt lat="27.311477" lon="-80.374151"><ele>6.7</ele></trkpt>
<trkpt lat="27.312773" lon="-80.374254"><ele>6.7</ele></trkpt>
<trkpt lat="27.316891" lon="-80.374254"><ele>6.8</ele></trkpt>
<trkpt lat="27.322580" lon="-80.374228"><ele>6.0</ele></trkpt>
<trkpt lat="27.333154" lon="-80.374224"><ele>6.0</ele></trkpt>
<trkpt lat="27.344728" lon="-80.374184"><ele>7.3</ele></trkpt>
<trkpt lat="27.345286" lon="-80.374182"><ele>7.0</ele></trkpt>
<trkpt lat="27.350661" lon="-80.374159"><ele>6.0</ele></trkpt>
<trkpt lat="27.351431" lon="-80.374185"><ele>6.0</ele></trkpt>
<trkpt lat="27.352476" lon="-80.374279"><ele>6.3</ele></trkpt>
<trkpt lat="27.353390" lon="-80.374408"><ele>6.6</ele></trkpt>
<trkpt lat="27.354359" lon="-80.374597"><ele>6.2</ele></trkpt>
<trkpt lat="27.355479" lon="-80.374880"><ele>6.3</ele></trkpt>
<trkpt lat="27.356386" lon="-80.375163"><ele>6.1</ele></trkpt>
<trkpt lat="27.357347" lon="-80.375515"><ele>6.2</ele></trkpt>
<trkpt lat="27.358452" lon="-80.375987"><ele>6.3</ele></trkpt>
<trkpt lat="27.372432" lon="-80.382880"><ele>5.8</ele></trkpt>
<trkpt lat="27.374051" lon="-80.383669"><ele>6.8</ele></trkpt>
<trkpt lat="27.379263" lon="-80.386245"><ele>7.8</ele></trkpt>
<trkpt lat="27.379927" lon="-80.386572"><ele>11.6</ele></trkpt>
<trkpt lat="27.383213" lon="-80.388155"><ele>6.3</ele></trkpt>
<trkpt lat="27.387050" lon="-80.390072"><ele>5.8</ele></trkpt>
<trkpt lat="27.395197" lon="-80.394089"><ele>6.5</ele></trkpt>
<trkpt lat="27.396081" lon="-80.394535"><ele>6.3</ele></trkpt>
<trkpt lat="27.402417" lon="-80.397614"><ele>3.6</ele></trkpt>
<trkpt lat="27.402824" lon="-80.397819"><ele>4.1</ele></trkpt>
<trkpt lat="27.404619" lon="-80.398713"><ele>5.6</ele></trkpt>
<trkpt lat="27.405554" lon="-80.399101"><ele>5.6</ele></trkpt>
<trkpt lat="27.406719" lon="-80.399556"><ele>5.4</ele></trkpt>
<trkpt lat="27.409797" lon="-80.400724"><ele>7.0</ele></trkpt>
<trkpt lat="27.410140" lon="-80.400827"><ele>8.0</ele></trkpt>
<trkpt lat="27.411295" lon="-80.401316"><ele>10.1</ele></trkpt>
<trkpt lat="27.412094" lon="-80.401672"><ele>7.5</ele></trkpt>
<trkpt lat="27.412627" lon="-80.401932"><ele>10.9</ele></trkpt>
<trkpt lat="27.413075" lon="-80.402170"><ele>11.3</ele></trkpt>
<trkpt lat="27.414048" lon="-80.402729"><ele>9.4</ele></trkpt>
<trkpt lat="27.414492" lon="-80.403009"><ele>8.5</ele></trkpt>
<trkpt lat="27.415343" lon="-80.403575"><ele>7.0</ele></trkpt>
<trkpt lat="27.415715" lon="-80.403846"><ele>6.5</ele></trkpt>
<trkpt lat="27.416464" lon="-80.404421"><ele>5.6</ele></trkpt>
<trkpt lat="27.422254" lon="-80.409281"><ele>5.7</ele></trkpt>
<trkpt lat="27.424023" lon="-80.410730"><ele>5.7</ele></trkpt>
<trkpt lat="27.429235" lon="-80.415135"><ele>6.6</ele></trkpt>
<trkpt lat="27.432441" lon="-80.417820"><ele>7.2</ele></trkpt>
<trkpt lat="27.433588" lon="-80.418815"><ele>6.8</ele></trkpt>
<trkpt lat="27.439368" lon="-80.423673"><ele>6.8</ele></trkpt>
<trkpt lat="27.440568" lon="-80.424522"><ele>6.8</ele></trkpt>
<trkpt lat="27.440960" lon="-80.424757"><ele>6.7</ele></trkpt>
<trkpt lat="27.442027" lon="-80.425342"><ele>6.7</ele></trkpt>
<trkpt lat="27.442204" lon="-80.425427"><ele>6.8</ele></trkpt>
<trkpt lat="27.442393" lon="-80.425499"><ele>6.8</ele></trkpt>
<trkpt lat="27.442937" lon="-80.425756"><ele>6.8</ele></trkpt>
<trkpt lat="27.443790" lon="-80.426069"><ele>6.7</ele></trkpt>
<trkpt lat="27.444004" lon="-80.426141"><ele>6.7</ele></trkpt>
<trkpt lat="27.449032" lon="-80.427593"><ele>6.6</ele></trkpt>
<trkpt lat="27.449500" lon="-80.427750"><ele>6.7</ele></trkpt>
<trkpt lat="27.449753" lon="-80.427815"><ele>6.7</ele></trkpt>
<trkpt lat="27.450282" lon="-80.427989"><ele>6.7</ele></trkpt>
<trkpt lat="27.450633" lon="-80.428088"><ele>6.7</ele></trkpt>
<trkpt lat="27.451034" lon="-80.428187"><ele>6.8</ele></trkpt>
<trkpt lat="27.451680" lon="-80.428392"><ele>6.7</ele></trkpt>
<trkpt lat="27.452025" lon="-80.428484"><ele>6.8</ele></trkpt>
<trkpt lat="27.452821" lon="-80.428746"><ele>6.8</ele></trkpt>
<trkpt lat="27.453040" lon="-80.428796"><ele>6.8</ele></trkpt>
<trkpt lat="27.453260" lon="-80.428881"><ele>6.8</ele></trkpt>
<trkpt lat="27.453693" lon="-80.429022"><ele>6.9</ele></trkpt>
<trkpt lat="27.453899" lon="-80.429079"><ele>7.0</ele></trkpt>
<trkpt lat="27.454156" lon="-80.429192"><ele>7.0</ele></trkpt>
<trkpt lat="27.454351" lon="-80.429263"><ele>7.1</ele></trkpt>
<trkpt lat="27.455128" lon="-80.429582"><ele>7.1</ele></trkpt>
<trkpt lat="27.456012" lon="-80.429999"><ele>7.2</ele></trkpt>
<trkpt lat="27.456370" lon="-80.430198"><ele>7.3</ele></trkpt>
<trkpt lat="27.456796" lon="-80.430417"><ele>7.3</ele></trkpt>
<trkpt lat="27.457003" lon="-80.430544"><ele>7.3</ele></trkpt>
<trkpt lat="27.457329" lon="-80.430728"><ele>7.5</ele></trkpt>
<trkpt lat="27.457605" lon="-80.430913"><ele>7.5</ele></trkpt>
<trkpt lat="27.457912" lon="-80.431104"><ele>7.5</ele></trkpt>
<trkpt lat="27.458200" lon="-80.431267"><ele>7.5</ele></trkpt>
<trkpt lat="27.458659" lon="-80.431617"><ele>7.4</ele></trkpt>
<trkpt lat="27.458852" lon="-80.431727"><ele>7.4</ele></trkpt>
<trkpt lat="27.459097" lon="-80.431925"><ele>7.5</ele></trkpt>
<trkpt lat="27.459335" lon="-80.432081"><ele>7.5</ele></trkpt>
<trkpt lat="27.459805" lon="-80.432463"><ele>7.7</ele></trkpt>
<trkpt lat="27.459925" lon="-80.432583"><ele>7.7</ele></trkpt>
<trkpt lat="27.460189" lon="-80.432822"><ele>7.7</ele></trkpt>
<trkpt lat="27.460448" lon="-80.433036"><ele>7.7</ele></trkpt>
<trkpt lat="27.461078" lon="-80.433638"><ele>7.6</ele></trkpt>
<trkpt lat="27.462470" lon="-80.435040"><ele>7.5</ele></trkpt>
<trkpt lat="27.465059" lon="-80.437671"><ele>7.5</ele></trkpt>
<trkpt lat="27.469746" lon="-80.442453"><ele>11.3</ele></trkpt>
<trkpt lat="27.470718" lon="-80.443469"><ele>8.9</ele></trkpt>
<trkpt lat="27.475555" lon="-80.448448"><ele>8.5</ele></trkpt>
<trkpt lat="27.477284" lon="-80.450255"><ele>10.6</ele></trkpt>
<trkpt lat="27.477871" lon="-80.450863"><ele>8.6</ele></trkpt>
<trkpt lat="27.479902" lon="-80.452966"><ele>9.3</ele></trkpt>
<trkpt lat="27.480298" lon="-80.453428"><ele>8.8</ele></trkpt>
<trkpt lat="27.480793" lon="-80.454044"><ele>8.6</ele></trkpt>
<trkpt lat="27.481138" lon="-80.454521"><ele>8.6</ele></trkpt>
<trkpt lat="27.481548" lon="-80.455106"><ele>8.7</ele></trkpt>
<trkpt lat="27.481992" lon="-80.455844"><ele>8.8</ele></trkpt>
<trkpt lat="27.482379" lon="-80.456525"><ele>8.7</ele></trkpt>
<trkpt lat="27.482764" lon="-80.457308"><ele>8.6</ele></trkpt>
<trkpt lat="27.483127" lon="-80.458133"><ele>8.7</ele></trkpt>
<trkpt lat="27.483500" lon="-80.459099"><ele>8.7</ele></trkpt>
<trkpt lat="27.483780" lon="-80.459992"><ele>8.6</ele></trkpt>
<trkpt lat="27.484020" lon="-80.460883"><ele>8.6</ele></trkpt>
<trkpt lat="27.484200" lon="-80.461662"><ele>8.7</ele></trkpt>
<trkpt lat="27.484354" lon="-80.462516"><ele>8.8</ele></trkpt>
<trkpt lat="27.484458" lon="-80.463365"><ele>8.8</ele></trkpt>
<trkpt lat="27.484520" lon="-80.464058"><ele>8.7</ele></trkpt>
<trkpt lat="27.484564" lon="-80.465219"><ele>8.6</ele></trkpt>
<trkpt lat="27.484783" lon="-80.486833"><ele>8.7</ele></trkpt>
<trkpt lat="27.485168" lon="-80.535103"><ele>7.6</ele></trkpt>
<trkpt lat="27.485307" lon="-80.559812"><ele>8.9</ele></trkpt>
<trkpt lat="27.485402" lon="-80.560987"><ele>8.7</ele></trkpt>
<trkpt lat="27.485565" lon="-80.562141"><ele>8.6</ele></trkpt>
<trkpt lat="27.485922" lon="-80.563826"><ele>8.6</ele></trkpt>
<trkpt lat="27.486304" lon="-80.565065"><ele>8.7</ele></trkpt>
<trkpt lat="27.486724" lon="-80.566233"><ele>8.7</ele></trkpt>
<trkpt lat="27.487339" lon="-80.567493"><ele>8.6</ele></trkpt>
<trkpt lat="27.488173" lon="-80.568987"><ele>8.6</ele></trkpt>
<trkpt lat="27.489282" lon="-80.570551"><ele>8.9</ele></trkpt>
<trkpt lat="27.490179" lon="-80.571578"><ele>8.9</ele></trkpt>
<trkpt lat="27.490956" lon="-80.572349"><ele>8.8</ele></trkpt>
<trkpt lat="27.496103" lon="-80.576729"><ele>8.6</ele></trkpt>
<trkpt lat="27.527711" lon="-80.603161"><ele>7.0</ele></trkpt>
<trkpt lat="27.528816" lon="-80.604125"><ele>7.0</ele></trkpt>
<trkpt lat="27.529853" lon="-80.605110"><ele>7.0</ele></trkpt>
<trkpt lat="27.531019" lon="-80.606342"><ele>7.0</ele></trkpt>
<trkpt lat="27.532912" lon="-80.608586"><ele>7.0</ele></trkpt>
<trkpt lat="27.544410" lon="-80.624768"><ele>7.8</ele></trkpt>
<trkpt lat="27.551062" lon="-80.634148"><ele>8.1</ele></trkpt>
<trkpt lat="27.556572" lon="-80.641963"><ele>7.0</ele></trkpt>
<trkpt lat="27.557337" lon="-80.643259"><ele>7.0</ele></trkpt>
<trkpt lat="27.558046" lon="-80.644830"><ele>7.0</ele></trkpt>
<trkpt lat="27.558375" lon="-80.645722"><ele>7.0</ele></trkpt>
<trkpt lat="27.558725" lon="-80.646836"><ele>7.0</ele></trkpt>
<trkpt lat="27.558868" lon="-80.647364"><ele>7.0</ele></trkpt>
<trkpt lat="27.559075" lon="-80.648252"><ele>7.0</ele></trkpt>
<trkpt lat="27.559272" lon="-80.649430"><ele>7.0</ele></trkpt>
<trkpt lat="27.559392" lon="-80.650368"><ele>7.0</ele></trkpt>
<trkpt lat="27.559463" lon="-80.651349"><ele>7.0</ele></trkpt>
<trkpt lat="27.559477" lon="-80.660748"><ele>7.0</ele></trkpt>
<trkpt lat="27.559475" lon="-80.685337"><ele>7.0</ele></trkpt>
<trkpt lat="27.559479" lon="-80.685763"><ele>7.0</ele></trkpt>
<trkpt lat="27.559475" lon="-80.728137"><ele>8.0</ele></trkpt>
<trkpt lat="27.559474" lon="-80.728737"><ele>8.0</ele></trkpt>
<trkpt lat="27.559466" lon="-80.762810"><ele>10.0</ele></trkpt>
<trkpt lat="27.559466" lon="-80.763060"><ele>10.0</ele></trkpt>
<trkpt lat="27.559482" lon="-80.765655"><ele>10.0</ele></trkpt>
<trkpt lat="27.559589" lon="-80.767609"><ele>10.0</ele></trkpt>
<trkpt lat="27.559932" lon="-80.769905"><ele>10.5</ele></trkpt>
<trkpt lat="27.560279" lon="-80.771516"><ele>10.5</ele></trkpt>
<trkpt lat="27.560526" lon="-80.772427"><ele>10.3</ele></trkpt>
<trkpt lat="27.561723" lon="-80.776207"><ele>12.0</ele></trkpt>
<trkpt lat="27.565835" lon="-80.788962"><ele>12.0</ele></trkpt>
<trkpt lat="27.566589" lon="-80.791275"><ele>11.6</ele></trkpt>
<trkpt lat="27.566903" lon="-80.792164"><ele>11.1</ele></trkpt>
<trkpt lat="27.567217" lon="-80.792957"><ele>11.0</ele></trkpt>
<trkpt lat="27.567775" lon="-80.794213"><ele>11.0</ele></trkpt>
<trkpt lat="27.568251" lon="-80.795174"><ele>10.6</ele></trkpt>
<trkpt lat="27.568608" lon="-80.795801"><ele>10.0</ele></trkpt>
<trkpt lat="27.569085" lon="-80.796592"><ele>10.7</ele></trkpt>
<trkpt lat="27.569405" lon="-80.797078"><ele>10.9</ele></trkpt>
<trkpt lat="27.570042" lon="-80.797980"><ele>11.0</ele></trkpt>
<trkpt lat="27.570717" lon="-80.798847"><ele>11.2</ele></trkpt>
<trkpt lat="27.571278" lon="-80.799522"><ele>11.2</ele></trkpt>
<trkpt lat="27.572323" lon="-80.800640"><ele>12.0</ele></trkpt>
<trkpt lat="27.572957" lon="-80.801212"><ele>12.0</ele></trkpt>
<trkpt lat="27.573516" lon="-80.801746"><ele>12.0</ele></trkpt>
<trkpt lat="27.574501" lon="-80.802538"><ele>12.0</ele></trkpt>
<trkpt lat="27.580579" lon="-80.807008"><ele>13.6</ele></trkpt>
<trkpt lat="27.594858" lon="-80.817618"><ele>15.0</ele></trkpt>
<trkpt lat="27.595208" lon="-80.817865"><ele>15.0</ele></trkpt>
<trkpt lat="27.595748" lon="-80.818214"><ele>15.0</ele></trkpt>
<trkpt lat="27.596138" lon="-80.818452"><ele>15.0</ele></trkpt>
<trkpt lat="27.596533" lon="-80.818671"><ele>15.2</ele></trkpt>
<trkpt lat="27.596841" lon="-80.818832"><ele>15.5</ele></trkpt>
<trkpt lat="27.597449" lon="-80.819130"><ele>16.0</ele></trkpt>
<trkpt lat="27.598995" lon="-80.819824"><ele>16.1</ele></trkpt>
<trkpt lat="27.599403" lon="-80.820022"><ele>16.3</ele></trkpt>
<trkpt lat="27.599708" lon="-80.820179"><ele>16.3</ele></trkpt>
<trkpt lat="27.600204" lon="-80.820458"><ele>16.3</ele></trkpt>
<trkpt lat="27.600499" lon="-80.820636"><ele>16.1</ele></trkpt>
<trkpt lat="27.601010" lon="-80.820969"><ele>16.0</ele></trkpt>
<trkpt lat="27.601295" lon="-80.821165"><ele>16.0</ele></trkpt>
<trkpt lat="27.601658" lon="-80.821431"><ele>16.0</ele></trkpt>
<trkpt lat="27.602017" lon="-80.821710"><ele>16.0</ele></trkpt>
<trkpt lat="27.602458" lon="-80.822075"><ele>16.0</ele></trkpt>
<trkpt lat="27.602801" lon="-80.822376"><ele>16.0</ele></trkpt>
<trkpt lat="27.603136" lon="-80.822691"><ele>16.0</ele></trkpt>
<trkpt lat="27.603530" lon="-80.823095"><ele>16.0</ele></trkpt>
<trkpt lat="27.603925" lon="-80.823517"><ele>16.0</ele></trkpt>
<trkpt lat="27.605234" lon="-80.824994"><ele>16.0</ele></trkpt>
<trkpt lat="27.605716" lon="-80.825489"><ele>16.0</ele></trkpt>
<trkpt lat="27.606049" lon="-80.825807"><ele>16.0</ele></trkpt>
<trkpt lat="27.606647" lon="-80.826338"><ele>16.0</ele></trkpt>
<trkpt lat="27.607001" lon="-80.826626"><ele>16.0</ele></trkpt>
<trkpt lat="27.607362" lon="-80.826903"><ele>16.0</ele></trkpt>
<trkpt lat="27.617256" lon="-80.834236"><ele>17.0</ele></trkpt>
<trkpt lat="27.617439" lon="-80.834374"><ele>17.0</ele></trkpt>
<trkpt lat="27.630235" lon="-80.843868"><ele>18.0</ele></trkpt>
<trkpt lat="27.638234" lon="-80.849773"><ele>18.0</ele></trkpt>
<trkpt lat="27.649707" lon="-80.858307"><ele>17.0</ele></trkpt>
<trkpt lat="27.650030" lon="-80.858547"><ele>17.6</ele></trkpt>
<trkpt lat="27.653367" lon="-80.861029"><ele>19.1</ele></trkpt>
<trkpt lat="27.654541" lon="-80.861911"><ele>19.0</ele></trkpt>
<trkpt lat="27.655136" lon="-80.862381"><ele>19.0</ele></trkpt>
<trkpt lat="27.655651" lon="-80.862814"><ele>19.0</ele></trkpt>
<trkpt lat="27.656202" lon="-80.863315"><ele>19.1</ele></trkpt>
<trkpt lat="27.656677" lon="-80.863766"><ele>19.0</ele></trkpt>
<trkpt lat="27.657307" lon="-80.864424"><ele>19.0</ele></trkpt>
<trkpt lat="27.657926" lon="-80.865127"><ele>19.0</ele></trkpt>
<trkpt lat="27.669041" lon="-80.878110"><ele>17.8</ele></trkpt>
<trkpt lat="27.669249" lon="-80.878354"><ele>17.3</ele></trkpt>
<trkpt lat="27.678951" lon="-80.889708"><ele>19.6</ele></trkpt>
<trkpt lat="27.679437" lon="-80.890231"><ele>19.5</ele></trkpt>
<trkpt lat="27.679901" lon="-80.890695"><ele>19.4</ele></trkpt>
<trkpt lat="27.680380" lon="-80.891132"><ele>19.2</ele></trkpt>
<trkpt lat="27.680935" lon="-80.891605"><ele>19.1</ele></trkpt>
<trkpt lat="27.681489" lon="-80.892042"><ele>19.1</ele></trkpt>
<trkpt lat="27.682098" lon="-80.892463"><ele>19.0</ele></trkpt>
<trkpt lat="27.682751" lon="-80.892866"><ele>19.1</ele></trkpt>
<trkpt lat="27.683382" lon="-80.893227"><ele>18.9</ele></trkpt>
<trkpt lat="27.684043" lon="-80.893553"><ele>18.7</ele></trkpt>
<trkpt lat="27.684712" lon="-80.893845"><ele>18.5</ele></trkpt>
<trkpt lat="27.685411" lon="-80.894094"><ele>17.3</ele></trkpt>
<trkpt lat="27.685758" lon="-80.894211"><ele>19.0</ele></trkpt>
<trkpt lat="27.686445" lon="-80.894428"><ele>19.4</ele></trkpt>
<trkpt lat="27.687144" lon="-80.894591"><ele>19.1</ele></trkpt>
<trkpt lat="27.687897" lon="-80.894729"><ele>18.9</ele></trkpt>
<trkpt lat="27.688543" lon="-80.894815"><ele>18.9</ele></trkpt>
<trkpt lat="27.689211" lon="-80.894858"><ele>18.9</ele></trkpt>
<trkpt lat="27.689880" lon="-80.894883"><ele>18.8</ele></trkpt>
<trkpt lat="27.700484" lon="-80.895013"><ele>19.7</ele></trkpt>
<trkpt lat="27.703147" lon="-80.895057"><ele>18.4</ele></trkpt>
<trkpt lat="27.705691" lon="-80.895086"><ele>17.8</ele></trkpt>
<trkpt lat="27.706333" lon="-80.895109"><ele>17.9</ele></trkpt>
<trkpt lat="27.706921" lon="-80.895148"><ele>17.9</ele></trkpt>
<trkpt lat="27.707491" lon="-80.895233"><ele>17.9</ele></trkpt>
<trkpt lat="27.708083" lon="-80.895345"><ele>17.8</ele></trkpt>
<trkpt lat="27.708699" lon="-80.895491"><ele>17.9</ele></trkpt>
<trkpt lat="27.709314" lon="-80.895663"><ele>18.0</ele></trkpt>
<trkpt lat="27.709938" lon="-80.895869"><ele>17.9</ele></trkpt>
<trkpt lat="27.710561" lon="-80.896109"><ele>17.8</ele></trkpt>
<trkpt lat="27.711176" lon="-80.896375"><ele>17.7</ele></trkpt>
<trkpt lat="27.712311" lon="-80.896961"><ele>17.5</ele></trkpt>
<trkpt lat="27.713276" lon="-80.897562"><ele>18.0</ele></trkpt>
<trkpt lat="27.713770" lon="-80.897914"><ele>18.0</ele></trkpt>
<trkpt lat="27.714249" lon="-80.898291"><ele>18.0</ele></trkpt>
<trkpt lat="27.714689" lon="-80.898660"><ele>18.0</ele></trkpt>
<trkpt lat="27.715069" lon="-80.898995"><ele>18.0</ele></trkpt>
<trkpt lat="27.715495" lon="-80.899390"><ele>17.9</ele></trkpt>
<trkpt lat="27.716285" lon="-80.900205"><ele>17.9</ele></trkpt>
<trkpt lat="27.725030" lon="-80.909861"><ele>19.5</ele></trkpt>
<trkpt lat="27.737242" lon="-80.923322"><ele>20.5</ele></trkpt>
<trkpt lat="27.743164" lon="-80.929911"><ele>20.0</ele></trkpt>
<trkpt lat="27.749537" lon="-80.936895"><ele>20.2</ele></trkpt>
<trkpt lat="27.760752" lon="-80.949280"><ele>19.3</ele></trkpt>
<trkpt lat="27.761017" lon="-80.949569"><ele>18.9</ele></trkpt>
<trkpt lat="27.797989" lon="-80.990413"><ele>21.9</ele></trkpt>
<trkpt lat="27.800904" lon="-80.993598"><ele>21.6</ele></trkpt>
<trkpt lat="27.801466" lon="-80.994173"><ele>21.7</ele></trkpt>
<trkpt lat="27.801952" lon="-80.994653"><ele>21.8</ele></trkpt>
<trkpt lat="27.802445" lon="-80.995125"><ele>21.8</ele></trkpt>
<trkpt lat="27.802909" lon="-80.995546"><ele>21.7</ele></trkpt>
<trkpt lat="27.803364" lon="-80.995941"><ele>21.6</ele></trkpt>
<trkpt lat="27.803835" lon="-80.996336"><ele>21.6</ele></trkpt>
<trkpt lat="27.804875" lon="-80.997160"><ele>21.6</ele></trkpt>
<trkpt lat="27.805885" lon="-80.997881"><ele>21.7</ele></trkpt>
<trkpt lat="27.806486" lon="-80.998285"><ele>21.8</ele></trkpt>
<trkpt lat="27.807132" lon="-80.998689"><ele>21.9</ele></trkpt>
<trkpt lat="27.807754" lon="-80.999058"><ele>22.0</ele></trkpt>
<trkpt lat="27.808431" lon="-80.999495"><ele>22.1</ele></trkpt>
<trkpt lat="27.809138" lon="-80.999874"><ele>22.0</ele></trkpt>
<trkpt lat="27.811269" lon="-81.000843"><ele>21.4</ele></trkpt>
<trkpt lat="27.811990" lon="-81.001126"><ele>21.3</ele></trkpt>
<trkpt lat="27.812810" lon="-81.001427"><ele>21.4</ele></trkpt>
<trkpt lat="27.813698" lon="-81.001727"><ele>21.3</ele></trkpt>
<trkpt lat="27.814518" lon="-81.001985"><ele>21.4</ele></trkpt>
<trkpt lat="27.815285" lon="-81.002208"><ele>21.4</ele></trkpt>
<trkpt lat="27.816082" lon="-81.002405"><ele>21.5</ele></trkpt>
<trkpt lat="27.817008" lon="-81.002594"><ele>21.4</ele></trkpt>
<trkpt lat="27.817942" lon="-81.002757"><ele>21.8</ele></trkpt>
<trkpt lat="27.822395" lon="-81.003456"><ele>22.0</ele></trkpt>
<trkpt lat="27.850116" lon="-81.007575"><ele>20.3</ele></trkpt>
<trkpt lat="27.850372" lon="-81.007614"><ele>21.0</ele></trkpt>
<trkpt lat="27.855018" lon="-81.008285"><ele>21.0</ele></trkpt>
<trkpt lat="27.855823" lon="-81.008430"><ele>21.0</ele></trkpt>
<trkpt lat="27.856529" lon="-81.008594"><ele>20.9</ele></trkpt>
<trkpt lat="27.857219" lon="-81.008782"><ele>20.6</ele></trkpt>
<trkpt lat="27.857985" lon="-81.009023"><ele>20.3</ele></trkpt>
<trkpt lat="27.858759" lon="-81.009315"><ele>20.4</ele></trkpt>
<trkpt lat="27.859518" lon="-81.009624"><ele>20.5</ele></trkpt>
<trkpt lat="27.860330" lon="-81.010001"><ele>20.6</ele></trkpt>
<trkpt lat="27.861119" lon="-81.010413"><ele>20.6</ele></trkpt>
<trkpt lat="27.861855" lon="-81.010842"><ele>20.5</ele></trkpt>
<trkpt lat="27.862455" lon="-81.011211"><ele>20.5</ele></trkpt>
<trkpt lat="27.862994" lon="-81.011572"><ele>20.7</ele></trkpt>
<trkpt lat="27.863540" lon="-81.011958"><ele>20.9</ele></trkpt>
<trkpt lat="27.864139" lon="-81.012422"><ele>20.7</ele></trkpt>
<trkpt lat="27.864769" lon="-81.012954"><ele>20.8</ele></trkpt>
<trkpt lat="27.865361" lon="-81.013477"><ele>20.9</ele></trkpt>
<trkpt lat="27.888122" lon="-81.034154"><ele>21.2</ele></trkpt>
<trkpt lat="27.888881" lon="-81.034789"><ele>21.2</ele></trkpt>
<trkpt lat="27.889738" lon="-81.035459"><ele>21.6</ele></trkpt>
<trkpt lat="27.930187" lon="-81.065568"><ele>21.6</ele></trkpt>
<trkpt lat="27.931765" lon="-81.066881"><ele>21.8</ele></trkpt>
<trkpt lat="27.932546" lon="-81.067602"><ele>21.7</ele></trkpt>
<trkpt lat="27.933274" lon="-81.068323"><ele>21.9</ele></trkpt>
<trkpt lat="27.934009" lon="-81.069087"><ele>22.0</ele></trkpt>
<trkpt lat="27.934844" lon="-81.070014"><ele>22.0</ele></trkpt>
<trkpt lat="27.947324" lon="-81.084202"><ele>22.9</ele></trkpt>
<trkpt lat="27.959138" lon="-81.097668"><ele>23.5</ele></trkpt>
<trkpt lat="27.959842" lon="-81.098372"><ele>23.2</ele></trkpt>
<trkpt lat="27.960501" lon="-81.098973"><ele>23.0</ele></trkpt>
<trkpt lat="27.965717" lon="-81.103316"><ele>23.4</ele></trkpt>
<trkpt lat="27.966460" lon="-81.104003"><ele>23.8</ele></trkpt>
<trkpt lat="27.967066" lon="-81.104629"><ele>23.2</ele></trkpt>
<trkpt lat="27.967673" lon="-81.105342"><ele>23.6</ele></trkpt>
<trkpt lat="27.968272" lon="-81.106097"><ele>23.7</ele></trkpt>
<trkpt lat="27.969856" lon="-81.108054"><ele>23.4</ele></trkpt>
<trkpt lat="27.970470" lon="-81.108758"><ele>23.8</ele></trkpt>
<trkpt lat="27.973049" lon="-81.111274"><ele>23.9</ele></trkpt>
<trkpt lat="27.973154" lon="-81.111375"><ele>24.0</ele></trkpt>
<trkpt lat="27.980764" lon="-81.118809"><ele>26.5</ele></trkpt>
<trkpt lat="27.999412" lon="-81.136940"><ele>24.4</ele></trkpt>
<trkpt lat="28.000303" lon="-81.137872"><ele>24.3</ele></trkpt>
<trkpt lat="28.000778" lon="-81.138508"><ele>24.5</ele></trkpt>
<trkpt lat="28.001389" lon="-81.139353"><ele>24.3</ele></trkpt>
<trkpt lat="28.001977" lon="-81.140293"><ele>24.2</ele></trkpt>
<trkpt lat="28.002343" lon="-81.140938"><ele>24.2</ele></trkpt>
<trkpt lat="28.002704" lon="-81.141653"><ele>24.1</ele></trkpt>
<trkpt lat="28.003101" lon="-81.142548"><ele>24.0</ele></trkpt>
<trkpt lat="28.003470" lon="-81.143512"><ele>24.1</ele></trkpt>
<trkpt lat="28.006445" lon="-81.152671"><ele>23.6</ele></trkpt>
<trkpt lat="28.008485" lon="-81.158963"><ele>24.3</ele></trkpt>
<trkpt lat="28.008586" lon="-81.159269"><ele>24.2</ele></trkpt>
<trkpt lat="28.009402" lon="-81.161893"><ele>24.0</ele></trkpt>
<trkpt lat="28.010705" lon="-81.165876"><ele>23.8</ele></trkpt>
<trkpt lat="28.011031" lon="-81.166734"><ele>23.8</ele></trkpt>
<trkpt lat="28.011349" lon="-81.167481"><ele>23.8</ele></trkpt>
<trkpt lat="28.011698" lon="-81.168176"><ele>23.7</ele></trkpt>
<trkpt lat="28.012100" lon="-81.168914"><ele>23.6</ele></trkpt>
<trkpt lat="28.012524" lon="-81.169618"><ele>23.5</ele></trkpt>
<trkpt lat="28.012963" lon="-81.170279"><ele>23.7</ele></trkpt>
<trkpt lat="28.013403" lon="-81.170880"><ele>23.7</ele></trkpt>
<trkpt lat="28.031696" lon="-81.194575"><ele>22.6</ele></trkpt>
<trkpt lat="28.031814" lon="-81.194725"><ele>22.7</ele></trkpt>
<trkpt lat="28.041854" lon="-81.207750"><ele>24.4</ele></trkpt>
<trkpt lat="28.041902" lon="-81.207804"><ele>24.1</ele></trkpt>
<trkpt lat="28.049756" lon="-81.217948"><ele>21.8</ele></trkpt>
<trkpt lat="28.049834" lon="-81.218050"><ele>21.8</ele></trkpt>
<trkpt lat="28.050420" lon="-81.218747"><ele>21.9</ele></trkpt>
<trkpt lat="28.050859" lon="-81.219194"><ele>22.0</ele></trkpt>
<trkpt lat="28.051374" lon="-81.219674"><ele>21.8</ele></trkpt>
<trkpt lat="28.053616" lon="-81.221657"><ele>21.6</ele></trkpt>
<trkpt lat="28.054116" lon="-81.222129"><ele>21.4</ele></trkpt>
<trkpt lat="28.054616" lon="-81.222636"><ele>21.3</ele></trkpt>
<trkpt lat="28.055116" lon="-81.223202"><ele>21.2</ele></trkpt>
<trkpt lat="28.055571" lon="-81.223760"><ele>21.1</ele></trkpt>
<trkpt lat="28.055965" lon="-81.224292"><ele>21.0</ele></trkpt>
<trkpt lat="28.056389" lon="-81.224910"><ele>21.0</ele></trkpt>
<trkpt lat="28.056760" lon="-81.225494"><ele>21.0</ele></trkpt>
<trkpt lat="28.057070" lon="-81.226026"><ele>20.9</ele></trkpt>
<trkpt lat="28.057419" lon="-81.226678"><ele>20.9</ele></trkpt>
<trkpt lat="28.058638" lon="-81.229064"><ele>20.8</ele></trkpt>
<trkpt lat="28.058941" lon="-81.229622"><ele>20.8</ele></trkpt>
<trkpt lat="28.059267" lon="-81.230180"><ele>20.6</ele></trkpt>
<trkpt lat="28.059661" lon="-81.230789"><ele>20.3</ele></trkpt>
<trkpt lat="28.060040" lon="-81.231339"><ele>20.0</ele></trkpt>
<trkpt lat="28.069830" lon="-81.244022"><ele>22.1</ele></trkpt>
<trkpt lat="28.069880" lon="-81.244076"><ele>21.9</ele></trkpt>
<trkpt lat="28.076959" lon="-81.253260"><ele>19.0</ele></trkpt>
<trkpt lat="28.081209" lon="-81.258788"><ele>18.9</ele></trkpt>
<trkpt lat="28.081591" lon="-81.259289"><ele>19.6</ele></trkpt>
<trkpt lat="28.087271" lon="-81.266636"><ele>19.1</ele></trkpt>
<trkpt lat="28.087718" lon="-81.267194"><ele>18.9</ele></trkpt>
<trkpt lat="28.088164" lon="-81.267692"><ele>18.9</ele></trkpt>
<trkpt lat="28.088611" lon="-81.268164"><ele>18.9</ele></trkpt>
<trkpt lat="28.089066" lon="-81.268610"><ele>18.9</ele></trkpt>
<trkpt lat="28.089497" lon="-81.268996"><ele>18.9</ele></trkpt>
<trkpt lat="28.091022" lon="-81.270180"><ele>18.8</ele></trkpt>
<trkpt lat="28.100061" lon="-81.277010"><ele>19.9</ele></trkpt>
<trkpt lat="28.100658" lon="-81.277442"><ele>20.0</ele></trkpt>
<trkpt lat="28.101173" lon="-81.277768"><ele>20.0</ele></trkpt>
<trkpt lat="28.101756" lon="-81.278111"><ele>20.0</ele></trkpt>
<trkpt lat="28.102301" lon="-81.278403"><ele>20.3</ele></trkpt>
<trkpt lat="28.102854" lon="-81.278669"><ele>20.6</ele></trkpt>
<trkpt lat="28.103414" lon="-81.278910"><ele>20.5</ele></trkpt>
<trkpt lat="28.103959" lon="-81.279124"><ele>20.4</ele></trkpt>
<trkpt lat="28.127852" lon="-81.288195"><ele>21.0</ele></trkpt>
<trkpt lat="28.141439" lon="-81.293334"><ele>20.8</ele></trkpt>
<trkpt lat="28.157407" lon="-81.299394"><ele>20.4</ele></trkpt>
<trkpt lat="28.157997" lon="-81.299591"><ele>20.3</ele></trkpt>
<trkpt lat="28.158618" lon="-81.299772"><ele>20.3</ele></trkpt>
<trkpt lat="28.159102" lon="-81.299892"><ele>20.4</ele></trkpt>
<trkpt lat="28.159541" lon="-81.299978"><ele>20.3</ele></trkpt>
<trkpt lat="28.167170" lon="-81.301144"><ele>19.1</ele></trkpt>
<trkpt lat="28.167385" lon="-81.301176"><ele>19.3</ele></trkpt>
<trkpt lat="28.171077" lon="-81.301727"><ele>19.9</ele></trkpt>
<trkpt lat="28.175783" lon="-81.302414"><ele>20.0</ele></trkpt>
<trkpt lat="28.177190" lon="-81.302577"><ele>20.0</ele></trkpt>
<trkpt lat="28.181740" lon="-81.303185"><ele>20.8</ele></trkpt>
<trkpt lat="28.185073" lon="-81.303701"><ele>19.8</ele></trkpt>
<trkpt lat="28.189877" lon="-81.304534"><ele>19.7</ele></trkpt>
<trkpt lat="28.190893" lon="-81.304703"><ele>19.1</ele></trkpt>
<trkpt lat="28.191103" lon="-81.304737"><ele>18.9</ele></trkpt>
<trkpt lat="28.205590" lon="-81.306915"><ele>20.0</ele></trkpt>
<trkpt lat="28.205825" lon="-81.306951"><ele>20.7</ele></trkpt>
<trkpt lat="28.207926" lon="-81.307263"><ele>20.8</ele></trkpt>
<trkpt lat="28.208493" lon="-81.307375"><ele>20.8</ele></trkpt>
<trkpt lat="28.209181" lon="-81.307546"><ele>20.6</ele></trkpt>
<trkpt lat="28.209839" lon="-81.307744"><ele>20.6</ele></trkpt>
<trkpt lat="28.210513" lon="-81.307976"><ele>20.8</ele></trkpt>
<trkpt lat="28.211193" lon="-81.308250"><ele>20.9</ele></trkpt>
<trkpt lat="28.211866" lon="-81.308559"><ele>20.9</ele></trkpt>
<trkpt lat="28.212471" lon="-81.308885"><ele>21.2</ele></trkpt>
<trkpt lat="28.213084" lon="-81.309237"><ele>21.3</ele></trkpt>
<trkpt lat="28.213659" lon="-81.309606"><ele>21.3</ele></trkpt>
<trkpt lat="28.214234" lon="-81.310010"><ele>21.5</ele></trkpt>
<trkpt lat="28.214801" lon="-81.310456"><ele>21.6</ele></trkpt>
<trkpt lat="28.215330" lon="-81.310911"><ele>21.7</ele></trkpt>
<trkpt lat="28.215860" lon="-81.311409"><ele>21.8</ele></trkpt>
<trkpt lat="28.216367" lon="-81.311915"><ele>21.8</ele></trkpt>
<trkpt lat="28.222636" lon="-81.318498"><ele>22.4</ele></trkpt>
<trkpt lat="28.223040" lon="-81.318910"><ele>22.1</ele></trkpt>
<trkpt lat="28.223458" lon="-81.319305"><ele>21.9</ele></trkpt>
<trkpt lat="28.223879" lon="-81.319674"><ele>21.7</ele></trkpt>
<trkpt lat="28.224769" lon="-81.320370"><ele>21.7</ele></trkpt>
<trkpt lat="28.225136" lon="-81.320629"><ele>21.9</ele></trkpt>
<trkpt lat="28.225749" lon="-81.321027"><ele>21.7</ele></trkpt>
<trkpt lat="28.226245" lon="-81.321320"><ele>21.7</ele></trkpt>
<trkpt lat="28.226747" lon="-81.321592"><ele>21.6</ele></trkpt>
<trkpt lat="28.227263" lon="-81.321855"><ele>21.4</ele></trkpt>
<trkpt lat="28.227800" lon="-81.322092"><ele>21.7</ele></trkpt>
<trkpt lat="28.228391" lon="-81.322321"><ele>21.7</ele></trkpt>
<trkpt lat="28.228900" lon="-81.322489"><ele>21.4</ele></trkpt>
<trkpt lat="28.232217" lon="-81.323553"><ele>19.8</ele></trkpt>
<trkpt lat="28.237771" lon="-81.325276"><ele>18.9</ele></trkpt>
<trkpt lat="28.242809" lon="-81.327008"><ele>18.5</ele></trkpt>
<trkpt lat="28.244918" lon="-81.327753"><ele>18.9</ele></trkpt>
<trkpt lat="28.247054" lon="-81.328464"><ele>18.9</ele></trkpt>
<trkpt lat="28.251412" lon="-81.329818"><ele>18.4</ele></trkpt>
<trkpt lat="28.252095" lon="-81.330030"><ele>18.7</ele></trkpt>
<trkpt lat="28.253884" lon="-81.330521"><ele>18.9</ele></trkpt>
<trkpt lat="28.256736" lon="-81.331287"><ele>19.0</ele></trkpt>
<trkpt lat="28.257527" lon="-81.331510"><ele>19.1</ele></trkpt>
<trkpt lat="28.258401" lon="-81.331723"><ele>19.2</ele></trkpt>
<trkpt lat="28.264787" lon="-81.333075"><ele>23.9</ele></trkpt>
<trkpt lat="28.265632" lon="-81.333255"><ele>21.2</ele></trkpt>
<trkpt lat="28.273338" lon="-81.334876"><ele>19.6</ele></trkpt>
<trkpt lat="28.274120" lon="-81.335050"><ele>19.5</ele></trkpt>
<trkpt lat="28.274877" lon="-81.335244"><ele>19.5</ele></trkpt>
<trkpt lat="28.275554" lon="-81.335441"><ele>19.7</ele></trkpt>
<trkpt lat="28.276316" lon="-81.335693"><ele>19.8</ele></trkpt>
<trkpt lat="28.277009" lon="-81.335952"><ele>19.9</ele></trkpt>
<trkpt lat="28.277762" lon="-81.336263"><ele>20.1</ele></trkpt>
<trkpt lat="28.278432" lon="-81.336566"><ele>20.3</ele></trkpt>
<trkpt lat="28.279162" lon="-81.336929"><ele>20.5</ele></trkpt>
<trkpt lat="28.279787" lon="-81.337258"><ele>20.2</ele></trkpt>
<trkpt lat="28.280466" lon="-81.337656"><ele>20.0</ele></trkpt>
<trkpt lat="28.281059" lon="-81.338036"><ele>19.9</ele></trkpt>
<trkpt lat="28.281683" lon="-81.338451"><ele>19.8</ele></trkpt>
<trkpt lat="28.282323" lon="-81.338909"><ele>19.9</ele></trkpt>
<trkpt lat="28.282940" lon="-81.339385"><ele>19.9</ele></trkpt>
<trkpt lat="28.283526" lon="-81.339869"><ele>19.9</ele></trkpt>
<trkpt lat="28.284049" lon="-81.340325"><ele>19.9</ele></trkpt>
<trkpt lat="28.284591" lon="-81.340818"><ele>19.8</ele></trkpt>
<trkpt lat="28.285241" lon="-81.341462"><ele>19.8</ele></trkpt>
<trkpt lat="28.285815" lon="-81.342071"><ele>19.9</ele></trkpt>
<trkpt lat="28.286420" lon="-81.342766"><ele>19.9</ele></trkpt>
<trkpt lat="28.287455" lon="-81.344071"><ele>19.8</ele></trkpt>
<trkpt lat="28.287871" lon="-81.344655"><ele>19.9</ele></trkpt>
<trkpt lat="28.291884" lon="-81.350714"><ele>20.0</ele></trkpt>
<trkpt lat="28.292315" lon="-81.351306"><ele>20.1</ele></trkpt>
<trkpt lat="28.292746" lon="-81.351847"><ele>20.1</ele></trkpt>
<trkpt lat="28.293162" lon="-81.352336"><ele>20.0</ele></trkpt>
<trkpt lat="28.293638" lon="-81.352851"><ele>19.8</ele></trkpt>
<trkpt lat="28.294114" lon="-81.353323"><ele>19.7</ele></trkpt>
<trkpt lat="28.294620" lon="-81.353787"><ele>19.6</ele></trkpt>
<trkpt lat="28.295149" lon="-81.354233"><ele>19.6</ele></trkpt>
<trkpt lat="28.299412" lon="-81.357701"><ele>21.4</ele></trkpt>
<trkpt lat="28.301260" lon="-81.359229"><ele>22.2</ele></trkpt>
<trkpt lat="28.301393" lon="-81.359348"><ele>21.5</ele></trkpt>
<trkpt lat="28.309032" lon="-81.366241"><ele>23.4</ele></trkpt>
<trkpt lat="28.309538" lon="-81.366670"><ele>23.5</ele></trkpt>
<trkpt lat="28.310067" lon="-81.367082"><ele>23.4</ele></trkpt>
<trkpt lat="28.310588" lon="-81.367468"><ele>23.3</ele></trkpt>
<trkpt lat="28.311147" lon="-81.367855"><ele>23.3</ele></trkpt>
<trkpt lat="28.311684" lon="-81.368198"><ele>23.2</ele></trkpt>
<trkpt lat="28.312334" lon="-81.368584"><ele>23.3</ele></trkpt>
<trkpt lat="28.312953" lon="-81.368927"><ele>23.3</ele></trkpt>
<trkpt lat="28.313618" lon="-81.369262"><ele>23.3</ele></trkpt>
<trkpt lat="28.314246" lon="-81.369545"><ele>23.6</ele></trkpt>
<trkpt lat="28.316187" lon="-81.370326"><ele>23.4</ele></trkpt>
<trkpt lat="28.318688" lon="-81.371311"><ele>23.6</ele></trkpt>
<trkpt lat="28.331547" lon="-81.376487"><ele>24.6</ele></trkpt>
<trkpt lat="28.336885" lon="-81.378612"><ele>24.4</ele></trkpt>
<trkpt lat="28.347893" lon="-81.383014"><ele>25.0</ele></trkpt>
<trkpt lat="28.353481" lon="-81.385235"><ele>29.5</ele></trkpt>
<trkpt lat="28.353936" lon="-81.385417"><ele>27.7</ele></trkpt>
<trkpt lat="28.358952" lon="-81.387419"><ele>26.8</ele></trkpt>
<trkpt lat="28.359279" lon="-81.387428"><ele>26.2</ele></trkpt>
<trkpt lat="28.361044" lon="-81.387987"><ele>26.1</ele></trkpt>
<trkpt lat="28.361540" lon="-81.388098"><ele>26.2</ele></trkpt>
<trkpt lat="28.363039" lon="-81.388318"><ele>26.7</ele></trkpt>
<trkpt lat="28.365129" lon="-81.388619"><ele>27.3</ele></trkpt>
<trkpt lat="28.365462" lon="-81.388693"><ele>27.7</ele></trkpt>
<trkpt lat="28.366026" lon="-81.388887"><ele>27.8</ele></trkpt>
<trkpt lat="28.366405" lon="-81.389062"><ele>27.9</ele></trkpt>
<trkpt lat="28.366967" lon="-81.389415"><ele>28.0</ele></trkpt>
<trkpt lat="28.367558" lon="-81.389922"><ele>28.1</ele></trkpt>
<trkpt lat="28.367973" lon="-81.390392"><ele>28.2</ele></trkpt>
<trkpt lat="28.368303" lon="-81.390843"><ele>28.3</ele></trkpt>
<trkpt lat="28.368533" lon="-81.391259"><ele>28.4</ele></trkpt>
<trkpt lat="28.368716" lon="-81.391697"><ele>28.5</ele></trkpt>
<trkpt lat="28.368862" lon="-81.392071"><ele>28.6</ele></trkpt>
<trkpt lat="28.369103" lon="-81.392986"><ele>30.1</ele></trkpt>
<trkpt lat="28.369335" lon="-81.394366"><ele>28.5</ele></trkpt>
<trkpt lat="28.369516" lon="-81.395313"><ele>28.9</ele></trkpt>
<trkpt lat="28.369802" lon="-81.396530"><ele>30.2</ele></trkpt>
<trkpt lat="28.370111" lon="-81.397642"><ele>32.4</ele></trkpt>
<trkpt lat="28.370900" lon="-81.399664"><ele>28.6</ele></trkpt>
<trkpt lat="28.371116" lon="-81.400221"><ele>31.8</ele></trkpt>
<trkpt lat="28.372638" lon="-81.404154"><ele>29.2</ele></trkpt>
<trkpt lat="28.372880" lon="-81.404781"><ele>32.4</ele></trkpt>
<trkpt lat="28.374312" lon="-81.408498"><ele>28.9</ele></trkpt>
<trkpt lat="28.374440" lon="-81.408847"><ele>28.9</ele></trkpt>
<trkpt lat="28.374677" lon="-81.409547"><ele>29.2</ele></trkpt>
<trkpt lat="28.374788" lon="-81.409904"><ele>29.5</ele></trkpt>
<trkpt lat="28.374988" lon="-81.410620"><ele>29.8</ele></trkpt>
<trkpt lat="28.375078" lon="-81.410971"><ele>29.8</ele></trkpt>
<trkpt lat="28.375235" lon="-81.411687"><ele>29.9</ele></trkpt>
<trkpt lat="28.375369" lon="-81.412424"><ele>29.9</ele></trkpt>
<trkpt lat="28.375476" lon="-81.413152"><ele>30.2</ele></trkpt>
<trkpt lat="28.375552" lon="-81.413891"><ele>30.0</ele></trkpt>
<trkpt lat="28.375582" lon="-81.414268"><ele>29.9</ele></trkpt>
<trkpt lat="28.375620" lon="-81.415014"><ele>29.6</ele></trkpt>
<trkpt lat="28.375628" lon="-81.415391"><ele>29.7</ele></trkpt>
<trkpt lat="28.375625" lon="-81.416139"><ele>29.7</ele></trkpt>
<trkpt lat="28.375593" lon="-81.416880"><ele>29.6</ele></trkpt>
<trkpt lat="28.375552" lon="-81.418052"><ele>29.6</ele></trkpt>
<trkpt lat="28.375469" lon="-81.419068"><ele>29.5</ele></trkpt>
<trkpt lat="28.375288" lon="-81.420418"><ele>30.7</ele></trkpt>
<trkpt lat="28.375068" lon="-81.421285"><ele>31.7</ele></trkpt>
<trkpt lat="28.374835" lon="-81.422134"><ele>32.0</ele></trkpt>
<trkpt lat="28.374434" lon="-81.423645"><ele>30.9</ele></trkpt>
<trkpt lat="28.374155" lon="-81.424503"><ele>29.2</ele></trkpt>
<trkpt lat="28.373959" lon="-81.425313"><ele>27.3</ele></trkpt>
<trkpt lat="28.373949" lon="-81.425402"><ele>27.1</ele></trkpt>
<trkpt lat="28.373985" lon="-81.425522"><ele>27.0</ele></trkpt>
<trkpt lat="28.374090" lon="-81.425635"><ele>27.0</ele></trkpt>
<trkpt lat="28.374157" lon="-81.425677"><ele>27.0</ele></trkpt>
<trkpt lat="28.376159" lon="-81.425686"><ele>27.7</ele></trkpt>
<trkpt lat="28.379019" lon="-81.425685"><ele>27.0</ele></trkpt>
<trkpt lat="28.379609" lon="-81.425623"><ele>27.0</ele></trkpt>
<trkpt lat="28.381323" lon="-81.425345"><ele>27.0</ele></trkpt>
<trkpt lat="28.383316" lon="-81.425009"><ele>26.9</ele></trkpt>
<trkpt lat="28.383652" lon="-81.424964"><ele>26.9</ele></trkpt>
<trkpt lat="28.384305" lon="-81.424914"><ele>27.0</ele></trkpt>
<trkpt lat="28.385258" lon="-81.424909"><ele>27.0</ele></trkpt>
<trkpt lat="28.391846" lon="-81.424946"><ele>27.0</ele></trkpt>
<trkpt lat="28.391959" lon="-81.424946"><ele>27.2</ele></trkpt>
<trkpt lat="28.401566" lon="-81.425000"><ele>27.0</ele></trkpt>
<trkpt lat="28.406752" lon="-81.425036"><ele>26.0</ele></trkpt>
<trkpt lat="28.407311" lon="-81.425010"><ele>26.0</ele></trkpt>
<trkpt lat="28.407862" lon="-81.424943"><ele>26.0</ele></trkpt>
<trkpt lat="28.408377" lon="-81.424843"><ele>26.4</ele></trkpt>
<trkpt lat="28.408768" lon="-81.424752"><ele>26.5</ele></trkpt>
<trkpt lat="28.409065" lon="-81.424661"><ele>26.3</ele></trkpt>
<trkpt lat="28.409412" lon="-81.424542"><ele>26.9</ele></trkpt>
<trkpt lat="28.409654" lon="-81.424450"><ele>26.8</ele></trkpt>
<trkpt lat="28.410230" lon="-81.424196"><ele>26.9</ele></trkpt>
<trkpt lat="28.411617" lon="-81.423567"><ele>27.0</ele></trkpt>
<trkpt lat="28.412294" lon="-81.423268"><ele>27.0</ele></trkpt>
<trkpt lat="28.412756" lon="-81.423098"><ele>27.0</ele></trkpt>
<trkpt lat="28.413225" lon="-81.422960"><ele>25.9</ele></trkpt>
<trkpt lat="28.413558" lon="-81.422875"><ele>25.5</ele></trkpt>
<trkpt lat="28.413892" lon="-81.422810"><ele>26.7</ele></trkpt>
<trkpt lat="28.414373" lon="-81.422737"><ele>26.7</ele></trkpt>
<trkpt lat="28.414642" lon="-81.422710"><ele>26.6</ele></trkpt>
<trkpt lat="28.415003" lon="-81.422688"><ele>26.4</ele></trkpt>
<trkpt lat="28.415330" lon="-81.422679"><ele>26.2</ele></trkpt>
<trkpt lat="28.416332" lon="-81.422682"><ele>26.0</ele></trkpt>
<trkpt lat="28.416474" lon="-81.422684"><ele>26.0</ele></trkpt>
<trkpt lat="28.419206" lon="-81.422693"><ele>25.7</ele></trkpt>
<trkpt lat="28.420647" lon="-81.422684"><ele>26.0</ele></trkpt>
<trkpt lat="28.422240" lon="-81.422711"><ele>26.4</ele></trkpt>
<trkpt lat="28.423200" lon="-81.422719"><ele>26.0</ele></trkpt>
<trkpt lat="28.423527" lon="-81.422712"><ele>26.0</ele></trkpt>
<trkpt lat="28.424029" lon="-81.422612"><ele>26.0</ele></trkpt>
<trkpt lat="28.424194" lon="-81.422550"><ele>26.0</ele></trkpt>
<trkpt lat="28.424330" lon="-81.422475"><ele>25.9</ele></trkpt>
<trkpt lat="28.424427" lon="-81.422398"><ele>25.9</ele></trkpt>
<trkpt lat="28.424512" lon="-81.422306"><ele>25.9</ele></trkpt>
<trkpt lat="28.424583" lon="-81.422213"><ele>25.9</ele></trkpt>
<trkpt lat="28.424641" lon="-81.422098"><ele>25.9</ele></trkpt>
<trkpt lat="28.424682" lon="-81.421980"><ele>25.9</ele></trkpt>
<trkpt lat="28.424709" lon="-81.421875"><ele>25.9</ele></trkpt>
<trkpt lat="28.424722" lon="-81.421681"><ele>25.9</ele></trkpt>
<trkpt lat="28.424713" lon="-81.421542"><ele>25.9</ele></trkpt>
<trkpt lat="28.424686" lon="-81.421408"><ele>25.9</ele></trkpt>
<trkpt lat="28.424643" lon="-81.421287"><ele>26.0</ele></trkpt>
<trkpt lat="28.424575" lon="-81.421161"><ele>26.1</ele></trkpt>
<trkpt lat="28.424509" lon="-81.421066"><ele>26.3</ele></trkpt>
<trkpt lat="28.424457" lon="-81.421007"><ele>26.4</ele></trkpt>
<trkpt lat="28.424389" lon="-81.420944"><ele>26.5</ele></trkpt>
<trkpt lat="28.424295" lon="-81.420877"><ele>26.7</ele></trkpt>
<trkpt lat="28.424173" lon="-81.420821"><ele>26.9</ele></trkpt>
<trkpt lat="28.424065" lon="-81.420791"><ele>27.1</ele></trkpt>
<trkpt lat="28.423970" lon="-81.420780"><ele>27.3</ele></trkpt>
<trkpt lat="28.423866" lon="-81.420777"><ele>27.6</ele></trkpt>
<trkpt lat="28.423751" lon="-81.420795"><ele>27.9</ele></trkpt>
<trkpt lat="28.423644" lon="-81.420831"><ele>28.1</ele></trkpt>
<trkpt lat="28.423541" lon="-81.420883"><ele>28.4</ele></trkpt>
<trkpt lat="28.423442" lon="-81.420950"><ele>28.6</ele></trkpt>
<trkpt lat="28.423368" lon="-81.421017"><ele>28.8</ele></trkpt>
<trkpt lat="28.423279" lon="-81.421127"><ele>29.1</ele></trkpt>
<trkpt lat="28.423178" lon="-81.421282"><ele>29.5</ele></trkpt>
<trkpt lat="28.422799" lon="-81.421906"><ele>29.8</ele></trkpt>
<trkpt lat="28.422510" lon="-81.422422"><ele>27.9</ele></trkpt>
<trkpt lat="28.422083" lon="-81.423254"><ele>30.0</ele></trkpt>
<trkpt lat="28.421969" lon="-81.423499"><ele>30.8</ele></trkpt>
<trkpt lat="28.421875" lon="-81.423732"><ele>31.0</ele></trkpt>
<trkpt lat="28.421724" lon="-81.424178"><ele>30.6</ele></trkpt>
<trkpt lat="28.421615" lon="-81.424649"><ele>29.9</ele></trkpt>
<trkpt lat="28.421364" lon="-81.425828"><ele>28.2</ele></trkpt>
<trkpt lat="28.421348" lon="-81.426130"><ele>27.8</ele></trkpt>
<trkpt lat="28.421315" lon="-81.428710"><ele>26.2</ele></trkpt>
<trkpt lat="28.421311" lon="-81.429373"><ele>27.0</ele></trkpt>
<trkpt lat="28.421273" lon="-81.436138"><ele>26.8</ele></trkpt>
<trkpt lat="28.421221" lon="-81.440598"><ele>31.9</ele></trkpt>
<trkpt lat="28.421221" lon="-81.441957"><ele>34.0</ele></trkpt>
<trkpt lat="28.421210" lon="-81.442380"><ele>29.9</ele></trkpt>
<trkpt lat="28.421206" lon="-81.443015"><ele>32.2</ele></trkpt>
<trkpt lat="28.421183" lon="-81.448263"><ele>28.0</ele></trkpt>
<trkpt lat="28.421168" lon="-81.451610"><ele>28.0</ele></trkpt>
<trkpt lat="28.421164" lon="-81.452734"><ele>28.0</ele></trkpt>
<trkpt lat="28.421260" lon="-81.453105"><ele>28.0</ele></trkpt>
<trkpt lat="28.421308" lon="-81.454154"><ele>27.9</ele></trkpt>
<trkpt lat="28.421345" lon="-81.454684"><ele>27.9</ele></trkpt>
<trkpt lat="28.421483" lon="-81.455294"><ele>27.9</ele></trkpt>
<trkpt lat="28.421671" lon="-81.455739"><ele>27.7</ele></trkpt>
<trkpt lat="28.422556" lon="-81.457372"><ele>28.1</ele></trkpt>
<trkpt lat="28.422666" lon="-81.457657"><ele>28.2</ele></trkpt>
<trkpt lat="28.422747" lon="-81.457934"><ele>28.3</ele></trkpt>
<trkpt lat="28.422786" lon="-81.458203"><ele>28.4</ele></trkpt>
<trkpt lat="28.422802" lon="-81.458920"><ele>28.7</ele></trkpt>
<trkpt lat="28.422840" lon="-81.459589"><ele>28.6</ele></trkpt>
<trkpt lat="28.422870" lon="-81.459717"><ele>28.6</ele></trkpt>
<trkpt lat="28.422938" lon="-81.459829"><ele>28.6</ele></trkpt>
<trkpt lat="28.423076" lon="-81.459942"><ele>28.9</ele></trkpt>
<trkpt lat="28.423362" lon="-81.460052"><ele>29.0</ele></trkpt>
<trkpt lat="28.423718" lon="-81.460222"><ele>29.0</ele></trkpt>
<trkpt lat="28.423915" lon="-81.460349"><ele>29.0</ele></trkpt>
<trkpt lat="28.424468" lon="-81.460780"><ele>29.0</ele></trkpt>
<trkpt lat="28.424620" lon="-81.460908"><ele>29.0</ele></trkpt>
<trkpt lat="28.424886" lon="-81.461162"><ele>29.0</ele></trkpt>
<trkpt lat="28.425148" lon="-81.461484"><ele>29.0</ele></trkpt>
<trkpt lat="28.425205" lon="-81.461575"><ele>29.2</ele></trkpt>
<trkpt lat="28.425364" lon="-81.461858"><ele>29.3</ele></trkpt>
<trkpt lat="28.425514" lon="-81.462193"><ele>29.3</ele></trkpt>
<trkpt lat="28.425628" lon="-81.462553"><ele>29.3</ele></trkpt>
<trkpt lat="28.425696" lon="-81.462845"><ele>29.1</ele></trkpt>
<trkpt lat="28.425727" lon="-81.463061"><ele>29.0</ele></trkpt>
<trkpt lat="28.425752" lon="-81.463616"><ele>29.0</ele></trkpt>
<trkpt lat="28.425751" lon="-81.463959"><ele>29.0</ele></trkpt>
<trkpt lat="28.425733" lon="-81.464639"><ele>29.5</ele></trkpt>
<trkpt lat="28.425742" lon="-81.465504"><ele>30.0</ele></trkpt>
<trkpt lat="28.426124" lon="-81.465368"><ele>30.0</ele></trkpt>
<trkpt lat="28.426311" lon="-81.465287"><ele>30.0</ele></trkpt>
<trkpt lat="28.426483" lon="-81.465179"><ele>30.0</ele></trkpt>
<trkpt lat="28.426635" lon="-81.465035"><ele>30.0</ele></trkpt>
<trkpt lat="28.426759" lon="-81.464902"><ele>30.0</ele></trkpt>
<trkpt lat="28.426894" lon="-81.464793"><ele>30.0</ele></trkpt>
<trkpt lat="28.427068" lon="-81.464695"><ele>30.0</ele></trkpt>
<trkpt lat="28.427461" lon="-81.464543"><ele>30.1</ele></trkpt>
<trkpt lat="28.427983" lon="-81.464379"><ele>30.0</ele></trkpt>
<trkpt lat="28.428180" lon="-81.464336"><ele>30.0</ele></trkpt>
<trkpt lat="28.428491" lon="-81.464313"><ele>30.0</ele></trkpt>
<trkpt lat="28.428604" lon="-81.464318"><ele>30.0</ele></trkpt>
<trkpt lat="28.428799" lon="-81.464341"><ele>30.0</ele></trkpt>
<trkpt lat="28.429003" lon="-81.464386"><ele>30.0</ele></trkpt>
<trkpt lat="28.429271" lon="-81.464457"><ele>30.0</ele></trkpt>
<trkpt lat="28.429503" lon="-81.464501"><ele>30.0</ele></trkpt>
<trkpt lat="28.429660" lon="-81.464522"><ele>30.0</ele></trkpt>
<trkpt lat="28.430038" lon="-81.464522"><ele>30.0</ele></trkpt>
<trkpt lat="28.430443" lon="-81.464449"><ele>30.1</ele></trkpt>
<trkpt lat="28.430843" lon="-81.464306"><ele>30.5</ele></trkpt>
<trkpt lat="28.430964" lon="-81.464246"><ele>30.5</ele></trkpt>
<trkpt lat="28.431183" lon="-81.464129"><ele>30.2</ele></trkpt>
<trkpt lat="28.431468" lon="-81.463919"><ele>30.1</ele></trkpt>
<trkpt lat="28.431685" lon="-81.463790"><ele>30.0</ele></trkpt>
<trkpt lat="28.431926" lon="-81.463682"><ele>29.9</ele></trkpt>
<trkpt lat="28.432063" lon="-81.463641"><ele>29.7</ele></trkpt>
<trkpt lat="28.432226" lon="-81.463606"><ele>29.4</ele></trkpt>
<trkpt lat="28.432431" lon="-81.463589"><ele>29.2</ele></trkpt>
<trkpt lat="28.432749" lon="-81.463595"><ele>29.0</ele></trkpt>
<trkpt lat="28.432880" lon="-81.463585"><ele>29.0</ele></trkpt>
<trkpt lat="28.433051" lon="-81.463553"><ele>29.0</ele></trkpt>
<trkpt lat="28.433149" lon="-81.463525"><ele>29.0</ele></trkpt>
<trkpt lat="28.433264" lon="-81.463513"><ele>29.0</ele></trkpt>
<trkpt lat="28.433159" lon="-81.463060"><ele>29.1</ele></trkpt>
<trkpt lat="28.433074" lon="-81.462600"><ele>29.4</ele></trkpt>
<trkpt lat="28.433011" lon="-81.462120"><ele>29.6</ele></trkpt>
<trkpt lat="28.432980" lon="-81.461614"><ele>29.5</ele></trkpt>
<trkpt lat="28.432994" lon="-81.459871"><ele>29.1</ele></trkpt>
<trkpt lat="28.432994" lon="-81.456031"><ele>29.0</ele></trkpt>
<trkpt lat="28.432986" lon="-81.455585"><ele>29.0</ele></trkpt>
<trkpt lat="28.432930" lon="-81.455033"><ele>28.9</ele></trkpt>
<trkpt lat="28.432789" lon="-81.454253"><ele>28.9</ele></trkpt>
<trkpt lat="28.432694" lon="-81.453826"><ele>29.0</ele></trkpt>
<trkpt lat="28.432576" lon="-81.453392"><ele>29.0</ele></trkpt>
<trkpt lat="28.432407" lon="-81.452880"><ele>29.0</ele></trkpt>
<trkpt lat="28.431998" lon="-81.451744"><ele>29.0</ele></trkpt>
<trkpt lat="28.432138" lon="-81.451483"><ele>29.0</ele></trkpt>
<trkpt lat="28.433089" lon="-81.451054"><ele>28.0</ele></trkpt>
<trkpt lat="28.433690" lon="-81.450861"><ele>28.0</ele></trkpt>
<trkpt lat="28.434346" lon="-81.450740"><ele>28.0</ele></trkpt>
<trkpt lat="28.435084" lon="-81.450641"><ele>28.2</ele></trkpt>
<trkpt lat="28.435424" lon="-81.450632"><ele>28.9</ele></trkpt>
<trkpt lat="28.435809" lon="-81.450621"><ele>27.0</ele></trkpt>
<trkpt lat="28.435943" lon="-81.450617"><ele>26.9</ele></trkpt>
<trkpt lat="28.436444" lon="-81.450665"><ele>26.0</ele></trkpt>
<trkpt lat="28.436764" lon="-81.450649"><ele>26.2</ele></trkpt>
<trkpt lat="28.437203" lon="-81.450726"><ele>26.3</ele></trkpt>
<trkpt lat="28.437759" lon="-81.450911"><ele>27.1</ele></trkpt>
<trkpt lat="28.438014" lon="-81.450974"><ele>27.3</ele></trkpt>
<trkpt lat="28.438564" lon="-81.451263"><ele>27.7</ele></trkpt>
<trkpt lat="28.439069" lon="-81.451595"><ele>28.4</ele></trkpt>
<trkpt lat="28.439554" lon="-81.451962"><ele>28.9</ele></trkpt>
<trkpt lat="28.440164" lon="-81.452523"><ele>29.2</ele></trkpt>
<trkpt lat="28.440594" lon="-81.452885"><ele>29.2</ele></trkpt>
<trkpt lat="28.441230" lon="-81.453212"><ele>29.2</ele></trkpt>
<trkpt lat="28.441696" lon="-81.453327"><ele>29.4</ele></trkpt>
<trkpt lat="28.442296" lon="-81.453367"><ele>30.0</ele></trkpt>
<trkpt lat="28.442475" lon="-81.453365"><ele>30.0</ele></trkpt>
<trkpt lat="28.444363" lon="-81.453410"><ele>30.0</ele></trkpt>
<trkpt lat="28.445268" lon="-81.453527"><ele>30.0</ele></trkpt>
<trkpt lat="28.445940" lon="-81.453742"><ele>30.0</ele></trkpt>
<trkpt lat="28.446379" lon="-81.453943"><ele>29.9</ele></trkpt>
<trkpt lat="28.446513" lon="-81.454019"><ele>29.6</ele></trkpt>
<trkpt lat="28.447087" lon="-81.454347"><ele>29.0</ele></trkpt>
<trkpt lat="28.447324" lon="-81.454447"><ele>29.0</ele></trkpt>
<trkpt lat="28.449115" lon="-81.455307"><ele>29.9</ele></trkpt>
<trkpt lat="28.449728" lon="-81.455640"><ele>30.4</ele></trkpt>
<trkpt lat="28.449965" lon="-81.455745"><ele>31.0</ele></trkpt>
<trkpt lat="28.450393" lon="-81.455888"><ele>30.5</ele></trkpt>
<trkpt lat="28.450858" lon="-81.456002"><ele>31.1</ele></trkpt>
<trkpt lat="28.451536" lon="-81.456091"><ele>31.9</ele></trkpt>
<trkpt lat="28.452066" lon="-81.456251"><ele>30.9</ele></trkpt>
<trkpt lat="28.452280" lon="-81.456343"><ele>29.7</ele></trkpt>
<trkpt lat="28.452570" lon="-81.456521"><ele>29.6</ele></trkpt>
<trkpt lat="28.452945" lon="-81.456824"><ele>29.9</ele></trkpt>
<trkpt lat="28.454048" lon="-81.457885"><ele>30.1</ele></trkpt>
<trkpt lat="28.454226" lon="-81.458009"><ele>30.2</ele></trkpt>
<trkpt lat="28.454645" lon="-81.458216"><ele>30.7</ele></trkpt>
<trkpt lat="28.455053" lon="-81.458341"><ele>30.7</ele></trkpt>
<trkpt lat="28.455403" lon="-81.458414"><ele>30.7</ele></trkpt>
<trkpt lat="28.456255" lon="-81.458486"><ele>30.6</ele></trkpt>
<trkpt lat="28.457251" lon="-81.458487"><ele>30.6</ele></trkpt>
<trkpt lat="28.462282" lon="-81.458524"><ele>31.0</ele></trkpt>
<trkpt lat="28.463281" lon="-81.458511"><ele>31.0</ele></trkpt>
<trkpt lat="28.463887" lon="-81.458532"><ele>30.8</ele></trkpt>
<trkpt lat="28.465133" lon="-81.458569"><ele>31.7</ele></trkpt>
<trkpt lat="28.465349" lon="-81.458569"><ele>31.7</ele></trkpt>
<trkpt lat="28.465785" lon="-81.458549"><ele>31.6</ele></trkpt>
<trkpt lat="28.466219" lon="-81.458502"><ele>31.5</ele></trkpt>
<trkpt lat="28.466756" lon="-81.458405"><ele>31.4</ele></trkpt>
<trkpt lat="28.467075" lon="-81.458329"><ele>31.4</ele></trkpt>
<trkpt lat="28.467289" lon="-81.458268"><ele>31.4</ele></trkpt>
<trkpt lat="28.467705" lon="-81.458127"><ele>31.2</ele></trkpt>
<trkpt lat="28.468344" lon="-81.457877"><ele>30.9</ele></trkpt>
<trkpt lat="28.471338" lon="-81.456741"><ele>30.2</ele></trkpt>
<trkpt lat="28.471527" lon="-81.456662"><ele>30.0</ele></trkpt>
<trkpt lat="28.471747" lon="-81.456558"><ele>30.1</ele></trkpt>
<trkpt lat="28.472066" lon="-81.456386"><ele>30.6</ele></trkpt>
<trkpt lat="28.472365" lon="-81.456195"><ele>30.6</ele></trkpt>
<trkpt lat="28.472657" lon="-81.455989"><ele>30.7</ele></trkpt>
<trkpt lat="28.473223" lon="-81.455508"><ele>31.2</ele></trkpt>
<trkpt lat="28.473526" lon="-81.455220"><ele>31.7</ele></trkpt>
<trkpt lat="28.473701" lon="-81.455111"><ele>32.6</ele></trkpt>
<trkpt lat="28.476438" lon="-81.451825"><ele>31.0</ele></trkpt>
<trkpt lat="28.479020" lon="-81.448621"><ele>30.9</ele></trkpt>
<trkpt lat="28.481890" lon="-81.445060"><ele>30.8</ele></trkpt>
<trkpt lat="28.485245" lon="-81.441021"><ele>33.9</ele></trkpt>
<trkpt lat="28.485527" lon="-81.440677"><ele>34.4</ele></trkpt>
<trkpt lat="28.486354" lon="-81.439705"><ele>34.6</ele></trkpt>
<trkpt lat="28.487265" lon="-81.438613"><ele>31.5</ele></trkpt>
<trkpt lat="28.487603" lon="-81.438176"><ele>30.9</ele></trkpt>
<trkpt lat="28.488003" lon="-81.437711"><ele>30.8</ele></trkpt>
<trkpt lat="28.488426" lon="-81.437251"><ele>30.5</ele></trkpt>
<trkpt lat="28.488880" lon="-81.436808"><ele>29.2</ele></trkpt>
<trkpt lat="28.489201" lon="-81.436499"><ele>29.1</ele></trkpt>
<trkpt lat="28.489831" lon="-81.435911"><ele>30.7</ele></trkpt>
<trkpt lat="28.492484" lon="-81.433652"><ele>29.8</ele></trkpt>
<trkpt lat="28.493006" lon="-81.433232"><ele>30.0</ele></trkpt>
<trkpt lat="28.494809" lon="-81.431678"><ele>30.6</ele></trkpt>
<trkpt lat="28.497299" lon="-81.429556"><ele>30.8</ele></trkpt>
<trkpt lat="28.497629" lon="-81.429271"><ele>30.9</ele></trkpt>
<trkpt lat="28.498764" lon="-81.428245"><ele>30.8</ele></trkpt>
<trkpt lat="28.504105" lon="-81.423573"><ele>30.7</ele></trkpt>
<trkpt lat="28.504579" lon="-81.423175"><ele>30.0</ele></trkpt>
<trkpt lat="28.505596" lon="-81.422344"><ele>30.2</ele></trkpt>
<trkpt lat="28.505930" lon="-81.422046"><ele>30.7</ele></trkpt>
<trkpt lat="28.506327" lon="-81.421669"><ele>31.5</ele></trkpt>
<trkpt lat="28.506707" lon="-81.421259"><ele>32.5</ele></trkpt>
<trkpt lat="28.507107" lon="-81.420770"><ele>33.9</ele></trkpt>
<trkpt lat="28.507575" lon="-81.420118"><ele>35.7</ele></trkpt>
<trkpt lat="28.507989" lon="-81.419414"><ele>36.5</ele></trkpt>
<trkpt lat="28.508314" lon="-81.418719"><ele>35.0</ele></trkpt>
<trkpt lat="28.508563" lon="-81.418075"><ele>35.8</ele></trkpt>
<trkpt lat="28.508824" lon="-81.417266"><ele>36.1</ele></trkpt>
<trkpt lat="28.508985" lon="-81.416539"><ele>35.4</ele></trkpt>
<trkpt lat="28.509066" lon="-81.416049"><ele>34.4</ele></trkpt>
<trkpt lat="28.509132" lon="-81.415418"><ele>32.9</ele></trkpt>
<trkpt lat="28.509151" lon="-81.415127"><ele>32.2</ele></trkpt>
<trkpt lat="28.509160" lon="-81.414767"><ele>31.5</ele></trkpt>
<trkpt lat="28.509163" lon="-81.413933"><ele>30.1</ele></trkpt>
<trkpt lat="28.509149" lon="-81.412857"><ele>30.0</ele></trkpt>
<trkpt lat="28.509145" lon="-81.411368"><ele>30.0</ele></trkpt>
<trkpt lat="28.509173" lon="-81.407882"><ele>29.8</ele></trkpt>
<trkpt lat="28.509177" lon="-81.406132"><ele>29.9</ele></trkpt>
<trkpt lat="28.509201" lon="-81.404696"><ele>30.0</ele></trkpt>
<trkpt lat="28.509221" lon="-81.402325"><ele>32.6</ele></trkpt>
<trkpt lat="28.509246" lon="-81.401316"><ele>33.4</ele></trkpt>
<trkpt lat="28.509258" lon="-81.400963"><ele>32.0</ele></trkpt>
<trkpt lat="28.509283" lon="-81.400533"><ele>35.0</ele></trkpt>
<trkpt lat="28.509329" lon="-81.400079"><ele>36.4</ele></trkpt>
<trkpt lat="28.509401" lon="-81.399529"><ele>36.9</ele></trkpt>
<trkpt lat="28.509463" lon="-81.399164"><ele>37.0</ele></trkpt>
<trkpt lat="28.509571" lon="-81.398646"><ele>37.5</ele></trkpt>
<trkpt lat="28.509648" lon="-81.398335"><ele>37.8</ele></trkpt>
<trkpt lat="28.509773" lon="-81.397886"><ele>38.0</ele></trkpt>
<trkpt lat="28.509907" lon="-81.397453"><ele>35.2</ele></trkpt>
<trkpt lat="28.510177" lon="-81.396726"><ele>33.1</ele></trkpt>
<trkpt lat="28.510284" lon="-81.396487"><ele>35.7</ele></trkpt>
<trkpt lat="28.510510" lon="-81.396035"><ele>38.1</ele></trkpt>
<trkpt lat="28.510713" lon="-81.395638"><ele>36.5</ele></trkpt>
<trkpt lat="28.510907" lon="-81.395282"><ele>35.7</ele></trkpt>
<trkpt lat="28.511264" lon="-81.394702"><ele>35.1</ele></trkpt>
<trkpt lat="28.511543" lon="-81.394284"><ele>35.3</ele></trkpt>
<trkpt lat="28.512437" lon="-81.393001"><ele>37.1</ele></trkpt>
<trkpt lat="28.512651" lon="-81.392677"><ele>34.9</ele></trkpt>
<trkpt lat="28.514501" lon="-81.389967"><ele>35.7</ele></trkpt>
<trkpt lat="28.514921" lon="-81.389333"><ele>37.2</ele></trkpt>
<trkpt lat="28.515544" lon="-81.388690"><ele>37.3</ele></trkpt>
<trkpt lat="28.515978" lon="-81.388230"><ele>36.0</ele></trkpt>
<trkpt lat="28.516550" lon="-81.387743"><ele>35.6</ele></trkpt>
<trkpt lat="28.516853" lon="-81.387508"><ele>35.8</ele></trkpt>
<trkpt lat="28.517167" lon="-81.387294"><ele>36.2</ele></trkpt>
<trkpt lat="28.517759" lon="-81.386952"><ele>36.6</ele></trkpt>
<trkpt lat="28.518340" lon="-81.386679"><ele>36.3</ele></trkpt>
<trkpt lat="28.518984" lon="-81.386422"><ele>36.5</ele></trkpt>
<trkpt lat="28.519279" lon="-81.386331"><ele>37.0</ele></trkpt>
<trkpt lat="28.519642" lon="-81.386234"><ele>36.2</ele></trkpt>
<trkpt lat="28.519998" lon="-81.386157"><ele>35.2</ele></trkpt>
<trkpt lat="28.520326" lon="-81.386105"><ele>34.4</ele></trkpt>
<trkpt lat="28.520592" lon="-81.386066"><ele>34.7</ele></trkpt>
<trkpt lat="28.520968" lon="-81.386029"><ele>34.3</ele></trkpt>
<trkpt lat="28.521356" lon="-81.386006"><ele>33.8</ele></trkpt>
<trkpt lat="28.522493" lon="-81.385998"><ele>32.1</ele></trkpt>
<trkpt lat="28.525564" lon="-81.385998"><ele>33.0</ele></trkpt>
<trkpt lat="28.527793" lon="-81.386028"><ele>34.0</ele></trkpt>
<trkpt lat="28.528150" lon="-81.386021"><ele>34.1</ele></trkpt>
<trkpt lat="28.528514" lon="-81.385998"><ele>34.2</ele></trkpt>
<trkpt lat="28.529169" lon="-81.385923"><ele>36.0</ele></trkpt>
<trkpt lat="28.529669" lon="-81.385821"><ele>34.6</ele></trkpt>
<trkpt lat="28.530263" lon="-81.385674"><ele>35.0</ele></trkpt>
<trkpt lat="28.530899" lon="-81.385450"><ele>34.0</ele></trkpt>
<trkpt lat="28.531248" lon="-81.385306"><ele>32.9</ele></trkpt>
<trkpt lat="28.531644" lon="-81.385139"><ele>33.2</ele></trkpt>
<trkpt lat="28.531975" lon="-81.384978"><ele>32.3</ele></trkpt>
<trkpt lat="28.532514" lon="-81.384647"><ele>33.2</ele></trkpt>
<trkpt lat="28.532912" lon="-81.384411"><ele>35.1</ele></trkpt>
<trkpt lat="28.533397" lon="-81.384075"><ele>34.2</ele></trkpt>
<trkpt lat="28.535675" lon="-81.382754"><ele>32.6</ele></trkpt>
<trkpt lat="28.536483" lon="-81.382412"><ele>34.5</ele></trkpt>
<trkpt lat="28.537227" lon="-81.382190"><ele>37.2</ele></trkpt>
<trkpt lat="28.537655" lon="-81.382098"><ele>37.4</ele></trkpt>
<trkpt lat="28.538117" lon="-81.382022"><ele>34.1</ele></trkpt>
<trkpt lat="28.538616" lon="-81.381963"><ele>36.2</ele></trkpt>
<trkpt lat="28.538839" lon="-81.381925"><ele>41.9</ele></trkpt>
<trkpt lat="28.539581" lon="-81.381880"><ele>37.7</ele></trkpt>
<trkpt lat="28.539869" lon="-81.381879"><ele>34.7</ele></trkpt>
<trkpt lat="28.541586" lon="-81.381907"><ele>35.0</ele></trkpt>
<trkpt lat="28.544200" lon="-81.382075"><ele>35.5</ele></trkpt>
<trkpt lat="28.545550" lon="-81.382125"><ele>35.6</ele></trkpt>
<trkpt lat="28.546230" lon="-81.382142"><ele>32.9</ele></trkpt>
<trkpt lat="28.546696" lon="-81.382174"><ele>33.6</ele></trkpt>
<trkpt lat="28.547338" lon="-81.382203"><ele>32.9</ele></trkpt>
<trkpt lat="28.547650" lon="-81.382220"><ele>32.3</ele></trkpt>
<trkpt lat="28.548619" lon="-81.382275"><ele>34.3</ele></trkpt>
<trkpt lat="28.549160" lon="-81.382293"><ele>34.2</ele></trkpt>
<trkpt lat="28.549554" lon="-81.382296"><ele>33.1</ele></trkpt>
<trkpt lat="28.550902" lon="-81.382271"><ele>32.9</ele></trkpt>
<trkpt lat="28.551568" lon="-81.382246"><ele>31.6</ele></trkpt>
<trkpt lat="28.552299" lon="-81.382160"><ele>31.3</ele></trkpt>
<trkpt lat="28.552694" lon="-81.382111"><ele>31.1</ele></trkpt>
<trkpt lat="28.552937" lon="-81.382067"><ele>31.0</ele></trkpt>
<trkpt lat="28.553944" lon="-81.381842"><ele>30.6</ele></trkpt>
<trkpt lat="28.557237" lon="-81.381068"><ele>27.6</ele></trkpt>
<trkpt lat="28.558104" lon="-81.380815"><ele>27.6</ele></trkpt>
<trkpt lat="28.558792" lon="-81.380512"><ele>27.8</ele></trkpt>
<trkpt lat="28.559232" lon="-81.380304"><ele>27.6</ele></trkpt>
<trkpt lat="28.559674" lon="-81.380043"><ele>26.7</ele></trkpt>
<trkpt lat="28.559930" lon="-81.379870"><ele>26.3</ele></trkpt>
<trkpt lat="28.560508" lon="-81.379449"><ele>26.5</ele></trkpt>
<trkpt lat="28.562142" lon="-81.378181"><ele>27.0</ele></trkpt>
<trkpt lat="28.563353" lon="-81.377183"><ele>24.3</ele></trkpt>
<trkpt lat="28.564189" lon="-81.376634"><ele>25.7</ele></trkpt>
<trkpt lat="28.564674" lon="-81.376352"><ele>26.4</ele></trkpt>
<trkpt lat="28.565260" lon="-81.376054"><ele>26.3</ele></trkpt>
<trkpt lat="28.565527" lon="-81.375947"><ele>26.8</ele></trkpt>
<trkpt lat="28.566210" lon="-81.375739"><ele>28.0</ele></trkpt>
<trkpt lat="28.566636" lon="-81.375651"><ele>29.1</ele></trkpt>
<trkpt lat="28.567573" lon="-81.375571"><ele>29.7</ele></trkpt>
<trkpt lat="28.567793" lon="-81.375567"><ele>29.3</ele></trkpt>
<trkpt lat="28.571110" lon="-81.375530"><ele>31.7</ele></trkpt>
<trkpt lat="28.571475" lon="-81.375533"><ele>31.0</ele></trkpt>
<trkpt lat="28.572177" lon="-81.375525"><ele>32.8</ele></trkpt>
<trkpt lat="28.573425" lon="-81.375531"><ele>33.0</ele></trkpt>
<trkpt lat="28.574867" lon="-81.375487"><ele>32.5</ele></trkpt>
<trkpt lat="28.575073" lon="-81.375467"><ele>30.8</ele></trkpt>
<trkpt lat="28.575481" lon="-81.375419"><ele>31.8</ele></trkpt>
<trkpt lat="28.575969" lon="-81.375336"><ele>32.3</ele></trkpt>
<trkpt lat="28.578090" lon="-81.374826"><ele>30.1</ele></trkpt>
<trkpt lat="28.578392" lon="-81.374738"><ele>29.9</ele></trkpt>
<trkpt lat="28.580138" lon="-81.374669"><ele>30.9</ele></trkpt>
<trkpt lat="28.582108" lon="-81.374835"><ele>31.2</ele></trkpt>
<trkpt lat="28.582396" lon="-81.374852"><ele>29.4</ele></trkpt>
<trkpt lat="28.584454" lon="-81.374978"><ele>31.4</ele></trkpt>
<trkpt lat="28.585019" lon="-81.375071"><ele>31.0</ele></trkpt>
<trkpt lat="28.585640" lon="-81.375208"><ele>30.8</ele></trkpt>
<trkpt lat="28.586510" lon="-81.375501"><ele>30.7</ele></trkpt>
<trkpt lat="28.587320" lon="-81.375872"><ele>30.9</ele></trkpt>
<trkpt lat="28.588025" lon="-81.376307"><ele>31.6</ele></trkpt>
<trkpt lat="28.588732" lon="-81.376847"><ele>32.9</ele></trkpt>
<trkpt lat="28.589119" lon="-81.377180"><ele>33.4</ele></trkpt>
<trkpt lat="28.589276" lon="-81.377343"><ele>32.7</ele></trkpt>
<trkpt lat="28.589717" lon="-81.377802"><ele>30.9</ele></trkpt>
<trkpt lat="28.590042" lon="-81.378143"><ele>34.2</ele></trkpt>
<trkpt lat="28.592851" lon="-81.381490"><ele>34.6</ele></trkpt>
<trkpt lat="28.593226" lon="-81.381934"><ele>31.1</ele></trkpt>
<trkpt lat="28.594489" lon="-81.383381"><ele>35.2</ele></trkpt>
<trkpt lat="28.594997" lon="-81.383903"><ele>34.3</ele></trkpt>
<trkpt lat="28.595572" lon="-81.384371"><ele>34.2</ele></trkpt>
<trkpt lat="28.595869" lon="-81.384584"><ele>34.9</ele></trkpt>
<trkpt lat="28.596125" lon="-81.384754"><ele>34.8</ele></trkpt>
<trkpt lat="28.596353" lon="-81.384898"><ele>34.8</ele></trkpt>
<trkpt lat="28.596881" lon="-81.385193"><ele>35.4</ele></trkpt>
<trkpt lat="28.597415" lon="-81.385433"><ele>34.7</ele></trkpt>
<trkpt lat="28.597958" lon="-81.385640"><ele>33.9</ele></trkpt>
<trkpt lat="28.598452" lon="-81.385799"><ele>31.5</ele></trkpt>
<trkpt lat="28.598775" lon="-81.385876"><ele>33.3</ele></trkpt>
<trkpt lat="28.599383" lon="-81.385981"><ele>32.9</ele></trkpt>
<trkpt lat="28.600442" lon="-81.386070"><ele>30.9</ele></trkpt>
<trkpt lat="28.605604" lon="-81.386233"><ele>33.0</ele></trkpt>
<trkpt lat="28.606086" lon="-81.386249"><ele>30.4</ele></trkpt>
<trkpt lat="28.608345" lon="-81.386299"><ele>32.0</ele></trkpt>
<trkpt lat="28.609018" lon="-81.386295"><ele>31.2</ele></trkpt>
<trkpt lat="28.610434" lon="-81.386267"><ele>29.7</ele></trkpt>
<trkpt lat="28.611302" lon="-81.386240"><ele>29.6</ele></trkpt>
<trkpt lat="28.613252" lon="-81.386204"><ele>29.8</ele></trkpt>
<trkpt lat="28.618152" lon="-81.386218"><ele>31.5</ele></trkpt>
<trkpt lat="28.618557" lon="-81.386227"><ele>33.0</ele></trkpt>
<trkpt lat="28.619471" lon="-81.386256"><ele>33.6</ele></trkpt>
<trkpt lat="28.622341" lon="-81.386260"><ele>30.5</ele></trkpt>
<trkpt lat="28.623209" lon="-81.386269"><ele>30.3</ele></trkpt>
<trkpt lat="28.625957" lon="-81.386332"><ele>29.9</ele></trkpt>
<trkpt lat="28.626696" lon="-81.386395"><ele>30.0</ele></trkpt>
<trkpt lat="28.627151" lon="-81.386444"><ele>30.0</ele></trkpt>
<trkpt lat="28.627576" lon="-81.386503"><ele>30.1</ele></trkpt>
<trkpt lat="28.628647" lon="-81.386687"><ele>30.5</ele></trkpt>
<trkpt lat="28.629285" lon="-81.386827"><ele>30.2</ele></trkpt>
<trkpt lat="28.630520" lon="-81.387153"><ele>30.0</ele></trkpt>
<trkpt lat="28.630887" lon="-81.387234"><ele>29.9</ele></trkpt>
<trkpt lat="28.631377" lon="-81.387330"><ele>29.7</ele></trkpt>
<trkpt lat="28.632114" lon="-81.387411"><ele>29.2</ele></trkpt>
<trkpt lat="28.632434" lon="-81.387430"><ele>29.2</ele></trkpt>
<trkpt lat="28.634824" lon="-81.387295"><ele>29.9</ele></trkpt>
<trkpt lat="28.635376" lon="-81.387281"><ele>30.0</ele></trkpt>
<trkpt lat="28.635963" lon="-81.387278"><ele>30.0</ele></trkpt>
<trkpt lat="28.636519" lon="-81.387304"><ele>30.3</ele></trkpt>
<trkpt lat="28.636952" lon="-81.387306"><ele>30.6</ele></trkpt>
<trkpt lat="28.638667" lon="-81.387455"><ele>32.0</ele></trkpt>
<trkpt lat="28.645501" lon="-81.387996"><ele>34.7</ele></trkpt>
<trkpt lat="28.646645" lon="-81.388115"><ele>34.0</ele></trkpt>
<trkpt lat="28.647024" lon="-81.388139"><ele>33.7</ele></trkpt>
<trkpt lat="28.648395" lon="-81.388201"><ele>30.8</ele></trkpt>
<trkpt lat="28.651710" lon="-81.388231"><ele>21.0</ele></trkpt>
<trkpt lat="28.653123" lon="-81.388215"><ele>21.0</ele></trkpt>
<trkpt lat="28.657108" lon="-81.388278"><ele>19.8</ele></trkpt>
<trkpt lat="28.663391" lon="-81.388308"><ele>20.9</ele></trkpt>
<trkpt lat="28.665357" lon="-81.388355"><ele>20.0</ele></trkpt>
<trkpt lat="28.666859" lon="-81.388319"><ele>19.6</ele></trkpt>
<trkpt lat="28.667603" lon="-81.388332"><ele>20.6</ele></trkpt>
<trkpt lat="28.668483" lon="-81.388312"><ele>22.1</ele></trkpt>
<trkpt lat="28.669964" lon="-81.388219"><ele>25.2</ele></trkpt>
<trkpt lat="28.672284" lon="-81.388203"><ele>27.3</ele></trkpt>
<trkpt lat="28.673858" lon="-81.388206"><ele>27.8</ele></trkpt>
<trkpt lat="28.677256" lon="-81.388321"><ele>27.0</ele></trkpt>
<trkpt lat="28.679751" lon="-81.388424"><ele>25.0</ele></trkpt>
<trkpt lat="28.687106" lon="-81.388477"><ele>20.0</ele></trkpt>
<trkpt lat="28.687633" lon="-81.388500"><ele>21.0</ele></trkpt>
<trkpt lat="28.690538" lon="-81.388496"><ele>20.6</ele></trkpt>
<trkpt lat="28.691178" lon="-81.388486"><ele>24.0</ele></trkpt>
<trkpt lat="28.692206" lon="-81.388501"><ele>23.8</ele></trkpt>
<trkpt lat="28.692636" lon="-81.388465"><ele>22.8</ele></trkpt>
<trkpt lat="28.693303" lon="-81.388349"><ele>21.1</ele></trkpt>
<trkpt lat="28.693671" lon="-81.388268"><ele>20.5</ele></trkpt>
<trkpt lat="28.693959" lon="-81.388180"><ele>20.2</ele></trkpt>
<trkpt lat="28.694554" lon="-81.387957"><ele>20.3</ele></trkpt>
<trkpt lat="28.695016" lon="-81.387745"><ele>20.7</ele></trkpt>
<trkpt lat="28.695410" lon="-81.387523"><ele>21.0</ele></trkpt>
<trkpt lat="28.695696" lon="-81.387352"><ele>21.0</ele></trkpt>
<trkpt lat="28.696244" lon="-81.386976"><ele>21.7</ele></trkpt>
<trkpt lat="28.697331" lon="-81.386197"><ele>21.8</ele></trkpt>
<trkpt lat="28.697776" lon="-81.385906"><ele>21.3</ele></trkpt>
<trkpt lat="28.700316" lon="-81.384138"><ele>16.9</ele></trkpt>
<trkpt lat="28.702508" lon="-81.382625"><ele>21.9</ele></trkpt>
<trkpt lat="28.702808" lon="-81.382434"><ele>22.5</ele></trkpt>
<trkpt lat="28.703439" lon="-81.382049"><ele>23.4</ele></trkpt>
<trkpt lat="28.704172" lon="-81.381647"><ele>23.8</ele></trkpt>
<trkpt lat="28.704728" lon="-81.381388"><ele>24.2</ele></trkpt>
<trkpt lat="28.705213" lon="-81.381179"><ele>24.5</ele></trkpt>
<trkpt lat="28.706148" lon="-81.380842"><ele>25.1</ele></trkpt>
<trkpt lat="28.709035" lon="-81.379843"><ele>26.1</ele></trkpt>
<trkpt lat="28.710269" lon="-81.379434"><ele>25.9</ele></trkpt>
<trkpt lat="28.711088" lon="-81.379180"><ele>25.3</ele></trkpt>
<trkpt lat="28.712821" lon="-81.378601"><ele>23.4</ele></trkpt>
<trkpt lat="28.719199" lon="-81.376332"><ele>22.1</ele></trkpt>
<trkpt lat="28.719829" lon="-81.376120"><ele>21.5</ele></trkpt>
<trkpt lat="28.725848" lon="-81.373932"><ele>18.0</ele></trkpt>
<trkpt lat="28.728356" lon="-81.373021"><ele>23.7</ele></trkpt>
<trkpt lat="28.731404" lon="-81.371907"><ele>22.0</ele></trkpt>
<trkpt lat="28.741594" lon="-81.368336"><ele>22.0</ele></trkpt>
<trkpt lat="28.748505" lon="-81.365890"><ele>17.0</ele></trkpt>
<trkpt lat="28.756131" lon="-81.363164"><ele>18.0</ele></trkpt>
<trkpt lat="28.761437" lon="-81.361315"><ele>19.1</ele></trkpt>
<trkpt lat="28.768291" lon="-81.358869"><ele>18.6</ele></trkpt>
<trkpt lat="28.770586" lon="-81.358028"><ele>20.5</ele></trkpt>
<trkpt lat="28.772068" lon="-81.357419"><ele>21.6</ele></trkpt>
<trkpt lat="28.773325" lon="-81.356844"><ele>23.1</ele></trkpt>
<trkpt lat="28.776533" lon="-81.355253"><ele>24.7</ele></trkpt>
<trkpt lat="28.779377" lon="-81.353811"><ele>24.3</ele></trkpt>
<trkpt lat="28.784365" lon="-81.351325"><ele>22.1</ele></trkpt>
<trkpt lat="28.784851" lon="-81.351119"><ele>21.5</ele></trkpt>
<trkpt lat="28.785963" lon="-81.350599"><ele>21.0</ele></trkpt>
<trkpt lat="28.787709" lon="-81.349734"><ele>21.0</ele></trkpt>
<trkpt lat="28.789965" lon="-81.348684"><ele>21.0</ele></trkpt>
<trkpt lat="28.790616" lon="-81.348395"><ele>21.0</ele></trkpt>
<trkpt lat="28.792983" lon="-81.347425"><ele>22.2</ele></trkpt>
<trkpt lat="28.795260" lon="-81.346530"><ele>25.4</ele></trkpt>
<trkpt lat="28.795988" lon="-81.346210"><ele>23.0</ele></trkpt>
<trkpt lat="28.796638" lon="-81.345878"><ele>27.0</ele></trkpt>
<trkpt lat="28.798597" lon="-81.344813"><ele>23.7</ele></trkpt>
<trkpt lat="28.799478" lon="-81.344259"><ele>21.7</ele></trkpt>
<trkpt lat="28.800572" lon="-81.343544"><ele>20.8</ele></trkpt>
<trkpt lat="28.800930" lon="-81.343288"><ele>20.6</ele></trkpt>
<trkpt lat="28.803601" lon="-81.341652"><ele>19.0</ele></trkpt>
<trkpt lat="28.808892" lon="-81.338820"><ele>13.4</ele></trkpt>
<trkpt lat="28.809468" lon="-81.338538"><ele>14.3</ele></trkpt>
<trkpt lat="28.811013" lon="-81.337819"><ele>12.2</ele></trkpt>
<trkpt lat="28.811603" lon="-81.337532"><ele>15.3</ele></trkpt>
<trkpt lat="28.814123" lon="-81.336279"><ele>12.1</ele></trkpt>
<trkpt lat="28.816011" lon="-81.335455"><ele>9.6</ele></trkpt>
<trkpt lat="28.818827" lon="-81.334067"><ele>8.9</ele></trkpt>
<trkpt lat="28.820553" lon="-81.333175"><ele>8.2</ele></trkpt>
<trkpt lat="28.821220" lon="-81.332786"><ele>7.9</ele></trkpt>
<trkpt lat="28.821968" lon="-81.332287"><ele>7.5</ele></trkpt>
<trkpt lat="28.822663" lon="-81.331755"><ele>7.1</ele></trkpt>
<trkpt lat="28.823410" lon="-81.331095"><ele>6.7</ele></trkpt>
<trkpt lat="28.825660" lon="-81.328881"><ele>5.0</ele></trkpt>
<trkpt lat="28.826370" lon="-81.328189"><ele>4.9</ele></trkpt>
<trkpt lat="28.827126" lon="-81.327402"><ele>4.8</ele></trkpt>
<trkpt lat="28.829402" lon="-81.324973"><ele>6.6</ele></trkpt>
<trkpt lat="28.829930" lon="-81.324441"><ele>8.5</ele></trkpt>
<trkpt lat="28.831203" lon="-81.323129"><ele>11.0</ele></trkpt>
<trkpt lat="28.832574" lon="-81.321778"><ele>5.4</ele></trkpt>
<trkpt lat="28.832700" lon="-81.321653"><ele>4.7</ele></trkpt>
<trkpt lat="28.837812" lon="-81.316535"><ele>7.4</ele></trkpt>
<trkpt lat="28.840652" lon="-81.313654"><ele>3.8</ele></trkpt>
<trkpt lat="28.844054" lon="-81.310478"><ele>2.9</ele></trkpt>
<trkpt lat="28.852461" lon="-81.302131"><ele>3.3</ele></trkpt>
<trkpt lat="28.855118" lon="-81.299427"><ele>3.0</ele></trkpt>
<trkpt lat="28.857909" lon="-81.296609"><ele>2.9</ele></trkpt>
<trkpt lat="28.862045" lon="-81.292515"><ele>3.1</ele></trkpt>
<trkpt lat="28.865630" lon="-81.288902"><ele>3.3</ele></trkpt>
<trkpt lat="28.866908" lon="-81.287666"><ele>3.2</ele></trkpt>
<trkpt lat="28.867893" lon="-81.286687"><ele>3.9</ele></trkpt>
<trkpt lat="28.868592" lon="-81.286112"><ele>4.9</ele></trkpt>
<trkpt lat="28.868975" lon="-81.285829"><ele>4.0</ele></trkpt>
<trkpt lat="28.869862" lon="-81.285237"><ele>11.0</ele></trkpt>
<trkpt lat="28.870584" lon="-81.284790"><ele>11.7</ele></trkpt>
<trkpt lat="28.871253" lon="-81.284481"><ele>11.2</ele></trkpt>
<trkpt lat="28.872119" lon="-81.284050"><ele>10.8</ele></trkpt>
<trkpt lat="28.873868" lon="-81.283426"><ele>9.8</ele></trkpt>
<trkpt lat="28.876690" lon="-81.282527"><ele>8.0</ele></trkpt>
<trkpt lat="28.877341" lon="-81.282319"><ele>8.0</ele></trkpt>
<trkpt lat="28.884499" lon="-81.280029"><ele>13.0</ele></trkpt>
<trkpt lat="28.887562" lon="-81.279077"><ele>14.6</ele></trkpt>
<trkpt lat="28.895858" lon="-81.276442"><ele>14.3</ele></trkpt>
<trkpt lat="28.898549" lon="-81.275601"><ele>13.3</ele></trkpt>
<trkpt lat="28.901682" lon="-81.274597"><ele>13.2</ele></trkpt>
<trkpt lat="28.905707" lon="-81.273331"><ele>10.3</ele></trkpt>
<trkpt lat="28.906283" lon="-81.273150"><ele>9.8</ele></trkpt>
<trkpt lat="28.908288" lon="-81.272471"><ele>8.8</ele></trkpt>
<trkpt lat="28.911843" lon="-81.271369"><ele>10.0</ele></trkpt>
<trkpt lat="28.915995" lon="-81.270005"><ele>11.0</ele></trkpt>
<trkpt lat="28.919185" lon="-81.269080"><ele>9.9</ele></trkpt>
<trkpt lat="28.934079" lon="-81.264306"><ele>14.8</ele></trkpt>
<trkpt lat="28.942567" lon="-81.261611"><ele>26.3</ele></trkpt>
<trkpt lat="28.945842" lon="-81.260573"><ele>23.2</ele></trkpt>
<trkpt lat="28.949334" lon="-81.259500"><ele>19.8</ele></trkpt>
<trkpt lat="28.952962" lon="-81.258247"><ele>21.0</ele></trkpt>
<trkpt lat="28.954794" lon="-81.257732"><ele>22.0</ele></trkpt>
<trkpt lat="28.957228" lon="-81.256925"><ele>20.5</ele></trkpt>
<trkpt lat="28.967431" lon="-81.253662"><ele>15.8</ele></trkpt>
<trkpt lat="28.977240" lon="-81.250531"><ele>22.0</ele></trkpt>
<trkpt lat="28.979200" lon="-81.249938"><ele>21.9</ele></trkpt>
<trkpt lat="28.988735" lon="-81.246883"><ele>22.0</ele></trkpt>
<trkpt lat="28.996377" lon="-81.244480"><ele>23.0</ele></trkpt>
<trkpt lat="28.999530" lon="-81.243441"><ele>22.0</ele></trkpt>
<trkpt lat="29.001595" lon="-81.242772"><ele>21.9</ele></trkpt>
<trkpt lat="29.004312" lon="-81.241922"><ele>22.0</ele></trkpt>
<trkpt lat="29.005213" lon="-81.241604"><ele>22.0</ele></trkpt>
<trkpt lat="29.006722" lon="-81.240978"><ele>22.0</ele></trkpt>
<trkpt lat="29.008020" lon="-81.240205"><ele>21.7</ele></trkpt>
<trkpt lat="29.009049" lon="-81.239510"><ele>20.7</ele></trkpt>
<trkpt lat="29.009942" lon="-81.238772"><ele>19.7</ele></trkpt>
<trkpt lat="29.013305" lon="-81.235598"><ele>17.0</ele></trkpt>
<trkpt lat="29.015233" lon="-81.233815"><ele>16.0</ele></trkpt>
<trkpt lat="29.018350" lon="-81.230878"><ele>16.0</ele></trkpt>
<trkpt lat="29.026048" lon="-81.223565"><ele>13.0</ele></trkpt>
<trkpt lat="29.029072" lon="-81.220707"><ele>13.0</ele></trkpt>
<trkpt lat="29.032899" lon="-81.217008"><ele>12.9</ele></trkpt>
<trkpt lat="29.034753" lon="-81.215163"><ele>12.9</ele></trkpt>
<trkpt lat="29.037470" lon="-81.212493"><ele>12.8</ele></trkpt>
<trkpt lat="29.041105" lon="-81.209311"><ele>12.3</ele></trkpt>
<trkpt lat="29.042073" lon="-81.208426"><ele>12.4</ele></trkpt>
<trkpt lat="29.046549" lon="-81.204193"><ele>12.5</ele></trkpt>
<trkpt lat="29.059034" lon="-81.192357"><ele>12.6</ele></trkpt>
<trkpt lat="29.061480" lon="-81.189954"><ele>12.5</ele></trkpt>
<trkpt lat="29.062696" lon="-81.188684"><ele>12.3</ele></trkpt>
<trkpt lat="29.065306" lon="-81.186169"><ele>12.5</ele></trkpt>
<trkpt lat="29.068009" lon="-81.183780"><ele>12.5</ele></trkpt>
<trkpt lat="29.070177" lon="-81.181789"><ele>13.0</ele></trkpt>
<trkpt lat="29.071483" lon="-81.180561"><ele>13.0</ele></trkpt>
<trkpt lat="29.075744" lon="-81.176493"><ele>14.3</ele></trkpt>
<trkpt lat="29.077112" lon="-81.175248"><ele>13.5</ele></trkpt>
<trkpt lat="29.077491" lon="-81.174904"><ele>15.8</ele></trkpt>
<trkpt lat="29.084198" lon="-81.168491"><ele>12.9</ele></trkpt>
<trkpt lat="29.086838" lon="-81.165993"><ele>12.9</ele></trkpt>
<trkpt lat="29.087926" lon="-81.164998"><ele>12.9</ele></trkpt>
<trkpt lat="29.089277" lon="-81.163680"><ele>13.0</ele></trkpt>
<trkpt lat="29.090514" lon="-81.162363"><ele>12.9</ele></trkpt>
<trkpt lat="29.092726" lon="-81.160208"><ele>12.7</ele></trkpt>
<trkpt lat="29.095891" lon="-81.157367"><ele>12.9</ele></trkpt>
<trkpt lat="29.099734" lon="-81.153839"><ele>14.0</ele></trkpt>
<trkpt lat="29.100093" lon="-81.153505"><ele>15.1</ele></trkpt>
<trkpt lat="29.106991" lon="-81.146853"><ele>13.0</ele></trkpt>
<trkpt lat="29.111567" lon="-81.142624"><ele>14.5</ele></trkpt>
<trkpt lat="29.111929" lon="-81.142283"><ele>15.6</ele></trkpt>
<trkpt lat="29.119911" lon="-81.134639"><ele>12.0</ele></trkpt>
<trkpt lat="29.129126" lon="-81.125900"><ele>13.0</ele></trkpt>
<trkpt lat="29.129812" lon="-81.125215"><ele>13.8</ele></trkpt>
<trkpt lat="29.134327" lon="-81.120922"><ele>10.2</ele></trkpt>
<trkpt lat="29.135337" lon="-81.119865"><ele>10.0</ele></trkpt>
<trkpt lat="29.135833" lon="-81.119286"><ele>10.2</ele></trkpt>
<trkpt lat="29.136302" lon="-81.118693"><ele>10.5</ele></trkpt>
<trkpt lat="29.136690" lon="-81.118152"><ele>10.2</ele></trkpt>
<trkpt lat="29.137071" lon="-81.117602"><ele>9.9</ele></trkpt>
<trkpt lat="29.137607" lon="-81.116753"><ele>10.0</ele></trkpt>
<trkpt lat="29.138031" lon="-81.116002"><ele>10.0</ele></trkpt>
<trkpt lat="29.138464" lon="-81.115173"><ele>9.9</ele></trkpt>
<trkpt lat="29.138931" lon="-81.114206"><ele>9.9</ele></trkpt>
<trkpt lat="29.139532" lon="-81.112898"><ele>10.0</ele></trkpt>
<trkpt lat="29.140386" lon="-81.110856"><ele>10.0</ele></trkpt>
<trkpt lat="29.143917" lon="-81.102496"><ele>9.8</ele></trkpt>
<trkpt lat="29.144884" lon="-81.100161"><ele>9.9</ele></trkpt>
<trkpt lat="29.149182" lon="-81.089946"><ele>8.7</ele></trkpt>
<trkpt lat="29.150120" lon="-81.087714"><ele>8.7</ele></trkpt>
<trkpt lat="29.150521" lon="-81.086772"><ele>8.9</ele></trkpt>
<trkpt lat="29.151427" lon="-81.084625"><ele>8.0</ele></trkpt>
<trkpt lat="29.151870" lon="-81.083593"><ele>8.0</ele></trkpt>
<trkpt lat="29.152759" lon="-81.081571"><ele>8.5</ele></trkpt>
<trkpt lat="29.153071" lon="-81.080959"><ele>8.4</ele></trkpt>
<trkpt lat="29.153438" lon="-81.080308"><ele>9.0</ele></trkpt>
<trkpt lat="29.154240" lon="-81.079187"><ele>10.5</ele></trkpt>
<trkpt lat="29.154393" lon="-81.079002"><ele>10.5</ele></trkpt>
<trkpt lat="29.154628" lon="-81.078730"><ele>10.2</ele></trkpt>
<trkpt lat="29.154931" lon="-81.078412"><ele>9.7</ele></trkpt>
<trkpt lat="29.155217" lon="-81.078151"><ele>9.6</ele></trkpt>
<trkpt lat="29.155568" lon="-81.077853"><ele>10.0</ele></trkpt>
<trkpt lat="29.155883" lon="-81.077616"><ele>10.7</ele></trkpt>
<trkpt lat="29.156093" lon="-81.077477"><ele>11.4</ele></trkpt>
<trkpt lat="29.156285" lon="-81.077363"><ele>11.9</ele></trkpt>
<trkpt lat="29.156417" lon="-81.077291"><ele>12.1</ele></trkpt>
<trkpt lat="29.156570" lon="-81.077222"><ele>12.5</ele></trkpt>
<trkpt lat="29.156793" lon="-81.077148"><ele>13.0</ele></trkpt>
<trkpt lat="29.157029" lon="-81.077082"><ele>11.6</ele></trkpt>
<trkpt lat="29.157322" lon="-81.077028"><ele>11.4</ele></trkpt>
<trkpt lat="29.157624" lon="-81.076984"><ele>11.2</ele></trkpt>
<trkpt lat="29.157984" lon="-81.076963"><ele>11.0</ele></trkpt>
<trkpt lat="29.158186" lon="-81.076967"><ele>10.9</ele></trkpt>
<trkpt lat="29.158817" lon="-81.077096"><ele>11.3</ele></trkpt>
<trkpt lat="29.159029" lon="-81.077153"><ele>11.2</ele></trkpt>
<trkpt lat="29.159350" lon="-81.077282"><ele>11.1</ele></trkpt>
<trkpt lat="29.159608" lon="-81.077406"><ele>10.7</ele></trkpt>
<trkpt lat="29.159836" lon="-81.077547"><ele>10.2</ele></trkpt>
<trkpt lat="29.161270" lon="-81.078598"><ele>9.0</ele></trkpt>
<trkpt lat="29.162471" lon="-81.079378"><ele>8.8</ele></trkpt>
<trkpt lat="29.162822" lon="-81.079595"><ele>9.0</ele></trkpt>
<trkpt lat="29.163589" lon="-81.080052"><ele>8.7</ele></trkpt>
<trkpt lat="29.164894" lon="-81.080760"><ele>8.6</ele></trkpt>
<trkpt lat="29.166081" lon="-81.081469"><ele>8.7</ele></trkpt>
<trkpt lat="29.167257" lon="-81.082092"><ele>9.1</ele></trkpt>
<trkpt lat="29.167577" lon="-81.082242"><ele>9.5</ele></trkpt>
<trkpt lat="29.169054" lon="-81.082867"><ele>11.1</ele></trkpt>
<trkpt lat="29.169621" lon="-81.083095"><ele>12.7</ele></trkpt>
<trkpt lat="29.170154" lon="-81.083293"><ele>14.0</ele></trkpt>
<trkpt lat="29.170558" lon="-81.083461"><ele>14.9</ele></trkpt>
<trkpt lat="29.171338" lon="-81.083815"><ele>14.8</ele></trkpt>
<trkpt lat="29.171867" lon="-81.084103"><ele>11.3</ele></trkpt>
<trkpt lat="29.172516" lon="-81.084469"><ele>12.8</ele></trkpt>
<trkpt lat="29.173179" lon="-81.084878"><ele>16.1</ele></trkpt>
<trkpt lat="29.173545" lon="-81.085136"><ele>12.3</ele></trkpt>
<trkpt lat="29.173721" lon="-81.085262"><ele>13.1</ele></trkpt>
<trkpt lat="29.175858" lon="-81.086948"><ele>9.3</ele></trkpt>
<trkpt lat="29.176257" lon="-81.087238"><ele>8.7</ele></trkpt>
<trkpt lat="29.176654" lon="-81.087500"><ele>8.3</ele></trkpt>
<trkpt lat="29.177035" lon="-81.087726"><ele>8.1</ele></trkpt>
<trkpt lat="29.177258" lon="-81.087824"><ele>8.1</ele></trkpt>
<trkpt lat="29.177519" lon="-81.087970"><ele>8.3</ele></trkpt>
<trkpt lat="29.177772" lon="-81.088097"><ele>8.3</ele></trkpt>
<trkpt lat="29.178236" lon="-81.088314"><ele>8.4</ele></trkpt>
<trkpt lat="29.180152" lon="-81.089091"><ele>8.0</ele></trkpt>
<trkpt lat="29.181401" lon="-81.089541"><ele>8.0</ele></trkpt>
<trkpt lat="29.181659" lon="-81.089677"><ele>8.0</ele></trkpt>
<trkpt lat="29.187573" lon="-81.091774"><ele>8.0</ele></trkpt>
<trkpt lat="29.212764" lon="-81.100522"><ele>8.0</ele></trkpt>
<trkpt lat="29.220561" lon="-81.103221"><ele>8.0</ele></trkpt>
<trkpt lat="29.224925" lon="-81.104748"><ele>7.9</ele></trkpt>
<trkpt lat="29.226831" lon="-81.105394"><ele>8.0</ele></trkpt>
<trkpt lat="29.252070" lon="-81.114154"><ele>7.0</ele></trkpt>
<trkpt lat="29.253727" lon="-81.114751"><ele>9.3</ele></trkpt>
<trkpt lat="29.256809" lon="-81.115835"><ele>8.0</ele></trkpt>
<trkpt lat="29.257219" lon="-81.115981"><ele>11.6</ele></trkpt>
<trkpt lat="29.262049" lon="-81.117655"><ele>2.1</ele></trkpt>
<trkpt lat="29.263428" lon="-81.118140"><ele>4.3</ele></trkpt>
<trkpt lat="29.266693" lon="-81.119249"><ele>6.0</ele></trkpt>
<trkpt lat="29.269157" lon="-81.120087"><ele>6.6</ele></trkpt>
<trkpt lat="29.272941" lon="-81.121436"><ele>6.9</ele></trkpt>
<trkpt lat="29.275684" lon="-81.122396"><ele>7.0</ele></trkpt>
<trkpt lat="29.281025" lon="-81.124032"><ele>7.3</ele></trkpt>
<trkpt lat="29.283744" lon="-81.125034"><ele>7.8</ele></trkpt>
<trkpt lat="29.286425" lon="-81.126107"><ele>7.9</ele></trkpt>
<trkpt lat="29.288252" lon="-81.126760"><ele>8.0</ele></trkpt>
<trkpt lat="29.300011" lon="-81.130850"><ele>8.2</ele></trkpt>
<trkpt lat="29.300787" lon="-81.131101"><ele>8.2</ele></trkpt>
<trkpt lat="29.301611" lon="-81.131310"><ele>8.5</ele></trkpt>
<trkpt lat="29.302456" lon="-81.131489"><ele>8.3</ele></trkpt>
<trkpt lat="29.303365" lon="-81.131605"><ele>8.3</ele></trkpt>
<trkpt lat="29.304248" lon="-81.131665"><ele>8.5</ele></trkpt>
<trkpt lat="29.304996" lon="-81.131663"><ele>8.5</ele></trkpt>
<trkpt lat="29.332594" lon="-81.131071"><ele>14.2</ele></trkpt>
<trkpt lat="29.333278" lon="-81.131051"><ele>12.0</ele></trkpt>
<trkpt lat="29.335467" lon="-81.131007"><ele>14.3</ele></trkpt>
<trkpt lat="29.336185" lon="-81.130992"><ele>11.2</ele></trkpt>
<trkpt lat="29.341556" lon="-81.130851"><ele>10.0</ele></trkpt>
<trkpt lat="29.346196" lon="-81.130781"><ele>10.0</ele></trkpt>
<trkpt lat="29.346780" lon="-81.130817"><ele>10.0</ele></trkpt>
<trkpt lat="29.347351" lon="-81.130894"><ele>10.0</ele></trkpt>
<trkpt lat="29.347764" lon="-81.130967"><ele>10.1</ele></trkpt>
<trkpt lat="29.348120" lon="-81.131041"><ele>10.1</ele></trkpt>
<trkpt lat="29.348580" lon="-81.131179"><ele>10.2</ele></trkpt>
<trkpt lat="29.349252" lon="-81.131406"><ele>10.3</ele></trkpt>
<trkpt lat="29.349809" lon="-81.131615"><ele>10.2</ele></trkpt>
<trkpt lat="29.423761" lon="-81.163764"><ele>8.2</ele></trkpt>
<trkpt lat="29.424980" lon="-81.164258"><ele>8.0</ele></trkpt>
<trkpt lat="29.428604" lon="-81.165653"><ele>7.9</ele></trkpt>
<trkpt lat="29.431106" lon="-81.166595"><ele>7.7</ele></trkpt>
<trkpt lat="29.454791" lon="-81.175613"><ele>7.8</ele></trkpt>
<trkpt lat="29.467218" lon="-81.180334"><ele>8.0</ele></trkpt>
<trkpt lat="29.470069" lon="-81.181416"><ele>7.7</ele></trkpt>
<trkpt lat="29.475515" lon="-81.183508"><ele>10.0</ele></trkpt>
<trkpt lat="29.476159" lon="-81.183744"><ele>9.2</ele></trkpt>
<trkpt lat="29.477347" lon="-81.184204"><ele>11.2</ele></trkpt>
<trkpt lat="29.482923" lon="-81.186315"><ele>7.8</ele></trkpt>
<trkpt lat="29.496981" lon="-81.191679"><ele>12.7</ele></trkpt>
<trkpt lat="29.497441" lon="-81.191857"><ele>10.0</ele></trkpt>
<trkpt lat="29.501680" lon="-81.193468"><ele>8.3</ele></trkpt>
<trkpt lat="29.506377" lon="-81.195264"><ele>8.6</ele></trkpt>
<trkpt lat="29.514666" lon="-81.198414"><ele>7.6</ele></trkpt>
<trkpt lat="29.532792" lon="-81.205335"><ele>7.5</ele></trkpt>
<trkpt lat="29.533938" lon="-81.205793"><ele>7.4</ele></trkpt>
<trkpt lat="29.534471" lon="-81.206025"><ele>7.5</ele></trkpt>
<trkpt lat="29.534995" lon="-81.206290"><ele>7.4</ele></trkpt>
<trkpt lat="29.535711" lon="-81.206674"><ele>7.2</ele></trkpt>
<trkpt lat="29.540712" lon="-81.209925"><ele>5.8</ele></trkpt>
<trkpt lat="29.545834" lon="-81.213275"><ele>7.9</ele></trkpt>
<trkpt lat="29.559783" lon="-81.222436"><ele>8.0</ele></trkpt>
<trkpt lat="29.592890" lon="-81.244154"><ele>8.7</ele></trkpt>
<trkpt lat="29.595039" lon="-81.245446"><ele>9.0</ele></trkpt>
<trkpt lat="29.602861" lon="-81.249709"><ele>8.9</ele></trkpt>
<trkpt lat="29.604234" lon="-81.250426"><ele>8.9</ele></trkpt>
<trkpt lat="29.643583" lon="-81.271814"><ele>8.9</ele></trkpt>
<trkpt lat="29.652327" lon="-81.276566"><ele>2.6</ele></trkpt>
<trkpt lat="29.652780" lon="-81.276819"><ele>2.5</ele></trkpt>
<trkpt lat="29.654047" lon="-81.277485"><ele>4.0</ele></trkpt>
<trkpt lat="29.654607" lon="-81.277803"><ele>4.4</ele></trkpt>
<trkpt lat="29.654893" lon="-81.277976"><ele>4.7</ele></trkpt>
<trkpt lat="29.655182" lon="-81.278164"><ele>5.0</ele></trkpt>
<trkpt lat="29.655782" lon="-81.278584"><ele>5.6</ele></trkpt>
<trkpt lat="29.656125" lon="-81.278839"><ele>5.9</ele></trkpt>
<trkpt lat="29.656407" lon="-81.279061"><ele>6.0</ele></trkpt>
<trkpt lat="29.656760" lon="-81.279356"><ele>6.2</ele></trkpt>
<trkpt lat="29.657262" lon="-81.279803"><ele>6.6</ele></trkpt>
<trkpt lat="29.657538" lon="-81.280065"><ele>6.8</ele></trkpt>
<trkpt lat="29.658142" lon="-81.280688"><ele>6.8</ele></trkpt>
<trkpt lat="29.658492" lon="-81.281075"><ele>6.9</ele></trkpt>
<trkpt lat="29.658814" lon="-81.281458"><ele>7.0</ele></trkpt>
<trkpt lat="29.659177" lon="-81.281912"><ele>6.9</ele></trkpt>
<trkpt lat="29.659748" lon="-81.282704"><ele>6.9</ele></trkpt>
<trkpt lat="29.660264" lon="-81.283527"><ele>7.0</ele></trkpt>
<trkpt lat="29.660410" lon="-81.283761"><ele>7.3</ele></trkpt>
<trkpt lat="29.661038" lon="-81.284848"><ele>8.6</ele></trkpt>
<trkpt lat="29.662390" lon="-81.287276"><ele>10.1</ele></trkpt>
<trkpt lat="29.662713" lon="-81.287837"><ele>10.6</ele></trkpt>
<trkpt lat="29.664138" lon="-81.290366"><ele>8.0</ele></trkpt>
<trkpt lat="29.665687" lon="-81.293078"><ele>7.7</ele></trkpt>
<trkpt lat="29.672158" lon="-81.304577"><ele>14.3</ele></trkpt>
<trkpt lat="29.672467" lon="-81.305139"><ele>14.5</ele></trkpt>
<trkpt lat="29.675614" lon="-81.310713"><ele>9.6</ele></trkpt>
<trkpt lat="29.676756" lon="-81.312708"><ele>9.7</ele></trkpt>
<trkpt lat="29.677018" lon="-81.313145"><ele>9.8</ele></trkpt>
<trkpt lat="29.677473" lon="-81.313865"><ele>9.7</ele></trkpt>
<trkpt lat="29.678012" lon="-81.314652"><ele>9.8</ele></trkpt>
<trkpt lat="29.678291" lon="-81.315032"><ele>9.8</ele></trkpt>
<trkpt lat="29.679048" lon="-81.315993"><ele>10.0</ele></trkpt>
<trkpt lat="29.679504" lon="-81.316521"><ele>10.0</ele></trkpt>
<trkpt lat="29.680085" lon="-81.317156"><ele>9.9</ele></trkpt>
<trkpt lat="29.680435" lon="-81.317514"><ele>9.9</ele></trkpt>
<trkpt lat="29.680913" lon="-81.317975"><ele>10.0</ele></trkpt>
<trkpt lat="29.681610" lon="-81.318599"><ele>10.0</ele></trkpt>
<trkpt lat="29.681893" lon="-81.318839"><ele>10.1</ele></trkpt>
<trkpt lat="29.682698" lon="-81.319481"><ele>10.1</ele></trkpt>
<trkpt lat="29.683552" lon="-81.320091"><ele>10.3</ele></trkpt>
<trkpt lat="29.684389" lon="-81.320630"><ele>10.4</ele></trkpt>
<trkpt lat="29.684706" lon="-81.320819"><ele>10.4</ele></trkpt>
<trkpt lat="29.685364" lon="-81.321187"><ele>10.5</ele></trkpt>
<trkpt lat="29.685635" lon="-81.321329"><ele>10.6</ele></trkpt>
<trkpt lat="29.686445" lon="-81.321723"><ele>10.8</ele></trkpt>
<trkpt lat="29.687141" lon="-81.322046"><ele>10.9</ele></trkpt>
<trkpt lat="29.709994" lon="-81.331191"><ele>11.6</ele></trkpt>
<trkpt lat="29.747875" lon="-81.346378"><ele>14.3</ele></trkpt>
<trkpt lat="29.748181" lon="-81.346499"><ele>13.5</ele></trkpt>
<trkpt lat="29.750090" lon="-81.347277"><ele>13.5</ele></trkpt>
<trkpt lat="29.786863" lon="-81.362029"><ele>12.2</ele></trkpt>
<trkpt lat="29.808683" lon="-81.370796"><ele>12.3</ele></trkpt>
<trkpt lat="29.809764" lon="-81.371279"><ele>12.5</ele></trkpt>
<trkpt lat="29.810836" lon="-81.371784"><ele>12.5</ele></trkpt>
<trkpt lat="29.814555" lon="-81.373636"><ele>12.4</ele></trkpt>
<trkpt lat="29.825375" lon="-81.378946"><ele>15.7</ele></trkpt>
<trkpt lat="29.825862" lon="-81.379181"><ele>13.8</ele></trkpt>
<trkpt lat="29.828382" lon="-81.380447"><ele>13.6</ele></trkpt>
<trkpt lat="29.830417" lon="-81.381458"><ele>12.7</ele></trkpt>
<trkpt lat="29.840759" lon="-81.386566"><ele>15.0</ele></trkpt>
<trkpt lat="29.841239" lon="-81.386796"><ele>20.8</ele></trkpt>
<trkpt lat="29.849334" lon="-81.390808"><ele>13.7</ele></trkpt>
<trkpt lat="29.850116" lon="-81.391178"><ele>13.9</ele></trkpt>
<trkpt lat="29.851282" lon="-81.391699"><ele>14.0</ele></trkpt>
<trkpt lat="29.853172" lon="-81.392386"><ele>14.0</ele></trkpt>
<trkpt lat="29.913135" lon="-81.410558"><ele>13.0</ele></trkpt>
<trkpt lat="29.917156" lon="-81.411769"><ele>16.6</ele></trkpt>
<trkpt lat="29.917667" lon="-81.411922"><ele>15.6</ele></trkpt>
<trkpt lat="29.918372" lon="-81.412133"><ele>17.3</ele></trkpt>
<trkpt lat="29.919935" lon="-81.412633"><ele>14.8</ele></trkpt>
<trkpt lat="29.920671" lon="-81.412912"><ele>13.6</ele></trkpt>
<trkpt lat="29.920979" lon="-81.413036"><ele>13.5</ele></trkpt>
<trkpt lat="29.921440" lon="-81.413241"><ele>13.5</ele></trkpt>
<trkpt lat="29.922541" lon="-81.413803"><ele>13.5</ele></trkpt>
<trkpt lat="29.923246" lon="-81.414252"><ele>13.9</ele></trkpt>
<trkpt lat="29.923585" lon="-81.414478"><ele>13.9</ele></trkpt>
<trkpt lat="29.924044" lon="-81.414809"><ele>13.9</ele></trkpt>
<trkpt lat="29.924760" lon="-81.415372"><ele>14.0</ele></trkpt>
<trkpt lat="29.925713" lon="-81.416200"><ele>13.9</ele></trkpt>
<trkpt lat="29.949315" lon="-81.437945"><ele>8.2</ele></trkpt>
<trkpt lat="29.949568" lon="-81.438179"><ele>7.8</ele></trkpt>
<trkpt lat="29.951931" lon="-81.440346"><ele>8.9</ele></trkpt>
<trkpt lat="29.952436" lon="-81.440801"><ele>9.0</ele></trkpt>
<trkpt lat="29.952921" lon="-81.441219"><ele>9.0</ele></trkpt>
<trkpt lat="29.954281" lon="-81.442287"><ele>9.1</ele></trkpt>
<trkpt lat="29.955318" lon="-81.443022"><ele>9.5</ele></trkpt>
<trkpt lat="29.956364" lon="-81.443709"><ele>9.6</ele></trkpt>
<trkpt lat="29.986325" lon="-81.461807"><ele>10.3</ele></trkpt>
<trkpt lat="29.992184" lon="-81.465316"><ele>10.1</ele></trkpt>
<trkpt lat="30.024751" lon="-81.485023"><ele>10.1</ele></trkpt>
<trkpt lat="30.041013" lon="-81.494840"><ele>10.2</ele></trkpt>
<trkpt lat="30.041911" lon="-81.495334"><ele>10.3</ele></trkpt>
<trkpt lat="30.042326" lon="-81.495539"><ele>10.5</ele></trkpt>
<trkpt lat="30.042765" lon="-81.495736"><ele>10.4</ele></trkpt>
<trkpt lat="30.043478" lon="-81.496019"><ele>10.3</ele></trkpt>
<trkpt lat="30.043912" lon="-81.496169"><ele>10.3</ele></trkpt>
<trkpt lat="30.044353" lon="-81.496307"><ele>10.4</ele></trkpt>
<trkpt lat="30.044789" lon="-81.496432"><ele>10.5</ele></trkpt>
<trkpt lat="30.045275" lon="-81.496550"><ele>10.5</ele></trkpt>
<trkpt lat="30.045765" lon="-81.496653"><ele>10.5</ele></trkpt>
<trkpt lat="30.046643" lon="-81.496794"><ele>10.6</ele></trkpt>
<trkpt lat="30.047187" lon="-81.496841"><ele>10.4</ele></trkpt>
<trkpt lat="30.064824" lon="-81.498041"><ele>8.4</ele></trkpt>
<trkpt lat="30.065314" lon="-81.498076"><ele>9.1</ele></trkpt>
<trkpt lat="30.069926" lon="-81.498373"><ele>6.0</ele></trkpt>
<trkpt lat="30.072244" lon="-81.498548"><ele>6.0</ele></trkpt>
<trkpt lat="30.073549" lon="-81.498607"><ele>6.0</ele></trkpt>
<trkpt lat="30.074227" lon="-81.498596"><ele>6.0</ele></trkpt>
<trkpt lat="30.074926" lon="-81.498574"><ele>5.7</ele></trkpt>
<trkpt lat="30.075629" lon="-81.498540"><ele>5.3</ele></trkpt>
<trkpt lat="30.085724" lon="-81.497782"><ele>3.1</ele></trkpt>
<trkpt lat="30.086081" lon="-81.497760"><ele>2.9</ele></trkpt>
<trkpt lat="30.087149" lon="-81.497688"><ele>4.2</ele></trkpt>
<trkpt lat="30.088876" lon="-81.497552"><ele>4.8</ele></trkpt>
<trkpt lat="30.089374" lon="-81.497526"><ele>5.0</ele></trkpt>
<trkpt lat="30.090046" lon="-81.497511"><ele>5.0</ele></trkpt>
<trkpt lat="30.090584" lon="-81.497516"><ele>5.3</ele></trkpt>
<trkpt lat="30.091489" lon="-81.497568"><ele>5.9</ele></trkpt>
<trkpt lat="30.092150" lon="-81.497625"><ele>6.1</ele></trkpt>
<trkpt lat="30.092613" lon="-81.497683"><ele>6.4</ele></trkpt>
<trkpt lat="30.093719" lon="-81.497874"><ele>6.6</ele></trkpt>
<trkpt lat="30.094227" lon="-81.497976"><ele>6.6</ele></trkpt>
<trkpt lat="30.095219" lon="-81.498239"><ele>6.7</ele></trkpt>
<trkpt lat="30.096423" lon="-81.498632"><ele>6.6</ele></trkpt>
<trkpt lat="30.096907" lon="-81.498814"><ele>6.6</ele></trkpt>
<trkpt lat="30.097981" lon="-81.499269"><ele>6.5</ele></trkpt>
<trkpt lat="30.098620" lon="-81.499576"><ele>6.5</ele></trkpt>
<trkpt lat="30.099720" lon="-81.500180"><ele>6.9</ele></trkpt>
<trkpt lat="30.100633" lon="-81.500734"><ele>7.0</ele></trkpt>
<trkpt lat="30.101150" lon="-81.501088"><ele>7.0</ele></trkpt>
<trkpt lat="30.101489" lon="-81.501333"><ele>7.1</ele></trkpt>
<trkpt lat="30.101990" lon="-81.501716"><ele>7.3</ele></trkpt>
<trkpt lat="30.102463" lon="-81.502097"><ele>7.7</ele></trkpt>
<trkpt lat="30.103380" lon="-81.502893"><ele>7.9</ele></trkpt>
<trkpt lat="30.103529" lon="-81.503030"><ele>7.8</ele></trkpt>
<trkpt lat="30.104447" lon="-81.503960"><ele>7.6</ele></trkpt>
<trkpt lat="30.106573" lon="-81.506015"><ele>7.8</ele></trkpt>
<trkpt lat="30.109619" lon="-81.509027"><ele>7.7</ele></trkpt>
<trkpt lat="30.110698" lon="-81.509895"><ele>7.7</ele></trkpt>
<trkpt lat="30.112899" lon="-81.511780"><ele>7.5</ele></trkpt>
<trkpt lat="30.113257" lon="-81.512076"><ele>7.7</ele></trkpt>
<trkpt lat="30.113443" lon="-81.512212"><ele>7.7</ele></trkpt>
<trkpt lat="30.113728" lon="-81.512389"><ele>7.7</ele></trkpt>
<trkpt lat="30.114041" lon="-81.512556"><ele>7.7</ele></trkpt>
<trkpt lat="30.114377" lon="-81.512696"><ele>7.6</ele></trkpt>
<trkpt lat="30.114720" lon="-81.512807"><ele>7.7</ele></trkpt>
<trkpt lat="30.114978" lon="-81.512869"><ele>7.7</ele></trkpt>
<trkpt lat="30.115352" lon="-81.512929"><ele>7.8</ele></trkpt>
<trkpt lat="30.115702" lon="-81.512947"><ele>7.9</ele></trkpt>
<trkpt lat="30.115955" lon="-81.512946"><ele>7.9</ele></trkpt>
<trkpt lat="30.117751" lon="-81.512888"><ele>7.8</ele></trkpt>
<trkpt lat="30.118134" lon="-81.512866"><ele>7.7</ele></trkpt>
<trkpt lat="30.118531" lon="-81.512834"><ele>7.6</ele></trkpt>
<trkpt lat="30.118914" lon="-81.512785"><ele>7.5</ele></trkpt>
<trkpt lat="30.119440" lon="-81.512708"><ele>7.6</ele></trkpt>
<trkpt lat="30.120363" lon="-81.512556"><ele>7.8</ele></trkpt>
<trkpt lat="30.128408" lon="-81.510650"><ele>6.8</ele></trkpt>
<trkpt lat="30.131129" lon="-81.510019"><ele>9.8</ele></trkpt>
<trkpt lat="30.132559" lon="-81.509668"><ele>10.7</ele></trkpt>
<trkpt lat="30.132870" lon="-81.509599"><ele>9.0</ele></trkpt>
<trkpt lat="30.133991" lon="-81.509333"><ele>11.9</ele></trkpt>
<trkpt lat="30.134874" lon="-81.509144"><ele>10.4</ele></trkpt>
<trkpt lat="30.136703" lon="-81.508779"><ele>13.3</ele></trkpt>
<trkpt lat="30.137633" lon="-81.508615"><ele>11.6</ele></trkpt>
<trkpt lat="30.139594" lon="-81.508309"><ele>8.9</ele></trkpt>
<trkpt lat="30.141034" lon="-81.508074"><ele>7.8</ele></trkpt>
<trkpt lat="30.143151" lon="-81.507878"><ele>10.0</ele></trkpt>
<trkpt lat="30.143931" lon="-81.507836"><ele>10.8</ele></trkpt>
<trkpt lat="30.144988" lon="-81.507810"><ele>10.4</ele></trkpt>
<trkpt lat="30.145251" lon="-81.507805"><ele>11.4</ele></trkpt>
<trkpt lat="30.146054" lon="-81.507805"><ele>8.5</ele></trkpt>
<trkpt lat="30.148259" lon="-81.507815"><ele>8.0</ele></trkpt>
<trkpt lat="30.149357" lon="-81.507868"><ele>7.5</ele></trkpt>
<trkpt lat="30.151645" lon="-81.508017"><ele>6.8</ele></trkpt>
<trkpt lat="30.151985" lon="-81.508043"><ele>8.8</ele></trkpt>
<trkpt lat="30.153308" lon="-81.508185"><ele>9.1</ele></trkpt>
<trkpt lat="30.154307" lon="-81.508309"><ele>5.5</ele></trkpt>
<trkpt lat="30.155216" lon="-81.508439"><ele>8.2</ele></trkpt>
<trkpt lat="30.156445" lon="-81.508641"><ele>8.4</ele></trkpt>
<trkpt lat="30.157270" lon="-81.508792"><ele>6.6</ele></trkpt>
<trkpt lat="30.158382" lon="-81.509015"><ele>7.8</ele></trkpt>
<trkpt lat="30.159241" lon="-81.509203"><ele>8.7</ele></trkpt>
<trkpt lat="30.159972" lon="-81.509375"><ele>9.5</ele></trkpt>
<trkpt lat="30.160630" lon="-81.509537"><ele>10.0</ele></trkpt>
<trkpt lat="30.161692" lon="-81.509818"><ele>11.4</ele></trkpt>
<trkpt lat="30.162540" lon="-81.510059"><ele>12.9</ele></trkpt>
<trkpt lat="30.165572" lon="-81.510975"><ele>13.1</ele></trkpt>
<trkpt lat="30.165891" lon="-81.511071"><ele>15.2</ele></trkpt>
<trkpt lat="30.168050" lon="-81.511739"><ele>15.8</ele></trkpt>
<trkpt lat="30.169022" lon="-81.512096"><ele>14.6</ele></trkpt>
<trkpt lat="30.170288" lon="-81.512492"><ele>13.7</ele></trkpt>
<trkpt lat="30.171567" lon="-81.512878"><ele>13.4</ele></trkpt>
<trkpt lat="30.171997" lon="-81.512997"><ele>13.4</ele></trkpt>
<trkpt lat="30.172429" lon="-81.513105"><ele>13.4</ele></trkpt>
<trkpt lat="30.173303" lon="-81.513287"><ele>13.3</ele></trkpt>
<trkpt lat="30.173741" lon="-81.513360"><ele>13.3</ele></trkpt>
<trkpt lat="30.174181" lon="-81.513421"><ele>13.3</ele></trkpt>
<trkpt lat="30.175167" lon="-81.513527"><ele>13.6</ele></trkpt>
<trkpt lat="30.175947" lon="-81.513586"><ele>14.3</ele></trkpt>
<trkpt lat="30.176803" lon="-81.513625"><ele>14.8</ele></trkpt>
<trkpt lat="30.178046" lon="-81.513702"><ele>15.2</ele></trkpt>
<trkpt lat="30.178874" lon="-81.513766"><ele>14.3</ele></trkpt>
<trkpt lat="30.179366" lon="-81.513784"><ele>15.3</ele></trkpt>
<trkpt lat="30.179614" lon="-81.513779"><ele>15.3</ele></trkpt>
<trkpt lat="30.179946" lon="-81.513759"><ele>15.1</ele></trkpt>
<trkpt lat="30.180427" lon="-81.513707"><ele>15.5</ele></trkpt>
<trkpt lat="30.180770" lon="-81.513644"><ele>15.5</ele></trkpt>
<trkpt lat="30.181677" lon="-81.513460"><ele>13.6</ele></trkpt>
<trkpt lat="30.182005" lon="-81.513413"><ele>13.2</ele></trkpt>
<trkpt lat="30.182418" lon="-81.513372"><ele>13.0</ele></trkpt>
<trkpt lat="30.182748" lon="-81.513359"><ele>13.0</ele></trkpt>
<trkpt lat="30.183078" lon="-81.513360"><ele>13.0</ele></trkpt>
<trkpt lat="30.183520" lon="-81.513383"><ele>13.0</ele></trkpt>
<trkpt lat="30.184504" lon="-81.513454"><ele>12.4</ele></trkpt>
<trkpt lat="30.184955" lon="-81.513493"><ele>12.5</ele></trkpt>
<trkpt lat="30.185719" lon="-81.513541"><ele>12.7</ele></trkpt>
<trkpt lat="30.186692" lon="-81.513562"><ele>12.7</ele></trkpt>
<trkpt lat="30.215705" lon="-81.513892"><ele>15.1</ele></trkpt>
<trkpt lat="30.216197" lon="-81.513893"><ele>15.1</ele></trkpt>
<trkpt lat="30.235759" lon="-81.514109"><ele>10.3</ele></trkpt>
<trkpt lat="30.236256" lon="-81.514116"><ele>10.3</ele></trkpt>
<trkpt lat="30.238743" lon="-81.514148"><ele>11.1</ele></trkpt>
<trkpt lat="30.239427" lon="-81.514146"><ele>9.9</ele></trkpt>
<trkpt lat="30.240677" lon="-81.514156"><ele>8.1</ele></trkpt>
<trkpt lat="30.242831" lon="-81.514239"><ele>8.7</ele></trkpt>
<trkpt lat="30.244188" lon="-81.514362"><ele>9.1</ele></trkpt>
<trkpt lat="30.245258" lon="-81.514479"><ele>9.6</ele></trkpt>
<trkpt lat="30.246450" lon="-81.514648"><ele>10.2</ele></trkpt>
<trkpt lat="30.247468" lon="-81.514821"><ele>10.1</ele></trkpt>
<trkpt lat="30.248435" lon="-81.515006"><ele>10.1</ele></trkpt>
<trkpt lat="30.249952" lon="-81.515322"><ele>10.9</ele></trkpt>
<trkpt lat="30.250933" lon="-81.515500"><ele>10.4</ele></trkpt>
<trkpt lat="30.252134" lon="-81.515834"><ele>11.4</ele></trkpt>
<trkpt lat="30.255987" lon="-81.516937"><ele>12.2</ele></trkpt>
<trkpt lat="30.261227" lon="-81.518376"><ele>11.1</ele></trkpt>
<trkpt lat="30.263973" lon="-81.519086"><ele>11.6</ele></trkpt>
<trkpt lat="30.266089" lon="-81.519693"><ele>14.6</ele></trkpt>
<trkpt lat="30.266700" lon="-81.519890"><ele>15.3</ele></trkpt>
<trkpt lat="30.268204" lon="-81.520288"><ele>15.9</ele></trkpt>
<trkpt lat="30.268945" lon="-81.520455"><ele>13.1</ele></trkpt>
<trkpt lat="30.270430" lon="-81.520749"><ele>15.3</ele></trkpt>
<trkpt lat="30.272872" lon="-81.521138"><ele>12.4</ele></trkpt>
<trkpt lat="30.275408" lon="-81.521336"><ele>13.4</ele></trkpt>
<trkpt lat="30.276250" lon="-81.521369"><ele>14.0</ele></trkpt>
<trkpt lat="30.279808" lon="-81.521480"><ele>12.1</ele></trkpt>
<trkpt lat="30.281944" lon="-81.521532"><ele>11.4</ele></trkpt>
<trkpt lat="30.284977" lon="-81.521550"><ele>14.3</ele></trkpt>
<trkpt lat="30.286627" lon="-81.521599"><ele>14.4</ele></trkpt>
<trkpt lat="30.287306" lon="-81.521621"><ele>12.6</ele></trkpt>
<trkpt lat="30.294685" lon="-81.521808"><ele>15.9</ele></trkpt>
<trkpt lat="30.295137" lon="-81.521816"><ele>13.7</ele></trkpt>
<trkpt lat="30.295753" lon="-81.521859"><ele>14.8</ele></trkpt>
<trkpt lat="30.296667" lon="-81.521976"><ele>13.7</ele></trkpt>
<trkpt lat="30.297576" lon="-81.522108"><ele>12.2</ele></trkpt>
<trkpt lat="30.298546" lon="-81.522340"><ele>12.2</ele></trkpt>
<trkpt lat="30.299993" lon="-81.522790"><ele>14.4</ele></trkpt>
<trkpt lat="30.300904" lon="-81.523053"><ele>12.6</ele></trkpt>
<trkpt lat="30.301481" lon="-81.523190"><ele>15.6</ele></trkpt>
<trkpt lat="30.302548" lon="-81.523387"><ele>14.2</ele></trkpt>
<trkpt lat="30.303474" lon="-81.523499"><ele>13.1</ele></trkpt>
<trkpt lat="30.304512" lon="-81.523550"><ele>12.8</ele></trkpt>
<trkpt lat="30.308595" lon="-81.523662"><ele>12.2</ele></trkpt>
<trkpt lat="30.309010" lon="-81.523687"><ele>14.7</ele></trkpt>
<trkpt lat="30.310255" lon="-81.523713"><ele>13.9</ele></trkpt>
<trkpt lat="30.311634" lon="-81.523819"><ele>12.3</ele></trkpt>
<trkpt lat="30.313236" lon="-81.523969"><ele>12.9</ele></trkpt>
<trkpt lat="30.314724" lon="-81.524247"><ele>16.0</ele></trkpt>
<trkpt lat="30.316060" lon="-81.524544"><ele>15.3</ele></trkpt>
<trkpt lat="30.317241" lon="-81.524865"><ele>17.1</ele></trkpt>
<trkpt lat="30.318390" lon="-81.525258"><ele>17.2</ele></trkpt>
<trkpt lat="30.320111" lon="-81.525885"><ele>14.4</ele></trkpt>
<trkpt lat="30.320686" lon="-81.526079"><ele>15.6</ele></trkpt>
<trkpt lat="30.323708" lon="-81.527225"><ele>12.3</ele></trkpt>
<trkpt lat="30.324362" lon="-81.527472"><ele>13.0</ele></trkpt>
<trkpt lat="30.326667" lon="-81.528347"><ele>13.8</ele></trkpt>
<trkpt lat="30.327042" lon="-81.528514"><ele>13.7</ele></trkpt>
<trkpt lat="30.327367" lon="-81.528681"><ele>13.6</ele></trkpt>
<trkpt lat="30.327665" lon="-81.528845"><ele>13.4</ele></trkpt>
<trkpt lat="30.327957" lon="-81.529024"><ele>13.1</ele></trkpt>
<trkpt lat="30.328264" lon="-81.529244"><ele>12.8</ele></trkpt>
<trkpt lat="30.328625" lon="-81.529519"><ele>13.2</ele></trkpt>
<trkpt lat="30.328990" lon="-81.529843"><ele>14.1</ele></trkpt>
<trkpt lat="30.329660" lon="-81.530471"><ele>14.4</ele></trkpt>
<trkpt lat="30.329951" lon="-81.530764"><ele>13.4</ele></trkpt>
<trkpt lat="30.330488" lon="-81.531278"><ele>13.3</ele></trkpt>
<trkpt lat="30.337556" lon="-81.538092"><ele>8.5</ele></trkpt>
<trkpt lat="30.338281" lon="-81.538809"><ele>8.9</ele></trkpt>
<trkpt lat="30.339004" lon="-81.539541"><ele>10.9</ele></trkpt>
<trkpt lat="30.340317" lon="-81.540942"><ele>13.8</ele></trkpt>
<trkpt lat="30.340742" lon="-81.541408"><ele>13.2</ele></trkpt>
<trkpt lat="30.341142" lon="-81.541858"><ele>12.6</ele></trkpt>
<trkpt lat="30.342146" lon="-81.543010"><ele>14.6</ele></trkpt>
<trkpt lat="30.342956" lon="-81.543984"><ele>13.2</ele></trkpt>
<trkpt lat="30.343529" lon="-81.544694"><ele>13.1</ele></trkpt>
<trkpt lat="30.344378" lon="-81.545776"><ele>13.0</ele></trkpt>
<trkpt lat="30.345181" lon="-81.546834"><ele>12.8</ele></trkpt>
<trkpt lat="30.346565" lon="-81.548766"><ele>13.1</ele></trkpt>
<trkpt lat="30.347271" lon="-81.549797"><ele>14.5</ele></trkpt>
<trkpt lat="30.348741" lon="-81.552003"><ele>15.5</ele></trkpt>
<trkpt lat="30.349074" lon="-81.552421"><ele>15.4</ele></trkpt>
<trkpt lat="30.349395" lon="-81.552790"><ele>15.2</ele></trkpt>
<trkpt lat="30.349753" lon="-81.553157"><ele>17.5</ele></trkpt>
<trkpt lat="30.350041" lon="-81.553411"><ele>17.6</ele></trkpt>
<trkpt lat="30.350385" lon="-81.553693"><ele>17.3</ele></trkpt>
<trkpt lat="30.350940" lon="-81.554079"><ele>16.8</ele></trkpt>
<trkpt lat="30.351684" lon="-81.554470"><ele>16.3</ele></trkpt>
<trkpt lat="30.352156" lon="-81.554674"><ele>14.6</ele></trkpt>
<trkpt lat="30.352676" lon="-81.554853"><ele>14.2</ele></trkpt>
<trkpt lat="30.353053" lon="-81.554963"><ele>14.6</ele></trkpt>
<trkpt lat="30.353361" lon="-81.555026"><ele>14.4</ele></trkpt>
<trkpt lat="30.353690" lon="-81.555083"><ele>14.3</ele></trkpt>
<trkpt lat="30.354153" lon="-81.555133"><ele>14.1</ele></trkpt>
<trkpt lat="30.354462" lon="-81.555173"><ele>14.2</ele></trkpt>
<trkpt lat="30.354873" lon="-81.555175"><ele>13.9</ele></trkpt>
<trkpt lat="30.355111" lon="-81.555167"><ele>13.5</ele></trkpt>
<trkpt lat="30.355704" lon="-81.555111"><ele>12.5</ele></trkpt>
<trkpt lat="30.356464" lon="-81.554954"><ele>11.6</ele></trkpt>
<trkpt lat="30.356753" lon="-81.554876"><ele>11.3</ele></trkpt>
<trkpt lat="30.357174" lon="-81.554746"><ele>10.8</ele></trkpt>
<trkpt lat="30.359462" lon="-81.554001"><ele>8.7</ele></trkpt>
<trkpt lat="30.360380" lon="-81.553683"><ele>8.0</ele></trkpt>
<trkpt lat="30.362012" lon="-81.553156"><ele>4.6</ele></trkpt>
<trkpt lat="30.365096" lon="-81.552204"><ele>1.9</ele></trkpt>
<trkpt lat="30.365715" lon="-81.552016"><ele>1.9</ele></trkpt>
<trkpt lat="30.366215" lon="-81.551884"><ele>2.0</ele></trkpt>
<trkpt lat="30.366937" lon="-81.551741"><ele>2.1</ele></trkpt>
<trkpt lat="30.367574" lon="-81.551650"><ele>2.2</ele></trkpt>
<trkpt lat="30.367915" lon="-81.551610"><ele>2.2</ele></trkpt>
<trkpt lat="30.368307" lon="-81.551576"><ele>2.3</ele></trkpt>
<trkpt lat="30.368612" lon="-81.551558"><ele>2.3</ele></trkpt>
<trkpt lat="30.369282" lon="-81.551539"><ele>2.4</ele></trkpt>
<trkpt lat="30.370425" lon="-81.551579"><ele>2.5</ele></trkpt>
<trkpt lat="30.371059" lon="-81.551650"><ele>2.6</ele></trkpt>
<trkpt lat="30.371499" lon="-81.551718"><ele>2.6</ele></trkpt>
<trkpt lat="30.372085" lon="-81.551829"><ele>2.7</ele></trkpt>
<trkpt lat="30.373236" lon="-81.552094"><ele>2.8</ele></trkpt>
<trkpt lat="30.373998" lon="-81.552346"><ele>2.9</ele></trkpt>
<trkpt lat="30.374690" lon="-81.552611"><ele>3.0</ele></trkpt>
<trkpt lat="30.377663" lon="-81.553881"><ele>3.4</ele></trkpt>
<trkpt lat="30.383528" lon="-81.556437"><ele>4.1</ele></trkpt>
<trkpt lat="30.384969" lon="-81.557052"><ele>4.3</ele></trkpt>
<trkpt lat="30.385163" lon="-81.557149"><ele>4.3</ele></trkpt>
<trkpt lat="30.387836" lon="-81.558297"><ele>4.7</ele></trkpt>
<trkpt lat="30.390936" lon="-81.559575"><ele>5.1</ele></trkpt>
<trkpt lat="30.393044" lon="-81.560515"><ele>5.4</ele></trkpt>
<trkpt lat="30.396873" lon="-81.562154"><ele>4.5</ele></trkpt>
<trkpt lat="30.397756" lon="-81.562515"><ele>4.8</ele></trkpt>
<trkpt lat="30.398134" lon="-81.562661"><ele>4.8</ele></trkpt>
<trkpt lat="30.400076" lon="-81.563464"><ele>9.8</ele></trkpt>
<trkpt lat="30.400822" lon="-81.563762"><ele>11.4</ele></trkpt>
<trkpt lat="30.401866" lon="-81.564114"><ele>12.1</ele></trkpt>
<trkpt lat="30.402767" lon="-81.564344"><ele>7.7</ele></trkpt>
<trkpt lat="30.403087" lon="-81.564379"><ele>10.9</ele></trkpt>
<trkpt lat="30.403543" lon="-81.564461"><ele>11.2</ele></trkpt>
<trkpt lat="30.403968" lon="-81.564520"><ele>10.5</ele></trkpt>
<trkpt lat="30.404501" lon="-81.564574"><ele>9.2</ele></trkpt>
<trkpt lat="30.404766" lon="-81.564612"><ele>8.6</ele></trkpt>
<trkpt lat="30.405202" lon="-81.564630"><ele>7.5</ele></trkpt>
<trkpt lat="30.405645" lon="-81.564637"><ele>6.6</ele></trkpt>
<trkpt lat="30.411836" lon="-81.564615"><ele>7.0</ele></trkpt>
<trkpt lat="30.412410" lon="-81.564619"><ele>5.7</ele></trkpt>
<trkpt lat="30.413473" lon="-81.564630"><ele>8.0</ele></trkpt>
<trkpt lat="30.413907" lon="-81.564652"><ele>7.6</ele></trkpt>
<trkpt lat="30.414334" lon="-81.564686"><ele>6.9</ele></trkpt>
<trkpt lat="30.415199" lon="-81.564799"><ele>5.1</ele></trkpt>
<trkpt lat="30.415838" lon="-81.564920"><ele>4.2</ele></trkpt>
<trkpt lat="30.416467" lon="-81.565069"><ele>3.9</ele></trkpt>
<trkpt lat="30.416886" lon="-81.565185"><ele>4.0</ele></trkpt>
<trkpt lat="30.417513" lon="-81.565381"><ele>5.0</ele></trkpt>
<trkpt lat="30.418127" lon="-81.565608"><ele>6.8</ele></trkpt>
<trkpt lat="30.418733" lon="-81.565865"><ele>8.8</ele></trkpt>
<trkpt lat="30.419131" lon="-81.566049"><ele>9.6</ele></trkpt>
<trkpt lat="30.419524" lon="-81.566250"><ele>10.2</ele></trkpt>
<trkpt lat="30.419915" lon="-81.566463"><ele>10.3</ele></trkpt>
<trkpt lat="30.420338" lon="-81.566709"><ele>7.9</ele></trkpt>
<trkpt lat="30.421192" lon="-81.567264"><ele>10.6</ele></trkpt>
<trkpt lat="30.421499" lon="-81.567482"><ele>10.8</ele></trkpt>
<trkpt lat="30.421868" lon="-81.567762"><ele>10.1</ele></trkpt>
<trkpt lat="30.422738" lon="-81.568524"><ele>7.5</ele></trkpt>
<trkpt lat="30.424569" lon="-81.570230"><ele>5.5</ele></trkpt>
<trkpt lat="30.426151" lon="-81.571775"><ele>5.8</ele></trkpt>
<trkpt lat="30.428307" lon="-81.573845"><ele>5.0</ele></trkpt>
<trkpt lat="30.429213" lon="-81.574779"><ele>2.8</ele></trkpt>
<trkpt lat="30.429929" lon="-81.575518"><ele>5.7</ele></trkpt>
<trkpt lat="30.431350" lon="-81.577128"><ele>6.3</ele></trkpt>
<trkpt lat="30.433312" lon="-81.579575"><ele>6.3</ele></trkpt>
<trkpt lat="30.433830" lon="-81.580240"><ele>8.6</ele></trkpt>
<trkpt lat="30.436216" lon="-81.583394"><ele>4.5</ele></trkpt>
<trkpt lat="30.437659" lon="-81.585304"><ele>5.2</ele></trkpt>
<trkpt lat="30.438927" lon="-81.586956"><ele>5.8</ele></trkpt>
<trkpt lat="30.440023" lon="-81.588364"><ele>8.2</ele></trkpt>
<trkpt lat="30.440446" lon="-81.588917"><ele>9.8</ele></trkpt>
<trkpt lat="30.441248" lon="-81.590014"><ele>8.1</ele></trkpt>
<trkpt lat="30.441794" lon="-81.590893"><ele>6.7</ele></trkpt>
<trkpt lat="30.442266" lon="-81.591784"><ele>5.9</ele></trkpt>
<trkpt lat="30.442682" lon="-81.592728"><ele>5.5</ele></trkpt>
<trkpt lat="30.442950" lon="-81.593479"><ele>5.2</ele></trkpt>
<trkpt lat="30.443181" lon="-81.594327"><ele>5.0</ele></trkpt>
<trkpt lat="30.443394" lon="-81.595271"><ele>4.5</ele></trkpt>
<trkpt lat="30.444548" lon="-81.601069"><ele>7.6</ele></trkpt>
<trkpt lat="30.444660" lon="-81.601616"><ele>8.1</ele></trkpt>
<trkpt lat="30.445548" lon="-81.606088"><ele>5.0</ele></trkpt>
<trkpt lat="30.446049" lon="-81.608446"><ele>5.8</ele></trkpt>
<trkpt lat="30.446336" lon="-81.609540"><ele>6.2</ele></trkpt>
<trkpt lat="30.446585" lon="-81.610227"><ele>7.0</ele></trkpt>
<trkpt lat="30.446912" lon="-81.610887"><ele>8.3</ele></trkpt>
<trkpt lat="30.447103" lon="-81.611229"><ele>8.9</ele></trkpt>
<trkpt lat="30.447295" lon="-81.611545"><ele>9.3</ele></trkpt>
<trkpt lat="30.448067" lon="-81.612729"><ele>8.8</ele></trkpt>
<trkpt lat="30.448531" lon="-81.613434"><ele>10.4</ele></trkpt>
<trkpt lat="30.449527" lon="-81.614980"><ele>7.0</ele></trkpt>
<trkpt lat="30.452144" lon="-81.618906"><ele>3.3</ele></trkpt>
<trkpt lat="30.453254" lon="-81.620666"><ele>3.6</ele></trkpt>
<trkpt lat="30.454410" lon="-81.622425"><ele>4.4</ele></trkpt>
<trkpt lat="30.454845" lon="-81.623187"><ele>4.5</ele></trkpt>
<trkpt lat="30.455159" lon="-81.623917"><ele>4.7</ele></trkpt>
<trkpt lat="30.455446" lon="-81.624721"><ele>5.0</ele></trkpt>
<trkpt lat="30.455658" lon="-81.625601"><ele>5.1</ele></trkpt>
<trkpt lat="30.455996" lon="-81.626894"><ele>5.3</ele></trkpt>
<trkpt lat="30.456316" lon="-81.628727"><ele>5.9</ele></trkpt>
<trkpt lat="30.456733" lon="-81.630987"><ele>8.5</ele></trkpt>
<trkpt lat="30.457541" lon="-81.634826"><ele>11.2</ele></trkpt>
<trkpt lat="30.457651" lon="-81.635450"><ele>11.4</ele></trkpt>
<trkpt lat="30.457826" lon="-81.636441"><ele>11.7</ele></trkpt>
<trkpt lat="30.458889" lon="-81.642378"><ele>8.3</ele></trkpt>
<trkpt lat="30.459007" lon="-81.642999"><ele>7.2</ele></trkpt>
<trkpt lat="30.459189" lon="-81.643598"><ele>7.1</ele></trkpt>
<trkpt lat="30.459425" lon="-81.644247"><ele>7.1</ele></trkpt>
<trkpt lat="30.459888" lon="-81.645164"><ele>7.4</ele></trkpt>
<trkpt lat="30.460456" lon="-81.645824"><ele>8.0</ele></trkpt>
<trkpt lat="30.460868" lon="-81.646142"><ele>8.1</ele></trkpt>
<trkpt lat="30.461549" lon="-81.646461"><ele>7.4</ele></trkpt>
<trkpt lat="30.462528" lon="-81.646817"><ele>6.9</ele></trkpt>
<trkpt lat="30.463840" lon="-81.647153"><ele>6.2</ele></trkpt>
<trkpt lat="30.464306" lon="-81.647226"><ele>6.1</ele></trkpt>
<trkpt lat="30.464766" lon="-81.647261"><ele>6.2</ele></trkpt>
<trkpt lat="30.465199" lon="-81.647273"><ele>6.2</ele></trkpt>
<trkpt lat="30.465647" lon="-81.647258"><ele>6.1</ele></trkpt>
<trkpt lat="30.466127" lon="-81.647204"><ele>6.1</ele></trkpt>
<trkpt lat="30.466612" lon="-81.647120"><ele>6.2</ele></trkpt>
<trkpt lat="30.467898" lon="-81.646782"><ele>6.3</ele></trkpt>
<trkpt lat="30.468475" lon="-81.646668"><ele>6.5</ele></trkpt>
<trkpt lat="30.468807" lon="-81.646656"><ele>6.1</ele></trkpt>
<trkpt lat="30.473019" lon="-81.645469"><ele>7.9</ele></trkpt>
<trkpt lat="30.474656" lon="-81.644980"><ele>8.0</ele></trkpt>
<trkpt lat="30.481266" lon="-81.643610"><ele>10.8</ele></trkpt>
<trkpt lat="30.481783" lon="-81.643496"><ele>12.0</ele></trkpt>
<trkpt lat="30.486143" lon="-81.642578"><ele>7.8</ele></trkpt>
<trkpt lat="30.488232" lon="-81.642145"><ele>7.8</ele></trkpt>
<trkpt lat="30.489130" lon="-81.641908"><ele>7.9</ele></trkpt>
<trkpt lat="30.489941" lon="-81.641669"><ele>8.1</ele></trkpt>
<trkpt lat="30.490768" lon="-81.641409"><ele>8.2</ele></trkpt>
<trkpt lat="30.491387" lon="-81.641185"><ele>8.1</ele></trkpt>
<trkpt lat="30.492261" lon="-81.640845"><ele>8.0</ele></trkpt>
<trkpt lat="30.493114" lon="-81.640477"><ele>8.0</ele></trkpt>
<trkpt lat="30.500080" lon="-81.637303"><ele>8.5</ele></trkpt>
<trkpt lat="30.504307" lon="-81.635348"><ele>8.9</ele></trkpt>
<trkpt lat="30.505211" lon="-81.634993"><ele>8.8</ele></trkpt>
<trkpt lat="30.506254" lon="-81.634665"><ele>8.7</ele></trkpt>
<trkpt lat="30.507298" lon="-81.634436"><ele>8.6</ele></trkpt>
<trkpt lat="30.508630" lon="-81.634265"><ele>8.2</ele></trkpt>
<trkpt lat="30.510005" lon="-81.634230"><ele>8.0</ele></trkpt>
<trkpt lat="30.510994" lon="-81.634279"><ele>8.2</ele></trkpt>
<trkpt lat="30.513142" lon="-81.634494"><ele>8.1</ele></trkpt>
<trkpt lat="30.517426" lon="-81.634969"><ele>9.9</ele></trkpt>
<trkpt lat="30.517804" lon="-81.635002"><ele>10.4</ele></trkpt>
<trkpt lat="30.539676" lon="-81.637357"><ele>5.0</ele></trkpt>
<trkpt lat="30.541561" lon="-81.637593"><ele>4.2</ele></trkpt>
<trkpt lat="30.543059" lon="-81.637827"><ele>3.9</ele></trkpt>
<trkpt lat="30.544047" lon="-81.638000"><ele>3.7</ele></trkpt>
<trkpt lat="30.545751" lon="-81.638349"><ele>3.0</ele></trkpt>
<trkpt lat="30.574948" lon="-81.645584"><ele>3.3</ele></trkpt>
<trkpt lat="30.576644" lon="-81.646009"><ele>1.5</ele></trkpt>
<trkpt lat="30.577989" lon="-81.646338"><ele>3.2</ele></trkpt>
<trkpt lat="30.579199" lon="-81.646600"><ele>2.8</ele></trkpt>
<trkpt lat="30.580055" lon="-81.646741"><ele>2.8</ele></trkpt>
<trkpt lat="30.581382" lon="-81.646870"><ele>3.0</ele></trkpt>
<trkpt lat="30.582404" lon="-81.646891"><ele>3.0</ele></trkpt>
<trkpt lat="30.583248" lon="-81.646891"><ele>3.0</ele></trkpt>
<trkpt lat="30.584186" lon="-81.646819"><ele>2.9</ele></trkpt>
<trkpt lat="30.587787" lon="-81.646300"><ele>2.5</ele></trkpt>
<trkpt lat="30.588646" lon="-81.646163"><ele>1.0</ele></trkpt>
<trkpt lat="30.598433" lon="-81.644657"><ele>3.1</ele></trkpt>
<trkpt lat="30.599176" lon="-81.644569"><ele>3.4</ele></trkpt>
<trkpt lat="30.599580" lon="-81.644532"><ele>3.6</ele></trkpt>
<trkpt lat="30.600350" lon="-81.644485"><ele>3.9</ele></trkpt>
<trkpt lat="30.601124" lon="-81.644468"><ele>4.2</ele></trkpt>
<trkpt lat="30.601893" lon="-81.644494"><ele>4.3</ele></trkpt>
<trkpt lat="30.602550" lon="-81.644538"><ele>4.5</ele></trkpt>
<trkpt lat="30.603191" lon="-81.644600"><ele>4.6</ele></trkpt>
<trkpt lat="30.603943" lon="-81.644692"><ele>4.7</ele></trkpt>
<trkpt lat="30.605243" lon="-81.644949"><ele>4.6</ele></trkpt>
<trkpt lat="30.606641" lon="-81.645334"><ele>4.8</ele></trkpt>
<trkpt lat="30.614597" lon="-81.648123"><ele>5.9</ele></trkpt>
<trkpt lat="30.617295" lon="-81.649091"><ele>8.5</ele></trkpt>
<trkpt lat="30.619197" lon="-81.649761"><ele>8.1</ele></trkpt>
<trkpt lat="30.619601" lon="-81.649908"><ele>11.4</ele></trkpt>
<trkpt lat="30.621715" lon="-81.650654"><ele>8.1</ele></trkpt>
<trkpt lat="30.624283" lon="-81.651546"><ele>6.9</ele></trkpt>
<trkpt lat="30.654275" lon="-81.662105"><ele>7.5</ele></trkpt>
<trkpt lat="30.659221" lon="-81.663859"><ele>7.0</ele></trkpt>
<trkpt lat="30.672442" lon="-81.668525"><ele>7.7</ele></trkpt>
<trkpt lat="30.673529" lon="-81.668902"><ele>7.3</ele></trkpt>
<trkpt lat="30.692475" lon="-81.675578"><ele>7.4</ele></trkpt>
<trkpt lat="30.693577" lon="-81.675907"><ele>7.6</ele></trkpt>
<trkpt lat="30.694342" lon="-81.676076"><ele>7.8</ele></trkpt>
<trkpt lat="30.695116" lon="-81.676217"><ele>7.7</ele></trkpt>
<trkpt lat="30.695696" lon="-81.676299"><ele>7.4</ele></trkpt>
<trkpt lat="30.696852" lon="-81.676398"><ele>7.0</ele></trkpt>
<trkpt lat="30.697423" lon="-81.676408"><ele>7.0</ele></trkpt>
<trkpt lat="30.698222" lon="-81.676403"><ele>6.9</ele></trkpt>
<trkpt lat="30.699013" lon="-81.676363"><ele>6.8</ele></trkpt>
<trkpt lat="30.699638" lon="-81.676296"><ele>6.5</ele></trkpt>
<trkpt lat="30.700246" lon="-81.676199"><ele>6.1</ele></trkpt>
<trkpt lat="30.700909" lon="-81.676081"><ele>5.9</ele></trkpt>
<trkpt lat="30.701567" lon="-81.675932"><ele>5.7</ele></trkpt>
<trkpt lat="30.702140" lon="-81.675788"><ele>5.5</ele></trkpt>
<trkpt lat="30.703353" lon="-81.675393"><ele>5.9</ele></trkpt>
<trkpt lat="30.703992" lon="-81.675142"><ele>6.1</ele></trkpt>
<trkpt lat="30.704894" lon="-81.674739"><ele>6.3</ele></trkpt>
<trkpt lat="30.710521" lon="-81.671804"><ele>12.7</ele></trkpt>
<trkpt lat="30.711509" lon="-81.671289"><ele>10.3</ele></trkpt>
<trkpt lat="30.731101" lon="-81.661005"><ele>2.2</ele></trkpt>
<trkpt lat="30.742410" lon="-81.655105"><ele>7.4</ele></trkpt>
<trkpt lat="30.744299" lon="-81.654117"><ele>6.3</ele></trkpt>
<trkpt lat="30.745503" lon="-81.653457"><ele>5.7</ele></trkpt>
<trkpt lat="30.747882" lon="-81.652216"><ele>4.4</ele></trkpt>
<trkpt lat="30.748514" lon="-81.651901"><ele>3.8</ele></trkpt>
<trkpt lat="30.748720" lon="-81.651804"><ele>3.7</ele></trkpt>
<trkpt lat="30.749134" lon="-81.651628"><ele>3.6</ele></trkpt>
<trkpt lat="30.749578" lon="-81.651467"><ele>3.7</ele></trkpt>
<trkpt lat="30.749901" lon="-81.651370"><ele>3.7</ele></trkpt>
<trkpt lat="30.750451" lon="-81.651219"><ele>3.9</ele></trkpt>
<trkpt lat="30.751003" lon="-81.651087"><ele>4.2</ele></trkpt>
<trkpt lat="30.751346" lon="-81.651036"><ele>4.2</ele></trkpt>
<trkpt lat="30.751804" lon="-81.651004"><ele>4.4</ele></trkpt>
<trkpt lat="30.752836" lon="-81.650967"><ele>4.9</ele></trkpt>
<trkpt lat="30.753634" lon="-81.651046"><ele>5.0</ele></trkpt>
<trkpt lat="30.754418" lon="-81.651157"><ele>4.9</ele></trkpt>
<trkpt lat="30.755067" lon="-81.651285"><ele>5.0</ele></trkpt>
<trkpt lat="30.766264" lon="-81.653646"><ele>6.9</ele></trkpt>
<trkpt lat="30.771734" lon="-81.654780"><ele>6.8</ele></trkpt>
<trkpt lat="30.790093" lon="-81.658548"><ele>10.7</ele></trkpt>
<trkpt lat="30.790365" lon="-81.658595"><ele>11.0</ele></trkpt>
<trkpt lat="30.790963" lon="-81.658727"><ele>11.8</ele></trkpt>
<trkpt lat="30.791635" lon="-81.658857"><ele>12.1</ele></trkpt>
<trkpt lat="30.799019" lon="-81.660383"><ele>8.0</ele></trkpt>
<trkpt lat="30.801439" lon="-81.660913"><ele>7.8</ele></trkpt>
<trkpt lat="30.816790" lon="-81.664523"><ele>7.6</ele></trkpt>
<trkpt lat="30.822343" lon="-81.665778"><ele>8.5</ele></trkpt>
<trkpt lat="30.825333" lon="-81.666441"><ele>8.9</ele></trkpt>
<trkpt lat="30.825715" lon="-81.666516"><ele>8.8</ele></trkpt>
<trkpt lat="30.830442" lon="-81.667520"><ele>6.3</ele></trkpt>
<trkpt lat="30.838380" lon="-81.669230"><ele>4.1</ele></trkpt>
<trkpt lat="30.839702" lon="-81.669512"><ele>4.1</ele></trkpt>
<trkpt lat="30.841244" lon="-81.669859"><ele>3.9</ele></trkpt>
<trkpt lat="30.842106" lon="-81.670111"><ele>3.6</ele></trkpt>
<trkpt lat="30.842855" lon="-81.670368"><ele>3.6</ele></trkpt>
<trkpt lat="30.843753" lon="-81.670725"><ele>4.7</ele></trkpt>
<trkpt lat="30.844497" lon="-81.671064"><ele>5.0</ele></trkpt>
<trkpt lat="30.869560" lon="-81.683009"><ele>6.8</ele></trkpt>
<trkpt lat="30.870766" lon="-81.683560"><ele>6.8</ele></trkpt>
<trkpt lat="30.871969" lon="-81.684045"><ele>7.0</ele></trkpt>
<trkpt lat="30.872720" lon="-81.684322"><ele>7.2</ele></trkpt>
<trkpt lat="30.873346" lon="-81.684522"><ele>7.3</ele></trkpt>
<trkpt lat="30.874387" lon="-81.684821"><ele>7.4</ele></trkpt>
<trkpt lat="30.875736" lon="-81.685143"><ele>7.2</ele></trkpt>
<trkpt lat="30.877101" lon="-81.685391"><ele>7.2</ele></trkpt>
<trkpt lat="30.878003" lon="-81.685518"><ele>7.2</ele></trkpt>
<trkpt lat="30.878901" lon="-81.685611"><ele>7.5</ele></trkpt>
<trkpt lat="30.880645" lon="-81.685711"><ele>7.0</ele></trkpt>
<trkpt lat="30.905894" lon="-81.685823"><ele>5.5</ele></trkpt>
<trkpt lat="30.911967" lon="-81.685841"><ele>4.6</ele></trkpt>
<trkpt lat="30.912377" lon="-81.685840"><ele>5.5</ele></trkpt>
<trkpt lat="30.926418" lon="-81.685858"><ele>7.8</ele></trkpt>
<trkpt lat="30.933287" lon="-81.685901"><ele>6.3</ele></trkpt>
<trkpt lat="30.935714" lon="-81.685977"><ele>7.0</ele></trkpt>
<trkpt lat="30.939882" lon="-81.686164"><ele>7.5</ele></trkpt>
<trkpt lat="30.943283" lon="-81.686329"><ele>8.9</ele></trkpt>
<trkpt lat="30.944508" lon="-81.686329"><ele>8.9</ele></trkpt>
<trkpt lat="30.945733" lon="-81.686285"><ele>9.3</ele></trkpt>
<trkpt lat="30.946627" lon="-81.686153"><ele>8.9</ele></trkpt>
<trkpt lat="30.948168" lon="-81.685830"><ele>9.5</ele></trkpt>
<trkpt lat="30.949333" lon="-81.685439"><ele>9.1</ele></trkpt>
<trkpt lat="30.950265" lon="-81.685045"><ele>8.7</ele></trkpt>
<trkpt lat="30.952033" lon="-81.684167"><ele>8.7</ele></trkpt>
<trkpt lat="30.953416" lon="-81.683504"><ele>7.5</ele></trkpt>
<trkpt lat="30.954897" lon="-81.682718"><ele>8.8</ele></trkpt>
<trkpt lat="30.957446" lon="-81.681527"><ele>11.0</ele></trkpt>
<trkpt lat="30.960562" lon="-81.680076"><ele>3.3</ele></trkpt>
<trkpt lat="30.971407" lon="-81.674855"><ele>2.8</ele></trkpt>
<trkpt lat="30.974038" lon="-81.673617"><ele>3.0</ele></trkpt>
<trkpt lat="30.986694" lon="-81.667517"><ele>2.9</ele></trkpt>
<trkpt lat="30.988960" lon="-81.666587"><ele>2.8</ele></trkpt>
<trkpt lat="30.990714" lon="-81.665956"><ele>2.8</ele></trkpt>
<trkpt lat="30.994350" lon="-81.664884"><ele>2.9</ele></trkpt>
<trkpt lat="31.013102" lon="-81.659728"><ele>2.8</ele></trkpt>
<trkpt lat="31.015967" lon="-81.658949"><ele>1.8</ele></trkpt>
<trkpt lat="31.016246" lon="-81.658869"><ele>2.0</ele></trkpt>
<trkpt lat="31.023407" lon="-81.656906"><ele>2.7</ele></trkpt>
<trkpt lat="31.036043" lon="-81.653413"><ele>4.3</ele></trkpt>
<trkpt lat="31.038562" lon="-81.652726"><ele>2.7</ele></trkpt>
<trkpt lat="31.039474" lon="-81.652482"><ele>4.6</ele></trkpt>
<trkpt lat="31.040515" lon="-81.652183"><ele>3.6</ele></trkpt>
<trkpt lat="31.041512" lon="-81.651839"><ele>2.9</ele></trkpt>
<trkpt lat="31.042524" lon="-81.651428"><ele>2.8</ele></trkpt>
<trkpt lat="31.042974" lon="-81.651228"><ele>2.7</ele></trkpt>
<trkpt lat="31.043347" lon="-81.651041"><ele>2.7</ele></trkpt>
<trkpt lat="31.044734" lon="-81.650289"><ele>2.5</ele></trkpt>
<trkpt lat="31.045447" lon="-81.649832"><ele>2.6</ele></trkpt>
<trkpt lat="31.046398" lon="-81.649157"><ele>2.8</ele></trkpt>
<trkpt lat="31.046876" lon="-81.648795"><ele>3.0</ele></trkpt>
<trkpt lat="31.047319" lon="-81.648415"><ele>3.6</ele></trkpt>
<trkpt lat="31.048542" lon="-81.647333"><ele>6.3</ele></trkpt>
<trkpt lat="31.057451" lon="-81.638349"><ele>7.3</ele></trkpt>
<trkpt lat="31.058667" lon="-81.637134"><ele>8.0</ele></trkpt>
<trkpt lat="31.059856" lon="-81.635892"><ele>8.0</ele></trkpt>
<trkpt lat="31.060438" lon="-81.635262"><ele>8.5</ele></trkpt>
<trkpt lat="31.062274" lon="-81.633205"><ele>9.0</ele></trkpt>
<trkpt lat="31.063064" lon="-81.632337"><ele>9.4</ele></trkpt>
<trkpt lat="31.066590" lon="-81.628635"><ele>9.4</ele></trkpt>
<trkpt lat="31.086438" lon="-81.608695"><ele>5.2</ele></trkpt>
<trkpt lat="31.089127" lon="-81.606299"><ele>5.5</ele></trkpt>
<trkpt lat="31.089812" lon="-81.605748"><ele>6.0</ele></trkpt>
<trkpt lat="31.092661" lon="-81.603581"><ele>7.0</ele></trkpt>
<trkpt lat="31.097001" lon="-81.600877"><ele>8.0</ele></trkpt>
<trkpt lat="31.109429" lon="-81.592916"><ele>5.9</ele></trkpt>
<trkpt lat="31.117001" lon="-81.588076"><ele>4.4</ele></trkpt>
<trkpt lat="31.119084" lon="-81.586749"><ele>4.1</ele></trkpt>
<trkpt lat="31.133248" lon="-81.577676"><ele>6.0</ele></trkpt>
<trkpt lat="31.137330" lon="-81.575027"><ele>9.8</ele></trkpt>
<trkpt lat="31.137961" lon="-81.574616"><ele>8.8</ele></trkpt>
<trkpt lat="31.142747" lon="-81.571544"><ele>11.4</ele></trkpt>
<trkpt lat="31.143160" lon="-81.571287"><ele>8.2</ele></trkpt>
<trkpt lat="31.143832" lon="-81.570866"><ele>10.4</ele></trkpt>
<trkpt lat="31.144483" lon="-81.570379"><ele>10.0</ele></trkpt>
<trkpt lat="31.145367" lon="-81.569740"><ele>7.5</ele></trkpt>
<trkpt lat="31.147357" lon="-81.568190"><ele>4.8</ele></trkpt>
<trkpt lat="31.150492" lon="-81.565797"><ele>4.6</ele></trkpt>
<trkpt lat="31.154728" lon="-81.562472"><ele>2.1</ele></trkpt>
<trkpt lat="31.161963" lon="-81.556795"><ele>3.5</ele></trkpt>
<trkpt lat="31.163797" lon="-81.555506"><ele>6.4</ele></trkpt>
<trkpt lat="31.164861" lon="-81.554781"><ele>7.8</ele></trkpt>
<trkpt lat="31.168109" lon="-81.552712"><ele>3.3</ele></trkpt>
<trkpt lat="31.168393" lon="-81.552551"><ele>3.8</ele></trkpt>
<trkpt lat="31.176368" lon="-81.547411"><ele>4.0</ele></trkpt>
<trkpt lat="31.178198" lon="-81.546267"><ele>4.8</ele></trkpt>
<trkpt lat="31.180115" lon="-81.545189"><ele>5.1</ele></trkpt>
<trkpt lat="31.182287" lon="-81.544121"><ele>4.4</ele></trkpt>
<trkpt lat="31.183386" lon="-81.543628"><ele>4.3</ele></trkpt>
<trkpt lat="31.184521" lon="-81.543164"><ele>4.7</ele></trkpt>
<trkpt lat="31.186237" lon="-81.542488"><ele>3.1</ele></trkpt>
<trkpt lat="31.187913" lon="-81.541808"><ele>2.6</ele></trkpt>
<trkpt lat="31.191983" lon="-81.540158"><ele>2.1</ele></trkpt>
<trkpt lat="31.196990" lon="-81.538195"><ele>1.5</ele></trkpt>
<trkpt lat="31.207231" lon="-81.534102"><ele>1.9</ele></trkpt>
<trkpt lat="31.209376" lon="-81.533246"><ele>4.8</ele></trkpt>
<trkpt lat="31.210391" lon="-81.532839"><ele>3.5</ele></trkpt>
<trkpt lat="31.211090" lon="-81.532519"><ele>3.4</ele></trkpt>
<trkpt lat="31.211739" lon="-81.532152"><ele>3.5</ele></trkpt>
<trkpt lat="31.212494" lon="-81.531645"><ele>3.7</ele></trkpt>
<trkpt lat="31.213310" lon="-81.530955"><ele>4.2</ele></trkpt>
<trkpt lat="31.214362" lon="-81.529843"><ele>5.0</ele></trkpt>
<trkpt lat="31.216815" lon="-81.526671"><ele>6.9</ele></trkpt>
<trkpt lat="31.218545" lon="-81.524713"><ele>8.3</ele></trkpt>
<trkpt lat="31.220669" lon="-81.522639"><ele>8.1</ele></trkpt>
<trkpt lat="31.221125" lon="-81.522212"><ele>12.8</ele></trkpt>
<trkpt lat="31.222636" lon="-81.520780"><ele>9.3</ele></trkpt>
<trkpt lat="31.224045" lon="-81.519426"><ele>8.2</ele></trkpt>
<trkpt lat="31.224541" lon="-81.518889"><ele>8.8</ele></trkpt>
<trkpt lat="31.226185" lon="-81.517349"><ele>12.1</ele></trkpt>
<trkpt lat="31.227407" lon="-81.516159"><ele>10.6</ele></trkpt>
<trkpt lat="31.228454" lon="-81.515169"><ele>14.2</ele></trkpt>
<trkpt lat="31.241448" lon="-81.502751"><ele>9.6</ele></trkpt>
<trkpt lat="31.242193" lon="-81.502177"><ele>9.8</ele></trkpt>
<trkpt lat="31.242948" lon="-81.501630"><ele>10.0</ele></trkpt>
<trkpt lat="31.243549" lon="-81.501241"><ele>9.9</ele></trkpt>
<trkpt lat="31.244175" lon="-81.500890"><ele>9.9</ele></trkpt>
<trkpt lat="31.245425" lon="-81.500278"><ele>10.2</ele></trkpt>
<trkpt lat="31.247082" lon="-81.499667"><ele>10.3</ele></trkpt>
<trkpt lat="31.259905" lon="-81.495233"><ele>11.5</ele></trkpt>
<trkpt lat="31.282332" lon="-81.487510"><ele>10.7</ele></trkpt>
<trkpt lat="31.301544" lon="-81.481273"><ele>9.5</ele></trkpt>
<trkpt lat="31.306169" lon="-81.479806"><ele>11.2</ele></trkpt>
<trkpt lat="31.309096" lon="-81.478862"><ele>10.7</ele></trkpt>
<trkpt lat="31.310070" lon="-81.478525"><ele>10.7</ele></trkpt>
<trkpt lat="31.311390" lon="-81.478127"><ele>10.9</ele></trkpt>
<trkpt lat="31.313837" lon="-81.477317"><ele>10.7</ele></trkpt>
<trkpt lat="31.314976" lon="-81.476924"><ele>10.4</ele></trkpt>
<trkpt lat="31.316820" lon="-81.476302"><ele>9.9</ele></trkpt>
<trkpt lat="31.317310" lon="-81.476122"><ele>9.8</ele></trkpt>
<trkpt lat="31.319051" lon="-81.475388"><ele>8.6</ele></trkpt>
<trkpt lat="31.320628" lon="-81.474649"><ele>7.0</ele></trkpt>
<trkpt lat="31.322764" lon="-81.473576"><ele>4.8</ele></trkpt>
<trkpt lat="31.326317" lon="-81.471751"><ele>3.1</ele></trkpt>
<trkpt lat="31.328156" lon="-81.470851"><ele>3.3</ele></trkpt>
<trkpt lat="31.334394" lon="-81.467723"><ele>6.9</ele></trkpt>
<trkpt lat="31.338899" lon="-81.465478"><ele>6.0</ele></trkpt>
<trkpt lat="31.342283" lon="-81.463816"><ele>3.3</ele></trkpt>
<trkpt lat="31.343342" lon="-81.463394"><ele>3.3</ele></trkpt>
<trkpt lat="31.343681" lon="-81.463248"><ele>3.4</ele></trkpt>
<trkpt lat="31.346942" lon="-81.462097"><ele>3.3</ele></trkpt>
<trkpt lat="31.350859" lon="-81.461025"><ele>3.0</ele></trkpt>
<trkpt lat="31.356290" lon="-81.459535"><ele>3.7</ele></trkpt>
<trkpt lat="31.362356" lon="-81.457853"><ele>2.1</ele></trkpt>
<trkpt lat="31.368003" lon="-81.456317"><ele>3.7</ele></trkpt>
<trkpt lat="31.372452" lon="-81.455090"><ele>4.0</ele></trkpt>
<trkpt lat="31.374019" lon="-81.454646"><ele>5.3</ele></trkpt>
<trkpt lat="31.387292" lon="-81.450997"><ele>2.5</ele></trkpt>
<trkpt lat="31.388939" lon="-81.450538"><ele>3.8</ele></trkpt>
<trkpt lat="31.391016" lon="-81.449984"><ele>5.8</ele></trkpt>
<trkpt lat="31.405614" lon="-81.445968"><ele>10.0</ele></trkpt>
<trkpt lat="31.412472" lon="-81.444098"><ele>9.3</ele></trkpt>
<trkpt lat="31.414277" lon="-81.443707"><ele>9.2</ele></trkpt>
<trkpt lat="31.416064" lon="-81.443402"><ele>9.3</ele></trkpt>
<trkpt lat="31.417809" lon="-81.443175"><ele>9.8</ele></trkpt>
<trkpt lat="31.419408" lon="-81.443043"><ele>10.0</ele></trkpt>
<trkpt lat="31.420973" lon="-81.442976"><ele>10.0</ele></trkpt>
<trkpt lat="31.422511" lon="-81.442960"><ele>10.0</ele></trkpt>
<trkpt lat="31.424036" lon="-81.443012"><ele>10.1</ele></trkpt>
<trkpt lat="31.427644" lon="-81.443293"><ele>11.0</ele></trkpt>
<trkpt lat="31.431706" lon="-81.443624"><ele>10.1</ele></trkpt>
<trkpt lat="31.434507" lon="-81.443840"><ele>8.5</ele></trkpt>
<trkpt lat="31.441320" lon="-81.444394"><ele>3.3</ele></trkpt>
<trkpt lat="31.441591" lon="-81.444416"><ele>3.7</ele></trkpt>
<trkpt lat="31.471459" lon="-81.446843"><ele>6.7</ele></trkpt>
<trkpt lat="31.473818" lon="-81.447047"><ele>7.0</ele></trkpt>
<trkpt lat="31.476624" lon="-81.447160"><ele>7.0</ele></trkpt>
<trkpt lat="31.478560" lon="-81.447200"><ele>7.0</ele></trkpt>
<trkpt lat="31.481170" lon="-81.447176"><ele>6.1</ele></trkpt>
<trkpt lat="31.483765" lon="-81.447071"><ele>5.6</ele></trkpt>
<trkpt lat="31.519426" lon="-81.445482"><ele>5.8</ele></trkpt>
<trkpt lat="31.527126" lon="-81.445131"><ele>3.8</ele></trkpt>
<trkpt lat="31.531848" lon="-81.444925"><ele>4.3</ele></trkpt>
<trkpt lat="31.535516" lon="-81.444749"><ele>2.7</ele></trkpt>
<trkpt lat="31.536224" lon="-81.444716"><ele>4.1</ele></trkpt>
<trkpt lat="31.544856" lon="-81.444297"><ele>5.8</ele></trkpt>
<trkpt lat="31.546596" lon="-81.444149"><ele>5.5</ele></trkpt>
<trkpt lat="31.549727" lon="-81.443744"><ele>4.7</ele></trkpt>
<trkpt lat="31.553302" lon="-81.443034"><ele>5.3</ele></trkpt>
<trkpt lat="31.555851" lon="-81.442376"><ele>5.7</ele></trkpt>
<trkpt lat="31.558388" lon="-81.441604"><ele>4.8</ele></trkpt>
<trkpt lat="31.560701" lon="-81.440757"><ele>4.8</ele></trkpt>
<trkpt lat="31.562979" lon="-81.439837"><ele>5.3</ele></trkpt>
<trkpt lat="31.564406" lon="-81.439199"><ele>5.7</ele></trkpt>
<trkpt lat="31.633823" lon="-81.404705"><ele>7.9</ele></trkpt>
<trkpt lat="31.636834" lon="-81.403223"><ele>6.9</ele></trkpt>
<trkpt lat="31.643595" lon="-81.399858"><ele>4.0</ele></trkpt>
<trkpt lat="31.644330" lon="-81.399481"><ele>3.2</ele></trkpt>
<trkpt lat="31.645513" lon="-81.398907"><ele>1.8</ele></trkpt>
<trkpt lat="31.649615" lon="-81.396869"><ele>4.0</ele></trkpt>
<trkpt lat="31.653526" lon="-81.394896"><ele>7.4</ele></trkpt>
<trkpt lat="31.654051" lon="-81.394626"><ele>5.6</ele></trkpt>
<trkpt lat="31.656408" lon="-81.393543"><ele>5.1</ele></trkpt>
<trkpt lat="31.657416" lon="-81.393191"><ele>5.0</ele></trkpt>
<trkpt lat="31.658790" lon="-81.392827"><ele>3.5</ele></trkpt>
<trkpt lat="31.659215" lon="-81.392761"><ele>4.8</ele></trkpt>
<trkpt lat="31.659504" lon="-81.392715"><ele>4.9</ele></trkpt>
<trkpt lat="31.660352" lon="-81.392614"><ele>4.7</ele></trkpt>
<trkpt lat="31.665552" lon="-81.392367"><ele>5.2</ele></trkpt>
<trkpt lat="31.701732" lon="-81.390706"><ele>6.8</ele></trkpt>
<trkpt lat="31.704120" lon="-81.390570"><ele>6.8</ele></trkpt>
<trkpt lat="31.705221" lon="-81.390482"><ele>6.7</ele></trkpt>
<trkpt lat="31.706317" lon="-81.390377"><ele>6.2</ele></trkpt>
<trkpt lat="31.716367" lon="-81.389357"><ele>2.4</ele></trkpt>
<trkpt lat="31.716920" lon="-81.389302"><ele>3.5</ele></trkpt>
<trkpt lat="31.730132" lon="-81.387966"><ele>4.0</ele></trkpt>
<trkpt lat="31.731928" lon="-81.387701"><ele>4.0</ele></trkpt>
<trkpt lat="31.733927" lon="-81.387324"><ele>5.9</ele></trkpt>
<trkpt lat="31.735351" lon="-81.387041"><ele>7.5</ele></trkpt>
<trkpt lat="31.736017" lon="-81.386898"><ele>7.0</ele></trkpt>
<trkpt lat="31.737424" lon="-81.386628"><ele>5.9</ele></trkpt>
<trkpt lat="31.740452" lon="-81.386023"><ele>3.2</ele></trkpt>
<trkpt lat="31.741887" lon="-81.385706"><ele>3.2</ele></trkpt>
<trkpt lat="31.743058" lon="-81.385422"><ele>3.3</ele></trkpt>
<trkpt lat="31.745955" lon="-81.384662"><ele>3.3</ele></trkpt>
<trkpt lat="31.748902" lon="-81.383940"><ele>4.0</ele></trkpt>
<trkpt lat="31.753656" lon="-81.382967"><ele>3.3</ele></trkpt>
<trkpt lat="31.754849" lon="-81.382731"><ele>3.2</ele></trkpt>
<trkpt lat="31.755314" lon="-81.382637"><ele>2.0</ele></trkpt>
<trkpt lat="31.760857" lon="-81.381536"><ele>4.8</ele></trkpt>
<trkpt lat="31.762738" lon="-81.381183"><ele>4.2</ele></trkpt>
<trkpt lat="31.767230" lon="-81.380495"><ele>4.1</ele></trkpt>
<trkpt lat="31.769138" lon="-81.380232"><ele>5.2</ele></trkpt>
<trkpt lat="31.770403" lon="-81.380034"><ele>5.9</ele></trkpt>
<trkpt lat="31.772205" lon="-81.379721"><ele>6.3</ele></trkpt>
<trkpt lat="31.777434" lon="-81.378708"><ele>7.0</ele></trkpt>
<trkpt lat="31.778249" lon="-81.378538"><ele>7.7</ele></trkpt>
<trkpt lat="31.779654" lon="-81.378268"><ele>6.1</ele></trkpt>
<trkpt lat="31.784286" lon="-81.377269"><ele>6.3</ele></trkpt>
<trkpt lat="31.786417" lon="-81.376679"><ele>6.2</ele></trkpt>
<trkpt lat="31.789791" lon="-81.375570"><ele>5.8</ele></trkpt>
<trkpt lat="31.791626" lon="-81.374841"><ele>5.7</ele></trkpt>
<trkpt lat="31.793609" lon="-81.374018"><ele>4.6</ele></trkpt>
<trkpt lat="31.795251" lon="-81.373234"><ele>4.2</ele></trkpt>
<trkpt lat="31.796865" lon="-81.372410"><ele>4.6</ele></trkpt>
<trkpt lat="31.806469" lon="-81.367240"><ele>1.6</ele></trkpt>
<trkpt lat="31.806716" lon="-81.367093"><ele>2.1</ele></trkpt>
<trkpt lat="31.807603" lon="-81.366619"><ele>4.2</ele></trkpt>
<trkpt lat="31.815420" lon="-81.362417"><ele>4.6</ele></trkpt>
<trkpt lat="31.820195" lon="-81.359837"><ele>3.6</ele></trkpt>
<trkpt lat="31.821091" lon="-81.359365"><ele>5.9</ele></trkpt>
<trkpt lat="31.828436" lon="-81.355396"><ele>3.7</ele></trkpt>
<trkpt lat="31.830359" lon="-81.354365"><ele>6.6</ele></trkpt>
<trkpt lat="31.831672" lon="-81.353639"><ele>4.5</ele></trkpt>
<trkpt lat="31.839878" lon="-81.349221"><ele>5.0</ele></trkpt>
<trkpt lat="31.850660" lon="-81.343399"><ele>5.0</ele></trkpt>
<trkpt lat="31.856247" lon="-81.340440"><ele>7.2</ele></trkpt>
<trkpt lat="31.861423" lon="-81.337629"><ele>5.7</ele></trkpt>
<trkpt lat="31.866972" lon="-81.334665"><ele>5.3</ele></trkpt>
<trkpt lat="31.868181" lon="-81.334047"><ele>5.5</ele></trkpt>
<trkpt lat="31.869371" lon="-81.333498"><ele>4.6</ele></trkpt>
<trkpt lat="31.871739" lon="-81.332498"><ele>5.3</ele></trkpt>
<trkpt lat="31.896017" lon="-81.323785"><ele>7.3</ele></trkpt>
<trkpt lat="31.897310" lon="-81.323397"><ele>7.3</ele></trkpt>
<trkpt lat="31.898205" lon="-81.323198"><ele>7.0</ele></trkpt>
<trkpt lat="31.899117" lon="-81.323053"><ele>6.7</ele></trkpt>
<trkpt lat="31.899994" lon="-81.322970"><ele>4.8</ele></trkpt>
<trkpt lat="31.900688" lon="-81.322957"><ele>4.7</ele></trkpt>
<trkpt lat="31.901385" lon="-81.322962"><ele>5.2</ele></trkpt>
<trkpt lat="31.902101" lon="-81.323022"><ele>5.6</ele></trkpt>
<trkpt lat="31.903063" lon="-81.323152"><ele>5.6</ele></trkpt>
<trkpt lat="31.903707" lon="-81.323270"><ele>5.6</ele></trkpt>
<trkpt lat="31.904971" lon="-81.323600"><ele>5.6</ele></trkpt>
<trkpt lat="31.905615" lon="-81.323807"><ele>5.5</ele></trkpt>
<trkpt lat="31.906132" lon="-81.323959"><ele>5.3</ele></trkpt>
<trkpt lat="31.911813" lon="-81.325784"><ele>11.6</ele></trkpt>
<trkpt lat="31.912531" lon="-81.326010"><ele>9.0</ele></trkpt>
<trkpt lat="31.922443" lon="-81.329202"><ele>6.8</ele></trkpt>
<trkpt lat="31.923091" lon="-81.329411"><ele>6.8</ele></trkpt>
<trkpt lat="31.927558" lon="-81.330848"><ele>10.3</ele></trkpt>
<trkpt lat="31.928253" lon="-81.331067"><ele>8.1</ele></trkpt>
<trkpt lat="31.930525" lon="-81.331794"><ele>12.8</ele></trkpt>
<trkpt lat="31.931122" lon="-81.331989"><ele>11.2</ele></trkpt>
<trkpt lat="31.941028" lon="-81.335172"><ele>5.8</ele></trkpt>
<trkpt lat="31.941792" lon="-81.335396"><ele>5.8</ele></trkpt>
<trkpt lat="31.942713" lon="-81.335623"><ele>5.8</ele></trkpt>
<trkpt lat="31.943625" lon="-81.335786"><ele>6.0</ele></trkpt>
<trkpt lat="31.944472" lon="-81.335894"><ele>5.8</ele></trkpt>
<trkpt lat="31.945328" lon="-81.335953"><ele>5.3</ele></trkpt>
<trkpt lat="31.946248" lon="-81.335960"><ele>4.7</ele></trkpt>
<trkpt lat="31.947130" lon="-81.335939"><ele>4.3</ele></trkpt>
<trkpt lat="31.948012" lon="-81.335853"><ele>4.0</ele></trkpt>
<trkpt lat="31.949248" lon="-81.335655"><ele>3.7</ele></trkpt>
<trkpt lat="31.950720" lon="-81.335291"><ele>4.0</ele></trkpt>
<trkpt lat="31.951625" lon="-81.334984"><ele>4.0</ele></trkpt>
<trkpt lat="31.952531" lon="-81.334622"><ele>3.7</ele></trkpt>
<trkpt lat="31.953409" lon="-81.334224"><ele>3.7</ele></trkpt>
<trkpt lat="31.954317" lon="-81.333748"><ele>3.8</ele></trkpt>
<trkpt lat="31.955253" lon="-81.333182"><ele>4.0</ele></trkpt>
<trkpt lat="31.956141" lon="-81.332561"><ele>4.6</ele></trkpt>
<trkpt lat="31.956980" lon="-81.331894"><ele>5.0</ele></trkpt>
<trkpt lat="31.957748" lon="-81.331226"><ele>5.8</ele></trkpt>
<trkpt lat="31.959813" lon="-81.329157"><ele>8.2</ele></trkpt>
<trkpt lat="31.960284" lon="-81.328679"><ele>9.7</ele></trkpt>
<trkpt lat="31.962567" lon="-81.326287"><ele>4.9</ele></trkpt>
<trkpt lat="31.964199" lon="-81.324676"><ele>4.8</ele></trkpt>
<trkpt lat="31.973172" lon="-81.315450"><ele>3.6</ele></trkpt>
<trkpt lat="31.973820" lon="-81.314809"><ele>4.2</ele></trkpt>
<trkpt lat="31.974499" lon="-81.314094"><ele>3.9</ele></trkpt>
<trkpt lat="31.976285" lon="-81.312316"><ele>3.9</ele></trkpt>
<trkpt lat="31.979176" lon="-81.309340"><ele>3.0</ele></trkpt>
<trkpt lat="31.980670" lon="-81.307782"><ele>3.9</ele></trkpt>
<trkpt lat="31.982216" lon="-81.306219"><ele>4.9</ele></trkpt>
<trkpt lat="31.984978" lon="-81.303397"><ele>3.8</ele></trkpt>
<trkpt lat="31.986443" lon="-81.301812"><ele>4.3</ele></trkpt>
<trkpt lat="31.992555" lon="-81.294943"><ele>4.5</ele></trkpt>
<trkpt lat="31.993768" lon="-81.293652"><ele>4.9</ele></trkpt>
<trkpt lat="31.994637" lon="-81.292810"><ele>4.7</ele></trkpt>
<trkpt lat="32.001086" lon="-81.286790"><ele>4.8</ele></trkpt>
<trkpt lat="32.001438" lon="-81.286478"><ele>5.0</ele></trkpt>
<trkpt lat="32.002853" lon="-81.285094"><ele>7.6</ele></trkpt>
<trkpt lat="32.004348" lon="-81.283571"><ele>9.3</ele></trkpt>
<trkpt lat="32.004890" lon="-81.283039"><ele>9.8</ele></trkpt>
<trkpt lat="32.005732" lon="-81.282155"><ele>9.5</ele></trkpt>
<trkpt lat="32.006476" lon="-81.281436"><ele>7.0</ele></trkpt>
<trkpt lat="32.007273" lon="-81.280710"><ele>6.0</ele></trkpt>
<trkpt lat="32.007817" lon="-81.280255"><ele>6.0</ele></trkpt>
<trkpt lat="32.008697" lon="-81.279519"><ele>6.6</ele></trkpt>
<trkpt lat="32.009565" lon="-81.278871"><ele>6.8</ele></trkpt>
<trkpt lat="32.011128" lon="-81.277801"><ele>6.9</ele></trkpt>
<trkpt lat="32.011990" lon="-81.277274"><ele>6.9</ele></trkpt>
<trkpt lat="32.012859" lon="-81.276776"><ele>6.8</ele></trkpt>
<trkpt lat="32.014849" lon="-81.275751"><ele>7.5</ele></trkpt>
<trkpt lat="32.027693" lon="-81.269293"><ele>4.0</ele></trkpt>
<trkpt lat="32.031205" lon="-81.267519"><ele>3.5</ele></trkpt>
<trkpt lat="32.031615" lon="-81.267325"><ele>3.0</ele></trkpt>
<trkpt lat="32.052041" lon="-81.257022"><ele>6.0</ele></trkpt>
<trkpt lat="32.060652" lon="-81.252679"><ele>6.0</ele></trkpt>
<trkpt lat="32.067504" lon="-81.249147"><ele>6.0</ele></trkpt>
<trkpt lat="32.069595" lon="-81.248004"><ele>5.5</ele></trkpt>
<trkpt lat="32.070304" lon="-81.247493"><ele>5.4</ele></trkpt>
<trkpt lat="32.070638" lon="-81.247216"><ele>5.2</ele></trkpt>
<trkpt lat="32.071098" lon="-81.246704"><ele>5.0</ele></trkpt>
<trkpt lat="32.072456" lon="-81.244710"><ele>5.6</ele></trkpt>
<trkpt lat="32.072740" lon="-81.244281"><ele>5.7</ele></trkpt>
<trkpt lat="32.072985" lon="-81.243956"><ele>5.5</ele></trkpt>
<trkpt lat="32.073106" lon="-81.243883"><ele>5.7</ele></trkpt>
<trkpt lat="32.073235" lon="-81.243536"><ele>5.3</ele></trkpt>
<trkpt lat="32.073486" lon="-81.242731"><ele>4.9</ele></trkpt>
<trkpt lat="32.073539" lon="-81.242428"><ele>4.7</ele></trkpt>
<trkpt lat="32.073588" lon="-81.242047"><ele>4.5</ele></trkpt>
<trkpt lat="32.073569" lon="-81.241349"><ele>4.4</ele></trkpt>
<trkpt lat="32.073507" lon="-81.240446"><ele>4.3</ele></trkpt>
<trkpt lat="32.073502" lon="-81.239719"><ele>5.0</ele></trkpt>
<trkpt lat="32.073413" lon="-81.238694"><ele>4.2</ele></trkpt>
<trkpt lat="32.071491" lon="-81.218603"><ele>4.8</ele></trkpt>
<trkpt lat="32.071086" lon="-81.213889"><ele>6.4</ele></trkpt>
<trkpt lat="32.070521" lon="-81.207844"><ele>4.3</ele></trkpt>
<trkpt lat="32.070358" lon="-81.206558"><ele>3.0</ele></trkpt>
<trkpt lat="32.070147" lon="-81.203949"><ele>5.0</ele></trkpt>
<trkpt lat="32.070048" lon="-81.202775"><ele>5.3</ele></trkpt>
<trkpt lat="32.069229" lon="-81.194109"><ele>4.3</ele></trkpt>
<trkpt lat="32.068108" lon="-81.181694"><ele>3.5</ele></trkpt>
<trkpt lat="32.067670" lon="-81.177185"><ele>3.8</ele></trkpt>
<trkpt lat="32.067611" lon="-81.176470"><ele>3.6</ele></trkpt>
<trkpt lat="32.067551" lon="-81.175009"><ele>3.2</ele></trkpt>
<trkpt lat="32.067558" lon="-81.174299"><ele>3.3</ele></trkpt>
<trkpt lat="32.067631" lon="-81.173213"><ele>3.7</ele></trkpt>
<trkpt lat="32.067692" lon="-81.172508"><ele>4.0</ele></trkpt>
<trkpt lat="32.067819" lon="-81.171623"><ele>4.3</ele></trkpt>
<trkpt lat="32.068014" lon="-81.170613"><ele>4.3</ele></trkpt>
<trkpt lat="32.068245" lon="-81.169571"><ele>4.6</ele></trkpt>
<trkpt lat="32.069091" lon="-81.166114"><ele>4.6</ele></trkpt>
<trkpt lat="32.069164" lon="-81.165540"><ele>4.3</ele></trkpt>
<trkpt lat="32.069274" lon="-81.164813"><ele>4.3</ele></trkpt>
<trkpt lat="32.069372" lon="-81.164250"><ele>4.3</ele></trkpt>
<trkpt lat="32.069390" lon="-81.163923"><ele>4.3</ele></trkpt>
<trkpt lat="32.069341" lon="-81.161558"><ele>6.8</ele></trkpt>
<trkpt lat="32.069349" lon="-81.161024"><ele>8.3</ele></trkpt>
<trkpt lat="32.068886" lon="-81.160952"><ele>6.2</ele></trkpt>
<trkpt lat="32.068555" lon="-81.160886"><ele>5.3</ele></trkpt>
<trkpt lat="32.067845" lon="-81.160718"><ele>4.1</ele></trkpt>
<trkpt lat="32.067685" lon="-81.160665"><ele>4.0</ele></trkpt>
<trkpt lat="32.067431" lon="-81.160587"><ele>4.0</ele></trkpt>
<trkpt lat="32.066418" lon="-81.160227"><ele>4.0</ele></trkpt>
<trkpt lat="32.065833" lon="-81.160037"><ele>5.0</ele></trkpt>
<trkpt lat="32.065327" lon="-81.159884"><ele>5.0</ele></trkpt>
<trkpt lat="32.064996" lon="-81.159825"><ele>5.0</ele></trkpt>
<trkpt lat="32.064428" lon="-81.159760"><ele>4.9</ele></trkpt>
<trkpt lat="32.063964" lon="-81.159770"><ele>4.3</ele></trkpt>
<trkpt lat="32.063521" lon="-81.159823"><ele>4.0</ele></trkpt>
<trkpt lat="32.063106" lon="-81.159920"><ele>4.0</ele></trkpt>
<trkpt lat="32.061473" lon="-81.160420"><ele>3.6</ele></trkpt>
<trkpt lat="32.060731" lon="-81.160630"><ele>2.8</ele></trkpt>
<trkpt lat="32.060544" lon="-81.160634"><ele>2.8</ele></trkpt>
<trkpt lat="32.060167" lon="-81.160764"><ele>3.0</ele></trkpt>
<trkpt lat="32.059829" lon="-81.160909"><ele>3.1</ele></trkpt>
<trkpt lat="32.059606" lon="-81.161041"><ele>3.2</ele></trkpt>
<trkpt lat="32.059185" lon="-81.161340"><ele>3.9</ele></trkpt>
<trkpt lat="32.058918" lon="-81.161571"><ele>4.4</ele></trkpt>
<trkpt lat="32.058642" lon="-81.161870"><ele>4.6</ele></trkpt>
<trkpt lat="32.058270" lon="-81.162363"><ele>4.1</ele></trkpt>
<trkpt lat="32.057899" lon="-81.162987"><ele>3.9</ele></trkpt>
<trkpt lat="32.057734" lon="-81.163330"><ele>3.9</ele></trkpt>
<trkpt lat="32.056911" lon="-81.164832"><ele>4.1</ele></trkpt>
<trkpt lat="32.056565" lon="-81.165411"><ele>4.6</ele></trkpt>
<trkpt lat="32.056241" lon="-81.165826"><ele>4.9</ele></trkpt>
<trkpt lat="32.055869" lon="-81.166199"><ele>4.6</ele></trkpt>
<trkpt lat="32.055610" lon="-81.166417"><ele>4.2</ele></trkpt>
<trkpt lat="32.055294" lon="-81.166631"><ele>4.0</ele></trkpt>
<trkpt lat="32.054724" lon="-81.166925"><ele>3.9</ele></trkpt>
<trkpt lat="32.054667" lon="-81.166943"><ele>3.9</ele></trkpt>
<trkpt lat="32.054724" lon="-81.166925"><ele>3.9</ele></trkpt>
<trkpt lat="32.055294" lon="-81.166631"><ele>4.0</ele></trkpt>
<trkpt lat="32.055610" lon="-81.166417"><ele>4.2</ele></trkpt>
<trkpt lat="32.055869" lon="-81.166199"><ele>4.6</ele></trkpt>
<trkpt lat="32.056241" lon="-81.165826"><ele>4.9</ele></trkpt>
<trkpt lat="32.056565" lon="-81.165411"><ele>4.6</ele></trkpt>
<trkpt lat="32.056911" lon="-81.164832"><ele>4.1</ele></trkpt>
<trkpt lat="32.057734" lon="-81.163330"><ele>3.9</ele></trkpt>
<trkpt lat="32.057899" lon="-81.162987"><ele>3.9</ele></trkpt>
<trkpt lat="32.058270" lon="-81.162363"><ele>4.1</ele></trkpt>
<trkpt lat="32.058642" lon="-81.161870"><ele>4.6</ele></trkpt>
<trkpt lat="32.058918" lon="-81.161571"><ele>4.4</ele></trkpt>
<trkpt lat="32.059185" lon="-81.161340"><ele>3.9</ele></trkpt>
<trkpt lat="32.059606" lon="-81.161041"><ele>3.2</ele></trkpt>
<trkpt lat="32.059829" lon="-81.160909"><ele>3.1</ele></trkpt>
<trkpt lat="32.060167" lon="-81.160764"><ele>3.0</ele></trkpt>
<trkpt lat="32.060544" lon="-81.160634"><ele>2.8</ele></trkpt>
<trkpt lat="32.060819" lon="-81.160501"><ele>2.7</ele></trkpt>
<trkpt lat="32.060907" lon="-81.160475"><ele>2.9</ele></trkpt>
<trkpt lat="32.061386" lon="-81.160300"><ele>3.4</ele></trkpt>
<trkpt lat="32.062393" lon="-81.159992"><ele>4.0</ele></trkpt>
<trkpt lat="32.063083" lon="-81.159771"><ele>4.0</ele></trkpt>
<trkpt lat="32.063750" lon="-81.159648"><ele>4.1</ele></trkpt>
<trkpt lat="32.063847" lon="-81.159634"><ele>4.2</ele></trkpt>
<trkpt lat="32.064310" lon="-81.159618"><ele>4.9</ele></trkpt>
<trkpt lat="32.064593" lon="-81.159621"><ele>5.0</ele></trkpt>
<trkpt lat="32.065040" lon="-81.159677"><ele>5.0</ele></trkpt>
<trkpt lat="32.065588" lon="-81.159802"><ele>5.0</ele></trkpt>
<trkpt lat="32.065867" lon="-81.159880"><ele>4.7</ele></trkpt>
<trkpt lat="32.066520" lon="-81.160097"><ele>4.0</ele></trkpt>
<trkpt lat="32.067242" lon="-81.160371"><ele>4.0</ele></trkpt>
<trkpt lat="32.067843" lon="-81.160578"><ele>4.0</ele></trkpt>
<trkpt lat="32.068538" lon="-81.160777"><ele>5.1</ele></trkpt>
<trkpt lat="32.068866" lon="-81.160836"><ele>5.8</ele></trkpt>
<trkpt lat="32.069363" lon="-81.160909"><ele>7.7</ele></trkpt>
<trkpt lat="32.069536" lon="-81.160163"><ele>5.5</ele></trkpt>
<trkpt lat="32.069661" lon="-81.159887"><ele>4.9</ele></trkpt>
<trkpt lat="32.069766" lon="-81.159713"><ele>4.6</ele></trkpt>
<trkpt lat="32.070483" lon="-81.158855"><ele>4.4</ele></trkpt>
<trkpt lat="32.070646" lon="-81.158631"><ele>4.5</ele></trkpt>
<trkpt lat="32.070819" lon="-81.158343"><ele>4.7</ele></trkpt>
<trkpt lat="32.070968" lon="-81.158022"><ele>4.9</ele></trkpt>
<trkpt lat="32.071117" lon="-81.157607"><ele>5.2</ele></trkpt>
<trkpt lat="32.071190" lon="-81.157439"><ele>5.2</ele></trkpt>
<trkpt lat="32.071390" lon="-81.156845"><ele>5.6</ele></trkpt>
<trkpt lat="32.071472" lon="-81.156495"><ele>5.2</ele></trkpt>
<trkpt lat="32.072203" lon="-81.153659"><ele>6.0</ele></trkpt>
<trkpt lat="32.072839" lon="-81.151088"><ele>6.7</ele></trkpt>
<trkpt lat="32.073016" lon="-81.150285"><ele>7.1</ele></trkpt>
<trkpt lat="32.073082" lon="-81.149840"><ele>7.4</ele></trkpt>
<trkpt lat="32.073169" lon="-81.149013"><ele>7.8</ele></trkpt>
<trkpt lat="32.073179" lon="-81.148305"><ele>8.2</ele></trkpt>
<trkpt lat="32.073172" lon="-81.147966"><ele>8.4</ele></trkpt>
<trkpt lat="32.073150" lon="-81.147537"><ele>8.6</ele></trkpt>
<trkpt lat="32.073070" lon="-81.146462"><ele>7.1</ele></trkpt>
<trkpt lat="32.072937" lon="-81.144754"><ele>10.2</ele></trkpt>
<trkpt lat="32.072874" lon="-81.144158"><ele>11.7</ele></trkpt>
<trkpt lat="32.072692" lon="-81.142520"><ele>11.6</ele></trkpt>
<trkpt lat="32.072499" lon="-81.141743"><ele>9.2</ele></trkpt>
<trkpt lat="32.072138" lon="-81.140325"><ele>6.6</ele></trkpt>
<trkpt lat="32.071969" lon="-81.139784"><ele>8.3</ele></trkpt>
<trkpt lat="32.071877" lon="-81.139290"><ele>7.6</ele></trkpt>
<trkpt lat="32.071698" lon="-81.138715"><ele>7.5</ele></trkpt>
<trkpt lat="32.071481" lon="-81.138061"><ele>8.0</ele></trkpt>
<trkpt lat="32.071080" lon="-81.136892"><ele>8.3</ele></trkpt>
<trkpt lat="32.070709" lon="-81.135611"><ele>5.8</ele></trkpt>
<trkpt lat="32.070597" lon="-81.134954"><ele>8.4</ele></trkpt>
<trkpt lat="32.070545" lon="-81.134563"><ele>10.1</ele></trkpt>
<trkpt lat="32.070425" lon="-81.133470"><ele>7.5</ele></trkpt>
<trkpt lat="32.070381" lon="-81.133049"><ele>6.8</ele></trkpt>
<trkpt lat="32.070316" lon="-81.131960"><ele>8.2</ele></trkpt>
<trkpt lat="32.070071" lon="-81.129368"><ele>5.0</ele></trkpt>
<trkpt lat="32.069920" lon="-81.128441"><ele>5.8</ele></trkpt>
<trkpt lat="32.069746" lon="-81.127555"><ele>6.4</ele></trkpt>
<trkpt lat="32.069112" lon="-81.125063"><ele>6.8</ele></trkpt>
<trkpt lat="32.068309" lon="-81.121991"><ele>5.4</ele></trkpt>
<trkpt lat="32.067559" lon="-81.119048"><ele>7.6</ele></trkpt>
<trkpt lat="32.067261" lon="-81.117797"><ele>7.9</ele></trkpt>
<trkpt lat="32.067081" lon="-81.117047"><ele>3.0</ele></trkpt>
<trkpt lat="32.066963" lon="-81.116621"><ele>7.4</ele></trkpt>
<trkpt lat="32.066764" lon="-81.115625"><ele>7.0</ele></trkpt>
<trkpt lat="32.066729" lon="-81.114969"><ele>6.2</ele></trkpt>
<trkpt lat="32.066729" lon="-81.114646"><ele>5.8</ele></trkpt>
<trkpt lat="32.066744" lon="-81.114292"><ele>5.4</ele></trkpt>
<trkpt lat="32.066831" lon="-81.113600"><ele>4.4</ele></trkpt>
<trkpt lat="32.066927" lon="-81.113220"><ele>3.0</ele></trkpt>
<trkpt lat="32.067051" lon="-81.112871"><ele>4.0</ele></trkpt>
<trkpt lat="32.067540" lon="-81.111770"><ele>3.1</ele></trkpt>
<trkpt lat="32.067794" lon="-81.111020"><ele>3.5</ele></trkpt>
<trkpt lat="32.068393" lon="-81.109491"><ele>5.9</ele></trkpt>
<trkpt lat="32.068657" lon="-81.108866"><ele>7.7</ele></trkpt>
<trkpt lat="32.068986" lon="-81.108159"><ele>9.5</ele></trkpt>
<trkpt lat="32.069392" lon="-81.107437"><ele>10.0</ele></trkpt>
<trkpt lat="32.069692" lon="-81.106936"><ele>10.0</ele></trkpt>
<trkpt lat="32.069955" lon="-81.106561"><ele>10.0</ele></trkpt>
<trkpt lat="32.070371" lon="-81.106010"><ele>9.9</ele></trkpt>
<trkpt lat="32.070832" lon="-81.105506"><ele>9.9</ele></trkpt>
<trkpt lat="32.071145" lon="-81.105257"><ele>9.8</ele></trkpt>
<trkpt lat="32.071465" lon="-81.105068"><ele>9.8</ele></trkpt>
<trkpt lat="32.071637" lon="-81.104977"><ele>9.8</ele></trkpt>
<trkpt lat="32.072147" lon="-81.104786"><ele>9.8</ele></trkpt>
<trkpt lat="32.072687" lon="-81.104682"><ele>9.7</ele></trkpt>
<trkpt lat="32.073167" lon="-81.104648"><ele>9.7</ele></trkpt>
<trkpt lat="32.073596" lon="-81.104699"><ele>9.7</ele></trkpt>
<trkpt lat="32.074099" lon="-81.104862"><ele>9.6</ele></trkpt>
<trkpt lat="32.074353" lon="-81.104970"><ele>11.5</ele></trkpt>
<trkpt lat="32.074807" lon="-81.105228"><ele>10.1</ele></trkpt>
<trkpt lat="32.075656" lon="-81.105929"><ele>8.5</ele></trkpt>
<trkpt lat="32.076196" lon="-81.106344"><ele>8.2</ele></trkpt>
<trkpt lat="32.076474" lon="-81.106491"><ele>8.1</ele></trkpt>
<trkpt lat="32.076809" lon="-81.106634"><ele>8.0</ele></trkpt>
<trkpt lat="32.077107" lon="-81.106736"><ele>7.9</ele></trkpt>
<trkpt lat="32.077310" lon="-81.106778"><ele>7.8</ele></trkpt>
<trkpt lat="32.077567" lon="-81.106807"><ele>7.8</ele></trkpt>
<trkpt lat="32.077850" lon="-81.106825"><ele>7.7</ele></trkpt>
<trkpt lat="32.078101" lon="-81.106824"><ele>7.6</ele></trkpt>
<trkpt lat="32.078381" lon="-81.106781"><ele>7.5</ele></trkpt>
<trkpt lat="32.078704" lon="-81.106695"><ele>7.4</ele></trkpt>
<trkpt lat="32.079027" lon="-81.106582"><ele>7.3</ele></trkpt>
<trkpt lat="32.079339" lon="-81.106452"><ele>7.3</ele></trkpt>
<trkpt lat="32.079772" lon="-81.106184"><ele>7.1</ele></trkpt>
<trkpt lat="32.080273" lon="-81.105795"><ele>6.9</ele></trkpt>
<trkpt lat="32.080732" lon="-81.105389"><ele>6.8</ele></trkpt>
<trkpt lat="32.081151" lon="-81.105054"><ele>6.6</ele></trkpt>
<trkpt lat="32.081650" lon="-81.104638"><ele>6.4</ele></trkpt>
<trkpt lat="32.082450" lon="-81.103950"><ele>6.1</ele></trkpt>
<trkpt lat="32.083612" lon="-81.102998"><ele>6.0</ele></trkpt>
<trkpt lat="32.093718" lon="-81.094717"><ele>5.0</ele></trkpt>
<trkpt lat="32.094575" lon="-81.093995"><ele>4.9</ele></trkpt>
<trkpt lat="32.095185" lon="-81.093555"><ele>4.8</ele></trkpt>
<trkpt lat="32.095710" lon="-81.093231"><ele>4.7</ele></trkpt>
<trkpt lat="32.096781" lon="-81.092629"><ele>4.5</ele></trkpt>
<trkpt lat="32.097477" lon="-81.092232"><ele>7.7</ele></trkpt>
<trkpt lat="32.097942" lon="-81.092027"><ele>7.2</ele></trkpt>
<trkpt lat="32.099092" lon="-81.091196"><ele>6.5</ele></trkpt>
<trkpt lat="32.100858" lon="-81.089836"><ele>5.6</ele></trkpt>
<trkpt lat="32.105384" lon="-81.085869"><ele>3.1</ele></trkpt>
<trkpt lat="32.105688" lon="-81.085582"><ele>2.7</ele></trkpt>
<trkpt lat="32.106391" lon="-81.084881"><ele>2.1</ele></trkpt>
<trkpt lat="32.106765" lon="-81.084457"><ele>2.0</ele></trkpt>
<trkpt lat="32.108190" lon="-81.082640"><ele>2.0</ele></trkpt>
<trkpt lat="32.108422" lon="-81.082365"><ele>2.0</ele></trkpt>
<trkpt lat="32.110069" lon="-81.080606"><ele>1.5</ele></trkpt>
<trkpt lat="32.111715" lon="-81.078717"><ele>1.3</ele></trkpt>
<trkpt lat="32.115505" lon="-81.074217"><ele>1.4</ele></trkpt>
<trkpt lat="32.116334" lon="-81.073252"><ele>1.3</ele></trkpt>
<trkpt lat="32.118260" lon="-81.070956"><ele>1.4</ele></trkpt>
<trkpt lat="32.118743" lon="-81.070404"><ele>1.4</ele></trkpt>
<trkpt lat="32.120372" lon="-81.068436"><ele>1.3</ele></trkpt>
<trkpt lat="32.121941" lon="-81.066598"><ele>1.3</ele></trkpt>
<trkpt lat="32.127964" lon="-81.059472"><ele>1.0</ele></trkpt>
<trkpt lat="32.128371" lon="-81.058965"><ele>1.0</ele></trkpt>
<trkpt lat="32.130030" lon="-81.057021"><ele>1.1</ele></trkpt>
<trkpt lat="32.131037" lon="-81.056055"><ele>2.1</ele></trkpt>
<trkpt lat="32.132119" lon="-81.055170"><ele>1.3</ele></trkpt>
<trkpt lat="32.133471" lon="-81.054242"><ele>1.1</ele></trkpt>
<trkpt lat="32.134672" lon="-81.053585"><ele>1.2</ele></trkpt>
<trkpt lat="32.135982" lon="-81.053031"><ele>1.1</ele></trkpt>
<trkpt lat="32.137780" lon="-81.052494"><ele>1.5</ele></trkpt>
<trkpt lat="32.139195" lon="-81.052287"><ele>1.3</ele></trkpt>
<trkpt lat="32.139955" lon="-81.052200"><ele>1.4</ele></trkpt>
<trkpt lat="32.140526" lon="-81.052219"><ele>1.4</ele></trkpt>
<trkpt lat="32.141165" lon="-81.052223"><ele>1.3</ele></trkpt>
<trkpt lat="32.142364" lon="-81.052339"><ele>1.4</ele></trkpt>
<trkpt lat="32.143326" lon="-81.052491"><ele>1.6</ele></trkpt>
<trkpt lat="32.144501" lon="-81.052699"><ele>1.3</ele></trkpt>
<trkpt lat="32.148135" lon="-81.053383"><ele>1.1</ele></trkpt>
<trkpt lat="32.149109" lon="-81.053582"><ele>1.2</ele></trkpt>
<trkpt lat="32.150043" lon="-81.053759"><ele>1.3</ele></trkpt>
<trkpt lat="32.150910" lon="-81.053988"><ele>1.3</ele></trkpt>
<trkpt lat="32.151855" lon="-81.054289"><ele>1.4</ele></trkpt>
<trkpt lat="32.152388" lon="-81.054511"><ele>1.7</ele></trkpt>
<trkpt lat="32.153141" lon="-81.054845"><ele>1.8</ele></trkpt>
<trkpt lat="32.154432" lon="-81.055573"><ele>1.5</ele></trkpt>
<trkpt lat="32.154892" lon="-81.055845"><ele>1.7</ele></trkpt>
<trkpt lat="32.155923" lon="-81.056555"><ele>2.5</ele></trkpt>
<trkpt lat="32.156268" lon="-81.056871"><ele>2.6</ele></trkpt>
<trkpt lat="32.156734" lon="-81.057270"><ele>2.6</ele></trkpt>
<trkpt lat="32.157214" lon="-81.057725"><ele>2.3</ele></trkpt>
<trkpt lat="32.158505" lon="-81.059139"><ele>2.2</ele></trkpt>
<trkpt lat="32.160533" lon="-81.061299"><ele>2.6</ele></trkpt>
<trkpt lat="32.160976" lon="-81.061724"><ele>2.2</ele></trkpt>
<trkpt lat="32.161254" lon="-81.061989"><ele>3.2</ele></trkpt>
<trkpt lat="32.162299" lon="-81.062953"><ele>3.0</ele></trkpt>
<trkpt lat="32.162794" lon="-81.063381"><ele>2.7</ele></trkpt>
<trkpt lat="32.163916" lon="-81.064295"><ele>1.8</ele></trkpt>
<trkpt lat="32.164589" lon="-81.064820"><ele>2.2</ele></trkpt>
<trkpt lat="32.165557" lon="-81.065644"><ele>2.4</ele></trkpt>
<trkpt lat="32.167423" lon="-81.067427"><ele>1.9</ele></trkpt>
<trkpt lat="32.168245" lon="-81.068198"><ele>2.6</ele></trkpt>
<trkpt lat="32.169713" lon="-81.069609"><ele>2.9</ele></trkpt>
<trkpt lat="32.171278" lon="-81.071098"><ele>2.8</ele></trkpt>
<trkpt lat="32.172378" lon="-81.072161"><ele>4.0</ele></trkpt>
<trkpt lat="32.173868" lon="-81.073558"><ele>4.7</ele></trkpt>
<trkpt lat="32.175311" lon="-81.074938"><ele>4.0</ele></trkpt>
<trkpt lat="32.175821" lon="-81.075438"><ele>4.2</ele></trkpt>
<trkpt lat="32.176651" lon="-81.076207"><ele>4.8</ele></trkpt>
<trkpt lat="32.177408" lon="-81.076803"><ele>5.0</ele></trkpt>
<trkpt lat="32.177645" lon="-81.076948"><ele>5.0</ele></trkpt>
<trkpt lat="32.178389" lon="-81.077403"><ele>4.9</ele></trkpt>
<trkpt lat="32.178947" lon="-81.077678"><ele>5.0</ele></trkpt>
<trkpt lat="32.179578" lon="-81.077932"><ele>5.2</ele></trkpt>
<trkpt lat="32.180315" lon="-81.078139"><ele>4.7</ele></trkpt>
<trkpt lat="32.181083" lon="-81.078289"><ele>4.4</ele></trkpt>
<trkpt lat="32.181768" lon="-81.078344"><ele>4.5</ele></trkpt>
<trkpt lat="32.182315" lon="-81.078351"><ele>4.9</ele></trkpt>
<trkpt lat="32.182682" lon="-81.078355"><ele>5.0</ele></trkpt>
<trkpt lat="32.183197" lon="-81.078302"><ele>4.5</ele></trkpt>
<trkpt lat="32.183653" lon="-81.078222"><ele>3.9</ele></trkpt>
<trkpt lat="32.184354" lon="-81.078051"><ele>2.9</ele></trkpt>
<trkpt lat="32.187379" lon="-81.077246"><ele>3.8</ele></trkpt>
<trkpt lat="32.188090" lon="-81.077070"><ele>4.4</ele></trkpt>
<trkpt lat="32.189143" lon="-81.076782"><ele>4.8</ele></trkpt>
<trkpt lat="32.194469" lon="-81.075387"><ele>3.9</ele></trkpt>
<trkpt lat="32.200803" lon="-81.073737"><ele>3.0</ele></trkpt>
<trkpt lat="32.203172" lon="-81.073140"><ele>3.6</ele></trkpt>
<trkpt lat="32.203225" lon="-81.073127"><ele>3.6</ele></trkpt>
<trkpt lat="32.203671" lon="-81.072985"><ele>3.8</ele></trkpt>
<trkpt lat="32.204122" lon="-81.072863"><ele>3.9</ele></trkpt>
<trkpt lat="32.206787" lon="-81.072170"><ele>5.0</ele></trkpt>
<trkpt lat="32.207498" lon="-81.072006"><ele>5.0</ele></trkpt>
<trkpt lat="32.208030" lon="-81.071916"><ele>5.0</ele></trkpt>
<trkpt lat="32.208394" lon="-81.071861"><ele>5.0</ele></trkpt>
<trkpt lat="32.208880" lon="-81.071809"><ele>5.0</ele></trkpt>
<trkpt lat="32.209314" lon="-81.071776"><ele>5.0</ele></trkpt>
<trkpt lat="32.209755" lon="-81.071756"><ele>5.0</ele></trkpt>
<trkpt lat="32.210198" lon="-81.071753"><ele>5.0</ele></trkpt>
<trkpt lat="32.210943" lon="-81.071771"><ele>5.0</ele></trkpt>
<trkpt lat="32.211623" lon="-81.071833"><ele>5.0</ele></trkpt>
<trkpt lat="32.212473" lon="-81.071936"><ele>5.0</ele></trkpt>
<trkpt lat="32.219318" lon="-81.072898"><ele>6.0</ele></trkpt>
<trkpt lat="32.221351" lon="-81.073196"><ele>5.8</ele></trkpt>
<trkpt lat="32.229584" lon="-81.074366"><ele>6.0</ele></trkpt>
<trkpt lat="32.231552" lon="-81.074638"><ele>5.8</ele></trkpt>
<trkpt lat="32.234001" lon="-81.074999"><ele>5.6</ele></trkpt>
<trkpt lat="32.235956" lon="-81.075268"><ele>5.0</ele></trkpt>
<trkpt lat="32.239629" lon="-81.075793"><ele>4.9</ele></trkpt>
<trkpt lat="32.242005" lon="-81.076121"><ele>4.8</ele></trkpt>
<trkpt lat="32.243645" lon="-81.076361"><ele>4.7</ele></trkpt>
<trkpt lat="32.253610" lon="-81.077747"><ele>5.8</ele></trkpt>
<trkpt lat="32.255520" lon="-81.077981"><ele>6.0</ele></trkpt>
<trkpt lat="32.257143" lon="-81.078201"><ele>5.8</ele></trkpt>
<trkpt lat="32.259808" lon="-81.078586"><ele>5.4</ele></trkpt>
<trkpt lat="32.262146" lon="-81.078892"><ele>5.9</ele></trkpt>
<trkpt lat="32.263900" lon="-81.079135"><ele>5.8</ele></trkpt>
<trkpt lat="32.267348" lon="-81.079703"><ele>5.4</ele></trkpt>
<trkpt lat="32.267835" lon="-81.079810"><ele>5.8</ele></trkpt>
<trkpt lat="32.268462" lon="-81.079973"><ele>6.0</ele></trkpt>
<trkpt lat="32.268783" lon="-81.080020"><ele>6.0</ele></trkpt>
<trkpt lat="32.269960" lon="-81.080190"><ele>6.0</ele></trkpt>
<trkpt lat="32.270366" lon="-81.080245"><ele>6.9</ele></trkpt>
<trkpt lat="32.270910" lon="-81.080085"><ele>7.6</ele></trkpt>
<trkpt lat="32.271073" lon="-81.080026"><ele>7.7</ele></trkpt>
<trkpt lat="32.271234" lon="-81.079933"><ele>7.8</ele></trkpt>
<trkpt lat="32.271442" lon="-81.079741"><ele>7.9</ele></trkpt>
<trkpt lat="32.271830" lon="-81.079272"><ele>7.2</ele></trkpt>
<trkpt lat="32.272193" lon="-81.078885"><ele>6.9</ele></trkpt>
<trkpt lat="32.272322" lon="-81.078792"><ele>6.8</ele></trkpt>
<trkpt lat="32.272636" lon="-81.078633"><ele>6.2</ele></trkpt>
<trkpt lat="32.272871" lon="-81.078597"><ele>6.1</ele></trkpt>
<trkpt lat="32.273189" lon="-81.078592"><ele>5.9</ele></trkpt>
<trkpt lat="32.273385" lon="-81.078617"><ele>5.8</ele></trkpt>
<trkpt lat="32.274136" lon="-81.078670"><ele>5.9</ele></trkpt>
<trkpt lat="32.274342" lon="-81.078648"><ele>5.9</ele></trkpt>
<trkpt lat="32.274660" lon="-81.078520"><ele>6.0</ele></trkpt>
<trkpt lat="32.274855" lon="-81.078392"><ele>6.0</ele></trkpt>
<trkpt lat="32.275032" lon="-81.078228"><ele>6.0</ele></trkpt>
<trkpt lat="32.275488" lon="-81.077732"><ele>6.0</ele></trkpt>
<trkpt lat="32.275977" lon="-81.077179"><ele>6.0</ele></trkpt>
<trkpt lat="32.276272" lon="-81.076951"><ele>6.2</ele></trkpt>
<trkpt lat="32.280009" lon="-81.072691"><ele>10.0</ele></trkpt>
<trkpt lat="32.280294" lon="-81.072363"><ele>9.7</ele></trkpt>
<trkpt lat="32.280830" lon="-81.071771"><ele>10.2</ele></trkpt>
<trkpt lat="32.281279" lon="-81.071250"><ele>9.5</ele></trkpt>
<trkpt lat="32.281966" lon="-81.070525"><ele>7.9</ele></trkpt>
<trkpt lat="32.282364" lon="-81.070156"><ele>7.2</ele></trkpt>
<trkpt lat="32.282700" lon="-81.069857"><ele>6.9</ele></trkpt>
<trkpt lat="32.283323" lon="-81.069339"><ele>6.9</ele></trkpt>
<trkpt lat="32.283936" lon="-81.068880"><ele>6.9</ele></trkpt>
<trkpt lat="32.284376" lon="-81.068567"><ele>6.9</ele></trkpt>
<trkpt lat="32.285311" lon="-81.068006"><ele>6.7</ele></trkpt>
<trkpt lat="32.285868" lon="-81.067703"><ele>6.4</ele></trkpt>
<trkpt lat="32.286374" lon="-81.067474"><ele>6.3</ele></trkpt>
<trkpt lat="32.287351" lon="-81.067052"><ele>6.1</ele></trkpt>
<trkpt lat="32.294354" lon="-81.064195"><ele>7.6</ele></trkpt>
<trkpt lat="32.303182" lon="-81.060626"><ele>7.0</ele></trkpt>
<trkpt lat="32.303722" lon="-81.060436"><ele>6.4</ele></trkpt>
<trkpt lat="32.304128" lon="-81.060317"><ele>6.2</ele></trkpt>
<trkpt lat="32.304771" lon="-81.060160"><ele>6.0</ele></trkpt>
<trkpt lat="32.305376" lon="-81.060037"><ele>5.9</ele></trkpt>
<trkpt lat="32.305656" lon="-81.059991"><ele>5.9</ele></trkpt>
<trkpt lat="32.306829" lon="-81.059859"><ele>5.8</ele></trkpt>
<trkpt lat="32.308871" lon="-81.059692"><ele>5.5</ele></trkpt>
<trkpt lat="32.309488" lon="-81.059649"><ele>5.9</ele></trkpt>
<trkpt lat="32.312466" lon="-81.059354"><ele>7.0</ele></trkpt>
<trkpt lat="32.314943" lon="-81.059163"><ele>7.2</ele></trkpt>
<trkpt lat="32.315784" lon="-81.059063"><ele>7.2</ele></trkpt>
<trkpt lat="32.316300" lon="-81.058971"><ele>7.0</ele></trkpt>
<trkpt lat="32.316637" lon="-81.058901"><ele>7.0</ele></trkpt>
<trkpt lat="32.317060" lon="-81.058799"><ele>7.0</ele></trkpt>
<trkpt lat="32.317966" lon="-81.058520"><ele>7.0</ele></trkpt>
<trkpt lat="32.318444" lon="-81.058349"><ele>6.7</ele></trkpt>
<trkpt lat="32.319290" lon="-81.058004"><ele>6.1</ele></trkpt>
<trkpt lat="32.323034" lon="-81.056208"><ele>4.7</ele></trkpt>
<trkpt lat="32.323672" lon="-81.055910"><ele>4.7</ele></trkpt>
<trkpt lat="32.325587" lon="-81.054967"><ele>4.5</ele></trkpt>
<trkpt lat="32.346530" lon="-81.044837"><ele>5.0</ele></trkpt>
<trkpt lat="32.354075" lon="-81.041244"><ele>5.0</ele></trkpt>
<trkpt lat="32.354322" lon="-81.041137"><ele>4.7</ele></trkpt>
<trkpt lat="32.361919" lon="-81.037422"><ele>5.0</ele></trkpt>
<trkpt lat="32.367458" lon="-81.034805"><ele>5.0</ele></trkpt>
<trkpt lat="32.370044" lon="-81.033485"><ele>5.2</ele></trkpt>
<trkpt lat="32.377016" lon="-81.030166"><ele>5.5</ele></trkpt>
<trkpt lat="32.377320" lon="-81.030030"><ele>5.1</ele></trkpt>
<trkpt lat="32.378187" lon="-81.029601"><ele>6.8</ele></trkpt>
<trkpt lat="32.403624" lon="-81.017297"><ele>5.4</ele></trkpt>
<trkpt lat="32.404095" lon="-81.017067"><ele>6.1</ele></trkpt>
<trkpt lat="32.406628" lon="-81.015855"><ele>6.5</ele></trkpt>
<trkpt lat="32.414665" lon="-81.011944"><ele>6.7</ele></trkpt>
<trkpt lat="32.415342" lon="-81.011624"><ele>6.8</ele></trkpt>
<trkpt lat="32.415902" lon="-81.011330"><ele>6.9</ele></trkpt>
<trkpt lat="32.416700" lon="-81.010874"><ele>7.3</ele></trkpt>
<trkpt lat="32.416977" lon="-81.010702"><ele>7.5</ele></trkpt>
<trkpt lat="32.417664" lon="-81.010263"><ele>7.7</ele></trkpt>
<trkpt lat="32.418166" lon="-81.009927"><ele>7.9</ele></trkpt>
<trkpt lat="32.418764" lon="-81.009503"><ele>8.2</ele></trkpt>
<trkpt lat="32.419263" lon="-81.009130"><ele>8.6</ele></trkpt>
<trkpt lat="32.426465" lon="-81.003242"><ele>13.2</ele></trkpt>
<trkpt lat="32.427868" lon="-81.002151"><ele>13.7</ele></trkpt>
<trkpt lat="32.429043" lon="-81.001391"><ele>14.3</ele></trkpt>
<trkpt lat="32.430193" lon="-81.000802"><ele>14.8</ele></trkpt>
<trkpt lat="32.431429" lon="-81.000219"><ele>14.2</ele></trkpt>
<trkpt lat="32.433953" lon="-80.999186"><ele>14.4</ele></trkpt>
<trkpt lat="32.437497" lon="-80.997681"><ele>14.3</ele></trkpt>
<trkpt lat="32.438414" lon="-80.997244"><ele>14.1</ele></trkpt>
<trkpt lat="32.444967" lon="-80.994490"><ele>14.8</ele></trkpt>
<trkpt lat="32.445452" lon="-80.994258"><ele>14.7</ele></trkpt>
<trkpt lat="32.447031" lon="-80.993605"><ele>14.3</ele></trkpt>
<trkpt lat="32.448059" lon="-80.993094"><ele>14.3</ele></trkpt>
<trkpt lat="32.449083" lon="-80.992461"><ele>14.1</ele></trkpt>
<trkpt lat="32.449776" lon="-80.991983"><ele>14.2</ele></trkpt>
<trkpt lat="32.450476" lon="-80.991429"><ele>14.1</ele></trkpt>
<trkpt lat="32.451227" lon="-80.990765"><ele>13.7</ele></trkpt>
<trkpt lat="32.462750" lon="-80.979693"><ele>14.5</ele></trkpt>
<trkpt lat="32.463090" lon="-80.979383"><ele>14.5</ele></trkpt>
<trkpt lat="32.463389" lon="-80.979132"><ele>14.5</ele></trkpt>
<trkpt lat="32.463976" lon="-80.978678"><ele>14.7</ele></trkpt>
<trkpt lat="32.464543" lon="-80.978275"><ele>14.8</ele></trkpt>
<trkpt lat="32.465162" lon="-80.977881"><ele>14.8</ele></trkpt>
<trkpt lat="32.465437" lon="-80.977716"><ele>14.7</ele></trkpt>
<trkpt lat="32.473529" lon="-80.973373"><ele>14.0</ele></trkpt>
<trkpt lat="32.477271" lon="-80.971330"><ele>15.1</ele></trkpt>
<trkpt lat="32.477687" lon="-80.971132"><ele>16.1</ele></trkpt>
<trkpt lat="32.478191" lon="-80.970929"><ele>16.2</ele></trkpt>
<trkpt lat="32.478888" lon="-80.970687"><ele>16.1</ele></trkpt>
<trkpt lat="32.479348" lon="-80.970565"><ele>15.9</ele></trkpt>
<trkpt lat="32.479712" lon="-80.970479"><ele>15.5</ele></trkpt>
<trkpt lat="32.480423" lon="-80.970348"><ele>14.4</ele></trkpt>
<trkpt lat="32.481176" lon="-80.970258"><ele>14.0</ele></trkpt>
<trkpt lat="32.481993" lon="-80.970232"><ele>14.0</ele></trkpt>
<trkpt lat="32.482511" lon="-80.970246"><ele>13.8</ele></trkpt>
<trkpt lat="32.499596" lon="-80.971425"><ele>7.4</ele></trkpt>
<trkpt lat="32.500830" lon="-80.971464"><ele>7.0</ele></trkpt>
<trkpt lat="32.501428" lon="-80.971450"><ele>7.0</ele></trkpt>
<trkpt lat="32.501724" lon="-80.971413"><ele>6.9</ele></trkpt>
<trkpt lat="32.502213" lon="-80.971327"><ele>6.5</ele></trkpt>
<trkpt lat="32.502713" lon="-80.971220"><ele>6.1</ele></trkpt>
<trkpt lat="32.503271" lon="-80.971033"><ele>6.0</ele></trkpt>
<trkpt lat="32.503622" lon="-80.970876"><ele>5.9</ele></trkpt>
<trkpt lat="32.504071" lon="-80.970692"><ele>5.8</ele></trkpt>
<trkpt lat="32.504918" lon="-80.970250"><ele>5.7</ele></trkpt>
<trkpt lat="32.506346" lon="-80.969529"><ele>6.1</ele></trkpt>
<trkpt lat="32.506742" lon="-80.969318"><ele>6.1</ele></trkpt>
<trkpt lat="32.507158" lon="-80.969141"><ele>5.9</ele></trkpt>
<trkpt lat="32.518243" lon="-80.963496"><ele>7.2</ele></trkpt>
<trkpt lat="32.528887" lon="-80.958574"><ele>12.2</ele></trkpt>
<trkpt lat="32.538820" lon="-80.953756"><ele>3.8</ele></trkpt>
<trkpt lat="32.557694" lon="-80.944601"><ele>14.9</ele></trkpt>
<trkpt lat="32.570993" lon="-80.938146"><ele>5.1</ele></trkpt>
<trkpt lat="32.571585" lon="-80.937822"><ele>4.5</ele></trkpt>
<trkpt lat="32.572538" lon="-80.937233"><ele>4.4</ele></trkpt>
<trkpt lat="32.573037" lon="-80.936883"><ele>5.0</ele></trkpt>
<trkpt lat="32.573859" lon="-80.936237"><ele>6.9</ele></trkpt>
<trkpt lat="32.574254" lon="-80.935848"><ele>7.7</ele></trkpt>
<trkpt lat="32.575186" lon="-80.934966"><ele>7.9</ele></trkpt>
<trkpt lat="32.576020" lon="-80.934023"><ele>6.6</ele></trkpt>
<trkpt lat="32.576662" lon="-80.933236"><ele>5.6</ele></trkpt>
<trkpt lat="32.577050" lon="-80.932733"><ele>4.9</ele></trkpt>
<trkpt lat="32.578487" lon="-80.931130"><ele>3.9</ele></trkpt>
<trkpt lat="32.578877" lon="-80.930736"><ele>3.9</ele></trkpt>
<trkpt lat="32.579372" lon="-80.930257"><ele>3.9</ele></trkpt>
<trkpt lat="32.580535" lon="-80.929236"><ele>3.8</ele></trkpt>
<trkpt lat="32.580857" lon="-80.928978"><ele>3.9</ele></trkpt>
<trkpt lat="32.581976" lon="-80.928139"><ele>3.9</ele></trkpt>
<trkpt lat="32.582355" lon="-80.927878"><ele>3.9</ele></trkpt>
<trkpt lat="32.583114" lon="-80.927316"><ele>3.7</ele></trkpt>
<trkpt lat="32.583921" lon="-80.926742"><ele>3.8</ele></trkpt>
<trkpt lat="32.587952" lon="-80.923794"><ele>2.4</ele></trkpt>
<trkpt lat="32.588658" lon="-80.923270"><ele>2.7</ele></trkpt>
<trkpt lat="32.588930" lon="-80.923066"><ele>3.6</ele></trkpt>
<trkpt lat="32.589116" lon="-80.922941"><ele>3.6</ele></trkpt>
<trkpt lat="32.589541" lon="-80.922575"><ele>3.7</ele></trkpt>
<trkpt lat="32.589740" lon="-80.922385"><ele>3.6</ele></trkpt>
<trkpt lat="32.590342" lon="-80.921744"><ele>3.4</ele></trkpt>
<trkpt lat="32.590800" lon="-80.921205"><ele>3.5</ele></trkpt>
<trkpt lat="32.591079" lon="-80.920856"><ele>3.6</ele></trkpt>
<trkpt lat="32.591486" lon="-80.920267"><ele>3.8</ele></trkpt>
<trkpt lat="32.591658" lon="-80.920002"><ele>3.8</ele></trkpt>
<trkpt lat="32.591866" lon="-80.919660"><ele>3.8</ele></trkpt>
<trkpt lat="32.592060" lon="-80.919303"><ele>3.7</ele></trkpt>
<trkpt lat="32.592264" lon="-80.918899"><ele>3.7</ele></trkpt>
<trkpt lat="32.592534" lon="-80.918306"><ele>3.6</ele></trkpt>
<trkpt lat="32.592751" lon="-80.917795"><ele>3.8</ele></trkpt>
<trkpt lat="32.597997" lon="-80.905847"><ele>3.8</ele></trkpt>
<trkpt lat="32.598365" lon="-80.905129"><ele>3.8</ele></trkpt>
<trkpt lat="32.598774" lon="-80.904388"><ele>3.8</ele></trkpt>
<trkpt lat="32.599164" lon="-80.903711"><ele>3.8</ele></trkpt>
<trkpt lat="32.599836" lon="-80.902710"><ele>3.9</ele></trkpt>
<trkpt lat="32.600181" lon="-80.902267"><ele>2.7</ele></trkpt>
<trkpt lat="32.600384" lon="-80.902005"><ele>4.3</ele></trkpt>
<trkpt lat="32.600580" lon="-80.901770"><ele>4.7</ele></trkpt>
<trkpt lat="32.600808" lon="-80.901470"><ele>5.5</ele></trkpt>
<trkpt lat="32.601093" lon="-80.901151"><ele>6.2</ele></trkpt>
<trkpt lat="32.601419" lon="-80.900808"><ele>7.3</ele></trkpt>
<trkpt lat="32.602103" lon="-80.900128"><ele>9.9</ele></trkpt>
<trkpt lat="32.602928" lon="-80.899418"><ele>12.5</ele></trkpt>
<trkpt lat="32.603693" lon="-80.898852"><ele>14.1</ele></trkpt>
<trkpt lat="32.604483" lon="-80.898348"><ele>14.8</ele></trkpt>
<trkpt lat="32.605475" lon="-80.897783"><ele>14.2</ele></trkpt>
<trkpt lat="32.616790" lon="-80.891786"><ele>14.5</ele></trkpt>
<trkpt lat="32.617924" lon="-80.891157"><ele>13.7</ele></trkpt>
<trkpt lat="32.618846" lon="-80.890577"><ele>13.0</ele></trkpt>
<trkpt lat="32.620421" lon="-80.889480"><ele>11.5</ele></trkpt>
<trkpt lat="32.621793" lon="-80.888405"><ele>10.6</ele></trkpt>
<trkpt lat="32.628265" lon="-80.883187"><ele>7.8</ele></trkpt>
<trkpt lat="32.628668" lon="-80.882911"><ele>7.4</ele></trkpt>
<trkpt lat="32.629596" lon="-80.882321"><ele>7.5</ele></trkpt>
<trkpt lat="32.629944" lon="-80.882143"><ele>7.4</ele></trkpt>
<trkpt lat="32.630394" lon="-80.881940"><ele>7.5</ele></trkpt>
<trkpt lat="32.630958" lon="-80.881727"><ele>7.5</ele></trkpt>
<trkpt lat="32.631442" lon="-80.881573"><ele>7.6</ele></trkpt>
<trkpt lat="32.631732" lon="-80.881505"><ele>7.7</ele></trkpt>
<trkpt lat="32.631979" lon="-80.881436"><ele>7.7</ele></trkpt>
<trkpt lat="32.632548" lon="-80.881330"><ele>7.8</ele></trkpt>
<trkpt lat="32.632869" lon="-80.881282"><ele>7.9</ele></trkpt>
<trkpt lat="32.633358" lon="-80.881240"><ele>8.1</ele></trkpt>
<trkpt lat="32.633696" lon="-80.881224"><ele>8.3</ele></trkpt>
<trkpt lat="32.634346" lon="-80.881236"><ele>8.8</ele></trkpt>
<trkpt lat="32.634673" lon="-80.881255"><ele>9.1</ele></trkpt>
<trkpt lat="32.635095" lon="-80.881296"><ele>9.5</ele></trkpt>
<trkpt lat="32.635624" lon="-80.881374"><ele>9.9</ele></trkpt>
<trkpt lat="32.636118" lon="-80.881476"><ele>10.1</ele></trkpt>
<trkpt lat="32.636408" lon="-80.881545"><ele>10.7</ele></trkpt>
<trkpt lat="32.636814" lon="-80.881663"><ele>10.8</ele></trkpt>
<trkpt lat="32.637217" lon="-80.881818"><ele>10.9</ele></trkpt>
<trkpt lat="32.638392" lon="-80.882303"><ele>11.3</ele></trkpt>
<trkpt lat="32.642938" lon="-80.884225"><ele>13.7</ele></trkpt>
<trkpt lat="32.643626" lon="-80.884536"><ele>16.7</ele></trkpt>
<trkpt lat="32.645363" lon="-80.885233"><ele>13.7</ele></trkpt>
<trkpt lat="32.645981" lon="-80.885469"><ele>12.4</ele></trkpt>
<trkpt lat="32.646796" lon="-80.885724"><ele>11.7</ele></trkpt>
<trkpt lat="32.647530" lon="-80.885903"><ele>11.9</ele></trkpt>
<trkpt lat="32.648459" lon="-80.886071"><ele>12.1</ele></trkpt>
<trkpt lat="32.649113" lon="-80.886148"><ele>12.6</ele></trkpt>
<trkpt lat="32.649541" lon="-80.886181"><ele>12.9</ele></trkpt>
<trkpt lat="32.650301" lon="-80.886204"><ele>13.0</ele></trkpt>
<trkpt lat="32.650813" lon="-80.886199"><ele>13.3</ele></trkpt>
<trkpt lat="32.651210" lon="-80.886184"><ele>13.6</ele></trkpt>
<trkpt lat="32.651712" lon="-80.886140"><ele>13.6</ele></trkpt>
<trkpt lat="32.658705" lon="-80.885101"><ele>3.8</ele></trkpt>
<trkpt lat="32.686701" lon="-80.880943"><ele>11.7</ele></trkpt>
<trkpt lat="32.687787" lon="-80.880759"><ele>10.9</ele></trkpt>
<trkpt lat="32.688758" lon="-80.880533"><ele>10.2</ele></trkpt>
<trkpt lat="32.689352" lon="-80.880368"><ele>9.7</ele></trkpt>
<trkpt lat="32.690410" lon="-80.880044"><ele>9.1</ele></trkpt>
<trkpt lat="32.691065" lon="-80.879814"><ele>9.5</ele></trkpt>
<trkpt lat="32.692304" lon="-80.879293"><ele>11.8</ele></trkpt>
<trkpt lat="32.693326" lon="-80.878791"><ele>13.6</ele></trkpt>
<trkpt lat="32.694443" lon="-80.878170"><ele>15.3</ele></trkpt>
<trkpt lat="32.695315" lon="-80.877619"><ele>16.7</ele></trkpt>
<trkpt lat="32.700133" lon="-80.873953"><ele>9.9</ele></trkpt>
<trkpt lat="32.701976" lon="-80.872546"><ele>12.1</ele></trkpt>
<trkpt lat="32.703924" lon="-80.871045"><ele>15.3</ele></trkpt>
<trkpt lat="32.704629" lon="-80.870479"><ele>15.6</ele></trkpt>
<trkpt lat="32.706765" lon="-80.868834"><ele>12.0</ele></trkpt>
<trkpt lat="32.708323" lon="-80.867587"><ele>11.0</ele></trkpt>
<trkpt lat="32.710781" lon="-80.865518"><ele>11.2</ele></trkpt>
<trkpt lat="32.721478" lon="-80.856228"><ele>2.9</ele></trkpt>
<trkpt lat="32.721884" lon="-80.855877"><ele>3.8</ele></trkpt>
<trkpt lat="32.724087" lon="-80.853951"><ele>2.3</ele></trkpt>
<trkpt lat="32.724626" lon="-80.853500"><ele>4.5</ele></trkpt>
<trkpt lat="32.729627" lon="-80.849145"><ele>3.2</ele></trkpt>
<trkpt lat="32.731424" lon="-80.847586"><ele>3.8</ele></trkpt>
<trkpt lat="32.733011" lon="-80.846210"><ele>4.3</ele></trkpt>
<trkpt lat="32.734682" lon="-80.844646"><ele>3.2</ele></trkpt>
<trkpt lat="32.735195" lon="-80.844155"><ele>3.9</ele></trkpt>
<trkpt lat="32.742085" lon="-80.837211"><ele>7.5</ele></trkpt>
<trkpt lat="32.744103" lon="-80.835149"><ele>17.8</ele></trkpt>
<trkpt lat="32.747737" lon="-80.831438"><ele>22.1</ele></trkpt>
<trkpt lat="32.752593" lon="-80.826493"><ele>21.7</ele></trkpt>
<trkpt lat="32.754632" lon="-80.824336"><ele>22.5</ele></trkpt>
<trkpt lat="32.756175" lon="-80.822529"><ele>22.6</ele></trkpt>
<trkpt lat="32.765900" lon="-80.809645"><ele>23.4</ele></trkpt>
<trkpt lat="32.769507" lon="-80.804944"><ele>24.1</ele></trkpt>
<trkpt lat="32.779876" lon="-80.791557"><ele>24.8</ele></trkpt>
<trkpt lat="32.787927" lon="-80.780793"><ele>24.3</ele></trkpt>
<trkpt lat="32.788750" lon="-80.779704"><ele>24.0</ele></trkpt>
<trkpt lat="32.789911" lon="-80.778197"><ele>23.9</ele></trkpt>
<trkpt lat="32.790628" lon="-80.777384"><ele>23.7</ele></trkpt>
<trkpt lat="32.791607" lon="-80.776411"><ele>23.5</ele></trkpt>
<trkpt lat="32.792622" lon="-80.775558"><ele>23.1</ele></trkpt>
<trkpt lat="32.793695" lon="-80.774809"><ele>22.9</ele></trkpt>
<trkpt lat="32.794892" lon="-80.774115"><ele>22.4</ele></trkpt>
<trkpt lat="32.795916" lon="-80.773637"><ele>21.6</ele></trkpt>
<trkpt lat="32.798362" lon="-80.772564"><ele>22.9</ele></trkpt>
<trkpt lat="32.799338" lon="-80.772125"><ele>23.5</ele></trkpt>
<trkpt lat="32.801715" lon="-80.771095"><ele>25.6</ele></trkpt>
<trkpt lat="32.802801" lon="-80.770606"><ele>26.1</ele></trkpt>
<trkpt lat="32.803577" lon="-80.770277"><ele>26.7</ele></trkpt>
<trkpt lat="32.805444" lon="-80.769442"><ele>28.0</ele></trkpt>
<trkpt lat="32.806334" lon="-80.769000"><ele>27.4</ele></trkpt>
<trkpt lat="32.807445" lon="-80.768348"><ele>27.5</ele></trkpt>
<trkpt lat="32.808122" lon="-80.767879"><ele>27.6</ele></trkpt>
<trkpt lat="32.808886" lon="-80.767294"><ele>27.6</ele></trkpt>
<trkpt lat="32.809526" lon="-80.766749"><ele>27.6</ele></trkpt>
<trkpt lat="32.810189" lon="-80.766106"><ele>27.5</ele></trkpt>
<trkpt lat="32.810987" lon="-80.765235"><ele>27.6</ele></trkpt>
<trkpt lat="32.819688" lon="-80.755361"><ele>26.9</ele></trkpt>
<trkpt lat="32.821606" lon="-80.753169"><ele>26.8</ele></trkpt>
<trkpt lat="32.822711" lon="-80.751949"><ele>26.2</ele></trkpt>
<trkpt lat="32.823581" lon="-80.751067"><ele>25.8</ele></trkpt>
<trkpt lat="32.824478" lon="-80.750251"><ele>25.5</ele></trkpt>
<trkpt lat="32.825488" lon="-80.749414"><ele>24.5</ele></trkpt>
<trkpt lat="32.826495" lon="-80.748650"><ele>23.8</ele></trkpt>
<trkpt lat="32.828882" lon="-80.747102"><ele>22.8</ele></trkpt>
<trkpt lat="32.842481" lon="-80.738546"><ele>26.1</ele></trkpt>
<trkpt lat="32.852939" lon="-80.731984"><ele>25.4</ele></trkpt>
<trkpt lat="32.860344" lon="-80.727327"><ele>25.4</ele></trkpt>
<trkpt lat="32.865906" lon="-80.723853"><ele>28.8</ele></trkpt>
<trkpt lat="32.874680" lon="-80.718327"><ele>30.9</ele></trkpt>
<trkpt lat="32.875285" lon="-80.717976"><ele>31.0</ele></trkpt>
<trkpt lat="32.875865" lon="-80.717665"><ele>31.0</ele></trkpt>
<trkpt lat="32.876851" lon="-80.717188"><ele>30.9</ele></trkpt>
<trkpt lat="32.877667" lon="-80.716839"><ele>30.9</ele></trkpt>
<trkpt lat="32.878538" lon="-80.716525"><ele>30.8</ele></trkpt>
<trkpt lat="32.879550" lon="-80.716203"><ele>31.0</ele></trkpt>
<trkpt lat="32.884665" lon="-80.714760"><ele>30.7</ele></trkpt>
<trkpt lat="32.885773" lon="-80.714414"><ele>30.8</ele></trkpt>
<trkpt lat="32.886677" lon="-80.714098"><ele>30.5</ele></trkpt>
<trkpt lat="32.887492" lon="-80.713768"><ele>29.9</ele></trkpt>
<trkpt lat="32.888373" lon="-80.713387"><ele>29.8</ele></trkpt>
<trkpt lat="32.889337" lon="-80.712926"><ele>30.0</ele></trkpt>
<trkpt lat="32.890364" lon="-80.712384"><ele>29.9</ele></trkpt>
<trkpt lat="32.891296" lon="-80.711847"><ele>29.4</ele></trkpt>
<trkpt lat="32.905261" lon="-80.702704"><ele>10.7</ele></trkpt>
<trkpt lat="32.905986" lon="-80.702237"><ele>10.6</ele></trkpt>
<trkpt lat="32.907754" lon="-80.701067"><ele>11.7</ele></trkpt>
<trkpt lat="32.908693" lon="-80.700526"><ele>11.9</ele></trkpt>
<trkpt lat="32.909947" lon="-80.699911"><ele>12.6</ele></trkpt>
<trkpt lat="32.910839" lon="-80.699533"><ele>13.2</ele></trkpt>
<trkpt lat="32.911634" lon="-80.699236"><ele>13.7</ele></trkpt>
<trkpt lat="32.912476" lon="-80.698967"><ele>14.4</ele></trkpt>
<trkpt lat="32.919967" lon="-80.696647"><ele>17.4</ele></trkpt>
<trkpt lat="32.920955" lon="-80.696320"><ele>17.9</ele></trkpt>
<trkpt lat="32.921804" lon="-80.695958"><ele>18.5</ele></trkpt>
<trkpt lat="32.922608" lon="-80.695561"><ele>18.8</ele></trkpt>
<trkpt lat="32.923419" lon="-80.695081"><ele>19.2</ele></trkpt>
<trkpt lat="32.924173" lon="-80.694590"><ele>19.8</ele></trkpt>
<trkpt lat="32.924893" lon="-80.694032"><ele>20.6</ele></trkpt>
<trkpt lat="32.928795" lon="-80.690851"><ele>32.6</ele></trkpt>
<trkpt lat="32.929261" lon="-80.690459"><ele>28.8</ele></trkpt>
<trkpt lat="32.929909" lon="-80.689947"><ele>32.4</ele></trkpt>
<trkpt lat="32.930362" lon="-80.689598"><ele>29.0</ele></trkpt>
<trkpt lat="32.930466" lon="-80.689514"><ele>30.9</ele></trkpt>
<trkpt lat="32.931571" lon="-80.688729"><ele>30.0</ele></trkpt>
<trkpt lat="32.932180" lon="-80.688321"><ele>28.5</ele></trkpt>
<trkpt lat="32.932624" lon="-80.688040"><ele>27.6</ele></trkpt>
<trkpt lat="32.933268" lon="-80.687710"><ele>26.5</ele></trkpt>
<trkpt lat="32.934297" lon="-80.687270"><ele>25.0</ele></trkpt>
<trkpt lat="32.938914" lon="-80.685748"><ele>18.9</ele></trkpt>
<trkpt lat="32.961257" lon="-80.678377"><ele>26.4</ele></trkpt>
<trkpt lat="32.964435" lon="-80.677411"><ele>26.5</ele></trkpt>
<trkpt lat="32.965168" lon="-80.677216"><ele>26.6</ele></trkpt>
<trkpt lat="32.966802" lon="-80.676805"><ele>26.6</ele></trkpt>
<trkpt lat="33.002508" lon="-80.669046"><ele>27.3</ele></trkpt>
<trkpt lat="33.002971" lon="-80.668939"><ele>28.8</ele></trkpt>
<trkpt lat="33.017708" lon="-80.665709"><ele>25.8</ele></trkpt>
<trkpt lat="33.018594" lon="-80.665551"><ele>26.0</ele></trkpt>
<trkpt lat="33.019496" lon="-80.665433"><ele>26.0</ele></trkpt>
<trkpt lat="33.020389" lon="-80.665379"><ele>26.0</ele></trkpt>
<trkpt lat="33.021455" lon="-80.665352"><ele>26.0</ele></trkpt>
<trkpt lat="33.022366" lon="-80.665379"><ele>26.0</ele></trkpt>
<trkpt lat="33.023180" lon="-80.665459"><ele>25.8</ele></trkpt>
<trkpt lat="33.024028" lon="-80.665572"><ele>25.6</ele></trkpt>
<trkpt lat="33.024923" lon="-80.665738"><ele>25.7</ele></trkpt>
<trkpt lat="33.034925" lon="-80.668018"><ele>28.8</ele></trkpt>
<trkpt lat="33.035683" lon="-80.668192"><ele>28.6</ele></trkpt>
<trkpt lat="33.038662" lon="-80.668850"><ele>26.6</ele></trkpt>
<trkpt lat="33.039242" lon="-80.668952"><ele>26.1</ele></trkpt>
<trkpt lat="33.040115" lon="-80.669075"><ele>25.9</ele></trkpt>
<trkpt lat="33.040926" lon="-80.669158"><ele>26.0</ele></trkpt>
<trkpt lat="33.041855" lon="-80.669206"><ele>26.0</ele></trkpt>
<trkpt lat="33.042801" lon="-80.669212"><ele>26.0</ele></trkpt>
<trkpt lat="33.043739" lon="-80.669174"><ele>26.0</ele></trkpt>
<trkpt lat="33.044524" lon="-80.669105"><ele>25.8</ele></trkpt>
<trkpt lat="33.045324" lon="-80.669003"><ele>25.6</ele></trkpt>
<trkpt lat="33.046338" lon="-80.668828"><ele>25.7</ele></trkpt>
<trkpt lat="33.047240" lon="-80.668627"><ele>25.8</ele></trkpt>
<trkpt lat="33.048224" lon="-80.668359"><ele>25.8</ele></trkpt>
<trkpt lat="33.049263" lon="-80.668016"><ele>25.9</ele></trkpt>
<trkpt lat="33.050668" lon="-80.667439"><ele>25.8</ele></trkpt>
<trkpt lat="33.075988" lon="-80.656635"><ele>26.9</ele></trkpt>
<trkpt lat="33.077773" lon="-80.655860"><ele>26.7</ele></trkpt>
<trkpt lat="33.079973" lon="-80.654835"><ele>26.9</ele></trkpt>
<trkpt lat="33.088306" lon="-80.650640"><ele>22.5</ele></trkpt>
<trkpt lat="33.089863" lon="-80.649840"><ele>21.6</ele></trkpt>
<trkpt lat="33.090258" lon="-80.649625"><ele>21.3</ele></trkpt>
<trkpt lat="33.091554" lon="-80.648980"><ele>20.3</ele></trkpt>
<trkpt lat="33.092363" lon="-80.648597"><ele>22.0</ele></trkpt>
<trkpt lat="33.095064" lon="-80.647228"><ele>22.0</ele></trkpt>
<trkpt lat="33.096068" lon="-80.646731"><ele>22.1</ele></trkpt>
<trkpt lat="33.097050" lon="-80.646313"><ele>21.8</ele></trkpt>
<trkpt lat="33.097933" lon="-80.645975"><ele>21.3</ele></trkpt>
<trkpt lat="33.098567" lon="-80.645736"><ele>21.0</ele></trkpt>
<trkpt lat="33.099659" lon="-80.645366"><ele>21.6</ele></trkpt>
<trkpt lat="33.101341" lon="-80.644918"><ele>21.8</ele></trkpt>
<trkpt lat="33.102618" lon="-80.644642"><ele>21.5</ele></trkpt>
<trkpt lat="33.103429" lon="-80.644465"><ele>20.1</ele></trkpt>
<trkpt lat="33.109024" lon="-80.643330"><ele>21.9</ele></trkpt>
<trkpt lat="33.109837" lon="-80.643161"><ele>20.3</ele></trkpt>
<trkpt lat="33.116575" lon="-80.641767"><ele>21.9</ele></trkpt>
<trkpt lat="33.118823" lon="-80.641292"><ele>22.0</ele></trkpt>
<trkpt lat="33.121669" lon="-80.640710"><ele>23.1</ele></trkpt>
<trkpt lat="33.123799" lon="-80.640259"><ele>26.7</ele></trkpt>
<trkpt lat="33.124619" lon="-80.640037"><ele>28.3</ele></trkpt>
<trkpt lat="33.125549" lon="-80.639750"><ele>29.7</ele></trkpt>
<trkpt lat="33.126481" lon="-80.639412"><ele>30.7</ele></trkpt>
<trkpt lat="33.127406" lon="-80.639042"><ele>31.3</ele></trkpt>
<trkpt lat="33.128693" lon="-80.638427"><ele>31.2</ele></trkpt>
<trkpt lat="33.129657" lon="-80.637910"><ele>31.7</ele></trkpt>
<trkpt lat="33.130749" lon="-80.637263"><ele>31.8</ele></trkpt>
<trkpt lat="33.131994" lon="-80.636439"><ele>31.3</ele></trkpt>
<trkpt lat="33.133520" lon="-80.635295"><ele>31.4</ele></trkpt>
<trkpt lat="33.134666" lon="-80.634350"><ele>31.6</ele></trkpt>
<trkpt lat="33.141130" lon="-80.628490"><ele>30.9</ele></trkpt>
<trkpt lat="33.142554" lon="-80.627371"><ele>29.9</ele></trkpt>
<trkpt lat="33.143661" lon="-80.626610"><ele>29.4</ele></trkpt>
<trkpt lat="33.144728" lon="-80.625979"><ele>29.0</ele></trkpt>
<trkpt lat="33.145922" lon="-80.625327"><ele>29.3</ele></trkpt>
<trkpt lat="33.147247" lon="-80.624743"><ele>29.7</ele></trkpt>
<trkpt lat="33.148449" lon="-80.624306"><ele>30.3</ele></trkpt>
<trkpt lat="33.155529" lon="-80.622031"><ele>28.0</ele></trkpt>
<trkpt lat="33.158489" lon="-80.621063"><ele>26.2</ele></trkpt>
<trkpt lat="33.160411" lon="-80.620467"><ele>25.8</ele></trkpt>
<trkpt lat="33.163846" lon="-80.619338"><ele>25.2</ele></trkpt>
<trkpt lat="33.164405" lon="-80.619145"><ele>25.6</ele></trkpt>
<trkpt lat="33.166305" lon="-80.618464"><ele>26.0</ele></trkpt>
<trkpt lat="33.166925" lon="-80.618218"><ele>26.0</ele></trkpt>
<trkpt lat="33.170891" lon="-80.616588"><ele>27.8</ele></trkpt>
<trkpt lat="33.173673" lon="-80.615304"><ele>29.8</ele></trkpt>
<trkpt lat="33.174069" lon="-80.615120"><ele>32.0</ele></trkpt>
<trkpt lat="33.177675" lon="-80.613466"><ele>27.1</ele></trkpt>
<trkpt lat="33.185899" lon="-80.609577"><ele>24.9</ele></trkpt>
<trkpt lat="33.192043" lon="-80.606756"><ele>32.7</ele></trkpt>
<trkpt lat="33.192527" lon="-80.606523"><ele>36.0</ele></trkpt>
<trkpt lat="33.194782" lon="-80.605451"><ele>34.5</ele></trkpt>
<trkpt lat="33.195314" lon="-80.605213"><ele>34.9</ele></trkpt>
<trkpt lat="33.195554" lon="-80.605095"><ele>35.0</ele></trkpt>
<trkpt lat="33.197340" lon="-80.604280"><ele>31.3</ele></trkpt>
<trkpt lat="33.203013" lon="-80.601641"><ele>30.8</ele></trkpt>
<trkpt lat="33.204198" lon="-80.601118"><ele>31.0</ele></trkpt>
<trkpt lat="33.204917" lon="-80.600844"><ele>31.0</ele></trkpt>
<trkpt lat="33.206149" lon="-80.600410"><ele>30.9</ele></trkpt>
<trkpt lat="33.207857" lon="-80.599911"><ele>30.9</ele></trkpt>
<trkpt lat="33.218010" lon="-80.597348"><ele>30.7</ele></trkpt>
<trkpt lat="33.218910" lon="-80.597066"><ele>30.6</ele></trkpt>
<trkpt lat="33.219635" lon="-80.596801"><ele>30.6</ele></trkpt>
<trkpt lat="33.220281" lon="-80.596548"><ele>30.7</ele></trkpt>
<trkpt lat="33.220914" lon="-80.596264"><ele>30.6</ele></trkpt>
<trkpt lat="33.221650" lon="-80.595878"><ele>30.2</ele></trkpt>
<trkpt lat="33.222357" lon="-80.595481"><ele>30.0</ele></trkpt>
<trkpt lat="33.223194" lon="-80.594958"><ele>30.1</ele></trkpt>
<trkpt lat="33.224060" lon="-80.594336"><ele>30.4</ele></trkpt>
<trkpt lat="33.224890" lon="-80.593687"><ele>30.4</ele></trkpt>
<trkpt lat="33.234041" lon="-80.586230"><ele>28.0</ele></trkpt>
<trkpt lat="33.235444" lon="-80.585165"><ele>27.9</ele></trkpt>
<trkpt lat="33.236669" lon="-80.584307"><ele>27.9</ele></trkpt>
<trkpt lat="33.237588" lon="-80.583717"><ele>27.9</ele></trkpt>
<trkpt lat="33.238670" lon="-80.583084"><ele>27.9</ele></trkpt>
<trkpt lat="33.239729" lon="-80.582523"><ele>27.9</ele></trkpt>
<trkpt lat="33.240814" lon="-80.582013"><ele>27.8</ele></trkpt>
<trkpt lat="33.241676" lon="-80.581627"><ele>27.8</ele></trkpt>
<trkpt lat="33.243226" lon="-80.581024"><ele>27.5</ele></trkpt>
<trkpt lat="33.243642" lon="-80.580853"><ele>26.9</ele></trkpt>
<trkpt lat="33.252606" lon="-80.577513"><ele>29.0</ele></trkpt>
<trkpt lat="33.256554" lon="-80.576013"><ele>29.8</ele></trkpt>
<trkpt lat="33.257653" lon="-80.575563"><ele>30.0</ele></trkpt>
<trkpt lat="33.258880" lon="-80.575015"><ele>30.5</ele></trkpt>
<trkpt lat="33.259869" lon="-80.574546"><ele>30.8</ele></trkpt>
<trkpt lat="33.260991" lon="-80.573994"><ele>30.8</ele></trkpt>
<trkpt lat="33.267506" lon="-80.570845"><ele>32.0</ele></trkpt>
<trkpt lat="33.270826" lon="-80.569221"><ele>36.9</ele></trkpt>
<trkpt lat="33.271310" lon="-80.568975"><ele>33.7</ele></trkpt>
<trkpt lat="33.274848" lon="-80.567267"><ele>32.8</ele></trkpt>
<trkpt lat="33.293301" lon="-80.558305"><ele>32.7</ele></trkpt>
<trkpt lat="33.294503" lon="-80.557777"><ele>32.9</ele></trkpt>
<trkpt lat="33.295584" lon="-80.557367"><ele>32.9</ele></trkpt>
<trkpt lat="33.296907" lon="-80.556940"><ele>32.8</ele></trkpt>
<trkpt lat="33.298149" lon="-80.556599"><ele>32.2</ele></trkpt>
<trkpt lat="33.307062" lon="-80.554354"><ele>31.0</ele></trkpt>
<trkpt lat="33.308346" lon="-80.554024"><ele>31.0</ele></trkpt>
<trkpt lat="33.309169" lon="-80.553748"><ele>31.1</ele></trkpt>
<trkpt lat="33.309987" lon="-80.553442"><ele>31.2</ele></trkpt>
<trkpt lat="33.310722" lon="-80.553099"><ele>31.3</ele></trkpt>
<trkpt lat="33.311587" lon="-80.552632"><ele>31.4</ele></trkpt>
<trkpt lat="33.312327" lon="-80.552171"><ele>31.6</ele></trkpt>
<trkpt lat="33.318050" lon="-80.548055"><ele>35.9</ele></trkpt>
<trkpt lat="33.318783" lon="-80.547512"><ele>35.7</ele></trkpt>
<trkpt lat="33.324263" lon="-80.543596"><ele>31.0</ele></trkpt>
<trkpt lat="33.325188" lon="-80.542883"><ele>30.7</ele></trkpt>
<trkpt lat="33.327131" lon="-80.541553"><ele>30.2</ele></trkpt>
<trkpt lat="33.329053" lon="-80.540356"><ele>29.1</ele></trkpt>
<trkpt lat="33.330100" lon="-80.539780"><ele>28.8</ele></trkpt>
<trkpt lat="33.331172" lon="-80.539255"><ele>28.6</ele></trkpt>
<trkpt lat="33.338474" lon="-80.535841"><ele>26.0</ele></trkpt>
<trkpt lat="33.339089" lon="-80.535557"><ele>26.3</ele></trkpt>
<trkpt lat="33.344589" lon="-80.532985"><ele>26.6</ele></trkpt>
<trkpt lat="33.345233" lon="-80.532687"><ele>26.8</ele></trkpt>
<trkpt lat="33.353946" lon="-80.528650"><ele>26.3</ele></trkpt>
<trkpt lat="33.354331" lon="-80.528489"><ele>26.4</ele></trkpt>
<trkpt lat="33.356735" lon="-80.527585"><ele>27.1</ele></trkpt>
<trkpt lat="33.372259" lon="-80.522653"><ele>29.2</ele></trkpt>
<trkpt lat="33.372824" lon="-80.522457"><ele>27.8</ele></trkpt>
<trkpt lat="33.375161" lon="-80.521623"><ele>29.9</ele></trkpt>
<trkpt lat="33.382258" lon="-80.518844"><ele>32.8</ele></trkpt>
<trkpt lat="33.382776" lon="-80.518635"><ele>32.2</ele></trkpt>
<trkpt lat="33.385867" lon="-80.517401"><ele>30.5</ele></trkpt>
<trkpt lat="33.386855" lon="-80.516992"><ele>31.0</ele></trkpt>
<trkpt lat="33.388915" lon="-80.516201"><ele>32.0</ele></trkpt>
<trkpt lat="33.395223" lon="-80.513724"><ele>33.7</ele></trkpt>
<trkpt lat="33.396107" lon="-80.513345"><ele>33.8</ele></trkpt>
<trkpt lat="33.397093" lon="-80.512863"><ele>33.9</ele></trkpt>
<trkpt lat="33.397912" lon="-80.512409"><ele>34.0</ele></trkpt>
<trkpt lat="33.398627" lon="-80.511970"><ele>34.0</ele></trkpt>
<trkpt lat="33.399507" lon="-80.511401"><ele>34.0</ele></trkpt>
<trkpt lat="33.401018" lon="-80.510245"><ele>34.7</ele></trkpt>
<trkpt lat="33.401790" lon="-80.509572"><ele>34.7</ele></trkpt>
<trkpt lat="33.402357" lon="-80.509027"><ele>34.8</ele></trkpt>
<trkpt lat="33.403127" lon="-80.508249"><ele>35.0</ele></trkpt>
<trkpt lat="33.407849" lon="-80.503395"><ele>35.1</ele></trkpt>
<trkpt lat="33.413828" lon="-80.497284"><ele>36.6</ele></trkpt>
<trkpt lat="33.414575" lon="-80.496613"><ele>36.4</ele></trkpt>
<trkpt lat="33.416112" lon="-80.495300"><ele>36.1</ele></trkpt>
<trkpt lat="33.416702" lon="-80.494897"><ele>36.2</ele></trkpt>
<trkpt lat="33.417786" lon="-80.494203"><ele>36.4</ele></trkpt>
<trkpt lat="33.419024" lon="-80.493497"><ele>35.9</ele></trkpt>
<trkpt lat="33.420090" lon="-80.492966"><ele>36.2</ele></trkpt>
<trkpt lat="33.441923" lon="-80.482807"><ele>40.7</ele></trkpt>
<trkpt lat="33.444540" lon="-80.481602"><ele>41.3</ele></trkpt>
<trkpt lat="33.445260" lon="-80.481301"><ele>41.6</ele></trkpt>
<trkpt lat="33.445822" lon="-80.481108"><ele>41.3</ele></trkpt>
<trkpt lat="33.446443" lon="-80.480910"><ele>41.5</ele></trkpt>
<trkpt lat="33.447029" lon="-80.480742"><ele>41.6</ele></trkpt>
<trkpt lat="33.447944" lon="-80.480529"><ele>41.6</ele></trkpt>
<trkpt lat="33.449309" lon="-80.480286"><ele>41.7</ele></trkpt>
<trkpt lat="33.457192" lon="-80.478959"><ele>42.0</ele></trkpt>
<trkpt lat="33.465192" lon="-80.477599"><ele>42.0</ele></trkpt>
<trkpt lat="33.466199" lon="-80.477405"><ele>41.6</ele></trkpt>
<trkpt lat="33.467140" lon="-80.477197"><ele>41.8</ele></trkpt>
<trkpt lat="33.468153" lon="-80.476950"><ele>42.0</ele></trkpt>
<trkpt lat="33.469392" lon="-80.476602"><ele>41.5</ele></trkpt>
<trkpt lat="33.470858" lon="-80.476140"><ele>41.7</ele></trkpt>
<trkpt lat="33.473418" lon="-80.475266"><ele>40.3</ele></trkpt>
<trkpt lat="33.473994" lon="-80.475075"><ele>42.5</ele></trkpt>
<trkpt lat="33.477244" lon="-80.473958"><ele>38.4</ele></trkpt>
<trkpt lat="33.486377" lon="-80.470875"><ele>33.1</ele></trkpt>
<trkpt lat="33.487321" lon="-80.470529"><ele>33.0</ele></trkpt>
<trkpt lat="33.488021" lon="-80.470229"><ele>33.0</ele></trkpt>
<trkpt lat="33.489149" lon="-80.469711"><ele>33.4</ele></trkpt>
<trkpt lat="33.490066" lon="-80.469204"><ele>34.2</ele></trkpt>
<trkpt lat="33.491788" lon="-80.468126"><ele>34.6</ele></trkpt>
<trkpt lat="33.492605" lon="-80.467528"><ele>33.8</ele></trkpt>
<trkpt lat="33.493350" lon="-80.466928"><ele>32.5</ele></trkpt>
<trkpt lat="33.494023" lon="-80.466332"><ele>32.1</ele></trkpt>
<trkpt lat="33.494737" lon="-80.465683"><ele>32.2</ele></trkpt>
<trkpt lat="33.495638" lon="-80.464768"><ele>31.8</ele></trkpt>
<trkpt lat="33.496298" lon="-80.464049"><ele>31.1</ele></trkpt>
<trkpt lat="33.497056" lon="-80.463116"><ele>30.6</ele></trkpt>
<trkpt lat="33.499474" lon="-80.459932"><ele>29.8</ele></trkpt>
<trkpt lat="33.500873" lon="-80.458222"><ele>33.4</ele></trkpt>
<trkpt lat="33.501418" lon="-80.457579"><ele>33.0</ele></trkpt>
<trkpt lat="33.503296" lon="-80.455124"><ele>31.3</ele></trkpt>
<trkpt lat="33.509216" lon="-80.447242"><ele>25.8</ele></trkpt>
<trkpt lat="33.513937" lon="-80.441063"><ele>25.8</ele></trkpt>
<trkpt lat="33.517816" lon="-80.436001"><ele>24.7</ele></trkpt>
<trkpt lat="33.518479" lon="-80.435129"><ele>24.5</ele></trkpt>
<trkpt lat="33.520266" lon="-80.432792"><ele>27.0</ele></trkpt>
<trkpt lat="33.521319" lon="-80.431498"><ele>27.3</ele></trkpt>
<trkpt lat="33.522363" lon="-80.430323"><ele>29.4</ele></trkpt>
<trkpt lat="33.522788" lon="-80.429864"><ele>30.6</ele></trkpt>
<trkpt lat="33.523621" lon="-80.429002"><ele>32.1</ele></trkpt>
<trkpt lat="33.523825" lon="-80.428803"><ele>30.6</ele></trkpt>
<trkpt lat="33.524343" lon="-80.428294"><ele>30.1</ele></trkpt>
<trkpt lat="33.524951" lon="-80.427724"><ele>31.4</ele></trkpt>
<trkpt lat="33.525647" lon="-80.427103"><ele>30.3</ele></trkpt>
<trkpt lat="33.526266" lon="-80.426567"><ele>29.0</ele></trkpt>
<trkpt lat="33.527068" lon="-80.425909"><ele>27.4</ele></trkpt>
<trkpt lat="33.548689" lon="-80.408491"><ele>26.1</ele></trkpt>
<trkpt lat="33.549775" lon="-80.407599"><ele>25.9</ele></trkpt>
<trkpt lat="33.550751" lon="-80.406751"><ele>26.0</ele></trkpt>
<trkpt lat="33.551798" lon="-80.405794"><ele>25.9</ele></trkpt>
<trkpt lat="33.552832" lon="-80.404776"><ele>26.3</ele></trkpt>
<trkpt lat="33.553409" lon="-80.404191"><ele>26.5</ele></trkpt>
<trkpt lat="33.554271" lon="-80.403274"><ele>26.4</ele></trkpt>
<trkpt lat="33.555008" lon="-80.402459"><ele>26.4</ele></trkpt>
<trkpt lat="33.561076" lon="-80.395598"><ele>26.7</ele></trkpt>
<trkpt lat="33.563138" lon="-80.393256"><ele>25.9</ele></trkpt>
<trkpt lat="33.565924" lon="-80.390110"><ele>26.6</ele></trkpt>
<trkpt lat="33.567072" lon="-80.388688"><ele>27.1</ele></trkpt>
<trkpt lat="33.567640" lon="-80.387969"><ele>26.5</ele></trkpt>
<trkpt lat="33.568171" lon="-80.387275"><ele>26.7</ele></trkpt>
<trkpt lat="33.569099" lon="-80.386004"><ele>26.8</ele></trkpt>
<trkpt lat="33.569984" lon="-80.384742"><ele>26.7</ele></trkpt>
<trkpt lat="33.571089" lon="-80.383136"><ele>26.9</ele></trkpt>
<trkpt lat="33.586085" lon="-80.361467"><ele>34.4</ele></trkpt>
<trkpt lat="33.587460" lon="-80.359467"><ele>35.0</ele></trkpt>
<trkpt lat="33.587863" lon="-80.358839"><ele>35.0</ele></trkpt>
<trkpt lat="33.588319" lon="-80.358092"><ele>35.0</ele></trkpt>
<trkpt lat="33.588635" lon="-80.357539"><ele>35.0</ele></trkpt>
<trkpt lat="33.588946" lon="-80.356971"><ele>35.3</ele></trkpt>
<trkpt lat="33.589306" lon="-80.356272"><ele>35.8</ele></trkpt>
<trkpt lat="33.589612" lon="-80.355634"><ele>36.1</ele></trkpt>
<trkpt lat="33.589892" lon="-80.355021"><ele>36.5</ele></trkpt>
<trkpt lat="33.590158" lon="-80.354408"><ele>36.9</ele></trkpt>
<trkpt lat="33.590623" lon="-80.353213"><ele>37.8</ele></trkpt>
<trkpt lat="33.590859" lon="-80.352547"><ele>38.0</ele></trkpt>
<trkpt lat="33.591063" lon="-80.351936"><ele>38.0</ele></trkpt>
<trkpt lat="33.594397" lon="-80.341485"><ele>33.5</ele></trkpt>
<trkpt lat="33.596240" lon="-80.335742"><ele>38.4</ele></trkpt>
<trkpt lat="33.596402" lon="-80.335260"><ele>38.9</ele></trkpt>
<trkpt lat="33.596666" lon="-80.334534"><ele>39.8</ele></trkpt>
<trkpt lat="33.597001" lon="-80.333675"><ele>40.9</ele></trkpt>
<trkpt lat="33.597587" lon="-80.332355"><ele>42.7</ele></trkpt>
<trkpt lat="33.597819" lon="-80.331849"><ele>42.9</ele></trkpt>
<trkpt lat="33.597977" lon="-80.331520"><ele>41.7</ele></trkpt>
<trkpt lat="33.598048" lon="-80.331388"><ele>40.5</ele></trkpt>
<trkpt lat="33.598258" lon="-80.331001"><ele>44.3</ele></trkpt>
<trkpt lat="33.598569" lon="-80.330430"><ele>44.4</ele></trkpt>
<trkpt lat="33.598913" lon="-80.329841"><ele>44.1</ele></trkpt>
<trkpt lat="33.599375" lon="-80.329077"><ele>43.9</ele></trkpt>
<trkpt lat="33.600070" lon="-80.328022"><ele>43.8</ele></trkpt>
<trkpt lat="33.600615" lon="-80.327273"><ele>43.3</ele></trkpt>
<trkpt lat="33.601150" lon="-80.326582"><ele>42.9</ele></trkpt>
<trkpt lat="33.601662" lon="-80.325969"><ele>42.6</ele></trkpt>
<trkpt lat="33.602735" lon="-80.324745"><ele>41.9</ele></trkpt>
<trkpt lat="33.616101" lon="-80.309794"><ele>44.3</ele></trkpt>
<trkpt lat="33.619740" lon="-80.305525"><ele>44.6</ele></trkpt>
<trkpt lat="33.639779" lon="-80.281514"><ele>46.6</ele></trkpt>
<trkpt lat="33.640057" lon="-80.281204"><ele>46.5</ele></trkpt>
<trkpt lat="33.640368" lon="-80.280876"><ele>46.5</ele></trkpt>
<trkpt lat="33.640694" lon="-80.280548"><ele>46.5</ele></trkpt>
<trkpt lat="33.641074" lon="-80.280198"><ele>46.5</ele></trkpt>
<trkpt lat="33.641437" lon="-80.279886"><ele>46.6</ele></trkpt>
<trkpt lat="33.641776" lon="-80.279620"><ele>46.7</ele></trkpt>
<trkpt lat="33.642141" lon="-80.279347"><ele>46.9</ele></trkpt>
<trkpt lat="33.642567" lon="-80.279059"><ele>46.9</ele></trkpt>
<trkpt lat="33.643156" lon="-80.278700"><ele>46.8</ele></trkpt>
<trkpt lat="33.643753" lon="-80.278391"><ele>46.4</ele></trkpt>
<trkpt lat="33.644134" lon="-80.278209"><ele>46.2</ele></trkpt>
<trkpt lat="33.644523" lon="-80.278044"><ele>46.0</ele></trkpt>
<trkpt lat="33.644889" lon="-80.277903"><ele>45.9</ele></trkpt>
<trkpt lat="33.645578" lon="-80.277679"><ele>45.9</ele></trkpt>
<trkpt lat="33.646076" lon="-80.277547"><ele>45.8</ele></trkpt>
<trkpt lat="33.646766" lon="-80.277402"><ele>46.0</ele></trkpt>
<trkpt lat="33.647209" lon="-80.277338"><ele>46.5</ele></trkpt>
<trkpt lat="33.648091" lon="-80.277260"><ele>47.0</ele></trkpt>
<trkpt lat="33.650752" lon="-80.277146"><ele>48.2</ele></trkpt>
<trkpt lat="33.651527" lon="-80.277119"><ele>49.1</ele></trkpt>
<trkpt lat="33.659918" lon="-80.276781"><ele>47.5</ele></trkpt>
<trkpt lat="33.660417" lon="-80.276750"><ele>47.4</ele></trkpt>
<trkpt lat="33.660798" lon="-80.276715"><ele>47.4</ele></trkpt>
<trkpt lat="33.661250" lon="-80.276651"><ele>47.5</ele></trkpt>
<trkpt lat="33.661613" lon="-80.276588"><ele>47.6</ele></trkpt>
<trkpt lat="33.662412" lon="-80.276394"><ele>47.8</ele></trkpt>
<trkpt lat="33.663125" lon="-80.276172"><ele>47.9</ele></trkpt>
<trkpt lat="33.663511" lon="-80.276029"><ele>47.8</ele></trkpt>
<trkpt lat="33.663898" lon="-80.275867"><ele>47.9</ele></trkpt>
<trkpt lat="33.664404" lon="-80.275634"><ele>47.8</ele></trkpt>
<trkpt lat="33.664866" lon="-80.275390"><ele>47.8</ele></trkpt>
<trkpt lat="33.665329" lon="-80.275122"><ele>47.9</ele></trkpt>
<trkpt lat="33.665914" lon="-80.274737"><ele>47.9</ele></trkpt>
<trkpt lat="33.666679" lon="-80.274154"><ele>47.8</ele></trkpt>
<trkpt lat="33.667097" lon="-80.273798"><ele>47.8</ele></trkpt>
<trkpt lat="33.667560" lon="-80.273372"><ele>47.8</ele></trkpt>
<trkpt lat="33.675482" lon="-80.265910"><ele>46.8</ele></trkpt>
<trkpt lat="33.676216" lon="-80.265237"><ele>46.7</ele></trkpt>
<trkpt lat="33.677295" lon="-80.264302"><ele>46.4</ele></trkpt>
<trkpt lat="33.677769" lon="-80.263907"><ele>46.3</ele></trkpt>
<trkpt lat="33.678333" lon="-80.263451"><ele>46.2</ele></trkpt>
<trkpt lat="33.679051" lon="-80.262890"><ele>46.3</ele></trkpt>
<trkpt lat="33.679881" lon="-80.262258"><ele>46.1</ele></trkpt>
<trkpt lat="33.680587" lon="-80.261754"><ele>46.3</ele></trkpt>
<trkpt lat="33.681709" lon="-80.260988"><ele>46.1</ele></trkpt>
<trkpt lat="33.682330" lon="-80.260582"><ele>46.0</ele></trkpt>
<trkpt lat="33.683383" lon="-80.259931"><ele>45.6</ele></trkpt>
<trkpt lat="33.687153" lon="-80.257721"><ele>45.0</ele></trkpt>
<trkpt lat="33.693577" lon="-80.253934"><ele>44.0</ele></trkpt>
<trkpt lat="33.694644" lon="-80.253276"><ele>43.9</ele></trkpt>
<trkpt lat="33.695344" lon="-80.252818"><ele>43.7</ele></trkpt>
<trkpt lat="33.696540" lon="-80.251981"><ele>43.3</ele></trkpt>
<trkpt lat="33.697652" lon="-80.251162"><ele>43.0</ele></trkpt>
<trkpt lat="33.698911" lon="-80.250168"><ele>43.0</ele></trkpt>
<trkpt lat="33.699809" lon="-80.249403"><ele>43.1</ele></trkpt>
<trkpt lat="33.701008" lon="-80.248339"><ele>43.7</ele></trkpt>
<trkpt lat="33.701612" lon="-80.247771"><ele>43.6</ele></trkpt>
<trkpt lat="33.702320" lon="-80.247089"><ele>43.3</ele></trkpt>
<trkpt lat="33.703049" lon="-80.246357"><ele>43.1</ele></trkpt>
<trkpt lat="33.719583" lon="-80.229045"><ele>33.1</ele></trkpt>
<trkpt lat="33.720965" lon="-80.227617"><ele>31.4</ele></trkpt>
<trkpt lat="33.721719" lon="-80.226872"><ele>30.4</ele></trkpt>
<trkpt lat="33.722676" lon="-80.225970"><ele>29.6</ele></trkpt>
<trkpt lat="33.723273" lon="-80.225440"><ele>28.8</ele></trkpt>
<trkpt lat="33.724063" lon="-80.224746"><ele>27.2</ele></trkpt>
<trkpt lat="33.726130" lon="-80.223074"><ele>25.6</ele></trkpt>
<trkpt lat="33.726543" lon="-80.222741"><ele>26.2</ele></trkpt>
<trkpt lat="33.729419" lon="-80.220437"><ele>25.4</ele></trkpt>
<trkpt lat="33.729838" lon="-80.220101"><ele>25.8</ele></trkpt>
<trkpt lat="33.732322" lon="-80.218109"><ele>25.2</ele></trkpt>
<trkpt lat="33.732746" lon="-80.217767"><ele>25.8</ele></trkpt>
<trkpt lat="33.734140" lon="-80.216636"><ele>26.8</ele></trkpt>
<trkpt lat="33.734803" lon="-80.216037"><ele>27.7</ele></trkpt>
<trkpt lat="33.735377" lon="-80.215458"><ele>28.0</ele></trkpt>
<trkpt lat="33.735975" lon="-80.214797"><ele>28.0</ele></trkpt>
<trkpt lat="33.736364" lon="-80.214326"><ele>28.1</ele></trkpt>
<trkpt lat="33.736890" lon="-80.213627"><ele>28.4</ele></trkpt>
<trkpt lat="33.737362" lon="-80.212939"><ele>29.1</ele></trkpt>
<trkpt lat="33.737629" lon="-80.212520"><ele>29.9</ele></trkpt>
<trkpt lat="33.737886" lon="-80.212080"><ele>31.0</ele></trkpt>
<trkpt lat="33.738256" lon="-80.211413"><ele>33.2</ele></trkpt>
<trkpt lat="33.739584" lon="-80.208877"><ele>37.8</ele></trkpt>
<trkpt lat="33.740090" lon="-80.207913"><ele>38.9</ele></trkpt>
<trkpt lat="33.750935" lon="-80.187264"><ele>38.0</ele></trkpt>
<trkpt lat="33.751501" lon="-80.186283"><ele>37.9</ele></trkpt>
<trkpt lat="33.752059" lon="-80.185489"><ele>37.4</ele></trkpt>
<trkpt lat="33.752794" lon="-80.184617"><ele>37.2</ele></trkpt>
<trkpt lat="33.753588" lon="-80.183861"><ele>37.0</ele></trkpt>
<trkpt lat="33.754286" lon="-80.183292"><ele>37.0</ele></trkpt>
<trkpt lat="33.755020" lon="-80.182780"><ele>36.7</ele></trkpt>
<trkpt lat="33.755763" lon="-80.182361"><ele>36.3</ele></trkpt>
<trkpt lat="33.775001" lon="-80.172488"><ele>39.6</ele></trkpt>
<trkpt lat="33.776477" lon="-80.171812"><ele>38.8</ele></trkpt>
<trkpt lat="33.791228" lon="-80.165852"><ele>37.0</ele></trkpt>
<trkpt lat="33.792590" lon="-80.165249"><ele>37.3</ele></trkpt>
<trkpt lat="33.794574" lon="-80.164275"><ele>38.0</ele></trkpt>
<trkpt lat="33.805079" lon="-80.158817"><ele>37.0</ele></trkpt>
<trkpt lat="33.805879" lon="-80.158361"><ele>36.9</ele></trkpt>
<trkpt lat="33.806661" lon="-80.157859"><ele>36.6</ele></trkpt>
<trkpt lat="33.807548" lon="-80.157216"><ele>36.1</ele></trkpt>
<trkpt lat="33.808346" lon="-80.156534"><ele>35.7</ele></trkpt>
<trkpt lat="33.809131" lon="-80.155751"><ele>34.5</ele></trkpt>
<trkpt lat="33.809826" lon="-80.154997"><ele>33.1</ele></trkpt>
<trkpt lat="33.812654" lon="-80.151521"><ele>25.9</ele></trkpt>
<trkpt lat="33.812944" lon="-80.151158"><ele>26.7</ele></trkpt>
<trkpt lat="33.820663" lon="-80.141578"><ele>28.0</ele></trkpt>
<trkpt lat="33.821189" lon="-80.140959"><ele>27.6</ele></trkpt>
<trkpt lat="33.821797" lon="-80.140269"><ele>27.4</ele></trkpt>
<trkpt lat="33.823116" lon="-80.138958"><ele>26.4</ele></trkpt>
<trkpt lat="33.823442" lon="-80.138657"><ele>27.0</ele></trkpt>
<trkpt lat="33.826726" lon="-80.136021"><ele>26.3</ele></trkpt>
<trkpt lat="33.827334" lon="-80.135538"><ele>26.9</ele></trkpt>
<trkpt lat="33.833107" lon="-80.131018"><ele>26.8</ele></trkpt>
<trkpt lat="33.833651" lon="-80.130578"><ele>26.1</ele></trkpt>
<trkpt lat="33.838078" lon="-80.127102"><ele>26.3</ele></trkpt>
<trkpt lat="33.838414" lon="-80.126829"><ele>26.5</ele></trkpt>
<trkpt lat="33.842915" lon="-80.123338"><ele>26.4</ele></trkpt>
<trkpt lat="33.843201" lon="-80.123123"><ele>26.5</ele></trkpt>
<trkpt lat="33.845006" lon="-80.121902"><ele>30.1</ele></trkpt>
<trkpt lat="33.846831" lon="-80.120764"><ele>31.8</ele></trkpt>
<trkpt lat="33.857623" lon="-80.114635"><ele>33.4</ele></trkpt>
<trkpt lat="33.858512" lon="-80.114118"><ele>33.9</ele></trkpt>
<trkpt lat="33.859550" lon="-80.113487"><ele>34.3</ele></trkpt>
<trkpt lat="33.860560" lon="-80.112821"><ele>34.7</ele></trkpt>
<trkpt lat="33.861488" lon="-80.112165"><ele>34.2</ele></trkpt>
<trkpt lat="33.871429" lon="-80.104808"><ele>34.8</ele></trkpt>
<trkpt lat="33.872167" lon="-80.104306"><ele>34.8</ele></trkpt>
<trkpt lat="33.872982" lon="-80.103807"><ele>34.7</ele></trkpt>
<trkpt lat="33.873881" lon="-80.103317"><ele>34.9</ele></trkpt>
<trkpt lat="33.874765" lon="-80.102877"><ele>34.9</ele></trkpt>
<trkpt lat="33.875565" lon="-80.102528"><ele>34.9</ele></trkpt>
<trkpt lat="33.876618" lon="-80.102120"><ele>35.0</ele></trkpt>
<trkpt lat="33.894057" lon="-80.096483"><ele>38.1</ele></trkpt>
<trkpt lat="33.894761" lon="-80.096234"><ele>38.5</ele></trkpt>
<trkpt lat="33.895287" lon="-80.096033"><ele>38.8</ele></trkpt>
<trkpt lat="33.895925" lon="-80.095771"><ele>39.0</ele></trkpt>
<trkpt lat="33.896629" lon="-80.095468"><ele>39.0</ele></trkpt>
<trkpt lat="33.897395" lon="-80.095111"><ele>39.0</ele></trkpt>
<trkpt lat="33.898442" lon="-80.094578"><ele>39.6</ele></trkpt>
<trkpt lat="33.904699" lon="-80.090967"><ele>39.9</ele></trkpt>
<trkpt lat="33.905109" lon="-80.090718"><ele>39.7</ele></trkpt>
<trkpt lat="33.906968" lon="-80.089627"><ele>39.9</ele></trkpt>
<trkpt lat="33.908319" lon="-80.088772"><ele>39.8</ele></trkpt>
<trkpt lat="33.909017" lon="-80.088307"><ele>39.6</ele></trkpt>
<trkpt lat="33.910328" lon="-80.087386"><ele>39.6</ele></trkpt>
<trkpt lat="33.911187" lon="-80.086728"><ele>39.2</ele></trkpt>
<trkpt lat="33.912498" lon="-80.085666"><ele>38.9</ele></trkpt>
<trkpt lat="33.913315" lon="-80.084978"><ele>38.9</ele></trkpt>
<trkpt lat="33.914466" lon="-80.083955"><ele>39.5</ele></trkpt>
<trkpt lat="33.918143" lon="-80.080551"><ele>39.8</ele></trkpt>
<trkpt lat="33.918834" lon="-80.079879"><ele>39.9</ele></trkpt>
<trkpt lat="33.922110" lon="-80.076845"><ele>39.8</ele></trkpt>
<trkpt lat="33.925474" lon="-80.073711"><ele>39.5</ele></trkpt>
<trkpt lat="33.926543" lon="-80.072725"><ele>39.0</ele></trkpt>
<trkpt lat="33.927455" lon="-80.071912"><ele>38.8</ele></trkpt>
<trkpt lat="33.928359" lon="-80.071131"><ele>38.5</ele></trkpt>
<trkpt lat="33.929219" lon="-80.070419"><ele>38.3</ele></trkpt>
<trkpt lat="33.930061" lon="-80.069752"><ele>38.1</ele></trkpt>
<trkpt lat="33.930863" lon="-80.069137"><ele>37.9</ele></trkpt>
<trkpt lat="33.931845" lon="-80.068417"><ele>37.5</ele></trkpt>
<trkpt lat="33.933853" lon="-80.066970"><ele>36.6</ele></trkpt>
<trkpt lat="33.940770" lon="-80.061983"><ele>38.9</ele></trkpt>
<trkpt lat="33.942405" lon="-80.060815"><ele>39.0</ele></trkpt>
<trkpt lat="33.944123" lon="-80.059562"><ele>39.0</ele></trkpt>
<trkpt lat="33.945579" lon="-80.058464"><ele>39.0</ele></trkpt>
<trkpt lat="33.946116" lon="-80.058029"><ele>39.0</ele></trkpt>
<trkpt lat="33.947245" lon="-80.057080"><ele>39.0</ele></trkpt>
<trkpt lat="33.947900" lon="-80.056513"><ele>39.0</ele></trkpt>
<trkpt lat="33.948735" lon="-80.055774"><ele>39.0</ele></trkpt>
<trkpt lat="33.952249" lon="-80.052505"><ele>38.0</ele></trkpt>
<trkpt lat="33.957112" lon="-80.048034"><ele>36.5</ele></trkpt>
<trkpt lat="33.957627" lon="-80.047576"><ele>36.7</ele></trkpt>
<trkpt lat="33.958128" lon="-80.047155"><ele>36.9</ele></trkpt>
<trkpt lat="33.958754" lon="-80.046676"><ele>37.4</ele></trkpt>
<trkpt lat="33.959132" lon="-80.046399"><ele>37.6</ele></trkpt>
<trkpt lat="33.959560" lon="-80.046099"><ele>37.8</ele></trkpt>
<trkpt lat="33.960424" lon="-80.045557"><ele>38.0</ele></trkpt>
<trkpt lat="33.960778" lon="-80.045347"><ele>38.3</ele></trkpt>
<trkpt lat="33.961251" lon="-80.045088"><ele>38.5</ele></trkpt>
<trkpt lat="33.961670" lon="-80.044878"><ele>38.8</ele></trkpt>
<trkpt lat="33.962529" lon="-80.044477"><ele>38.9</ele></trkpt>
<trkpt lat="33.965707" lon="-80.043153"><ele>39.9</ele></trkpt>
<trkpt lat="33.965892" lon="-80.043088"><ele>40.0</ele></trkpt>
<trkpt lat="33.967206" lon="-80.042528"><ele>40.0</ele></trkpt>
<trkpt lat="33.967934" lon="-80.042233"><ele>40.0</ele></trkpt>
<trkpt lat="33.968388" lon="-80.042039"><ele>40.0</ele></trkpt>
<trkpt lat="33.972746" lon="-80.040254"><ele>40.8</ele></trkpt>
<trkpt lat="33.973463" lon="-80.039938"><ele>40.8</ele></trkpt>
<trkpt lat="33.974278" lon="-80.039530"><ele>40.7</ele></trkpt>
<trkpt lat="33.974528" lon="-80.039392"><ele>40.7</ele></trkpt>
<trkpt lat="33.975259" lon="-80.038948"><ele>40.8</ele></trkpt>
<trkpt lat="33.975799" lon="-80.038576"><ele>41.0</ele></trkpt>
<trkpt lat="33.976483" lon="-80.038066"><ele>40.9</ele></trkpt>
<trkpt lat="33.976962" lon="-80.037661"><ele>40.7</ele></trkpt>
<trkpt lat="33.977302" lon="-80.037360"><ele>40.6</ele></trkpt>
<trkpt lat="33.977970" lon="-80.036712"><ele>40.5</ele></trkpt>
<trkpt lat="33.978612" lon="-80.036013"><ele>40.3</ele></trkpt>
<trkpt lat="33.978960" lon="-80.035598"><ele>40.3</ele></trkpt>
<trkpt lat="33.979317" lon="-80.035151"><ele>40.3</ele></trkpt>
<trkpt lat="33.979556" lon="-80.034830"><ele>40.4</ele></trkpt>
<trkpt lat="33.979861" lon="-80.034401"><ele>40.3</ele></trkpt>
<trkpt lat="33.980341" lon="-80.033678"><ele>40.3</ele></trkpt>
<trkpt lat="33.983156" lon="-80.029357"><ele>40.7</ele></trkpt>
<trkpt lat="33.984423" lon="-80.027430"><ele>41.4</ele></trkpt>
<trkpt lat="33.984676" lon="-80.027032"><ele>41.5</ele></trkpt>
<trkpt lat="33.985657" lon="-80.025548"><ele>41.5</ele></trkpt>
<trkpt lat="33.986149" lon="-80.024776"><ele>41.0</ele></trkpt>
<trkpt lat="33.989768" lon="-80.019233"><ele>40.6</ele></trkpt>
<trkpt lat="33.990429" lon="-80.018196"><ele>40.6</ele></trkpt>
<trkpt lat="33.991052" lon="-80.017244"><ele>40.7</ele></trkpt>
<trkpt lat="33.991731" lon="-80.016228"><ele>40.8</ele></trkpt>
<trkpt lat="33.992162" lon="-80.015622"><ele>40.6</ele></trkpt>
<trkpt lat="33.993135" lon="-80.014343"><ele>40.5</ele></trkpt>
<trkpt lat="33.993589" lon="-80.013789"><ele>40.5</ele></trkpt>
<trkpt lat="33.993985" lon="-80.013326"><ele>40.5</ele></trkpt>
<trkpt lat="33.994736" lon="-80.012479"><ele>40.6</ele></trkpt>
<trkpt lat="33.995122" lon="-80.012068"><ele>40.8</ele></trkpt>
<trkpt lat="33.995667" lon="-80.011515"><ele>40.8</ele></trkpt>
<trkpt lat="33.996611" lon="-80.010578"><ele>40.4</ele></trkpt>
<trkpt lat="33.997198" lon="-80.010035"><ele>40.1</ele></trkpt>
<trkpt lat="34.000683" lon="-80.006593"><ele>39.9</ele></trkpt>
<trkpt lat="34.003145" lon="-80.004134"><ele>39.8</ele></trkpt>
<trkpt lat="34.004150" lon="-80.003152"><ele>39.9</ele></trkpt>
<trkpt lat="34.005004" lon="-80.002303"><ele>39.8</ele></trkpt>
<trkpt lat="34.005792" lon="-80.001558"><ele>40.0</ele></trkpt>
<trkpt lat="34.006071" lon="-80.001309"><ele>40.0</ele></trkpt>
<trkpt lat="34.006680" lon="-80.000788"><ele>40.0</ele></trkpt>
<trkpt lat="34.007479" lon="-80.000174"><ele>40.1</ele></trkpt>
<trkpt lat="34.008415" lon="-79.999541"><ele>40.5</ele></trkpt>
<trkpt lat="34.008760" lon="-79.999320"><ele>40.6</ele></trkpt>
<trkpt lat="34.009385" lon="-79.998948"><ele>40.8</ele></trkpt>
<trkpt lat="34.010081" lon="-79.998563"><ele>40.8</ele></trkpt>
<trkpt lat="34.010441" lon="-79.998382"><ele>40.9</ele></trkpt>
<trkpt lat="34.010806" lon="-79.998212"><ele>40.9</ele></trkpt>
<trkpt lat="34.011593" lon="-79.997866"><ele>41.0</ele></trkpt>
<trkpt lat="34.012019" lon="-79.997691"><ele>41.0</ele></trkpt>
<trkpt lat="34.013299" lon="-79.997213"><ele>41.0</ele></trkpt>
<trkpt lat="34.022084" lon="-79.993852"><ele>41.3</ele></trkpt>
<trkpt lat="34.023331" lon="-79.993386"><ele>41.0</ele></trkpt>
<trkpt lat="34.027936" lon="-79.991633"><ele>38.0</ele></trkpt>
<trkpt lat="34.029749" lon="-79.990918"><ele>37.9</ele></trkpt>
<trkpt lat="34.030101" lon="-79.990762"><ele>37.9</ele></trkpt>
<trkpt lat="34.030675" lon="-79.990489"><ele>38.0</ele></trkpt>
<trkpt lat="34.031082" lon="-79.990278"><ele>37.9</ele></trkpt>
<trkpt lat="34.031731" lon="-79.989925"><ele>37.3</ele></trkpt>
<trkpt lat="34.032027" lon="-79.989752"><ele>37.1</ele></trkpt>
<trkpt lat="34.032796" lon="-79.989258"><ele>36.5</ele></trkpt>
<trkpt lat="34.033218" lon="-79.988968"><ele>36.2</ele></trkpt>
<trkpt lat="34.037058" lon="-79.986024"><ele>35.7</ele></trkpt>
<trkpt lat="34.038947" lon="-79.984522"><ele>34.6</ele></trkpt>
<trkpt lat="34.039541" lon="-79.984042"><ele>35.3</ele></trkpt>
<trkpt lat="34.051858" lon="-79.974351"><ele>42.0</ele></trkpt>
<trkpt lat="34.053098" lon="-79.973327"><ele>42.0</ele></trkpt>
<trkpt lat="34.054653" lon="-79.971920"><ele>42.0</ele></trkpt>
<trkpt lat="34.055980" lon="-79.970595"><ele>42.5</ele></trkpt>
<trkpt lat="34.056460" lon="-79.970085"><ele>42.7</ele></trkpt>
<trkpt lat="34.057671" lon="-79.968729"><ele>42.9</ele></trkpt>
<trkpt lat="34.058108" lon="-79.968209"><ele>42.8</ele></trkpt>
<trkpt lat="34.058532" lon="-79.967666"><ele>42.7</ele></trkpt>
<trkpt lat="34.058843" lon="-79.967297"><ele>42.6</ele></trkpt>
<trkpt lat="34.059641" lon="-79.966249"><ele>42.6</ele></trkpt>
<trkpt lat="34.060075" lon="-79.965650"><ele>42.5</ele></trkpt>
<trkpt lat="34.060787" lon="-79.964600"><ele>42.3</ele></trkpt>
<trkpt lat="34.061490" lon="-79.963492"><ele>42.4</ele></trkpt>
<trkpt lat="34.062489" lon="-79.961823"><ele>42.6</ele></trkpt>
<trkpt lat="34.063550" lon="-79.959936"><ele>42.2</ele></trkpt>
<trkpt lat="34.065883" lon="-79.955528"><ele>41.0</ele></trkpt>
<trkpt lat="34.068361" lon="-79.950910"><ele>38.3</ele></trkpt>
<trkpt lat="34.068912" lon="-79.950009"><ele>37.3</ele></trkpt>
<trkpt lat="34.069457" lon="-79.949218"><ele>36.7</ele></trkpt>
<trkpt lat="34.070068" lon="-79.948424"><ele>35.7</ele></trkpt>
<trkpt lat="34.070610" lon="-79.947764"><ele>35.0</ele></trkpt>
<trkpt lat="34.071316" lon="-79.947000"><ele>34.5</ele></trkpt>
<trkpt lat="34.072054" lon="-79.946313"><ele>34.1</ele></trkpt>
<trkpt lat="34.072714" lon="-79.945779"><ele>33.1</ele></trkpt>
<trkpt lat="34.073147" lon="-79.945449"><ele>33.3</ele></trkpt>
<trkpt lat="34.075813" lon="-79.943499"><ele>33.1</ele></trkpt>
<trkpt lat="34.076156" lon="-79.943255"><ele>33.9</ele></trkpt>
<trkpt lat="34.081542" lon="-79.939301"><ele>40.3</ele></trkpt>
<trkpt lat="34.084128" lon="-79.937412"><ele>40.6</ele></trkpt>
<trkpt lat="34.084874" lon="-79.936876"><ele>41.0</ele></trkpt>
<trkpt lat="34.090360" lon="-79.932852"><ele>41.6</ele></trkpt>
<trkpt lat="34.091298" lon="-79.932119"><ele>41.7</ele></trkpt>
<trkpt lat="34.092670" lon="-79.930958"><ele>42.1</ele></trkpt>
<trkpt lat="34.093308" lon="-79.930403"><ele>42.1</ele></trkpt>
<trkpt lat="34.093974" lon="-79.929788"><ele>42.2</ele></trkpt>
<trkpt lat="34.094749" lon="-79.929054"><ele>42.4</ele></trkpt>
<trkpt lat="34.095593" lon="-79.928195"><ele>42.4</ele></trkpt>
<trkpt lat="34.096513" lon="-79.927232"><ele>42.8</ele></trkpt>
<trkpt lat="34.108085" lon="-79.914388"><ele>40.9</ele></trkpt>
<trkpt lat="34.108294" lon="-79.914145"><ele>41.0</ele></trkpt>
<trkpt lat="34.109299" lon="-79.913034"><ele>41.2</ele></trkpt>
<trkpt lat="34.110072" lon="-79.912153"><ele>41.7</ele></trkpt>
<trkpt lat="34.112768" lon="-79.909161"><ele>40.5</ele></trkpt>
<trkpt lat="34.113441" lon="-79.908431"><ele>39.6</ele></trkpt>
<trkpt lat="34.117142" lon="-79.904270"><ele>34.9</ele></trkpt>
<trkpt lat="34.117422" lon="-79.903959"><ele>34.7</ele></trkpt>
<trkpt lat="34.126326" lon="-79.894098"><ele>41.7</ele></trkpt>
<trkpt lat="34.127916" lon="-79.892282"><ele>41.9</ele></trkpt>
<trkpt lat="34.136446" lon="-79.882384"><ele>41.7</ele></trkpt>
<trkpt lat="34.137145" lon="-79.881639"><ele>41.9</ele></trkpt>
<trkpt lat="34.137862" lon="-79.880944"><ele>42.4</ele></trkpt>
<trkpt lat="34.138615" lon="-79.880276"><ele>42.7</ele></trkpt>
<trkpt lat="34.139163" lon="-79.879818"><ele>42.8</ele></trkpt>
<trkpt lat="34.139874" lon="-79.879289"><ele>42.9</ele></trkpt>
<trkpt lat="34.140746" lon="-79.878688"><ele>43.1</ele></trkpt>
<trkpt lat="34.141554" lon="-79.878192"><ele>43.5</ele></trkpt>
<trkpt lat="34.142600" lon="-79.877624"><ele>43.4</ele></trkpt>
<trkpt lat="34.143676" lon="-79.877130"><ele>42.9</ele></trkpt>
<trkpt lat="34.144789" lon="-79.876679"><ele>42.7</ele></trkpt>
<trkpt lat="34.145745" lon="-79.876331"><ele>42.3</ele></trkpt>
<trkpt lat="34.150848" lon="-79.874407"><ele>40.0</ele></trkpt>
<trkpt lat="34.154377" lon="-79.873087"><ele>45.6</ele></trkpt>
<trkpt lat="34.155343" lon="-79.872700"><ele>46.4</ele></trkpt>
<trkpt lat="34.156001" lon="-79.872452"><ele>44.8</ele></trkpt>
<trkpt lat="34.171680" lon="-79.866518"><ele>42.2</ele></trkpt>
<trkpt lat="34.172204" lon="-79.866320"><ele>46.9</ele></trkpt>
<trkpt lat="34.175136" lon="-79.865192"><ele>42.1</ele></trkpt>
<trkpt lat="34.175984" lon="-79.864835"><ele>41.8</ele></trkpt>
<trkpt lat="34.176598" lon="-79.864546"><ele>42.0</ele></trkpt>
<trkpt lat="34.177029" lon="-79.864323"><ele>42.0</ele></trkpt>
<trkpt lat="34.177377" lon="-79.864125"><ele>42.1</ele></trkpt>
<trkpt lat="34.178169" lon="-79.863647"><ele>42.5</ele></trkpt>
<trkpt lat="34.178764" lon="-79.863274"><ele>42.6</ele></trkpt>
<trkpt lat="34.179368" lon="-79.862848"><ele>42.7</ele></trkpt>
<trkpt lat="34.180009" lon="-79.862373"><ele>42.8</ele></trkpt>
<trkpt lat="34.180495" lon="-79.861966"><ele>42.9</ele></trkpt>
<trkpt lat="34.181609" lon="-79.860949"><ele>42.7</ele></trkpt>
<trkpt lat="34.182097" lon="-79.860461"><ele>42.5</ele></trkpt>
<trkpt lat="34.182618" lon="-79.859914"><ele>42.3</ele></trkpt>
<trkpt lat="34.183102" lon="-79.859353"><ele>42.1</ele></trkpt>
<trkpt lat="34.183690" lon="-79.858632"><ele>41.8</ele></trkpt>
<trkpt lat="34.184185" lon="-79.857980"><ele>41.0</ele></trkpt>
<trkpt lat="34.184691" lon="-79.857269"><ele>40.1</ele></trkpt>
<trkpt lat="34.185196" lon="-79.856496"><ele>38.9</ele></trkpt>
<trkpt lat="34.187147" lon="-79.853390"><ele>33.2</ele></trkpt>
<trkpt lat="34.187447" lon="-79.852903"><ele>32.7</ele></trkpt>
<trkpt lat="34.190039" lon="-79.848804"><ele>37.8</ele></trkpt>
<trkpt lat="34.195504" lon="-79.840063"><ele>37.6</ele></trkpt>
<trkpt lat="34.195882" lon="-79.839534"><ele>37.3</ele></trkpt>
<trkpt lat="34.196279" lon="-79.839035"><ele>37.2</ele></trkpt>
<trkpt lat="34.196762" lon="-79.838467"><ele>37.1</ele></trkpt>
<trkpt lat="34.197148" lon="-79.838059"><ele>37.0</ele></trkpt>
<trkpt lat="34.197685" lon="-79.837590"><ele>37.1</ele></trkpt>
<trkpt lat="34.198411" lon="-79.837024"><ele>37.4</ele></trkpt>
<trkpt lat="34.198921" lon="-79.836691"><ele>38.0</ele></trkpt>
<trkpt lat="34.201982" lon="-79.834800"><ele>40.1</ele></trkpt>
<trkpt lat="34.204542" lon="-79.833161"><ele>39.5</ele></trkpt>
<trkpt lat="34.204999" lon="-79.832896"><ele>40.0</ele></trkpt>
<trkpt lat="34.207169" lon="-79.831540"><ele>36.5</ele></trkpt>
<trkpt lat="34.207623" lon="-79.831231"><ele>35.8</ele></trkpt>
<trkpt lat="34.208040" lon="-79.830910"><ele>35.3</ele></trkpt>
<trkpt lat="34.208477" lon="-79.830550"><ele>35.0</ele></trkpt>
<trkpt lat="34.208872" lon="-79.830183"><ele>34.9</ele></trkpt>
<trkpt lat="34.209223" lon="-79.829810"><ele>34.7</ele></trkpt>
<trkpt lat="34.209691" lon="-79.829292"><ele>34.6</ele></trkpt>
<trkpt lat="34.209983" lon="-79.828906"><ele>34.8</ele></trkpt>
<trkpt lat="34.210518" lon="-79.828120"><ele>35.0</ele></trkpt>
<trkpt lat="34.223049" lon="-79.806803"><ele>40.7</ele></trkpt>
<trkpt lat="34.223505" lon="-79.806130"><ele>40.9</ele></trkpt>
<trkpt lat="34.223806" lon="-79.805705"><ele>40.9</ele></trkpt>
<trkpt lat="34.224264" lon="-79.805127"><ele>40.9</ele></trkpt>
<trkpt lat="34.224947" lon="-79.804344"><ele>40.9</ele></trkpt>
<trkpt lat="34.228961" lon="-79.800007"><ele>46.3</ele></trkpt>
<trkpt lat="34.229834" lon="-79.799071"><ele>46.8</ele></trkpt>
<trkpt lat="34.229994" lon="-79.798890"><ele>47.4</ele></trkpt>
<trkpt lat="34.233971" lon="-79.794606"><ele>47.6</ele></trkpt>
<trkpt lat="34.236039" lon="-79.792378"><ele>45.0</ele></trkpt>
<trkpt lat="34.236552" lon="-79.791788"><ele>43.7</ele></trkpt>
<trkpt lat="34.237066" lon="-79.791110"><ele>42.6</ele></trkpt>
<trkpt lat="34.237541" lon="-79.790447"><ele>42.1</ele></trkpt>
<trkpt lat="34.237962" lon="-79.789790"><ele>41.7</ele></trkpt>
<trkpt lat="34.238158" lon="-79.789455"><ele>41.8</ele></trkpt>
<trkpt lat="34.238423" lon="-79.789007"><ele>42.0</ele></trkpt>
<trkpt lat="34.238807" lon="-79.788280"><ele>41.8</ele></trkpt>
<trkpt lat="34.239252" lon="-79.787333"><ele>41.2</ele></trkpt>
<trkpt lat="34.239607" lon="-79.786494"><ele>41.0</ele></trkpt>
<trkpt lat="34.239953" lon="-79.785547"><ele>40.7</ele></trkpt>
<trkpt lat="34.240219" lon="-79.784616"><ele>40.6</ele></trkpt>
<trkpt lat="34.240496" lon="-79.783567"><ele>40.8</ele></trkpt>
<trkpt lat="34.242696" lon="-79.775167"><ele>40.8</ele></trkpt>
<trkpt lat="34.242955" lon="-79.774231"><ele>40.9</ele></trkpt>
<trkpt lat="34.243543" lon="-79.772549"><ele>40.4</ele></trkpt>
<trkpt lat="34.243865" lon="-79.771801"><ele>40.1</ele></trkpt>
<trkpt lat="34.244151" lon="-79.771178"><ele>39.9</ele></trkpt>
<trkpt lat="34.244547" lon="-79.770433"><ele>39.4</ele></trkpt>
<trkpt lat="34.245113" lon="-79.769427"><ele>37.9</ele></trkpt>
<trkpt lat="34.245567" lon="-79.768729"><ele>35.9</ele></trkpt>
<trkpt lat="34.246031" lon="-79.768078"><ele>33.4</ele></trkpt>
<trkpt lat="34.247208" lon="-79.766466"><ele>25.2</ele></trkpt>
<trkpt lat="34.247523" lon="-79.766050"><ele>24.4</ele></trkpt>
<trkpt lat="34.250457" lon="-79.762024"><ele>30.3</ele></trkpt>
<trkpt lat="34.253024" lon="-79.758501"><ele>24.1</ele></trkpt>
<trkpt lat="34.253747" lon="-79.757498"><ele>23.8</ele></trkpt>
<trkpt lat="34.261667" lon="-79.746694"><ele>36.0</ele></trkpt>
<trkpt lat="34.262665" lon="-79.745281"><ele>36.6</ele></trkpt>
<trkpt lat="34.263027" lon="-79.744674"><ele>36.9</ele></trkpt>
<trkpt lat="34.263321" lon="-79.744079"><ele>36.8</ele></trkpt>
<trkpt lat="34.263667" lon="-79.743298"><ele>36.5</ele></trkpt>
<trkpt lat="34.263951" lon="-79.742518"><ele>36.1</ele></trkpt>
<trkpt lat="34.264202" lon="-79.741713"><ele>35.9</ele></trkpt>
<trkpt lat="34.264423" lon="-79.740828"><ele>35.5</ele></trkpt>
<trkpt lat="34.264558" lon="-79.740040"><ele>35.1</ele></trkpt>
<trkpt lat="34.264671" lon="-79.739117"><ele>34.8</ele></trkpt>
<trkpt lat="34.264731" lon="-79.738299"><ele>34.4</ele></trkpt>
<trkpt lat="34.264759" lon="-79.736883"><ele>33.7</ele></trkpt>
<trkpt lat="34.264807" lon="-79.732229"><ele>36.2</ele></trkpt>
<trkpt lat="34.264822" lon="-79.731529"><ele>36.6</ele></trkpt>
<trkpt lat="34.264933" lon="-79.725548"><ele>36.5</ele></trkpt>
<trkpt lat="34.265004" lon="-79.720923"><ele>35.5</ele></trkpt>
<trkpt lat="34.265044" lon="-79.719644"><ele>35.0</ele></trkpt>
<trkpt lat="34.265124" lon="-79.718445"><ele>35.0</ele></trkpt>
<trkpt lat="34.265248" lon="-79.717099"><ele>35.0</ele></trkpt>
<trkpt lat="34.265381" lon="-79.715918"><ele>34.3</ele></trkpt>
<trkpt lat="34.265527" lon="-79.714886"><ele>34.0</ele></trkpt>
<trkpt lat="34.265747" lon="-79.713598"><ele>33.9</ele></trkpt>
<trkpt lat="34.265979" lon="-79.712394"><ele>33.1</ele></trkpt>
<trkpt lat="34.266336" lon="-79.710812"><ele>33.6</ele></trkpt>
<trkpt lat="34.266797" lon="-79.709146"><ele>34.0</ele></trkpt>
<trkpt lat="34.267269" lon="-79.707660"><ele>34.5</ele></trkpt>
<trkpt lat="34.267768" lon="-79.706236"><ele>33.9</ele></trkpt>
<trkpt lat="34.268223" lon="-79.705066"><ele>33.6</ele></trkpt>
<trkpt lat="34.268723" lon="-79.703875"><ele>33.2</ele></trkpt>
<trkpt lat="34.269424" lon="-79.702400"><ele>32.5</ele></trkpt>
<trkpt lat="34.272381" lon="-79.697173"><ele>34.0</ele></trkpt>
<trkpt lat="34.277015" lon="-79.689343"><ele>34.0</ele></trkpt>
<trkpt lat="34.281127" lon="-79.682395"><ele>19.4</ele></trkpt>
<trkpt lat="34.281627" lon="-79.681478"><ele>19.4</ele></trkpt>
<trkpt lat="34.282155" lon="-79.680407"><ele>19.3</ele></trkpt>
<trkpt lat="34.282614" lon="-79.679420"><ele>18.6</ele></trkpt>
<trkpt lat="34.282999" lon="-79.678468"><ele>18.4</ele></trkpt>
<trkpt lat="34.283361" lon="-79.677492"><ele>18.3</ele></trkpt>
<trkpt lat="34.283733" lon="-79.676395"><ele>18.4</ele></trkpt>
<trkpt lat="34.284041" lon="-79.675354"><ele>18.4</ele></trkpt>
<trkpt lat="34.284673" lon="-79.672825"><ele>18.4</ele></trkpt>
<trkpt lat="34.287542" lon="-79.660787"><ele>18.3</ele></trkpt>
<trkpt lat="34.287757" lon="-79.659872"><ele>17.3</ele></trkpt>
<trkpt lat="34.288617" lon="-79.656297"><ele>18.2</ele></trkpt>
<trkpt lat="34.289025" lon="-79.654776"><ele>18.2</ele></trkpt>
<trkpt lat="34.289400" lon="-79.653545"><ele>18.1</ele></trkpt>
<trkpt lat="34.289858" lon="-79.652148"><ele>18.2</ele></trkpt>
<trkpt lat="34.290361" lon="-79.650793"><ele>19.1</ele></trkpt>
<trkpt lat="34.290849" lon="-79.649610"><ele>18.6</ele></trkpt>
<trkpt lat="34.291449" lon="-79.648277"><ele>18.6</ele></trkpt>
<trkpt lat="34.292048" lon="-79.647068"><ele>19.0</ele></trkpt>
<trkpt lat="34.292777" lon="-79.645697"><ele>17.7</ele></trkpt>
<trkpt lat="34.293213" lon="-79.644916"><ele>16.3</ele></trkpt>
<trkpt lat="34.296754" lon="-79.638503"><ele>17.8</ele></trkpt>
<trkpt lat="34.301400" lon="-79.630095"><ele>15.8</ele></trkpt>
<trkpt lat="34.301740" lon="-79.629493"><ele>18.2</ele></trkpt>
<trkpt lat="34.304990" lon="-79.623555"><ele>15.2</ele></trkpt>
<trkpt lat="34.305433" lon="-79.622777"><ele>15.2</ele></trkpt>
<trkpt lat="34.307851" lon="-79.618423"><ele>19.6</ele></trkpt>
<trkpt lat="34.308518" lon="-79.617148"><ele>19.8</ele></trkpt>
<trkpt lat="34.308908" lon="-79.616370"><ele>19.9</ele></trkpt>
<trkpt lat="34.309411" lon="-79.615317"><ele>19.9</ele></trkpt>
<trkpt lat="34.309895" lon="-79.614257"><ele>19.6</ele></trkpt>
<trkpt lat="34.310724" lon="-79.612330"><ele>19.4</ele></trkpt>
<trkpt lat="34.311536" lon="-79.610183"><ele>19.7</ele></trkpt>
<trkpt lat="34.312333" lon="-79.607963"><ele>19.1</ele></trkpt>
<trkpt lat="34.312603" lon="-79.607257"><ele>17.7</ele></trkpt>
<trkpt lat="34.312921" lon="-79.606373"><ele>19.0</ele></trkpt>
<trkpt lat="34.314549" lon="-79.601867"><ele>19.6</ele></trkpt>
<trkpt lat="34.315263" lon="-79.599929"><ele>19.5</ele></trkpt>
<trkpt lat="34.316464" lon="-79.596595"><ele>19.6</ele></trkpt>
<trkpt lat="34.317876" lon="-79.592727"><ele>19.5</ele></trkpt>
<trkpt lat="34.318673" lon="-79.590507"><ele>19.4</ele></trkpt>
<trkpt lat="34.319081" lon="-79.589400"><ele>19.6</ele></trkpt>
<trkpt lat="34.319497" lon="-79.588302"><ele>19.2</ele></trkpt>
<trkpt lat="34.320039" lon="-79.586944"><ele>19.3</ele></trkpt>
<trkpt lat="34.320497" lon="-79.585861"><ele>19.8</ele></trkpt>
<trkpt lat="34.321080" lon="-79.584525"><ele>19.6</ele></trkpt>
<trkpt lat="34.322194" lon="-79.582160"><ele>19.7</ele></trkpt>
<trkpt lat="34.324094" lon="-79.578246"><ele>19.5</ele></trkpt>
<trkpt lat="34.324479" lon="-79.577468"><ele>19.4</ele></trkpt>
<trkpt lat="34.326875" lon="-79.572501"><ele>19.2</ele></trkpt>
<trkpt lat="34.327456" lon="-79.571319"><ele>18.6</ele></trkpt>
<trkpt lat="34.327706" lon="-79.570783"><ele>19.2</ele></trkpt>
<trkpt lat="34.328649" lon="-79.568855"><ele>19.5</ele></trkpt>
<trkpt lat="34.329656" lon="-79.566756"><ele>19.8</ele></trkpt>
<trkpt lat="34.330419" lon="-79.565200"><ele>20.3</ele></trkpt>
<trkpt lat="34.332818" lon="-79.560241"><ele>23.1</ele></trkpt>
<trkpt lat="34.333299" lon="-79.559188"><ele>23.8</ele></trkpt>
<trkpt lat="34.333413" lon="-79.558920"><ele>23.9</ele></trkpt>
<trkpt lat="34.333860" lon="-79.557830"><ele>24.0</ele></trkpt>
<trkpt lat="34.334176" lon="-79.557006"><ele>23.9</ele></trkpt>
<trkpt lat="34.334378" lon="-79.556449"><ele>23.7</ele></trkpt>
<trkpt lat="34.334569" lon="-79.555892"><ele>23.6</ele></trkpt>
<trkpt lat="34.334935" lon="-79.554763"><ele>23.7</ele></trkpt>
<trkpt lat="34.335191" lon="-79.553916"><ele>23.8</ele></trkpt>
<trkpt lat="34.336896" lon="-79.547904"><ele>23.9</ele></trkpt>
<trkpt lat="34.337701" lon="-79.545051"><ele>25.9</ele></trkpt>
<trkpt lat="34.338338" lon="-79.542762"><ele>27.2</ele></trkpt>
<trkpt lat="34.338986" lon="-79.540480"><ele>30.8</ele></trkpt>
<trkpt lat="34.339158" lon="-79.539916"><ele>31.8</ele></trkpt>
<trkpt lat="34.339345" lon="-79.539351"><ele>32.6</ele></trkpt>
<trkpt lat="34.339547" lon="-79.538802"><ele>33.3</ele></trkpt>
<trkpt lat="34.339654" lon="-79.538528"><ele>33.6</ele></trkpt>
<trkpt lat="34.340001" lon="-79.537726"><ele>34.0</ele></trkpt>
<trkpt lat="34.340245" lon="-79.537215"><ele>35.0</ele></trkpt>
<trkpt lat="34.340806" lon="-79.536208"><ele>37.0</ele></trkpt>
<trkpt lat="34.341264" lon="-79.535491"><ele>37.7</ele></trkpt>
<trkpt lat="34.341424" lon="-79.535254"><ele>37.8</ele></trkpt>
<trkpt lat="34.341752" lon="-79.534797"><ele>38.0</ele></trkpt>
<trkpt lat="34.342778" lon="-79.533486"><ele>39.0</ele></trkpt>
<trkpt lat="34.343671" lon="-79.532401"><ele>39.0</ele></trkpt>
<trkpt lat="34.345933" lon="-79.529563"><ele>37.1</ele></trkpt>
<trkpt lat="34.347337" lon="-79.527824"><ele>36.3</ele></trkpt>
<trkpt lat="34.348554" lon="-79.526298"><ele>36.0</ele></trkpt>
<trkpt lat="34.349061" lon="-79.525619"><ele>35.9</ele></trkpt>
<trkpt lat="34.349553" lon="-79.524939"><ele>35.8</ele></trkpt>
<trkpt lat="34.349874" lon="-79.524474"><ele>35.7</ele></trkpt>
<trkpt lat="34.350343" lon="-79.523764"><ele>35.6</ele></trkpt>
<trkpt lat="34.350801" lon="-79.523040"><ele>35.6</ele></trkpt>
<trkpt lat="34.351243" lon="-79.522307"><ele>35.6</ele></trkpt>
<trkpt lat="34.351529" lon="-79.521812"><ele>35.5</ele></trkpt>
<trkpt lat="34.351945" lon="-79.521056"><ele>35.1</ele></trkpt>
<trkpt lat="34.352216" lon="-79.520545"><ele>35.0</ele></trkpt>
<trkpt lat="34.352479" lon="-79.520026"><ele>35.0</ele></trkpt>
<trkpt lat="34.352857" lon="-79.519248"><ele>35.0</ele></trkpt>
<trkpt lat="34.353101" lon="-79.518721"><ele>35.0</ele></trkpt>
<trkpt lat="34.355374" lon="-79.513655"><ele>34.0</ele></trkpt>
<trkpt lat="34.355970" lon="-79.512344"><ele>33.8</ele></trkpt>
<trkpt lat="34.356519" lon="-79.511109"><ele>33.7</ele></trkpt>
<trkpt lat="34.357175" lon="-79.509673"><ele>33.9</ele></trkpt>
<trkpt lat="34.358010" lon="-79.507804"><ele>34.0</ele></trkpt>
<trkpt lat="34.358258" lon="-79.507277"><ele>34.1</ele></trkpt>
<trkpt lat="34.358384" lon="-79.507018"><ele>34.2</ele></trkpt>
<trkpt lat="34.358781" lon="-79.506255"><ele>34.4</ele></trkpt>
<trkpt lat="34.359471" lon="-79.504996"><ele>34.7</ele></trkpt>
<trkpt lat="34.359616" lon="-79.504752"><ele>34.8</ele></trkpt>
<trkpt lat="34.359918" lon="-79.504272"><ele>34.9</ele></trkpt>
<trkpt lat="34.360230" lon="-79.503798"><ele>35.0</ele></trkpt>
<trkpt lat="34.360551" lon="-79.503333"><ele>35.0</ele></trkpt>
<trkpt lat="34.361047" lon="-79.502646"><ele>35.2</ele></trkpt>
<trkpt lat="34.361730" lon="-79.501769"><ele>35.9</ele></trkpt>
<trkpt lat="34.363153" lon="-79.500052"><ele>36.0</ele></trkpt>
<trkpt lat="34.364221" lon="-79.498786"><ele>36.0</ele></trkpt>
<trkpt lat="34.369024" lon="-79.493018"><ele>36.6</ele></trkpt>
<trkpt lat="34.369210" lon="-79.492805"><ele>36.5</ele></trkpt>
<trkpt lat="34.370271" lon="-79.491531"><ele>36.0</ele></trkpt>
<trkpt lat="34.371137" lon="-79.490432"><ele>36.0</ele></trkpt>
<trkpt lat="34.371793" lon="-79.489554"><ele>36.0</ele></trkpt>
<trkpt lat="34.372300" lon="-79.488852"><ele>36.0</ele></trkpt>
<trkpt lat="34.372628" lon="-79.488379"><ele>36.0</ele></trkpt>
<trkpt lat="34.373254" lon="-79.487441"><ele>36.0</ele></trkpt>
<trkpt lat="34.373712" lon="-79.486716"><ele>36.0</ele></trkpt>
<trkpt lat="34.374452" lon="-79.485496"><ele>36.0</ele></trkpt>
<trkpt lat="34.375310" lon="-79.484000"><ele>36.0</ele></trkpt>
<trkpt lat="34.376016" lon="-79.482797"><ele>36.0</ele></trkpt>
<trkpt lat="34.377328" lon="-79.480521"><ele>35.0</ele></trkpt>
<trkpt lat="34.378198" lon="-79.479033"><ele>33.6</ele></trkpt>
<trkpt lat="34.379056" lon="-79.477546"><ele>32.3</ele></trkpt>
<trkpt lat="34.379922" lon="-79.476065"><ele>31.8</ele></trkpt>
<trkpt lat="34.380506" lon="-79.475089"><ele>31.6</ele></trkpt>
<trkpt lat="34.380916" lon="-79.474441"><ele>31.7</ele></trkpt>
<trkpt lat="34.381276" lon="-79.473891"><ele>31.7</ele></trkpt>
<trkpt lat="34.382070" lon="-79.472724"><ele>32.1</ele></trkpt>
<trkpt lat="34.382566" lon="-79.472037"><ele>32.8</ele></trkpt>
<trkpt lat="34.384416" lon="-79.469588"><ele>34.0</ele></trkpt>
<trkpt lat="34.385102" lon="-79.468696"><ele>34.5</ele></trkpt>
<trkpt lat="34.392209" lon="-79.459327"><ele>35.0</ele></trkpt>
<trkpt lat="34.392892" lon="-79.458442"><ele>35.7</ele></trkpt>
<trkpt lat="34.393567" lon="-79.457541"><ele>36.0</ele></trkpt>
<trkpt lat="34.396970" lon="-79.453063"><ele>32.4</ele></trkpt>
<trkpt lat="34.397973" lon="-79.451728"><ele>31.6</ele></trkpt>
<trkpt lat="34.398996" lon="-79.450400"><ele>31.9</ele></trkpt>
<trkpt lat="34.399667" lon="-79.449485"><ele>31.7</ele></trkpt>
<trkpt lat="34.400304" lon="-79.448561"><ele>31.8</ele></trkpt>
<trkpt lat="34.401082" lon="-79.447356"><ele>31.8</ele></trkpt>
<trkpt lat="34.401855" lon="-79.446072"><ele>31.0</ele></trkpt>
<trkpt lat="34.402039" lon="-79.445753"><ele>31.1</ele></trkpt>
<trkpt lat="34.402761" lon="-79.444342"><ele>32.2</ele></trkpt>
<trkpt lat="34.403142" lon="-79.443564"><ele>32.7</ele></trkpt>
<trkpt lat="34.403508" lon="-79.442778"><ele>33.0</ele></trkpt>
<trkpt lat="34.403974" lon="-79.441702"><ele>32.9</ele></trkpt>
<trkpt lat="34.404195" lon="-79.441161"><ele>33.1</ele></trkpt>
<trkpt lat="34.404718" lon="-79.439788"><ele>34.0</ele></trkpt>
<trkpt lat="34.405717" lon="-79.437010"><ele>34.8</ele></trkpt>
<trkpt lat="34.408235" lon="-79.430091"><ele>36.0</ele></trkpt>
<trkpt lat="34.408635" lon="-79.428969"><ele>36.0</ele></trkpt>
<trkpt lat="34.409139" lon="-79.427588"><ele>35.9</ele></trkpt>
<trkpt lat="34.409410" lon="-79.426810"><ele>35.6</ele></trkpt>
<trkpt lat="34.409539" lon="-79.426482"><ele>35.5</ele></trkpt>
<trkpt lat="34.410642" lon="-79.423430"><ele>35.3</ele></trkpt>
<trkpt lat="34.410848" lon="-79.422881"><ele>35.3</ele></trkpt>
<trkpt lat="34.411298" lon="-79.421790"><ele>35.5</ele></trkpt>
<trkpt lat="34.411672" lon="-79.421004"><ele>35.6</ele></trkpt>
<trkpt lat="34.412076" lon="-79.420241"><ele>35.5</ele></trkpt>
<trkpt lat="34.412358" lon="-79.419745"><ele>35.3</ele></trkpt>
<trkpt lat="34.412652" lon="-79.419272"><ele>35.2</ele></trkpt>
<trkpt lat="34.412973" lon="-79.418784"><ele>35.2</ele></trkpt>
<trkpt lat="34.413297" lon="-79.418326"><ele>35.4</ele></trkpt>
<trkpt lat="34.413621" lon="-79.417891"><ele>35.6</ele></trkpt>
<trkpt lat="34.414148" lon="-79.417243"><ele>35.6</ele></trkpt>
<trkpt lat="34.414514" lon="-79.416823"><ele>35.6</ele></trkpt>
<trkpt lat="34.414891" lon="-79.416419"><ele>35.6</ele></trkpt>
<trkpt lat="34.420797" lon="-79.410315"><ele>36.7</ele></trkpt>
<trkpt lat="34.422685" lon="-79.408324"><ele>36.6</ele></trkpt>
<trkpt lat="34.423581" lon="-79.407264"><ele>36.6</ele></trkpt>
<trkpt lat="34.424276" lon="-79.406386"><ele>36.6</ele></trkpt>
<trkpt lat="34.424615" lon="-79.405943"><ele>36.5</ele></trkpt>
<trkpt lat="34.425271" lon="-79.405028"><ele>36.4</ele></trkpt>
<trkpt lat="34.425752" lon="-79.404319"><ele>36.5</ele></trkpt>
<trkpt lat="34.426213" lon="-79.403609"><ele>36.4</ele></trkpt>
<trkpt lat="34.426816" lon="-79.402625"><ele>36.1</ele></trkpt>
<trkpt lat="34.427106" lon="-79.402137"><ele>36.1</ele></trkpt>
<trkpt lat="34.427526" lon="-79.401373"><ele>36.1</ele></trkpt>
<trkpt lat="34.428743" lon="-79.399084"><ele>36.2</ele></trkpt>
<trkpt lat="34.434385" lon="-79.388358"><ele>37.4</ele></trkpt>
<trkpt lat="34.435956" lon="-79.385329"><ele>44.5</ele></trkpt>
<trkpt lat="34.436898" lon="-79.383567"><ele>46.9</ele></trkpt>
<trkpt lat="34.437177" lon="-79.383012"><ele>44.4</ele></trkpt>
<trkpt lat="34.438646" lon="-79.380179"><ele>42.4</ele></trkpt>
<trkpt lat="34.438775" lon="-79.379919"><ele>41.9</ele></trkpt>
<trkpt lat="34.440177" lon="-79.377236"><ele>41.0</ele></trkpt>
<trkpt lat="34.441676" lon="-79.374338"><ele>42.7</ele></trkpt>
<trkpt lat="34.442375" lon="-79.373024"><ele>42.7</ele></trkpt>
<trkpt lat="34.442634" lon="-79.372540"><ele>41.7</ele></trkpt>
<trkpt lat="34.442898" lon="-79.372029"><ele>42.8</ele></trkpt>
<trkpt lat="34.443032" lon="-79.371748"><ele>42.8</ele></trkpt>
<trkpt lat="34.443962" lon="-79.369953"><ele>39.9</ele></trkpt>
<trkpt lat="34.444720" lon="-79.368466"><ele>37.1</ele></trkpt>
<trkpt lat="34.446496" lon="-79.365065"><ele>34.9</ele></trkpt>
<trkpt lat="34.446904" lon="-79.364310"><ele>34.3</ele></trkpt>
<trkpt lat="34.447187" lon="-79.363806"><ele>33.8</ele></trkpt>
<trkpt lat="34.447488" lon="-79.363318"><ele>33.4</ele></trkpt>
<trkpt lat="34.447961" lon="-79.362609"><ele>32.8</ele></trkpt>
<trkpt lat="34.448453" lon="-79.361937"><ele>32.6</ele></trkpt>
<trkpt lat="34.448808" lon="-79.361487"><ele>32.4</ele></trkpt>
<trkpt lat="34.449159" lon="-79.361075"><ele>32.0</ele></trkpt>
<trkpt lat="34.449525" lon="-79.360670"><ele>31.5</ele></trkpt>
<trkpt lat="34.449907" lon="-79.360274"><ele>30.9</ele></trkpt>
<trkpt lat="34.450300" lon="-79.359885"><ele>30.4</ele></trkpt>
<trkpt lat="34.450696" lon="-79.359519"><ele>30.3</ele></trkpt>
<trkpt lat="34.451104" lon="-79.359168"><ele>30.3</ele></trkpt>
<trkpt lat="34.451739" lon="-79.358690"><ele>30.1</ele></trkpt>
<trkpt lat="34.452815" lon="-79.357914"><ele>30.2</ele></trkpt>
<trkpt lat="34.454322" lon="-79.356811"><ele>30.3</ele></trkpt>
<trkpt lat="34.454530" lon="-79.356650"><ele>30.2</ele></trkpt>
<trkpt lat="34.454960" lon="-79.356357"><ele>30.0</ele></trkpt>
<trkpt lat="34.457392" lon="-79.354591"><ele>28.8</ele></trkpt>
<trkpt lat="34.458317" lon="-79.353913"><ele>29.1</ele></trkpt>
<trkpt lat="34.459054" lon="-79.353387"><ele>30.0</ele></trkpt>
<trkpt lat="34.460107" lon="-79.352601"><ele>30.1</ele></trkpt>
<trkpt lat="34.462301" lon="-79.351079"><ele>30.3</ele></trkpt>
<trkpt lat="34.463167" lon="-79.350493"><ele>31.5</ele></trkpt>
<trkpt lat="34.463830" lon="-79.350073"><ele>33.1</ele></trkpt>
<trkpt lat="34.464502" lon="-79.349669"><ele>34.0</ele></trkpt>
<trkpt lat="34.465841" lon="-79.348838"><ele>35.8</ele></trkpt>
<trkpt lat="34.467412" lon="-79.347899"><ele>37.1</ele></trkpt>
<trkpt lat="34.469205" lon="-79.346801"><ele>40.0</ele></trkpt>
<trkpt lat="34.470327" lon="-79.346121"><ele>41.3</ele></trkpt>
<trkpt lat="34.470998" lon="-79.345725"><ele>42.1</ele></trkpt>
<trkpt lat="34.472341" lon="-79.344901"><ele>43.7</ele></trkpt>
<trkpt lat="34.473431" lon="-79.344207"><ele>44.0</ele></trkpt>
<trkpt lat="34.475187" lon="-79.342962"><ele>43.7</ele></trkpt>
<trkpt lat="34.475614" lon="-79.342642"><ele>43.4</ele></trkpt>
<trkpt lat="34.476461" lon="-79.341986"><ele>43.0</ele></trkpt>
<trkpt lat="34.477086" lon="-79.341483"><ele>43.0</ele></trkpt>
<trkpt lat="34.477498" lon="-79.341140"><ele>43.0</ele></trkpt>
<trkpt lat="34.478311" lon="-79.340430"><ele>43.1</ele></trkpt>
<trkpt lat="34.486967" lon="-79.332678"><ele>42.4</ele></trkpt>
<trkpt lat="34.491197" lon="-79.328863"><ele>42.9</ele></trkpt>
<trkpt lat="34.491391" lon="-79.328673"><ele>42.8</ele></trkpt>
<trkpt lat="34.491769" lon="-79.328276"><ele>42.7</ele></trkpt>
<trkpt lat="34.491952" lon="-79.328070"><ele>42.6</ele></trkpt>
<trkpt lat="34.492132" lon="-79.327857"><ele>42.7</ele></trkpt>
<trkpt lat="34.492639" lon="-79.327185"><ele>42.9</ele></trkpt>
<trkpt lat="34.492956" lon="-79.326712"><ele>42.9</ele></trkpt>
<trkpt lat="34.493249" lon="-79.326223"><ele>43.0</ele></trkpt>
<trkpt lat="34.493390" lon="-79.325972"><ele>43.1</ele></trkpt>
<trkpt lat="34.493779" lon="-79.325194"><ele>43.3</ele></trkpt>
<trkpt lat="34.494012" lon="-79.324660"><ele>43.6</ele></trkpt>
<trkpt lat="34.494222" lon="-79.324111"><ele>43.7</ele></trkpt>
<trkpt lat="34.494413" lon="-79.323546"><ele>43.9</ele></trkpt>
<trkpt lat="34.494497" lon="-79.323264"><ele>44.1</ele></trkpt>
<trkpt lat="34.494726" lon="-79.322401"><ele>45.1</ele></trkpt>
<trkpt lat="34.495354" lon="-79.319873"><ele>48.4</ele></trkpt>
<trkpt lat="34.495610" lon="-79.318861"><ele>44.1</ele></trkpt>
<trkpt lat="34.495897" lon="-79.317733"><ele>47.6</ele></trkpt>
<trkpt lat="34.496063" lon="-79.317116"><ele>46.7</ele></trkpt>
<trkpt lat="34.496129" lon="-79.316901"><ele>46.1</ele></trkpt>
<trkpt lat="34.496332" lon="-79.316343"><ele>44.6</ele></trkpt>
<trkpt lat="34.496549" lon="-79.315795"><ele>43.0</ele></trkpt>
<trkpt lat="34.496663" lon="-79.315528"><ele>42.2</ele></trkpt>
<trkpt lat="34.496911" lon="-79.315001"><ele>40.8</ele></trkpt>
<trkpt lat="34.497182" lon="-79.314482"><ele>39.5</ele></trkpt>
<trkpt lat="34.497472" lon="-79.313994"><ele>38.5</ele></trkpt>
<trkpt lat="34.497816" lon="-79.313480"><ele>38.0</ele></trkpt>
<trkpt lat="34.498185" lon="-79.312987"><ele>37.9</ele></trkpt>
<trkpt lat="34.499641" lon="-79.310936"><ele>37.7</ele></trkpt>
<trkpt lat="34.500116" lon="-79.310290"><ele>37.9</ele></trkpt>
<trkpt lat="34.501983" lon="-79.307701"><ele>40.7</ele></trkpt>
<trkpt lat="34.502412" lon="-79.307109"><ele>39.4</ele></trkpt>
<trkpt lat="34.504649" lon="-79.304016"><ele>43.0</ele></trkpt>
<trkpt lat="34.507541" lon="-79.300039"><ele>41.9</ele></trkpt>
<trkpt lat="34.509943" lon="-79.296685"><ele>42.4</ele></trkpt>
<trkpt lat="34.513735" lon="-79.291425"><ele>42.7</ele></trkpt>
<trkpt lat="34.514727" lon="-79.289996"><ele>42.3</ele></trkpt>
<trkpt lat="34.515585" lon="-79.288720"><ele>42.0</ele></trkpt>
<trkpt lat="34.516545" lon="-79.287201"><ele>42.0</ele></trkpt>
<trkpt lat="34.518755" lon="-79.283623"><ele>42.9</ele></trkpt>
<trkpt lat="34.519878" lon="-79.281839"><ele>44.0</ele></trkpt>
<trkpt lat="34.523438" lon="-79.276089"><ele>44.6</ele></trkpt>
<trkpt lat="34.525989" lon="-79.271729"><ele>44.1</ele></trkpt>
<trkpt lat="34.526931" lon="-79.269983"><ele>43.9</ele></trkpt>
<trkpt lat="34.527834" lon="-79.268196"><ele>44.1</ele></trkpt>
<trkpt lat="34.528507" lon="-79.266834"><ele>44.3</ele></trkpt>
<trkpt lat="34.529145" lon="-79.265486"><ele>43.9</ele></trkpt>
<trkpt lat="34.530127" lon="-79.263318"><ele>43.5</ele></trkpt>
<trkpt lat="34.530861" lon="-79.261621"><ele>41.6</ele></trkpt>
<trkpt lat="34.531554" lon="-79.259898"><ele>41.9</ele></trkpt>
<trkpt lat="34.532277" lon="-79.258053"><ele>41.3</ele></trkpt>
<trkpt lat="34.533147" lon="-79.255584"><ele>39.7</ele></trkpt>
<trkpt lat="34.534844" lon="-79.250391"><ele>38.7</ele></trkpt>
<trkpt lat="34.536241" lon="-79.245267"><ele>35.6</ele></trkpt>
<trkpt lat="34.537495" lon="-79.240624"><ele>35.4</ele></trkpt>
<trkpt lat="34.538294" lon="-79.237757"><ele>37.0</ele></trkpt>
<trkpt lat="34.539588" lon="-79.233603"><ele>38.2</ele></trkpt>
<trkpt lat="34.540889" lon="-79.229921"><ele>40.0</ele></trkpt>
<trkpt lat="34.542586" lon="-79.225707"><ele>40.7</ele></trkpt>
<trkpt lat="34.544586" lon="-79.220351"><ele>42.4</ele></trkpt>
<trkpt lat="34.545788" lon="-79.216583"><ele>41.9</ele></trkpt>
<trkpt lat="34.546764" lon="-79.213433"><ele>41.2</ele></trkpt>
<trkpt lat="34.548835" lon="-79.206592"><ele>38.4</ele></trkpt>
<trkpt lat="34.549394" lon="-79.204798"><ele>40.0</ele></trkpt>
<trkpt lat="34.550645" lon="-79.200893"><ele>41.6</ele></trkpt>
<trkpt lat="34.551670" lon="-79.198129"><ele>43.3</ele></trkpt>
<trkpt lat="34.552761" lon="-79.195302"><ele>44.8</ele></trkpt>
<trkpt lat="34.554547" lon="-79.191228"><ele>44.7</ele></trkpt>
<trkpt lat="34.557049" lon="-79.186199"><ele>44.7</ele></trkpt>
<trkpt lat="34.560146" lon="-79.180697"><ele>48.1</ele></trkpt>
<trkpt lat="34.560480" lon="-79.180087"><ele>46.6</ele></trkpt>
<trkpt lat="34.563376" lon="-79.174989"><ele>45.2</ele></trkpt>
<trkpt lat="34.566033" lon="-79.170234"><ele>45.5</ele></trkpt>
<trkpt lat="34.568998" lon="-79.164994"><ele>45.5</ele></trkpt>
<trkpt lat="34.570585" lon="-79.162132"><ele>44.5</ele></trkpt>
<trkpt lat="34.573299" lon="-79.157342"><ele>43.6</ele></trkpt>
<trkpt lat="34.574253" lon="-79.155686"><ele>43.2</ele></trkpt>
<trkpt lat="34.574732" lon="-79.154872"><ele>42.9</ele></trkpt>
<trkpt lat="34.576210" lon="-79.152171"><ele>43.7</ele></trkpt>
<trkpt lat="34.576536" lon="-79.151617"><ele>44.0</ele></trkpt>
<trkpt lat="34.577327" lon="-79.150141"><ele>43.9</ele></trkpt>
<trkpt lat="34.578552" lon="-79.147831"><ele>44.4</ele></trkpt>
<trkpt lat="34.579383" lon="-79.146236"><ele>44.3</ele></trkpt>
<trkpt lat="34.580366" lon="-79.144193"><ele>44.0</ele></trkpt>
<trkpt lat="34.581694" lon="-79.141138"><ele>43.4</ele></trkpt>
<trkpt lat="34.582040" lon="-79.140280"><ele>43.0</ele></trkpt>
<trkpt lat="34.582712" lon="-79.138614"><ele>43.0</ele></trkpt>
<trkpt lat="34.583687" lon="-79.135945"><ele>43.0</ele></trkpt>
<trkpt lat="34.584584" lon="-79.133233"><ele>43.3</ele></trkpt>
<trkpt lat="34.585581" lon="-79.129799"><ele>43.8</ele></trkpt>
<trkpt lat="34.586535" lon="-79.126023"><ele>44.1</ele></trkpt>
<trkpt lat="34.586930" lon="-79.124384"><ele>43.8</ele></trkpt>
<trkpt lat="34.587331" lon="-79.122987"><ele>44.5</ele></trkpt>
<trkpt lat="34.588170" lon="-79.120477"><ele>44.7</ele></trkpt>
<trkpt lat="34.589142" lon="-79.118073"><ele>44.8</ele></trkpt>
<trkpt lat="34.589777" lon="-79.116657"><ele>44.9</ele></trkpt>
<trkpt lat="34.591076" lon="-79.114340"><ele>44.9</ele></trkpt>
<trkpt lat="34.591619" lon="-79.113450"><ele>44.9</ele></trkpt>
<trkpt lat="34.592895" lon="-79.111518"><ele>45.0</ele></trkpt>
<trkpt lat="34.594584" lon="-79.109402"><ele>45.0</ele></trkpt>
<trkpt lat="34.595385" lon="-79.108521"><ele>45.0</ele></trkpt>
<trkpt lat="34.596187" lon="-79.107689"><ele>44.8</ele></trkpt>
<trkpt lat="34.600503" lon="-79.103612"><ele>40.0</ele></trkpt>
<trkpt lat="34.602265" lon="-79.101937"><ele>40.0</ele></trkpt>
<trkpt lat="34.602882" lon="-79.101249"><ele>39.8</ele></trkpt>
<trkpt lat="34.603151" lon="-79.100928"><ele>39.7</ele></trkpt>
<trkpt lat="34.603832" lon="-79.099984"><ele>39.6</ele></trkpt>
<trkpt lat="34.604046" lon="-79.099648"><ele>39.6</ele></trkpt>
<trkpt lat="34.604243" lon="-79.099315"><ele>39.6</ele></trkpt>
<trkpt lat="34.604469" lon="-79.098895"><ele>39.6</ele></trkpt>
<trkpt lat="34.604828" lon="-79.098150"><ele>39.7</ele></trkpt>
<trkpt lat="34.605011" lon="-79.097724"><ele>39.8</ele></trkpt>
<trkpt lat="34.605203" lon="-79.097209"><ele>39.8</ele></trkpt>
<trkpt lat="34.605821" lon="-79.095411"><ele>39.7</ele></trkpt>
<trkpt lat="34.609136" lon="-79.085502"><ele>38.9</ele></trkpt>
<trkpt lat="34.612951" lon="-79.074336"><ele>38.8</ele></trkpt>
<trkpt lat="34.613431" lon="-79.073185"><ele>38.9</ele></trkpt>
<trkpt lat="34.614745" lon="-79.070533"><ele>38.5</ele></trkpt>
<trkpt lat="34.616575" lon="-79.066885"><ele>38.8</ele></trkpt>
<trkpt lat="34.617493" lon="-79.065435"><ele>38.5</ele></trkpt>
<trkpt lat="34.618793" lon="-79.063675"><ele>38.5</ele></trkpt>
<trkpt lat="34.619337" lon="-79.062980"><ele>38.5</ele></trkpt>
<trkpt lat="34.620092" lon="-79.061899"><ele>38.2</ele></trkpt>
<trkpt lat="34.620756" lon="-79.060697"><ele>38.4</ele></trkpt>
<trkpt lat="34.621491" lon="-79.058860"><ele>38.2</ele></trkpt>
<trkpt lat="34.622049" lon="-79.056560"><ele>37.7</ele></trkpt>
<trkpt lat="34.622854" lon="-79.052818"><ele>38.5</ele></trkpt>
<trkpt lat="34.623137" lon="-79.051470"><ele>38.2</ele></trkpt>
<trkpt lat="34.623391" lon="-79.050320"><ele>37.9</ele></trkpt>
<trkpt lat="34.624069" lon="-79.048020"><ele>37.5</ele></trkpt>
<trkpt lat="34.624323" lon="-79.047213"><ele>37.3</ele></trkpt>
<trkpt lat="34.625503" lon="-79.044209"><ele>37.4</ele></trkpt>
<trkpt lat="34.626612" lon="-79.041849"><ele>40.5</ele></trkpt>
<trkpt lat="34.627388" lon="-79.040106"><ele>40.0</ele></trkpt>
<trkpt lat="34.627742" lon="-79.039334"><ele>42.1</ele></trkpt>
<trkpt lat="34.631929" lon="-79.030204"><ele>35.3</ele></trkpt>
<trkpt lat="34.632445" lon="-79.029083"><ele>36.7</ele></trkpt>
<trkpt lat="34.632743" lon="-79.028407"><ele>37.8</ele></trkpt>
<trkpt lat="34.634407" lon="-79.024794"><ele>39.8</ele></trkpt>
<trkpt lat="34.635056" lon="-79.023547"><ele>40.6</ele></trkpt>
<trkpt lat="34.635574" lon="-79.022670"><ele>41.0</ele></trkpt>
<trkpt lat="34.636336" lon="-79.021421"><ele>42.0</ele></trkpt>
<trkpt lat="34.636986" lon="-79.020503"><ele>42.0</ele></trkpt>
<trkpt lat="34.637551" lon="-79.019824"><ele>42.0</ele></trkpt>
<trkpt lat="34.638577" lon="-79.018686"><ele>42.0</ele></trkpt>
<trkpt lat="34.640085" lon="-79.017239"><ele>41.7</ele></trkpt>
<trkpt lat="34.641364" lon="-79.016207"><ele>41.0</ele></trkpt>
<trkpt lat="34.642164" lon="-79.015642"><ele>40.9</ele></trkpt>
<trkpt lat="34.642687" lon="-79.015292"><ele>40.6</ele></trkpt>
<trkpt lat="34.643758" lon="-79.014673"><ele>40.0</ele></trkpt>
<trkpt lat="34.644556" lon="-79.014257"><ele>39.8</ele></trkpt>
<trkpt lat="34.644962" lon="-79.014065"><ele>39.5</ele></trkpt>
<trkpt lat="34.645646" lon="-79.013761"><ele>39.2</ele></trkpt>
<trkpt lat="34.645969" lon="-79.013628"><ele>39.5</ele></trkpt>
<trkpt lat="34.647102" lon="-79.013229"><ele>38.5</ele></trkpt>
<trkpt lat="34.659910" lon="-79.009134"><ele>38.5</ele></trkpt>
<trkpt lat="34.664475" lon="-79.007665"><ele>39.0</ele></trkpt>
<trkpt lat="34.666641" lon="-79.006981"><ele>39.9</ele></trkpt>
<trkpt lat="34.671864" lon="-79.005318"><ele>40.3</ele></trkpt>
<trkpt lat="34.673477" lon="-79.004784"><ele>40.7</ele></trkpt>
<trkpt lat="34.687900" lon="-78.999910"><ele>44.2</ele></trkpt>
<trkpt lat="34.689176" lon="-78.999450"><ele>44.2</ele></trkpt>
<trkpt lat="34.690637" lon="-78.998987"><ele>44.2</ele></trkpt>
<trkpt lat="34.691510" lon="-78.998771"><ele>44.5</ele></trkpt>
<trkpt lat="34.692103" lon="-78.998656"><ele>44.6</ele></trkpt>
<trkpt lat="34.692850" lon="-78.998549"><ele>44.2</ele></trkpt>
<trkpt lat="34.694363" lon="-78.998429"><ele>44.0</ele></trkpt>
<trkpt lat="34.695271" lon="-78.998385"><ele>44.6</ele></trkpt>
<trkpt lat="34.701152" lon="-78.998025"><ele>45.2</ele></trkpt>
<trkpt lat="34.707100" lon="-78.997716"><ele>45.7</ele></trkpt>
<trkpt lat="34.709344" lon="-78.997527"><ele>45.1</ele></trkpt>
<trkpt lat="34.711263" lon="-78.997424"><ele>45.8</ele></trkpt>
<trkpt lat="34.713930" lon="-78.997373"><ele>46.0</ele></trkpt>
<trkpt lat="34.718516" lon="-78.997339"><ele>46.0</ele></trkpt>
<trkpt lat="34.721197" lon="-78.997296"><ele>45.9</ele></trkpt>
<trkpt lat="34.727165" lon="-78.997261"><ele>45.0</ele></trkpt>
<trkpt lat="34.731016" lon="-78.997193"><ele>45.2</ele></trkpt>
<trkpt lat="34.733563" lon="-78.997158"><ele>46.3</ele></trkpt>
<trkpt lat="34.739022" lon="-78.997090"><ele>45.0</ele></trkpt>
<trkpt lat="34.752859" lon="-78.996935"><ele>48.6</ele></trkpt>
<trkpt lat="34.759276" lon="-78.996849"><ele>49.6</ele></trkpt>
<trkpt lat="34.760341" lon="-78.996824"><ele>49.6</ele></trkpt>
<trkpt lat="34.761596" lon="-78.996763"><ele>49.9</ele></trkpt>
<trkpt lat="34.766939" lon="-78.996349"><ele>50.0</ele></trkpt>
<trkpt lat="34.770819" lon="-78.996006"><ele>51.1</ele></trkpt>
<trkpt lat="34.772556" lon="-78.995865"><ele>51.0</ele></trkpt>
<trkpt lat="34.780859" lon="-78.995147"><ele>51.5</ele></trkpt>
<trkpt lat="34.782875" lon="-78.994984"><ele>51.0</ele></trkpt>
<trkpt lat="34.790959" lon="-78.994272"><ele>51.0</ele></trkpt>
<trkpt lat="34.791620" lon="-78.994176"><ele>50.9</ele></trkpt>
<trkpt lat="34.792551" lon="-78.993980"><ele>51.3</ele></trkpt>
<trkpt lat="34.793096" lon="-78.993834"><ele>51.5</ele></trkpt>
<trkpt lat="34.793758" lon="-78.993617"><ele>51.2</ele></trkpt>
<trkpt lat="34.794425" lon="-78.993368"><ele>50.5</ele></trkpt>
<trkpt lat="34.798421" lon="-78.991649"><ele>48.0</ele></trkpt>
<trkpt lat="34.802814" lon="-78.989737"><ele>45.2</ele></trkpt>
<trkpt lat="34.803277" lon="-78.989543"><ele>44.9</ele></trkpt>
<trkpt lat="34.810829" lon="-78.986292"><ele>54.7</ele></trkpt>
<trkpt lat="34.811170" lon="-78.986126"><ele>51.1</ele></trkpt>
<trkpt lat="34.811835" lon="-78.985786"><ele>52.6</ele></trkpt>
<trkpt lat="34.812258" lon="-78.985614"><ele>52.3</ele></trkpt>
<trkpt lat="34.812772" lon="-78.985442"><ele>51.1</ele></trkpt>
<trkpt lat="34.813343" lon="-78.985305"><ele>50.1</ele></trkpt>
<trkpt lat="34.814773" lon="-78.984995"><ele>49.8</ele></trkpt>
<trkpt lat="34.816373" lon="-78.984661"><ele>50.1</ele></trkpt>
<trkpt lat="34.819276" lon="-78.984018"><ele>50.9</ele></trkpt>
<trkpt lat="34.822630" lon="-78.983288"><ele>50.8</ele></trkpt>
<trkpt lat="34.826443" lon="-78.982683"><ele>50.6</ele></trkpt>
<trkpt lat="34.827323" lon="-78.982440"><ele>50.5</ele></trkpt>
<trkpt lat="34.828197" lon="-78.982173"><ele>51.1</ele></trkpt>
<trkpt lat="34.828644" lon="-78.981995"><ele>51.5</ele></trkpt>
<trkpt lat="34.829008" lon="-78.981818"><ele>51.7</ele></trkpt>
<trkpt lat="34.830023" lon="-78.981191"><ele>51.9</ele></trkpt>
<trkpt lat="34.830802" lon="-78.980642"><ele>52.0</ele></trkpt>
<trkpt lat="34.831809" lon="-78.979886"><ele>52.1</ele></trkpt>
<trkpt lat="34.832621" lon="-78.979195"><ele>52.4</ele></trkpt>
<trkpt lat="34.833484" lon="-78.978503"><ele>52.9</ele></trkpt>
<trkpt lat="34.834404" lon="-78.977712"><ele>52.2</ele></trkpt>
<trkpt lat="34.836454" lon="-78.976044"><ele>52.0</ele></trkpt>
<trkpt lat="34.838067" lon="-78.974714"><ele>52.9</ele></trkpt>
<trkpt lat="34.839490" lon="-78.973735"><ele>52.3</ele></trkpt>
<trkpt lat="34.841089" lon="-78.972782"><ele>51.1</ele></trkpt>
<trkpt lat="34.845076" lon="-78.970808"><ele>51.1</ele></trkpt>
<trkpt lat="34.849866" lon="-78.968517"><ele>51.0</ele></trkpt>
<trkpt lat="34.853134" lon="-78.966963"><ele>48.8</ele></trkpt>
<trkpt lat="34.854388" lon="-78.966491"><ele>47.5</ele></trkpt>
<trkpt lat="34.855994" lon="-78.966053"><ele>46.1</ele></trkpt>
<trkpt lat="34.857283" lon="-78.965804"><ele>45.5</ele></trkpt>
<trkpt lat="34.858448" lon="-78.965652"><ele>45.3</ele></trkpt>
<trkpt lat="34.858881" lon="-78.965578"><ele>44.2</ele></trkpt>
<trkpt lat="34.860253" lon="-78.965320"><ele>45.8</ele></trkpt>
<trkpt lat="34.869535" lon="-78.963662"><ele>52.6</ele></trkpt>
<trkpt lat="34.888178" lon="-78.960322"><ele>51.3</ele></trkpt>
<trkpt lat="34.888996" lon="-78.960155"><ele>51.9</ele></trkpt>
<trkpt lat="34.895128" lon="-78.959058"><ele>53.9</ele></trkpt>
<trkpt lat="34.896039" lon="-78.958915"><ele>53.9</ele></trkpt>
<trkpt lat="34.902642" lon="-78.957733"><ele>53.9</ele></trkpt>
<trkpt lat="34.903527" lon="-78.957563"><ele>53.7</ele></trkpt>
<trkpt lat="34.904394" lon="-78.957366"><ele>53.2</ele></trkpt>
<trkpt lat="34.905052" lon="-78.957197"><ele>52.8</ele></trkpt>
<trkpt lat="34.905704" lon="-78.957015"><ele>52.5</ele></trkpt>
<trkpt lat="34.906140" lon="-78.956878"><ele>52.3</ele></trkpt>
<trkpt lat="34.906566" lon="-78.956740"><ele>52.0</ele></trkpt>
<trkpt lat="34.907425" lon="-78.956439"><ele>52.0</ele></trkpt>
<trkpt lat="34.908273" lon="-78.956106"><ele>51.9</ele></trkpt>
<trkpt lat="34.908696" lon="-78.955927"><ele>51.8</ele></trkpt>
<trkpt lat="34.909526" lon="-78.955552"><ele>51.7</ele></trkpt>
<trkpt lat="34.910353" lon="-78.955149"><ele>51.6</ele></trkpt>
<trkpt lat="34.911173" lon="-78.954716"><ele>51.7</ele></trkpt>
<trkpt lat="34.911948" lon="-78.954273"><ele>52.0</ele></trkpt>
<trkpt lat="34.912731" lon="-78.953793"><ele>52.6</ele></trkpt>
<trkpt lat="34.913504" lon="-78.953287"><ele>52.8</ele></trkpt>
<trkpt lat="34.914264" lon="-78.952753"><ele>52.9</ele></trkpt>
<trkpt lat="34.915013" lon="-78.952193"><ele>53.2</ele></trkpt>
<trkpt lat="34.915383" lon="-78.951905"><ele>53.5</ele></trkpt>
<trkpt lat="34.916113" lon="-78.951308"><ele>53.8</ele></trkpt>
<trkpt lat="34.916827" lon="-78.950687"><ele>53.7</ele></trkpt>
<trkpt lat="34.917179" lon="-78.950367"><ele>53.8</ele></trkpt>
<trkpt lat="34.917871" lon="-78.949707"><ele>53.9</ele></trkpt>
<trkpt lat="34.918404" lon="-78.949178"><ele>53.9</ele></trkpt>
<trkpt lat="34.918869" lon="-78.948697"><ele>53.9</ele></trkpt>
<trkpt lat="34.921120" lon="-78.946471"><ele>54.9</ele></trkpt>
<trkpt lat="34.922211" lon="-78.945452"><ele>55.0</ele></trkpt>
<trkpt lat="34.922941" lon="-78.944791"><ele>55.0</ele></trkpt>
<trkpt lat="34.924653" lon="-78.943346"><ele>55.9</ele></trkpt>
<trkpt lat="34.925858" lon="-78.942370"><ele>56.8</ele></trkpt>
<trkpt lat="34.926962" lon="-78.941517"><ele>57.7</ele></trkpt>
<trkpt lat="34.928080" lon="-78.940693"><ele>59.5</ele></trkpt>
<trkpt lat="34.928854" lon="-78.940148"><ele>60.8</ele></trkpt>
<trkpt lat="34.929213" lon="-78.939882"><ele>61.1</ele></trkpt>
<trkpt lat="34.929440" lon="-78.939700"><ele>61.4</ele></trkpt>
<trkpt lat="34.929896" lon="-78.939337"><ele>61.5</ele></trkpt>
<trkpt lat="34.930192" lon="-78.939075"><ele>61.6</ele></trkpt>
<trkpt lat="34.930476" lon="-78.938807"><ele>62.1</ele></trkpt>
<trkpt lat="34.930974" lon="-78.938292"><ele>58.7</ele></trkpt>
<trkpt lat="34.931472" lon="-78.937721"><ele>55.1</ele></trkpt>
<trkpt lat="34.931677" lon="-78.937475"><ele>56.7</ele></trkpt>
<trkpt lat="34.931923" lon="-78.937158"><ele>59.2</ele></trkpt>
<trkpt lat="34.932417" lon="-78.936455"><ele>61.1</ele></trkpt>
<trkpt lat="34.932684" lon="-78.936036"><ele>60.5</ele></trkpt>
<trkpt lat="34.932897" lon="-78.935683"><ele>60.0</ele></trkpt>
<trkpt lat="34.933091" lon="-78.935334"><ele>59.4</ele></trkpt>
<trkpt lat="34.933420" lon="-78.934689"><ele>58.5</ele></trkpt>
<trkpt lat="34.933628" lon="-78.934252"><ele>57.9</ele></trkpt>
<trkpt lat="34.933950" lon="-78.933492"><ele>57.1</ele></trkpt>
<trkpt lat="34.939322" lon="-78.919201"><ele>45.0</ele></trkpt>
<trkpt lat="34.939704" lon="-78.918234"><ele>44.3</ele></trkpt>
<trkpt lat="34.940101" lon="-78.917269"><ele>43.7</ele></trkpt>
<trkpt lat="34.940713" lon="-78.915932"><ele>42.2</ele></trkpt>
<trkpt lat="34.941122" lon="-78.915102"><ele>42.9</ele></trkpt>
<trkpt lat="34.941589" lon="-78.914216"><ele>42.9</ele></trkpt>
<trkpt lat="34.942092" lon="-78.913300"><ele>42.0</ele></trkpt>
<trkpt lat="34.942587" lon="-78.912462"><ele>41.3</ele></trkpt>
<trkpt lat="34.943196" lon="-78.911487"><ele>40.5</ele></trkpt>
<trkpt lat="34.943854" lon="-78.910514"><ele>39.7</ele></trkpt>
<trkpt lat="34.944255" lon="-78.909938"><ele>39.1</ele></trkpt>
<trkpt lat="34.944863" lon="-78.909117"><ele>38.2</ele></trkpt>
<trkpt lat="34.945453" lon="-78.908354"><ele>37.2</ele></trkpt>
<trkpt lat="34.946599" lon="-78.906988"><ele>36.0</ele></trkpt>
<trkpt lat="34.947583" lon="-78.905865"><ele>35.2</ele></trkpt>
<trkpt lat="34.954830" lon="-78.897435"><ele>30.0</ele></trkpt>
<trkpt lat="34.956176" lon="-78.895860"><ele>29.1</ele></trkpt>
<trkpt lat="34.957134" lon="-78.894756"><ele>29.1</ele></trkpt>
<trkpt lat="34.957695" lon="-78.894133"><ele>29.1</ele></trkpt>
<trkpt lat="34.958202" lon="-78.893564"><ele>28.3</ele></trkpt>
<trkpt lat="34.962115" lon="-78.888891"><ele>42.4</ele></trkpt>
<trkpt lat="34.964119" lon="-78.886347"><ele>45.3</ele></trkpt>
<trkpt lat="34.965297" lon="-78.884628"><ele>43.2</ele></trkpt>
<trkpt lat="34.966181" lon="-78.883072"><ele>40.5</ele></trkpt>
<trkpt lat="34.967972" lon="-78.879648"><ele>37.9</ele></trkpt>
<trkpt lat="34.968476" lon="-78.878539"><ele>40.1</ele></trkpt>
<trkpt lat="34.968831" lon="-78.877463"><ele>40.4</ele></trkpt>
<trkpt lat="34.969016" lon="-78.876952"><ele>40.7</ele></trkpt>
<trkpt lat="34.969216" lon="-78.876361"><ele>41.3</ele></trkpt>
<trkpt lat="34.972365" lon="-78.865733"><ele>48.5</ele></trkpt>
<trkpt lat="34.973131" lon="-78.862931"><ele>44.4</ele></trkpt>
<trkpt lat="34.973654" lon="-78.861489"><ele>42.1</ele></trkpt>
<trkpt lat="34.973914" lon="-78.860810"><ele>41.8</ele></trkpt>
<trkpt lat="34.974288" lon="-78.859970"><ele>41.3</ele></trkpt>
<trkpt lat="34.974535" lon="-78.859469"><ele>40.3</ele></trkpt>
<trkpt lat="34.974977" lon="-78.858684"><ele>37.5</ele></trkpt>
<trkpt lat="34.975180" lon="-78.858359"><ele>36.2</ele></trkpt>
<trkpt lat="34.976101" lon="-78.856981"><ele>32.4</ele></trkpt>
<trkpt lat="34.976883" lon="-78.855838"><ele>28.3</ele></trkpt>
<trkpt lat="34.979031" lon="-78.852695"><ele>27.3</ele></trkpt>
<trkpt lat="34.979592" lon="-78.851838"><ele>25.9</ele></trkpt>
<trkpt lat="34.979906" lon="-78.851334"><ele>25.6</ele></trkpt>
<trkpt lat="34.980157" lon="-78.850908"><ele>25.4</ele></trkpt>
<trkpt lat="34.981380" lon="-78.848670"><ele>24.1</ele></trkpt>
<trkpt lat="34.982455" lon="-78.846702"><ele>20.2</ele></trkpt>
<trkpt lat="34.983679" lon="-78.844470"><ele>25.0</ele></trkpt>
<trkpt lat="34.984048" lon="-78.843810"><ele>25.4</ele></trkpt>
<trkpt lat="34.984297" lon="-78.843410"><ele>25.6</ele></trkpt>
<trkpt lat="34.984693" lon="-78.842817"><ele>25.9</ele></trkpt>
<trkpt lat="34.985074" lon="-78.842291"><ele>25.9</ele></trkpt>
<trkpt lat="34.985445" lon="-78.841831"><ele>25.9</ele></trkpt>
<trkpt lat="34.985897" lon="-78.841313"><ele>26.0</ele></trkpt>
<trkpt lat="34.986432" lon="-78.840761"><ele>26.3</ele></trkpt>
<trkpt lat="34.988340" lon="-78.838893"><ele>27.3</ele></trkpt>
<trkpt lat="34.989576" lon="-78.837634"><ele>27.7</ele></trkpt>
<trkpt lat="34.991708" lon="-78.835309"><ele>26.9</ele></trkpt>
<trkpt lat="34.992840" lon="-78.833991"><ele>25.9</ele></trkpt>
<trkpt lat="34.994026" lon="-78.832576"><ele>25.6</ele></trkpt>
<trkpt lat="34.995627" lon="-78.830688"><ele>24.8</ele></trkpt>
<trkpt lat="34.997902" lon="-78.828027"><ele>23.8</ele></trkpt>
<trkpt lat="34.998818" lon="-78.826981"><ele>24.2</ele></trkpt>
<trkpt lat="34.999403" lon="-78.826361"><ele>25.1</ele></trkpt>
<trkpt lat="35.001226" lon="-78.824623"><ele>24.9</ele></trkpt>
<trkpt lat="35.002672" lon="-78.823403"><ele>25.0</ele></trkpt>
<trkpt lat="35.004033" lon="-78.822391"><ele>26.1</ele></trkpt>
<trkpt lat="35.004903" lon="-78.821799"><ele>26.9</ele></trkpt>
<trkpt lat="35.006207" lon="-78.820993"><ele>27.1</ele></trkpt>
<trkpt lat="35.007180" lon="-78.820443"><ele>27.2</ele></trkpt>
<trkpt lat="35.008157" lon="-78.819913"><ele>27.9</ele></trkpt>
<trkpt lat="35.010049" lon="-78.818934"><ele>28.6</ele></trkpt>
<trkpt lat="35.012113" lon="-78.817836"><ele>29.2</ele></trkpt>
<trkpt lat="35.012829" lon="-78.817420"><ele>29.8</ele></trkpt>
<trkpt lat="35.013416" lon="-78.817068"><ele>30.0</ele></trkpt>
<trkpt lat="35.014202" lon="-78.816566"><ele>30.0</ele></trkpt>
<trkpt lat="35.014849" lon="-78.816116"><ele>30.3</ele></trkpt>
<trkpt lat="35.015285" lon="-78.815798"><ele>30.7</ele></trkpt>
<trkpt lat="35.016407" lon="-78.814940"><ele>31.0</ele></trkpt>
<trkpt lat="35.017128" lon="-78.814340"><ele>31.0</ele></trkpt>
<trkpt lat="35.019734" lon="-78.812004"><ele>30.8</ele></trkpt>
<trkpt lat="35.020286" lon="-78.811550"><ele>30.7</ele></trkpt>
<trkpt lat="35.020677" lon="-78.811240"><ele>30.6</ele></trkpt>
<trkpt lat="35.021177" lon="-78.810880"><ele>30.4</ele></trkpt>
<trkpt lat="35.021912" lon="-78.810370"><ele>30.1</ele></trkpt>
<trkpt lat="35.022437" lon="-78.810043"><ele>30.0</ele></trkpt>
<trkpt lat="35.023000" lon="-78.809726"><ele>30.0</ele></trkpt>
<trkpt lat="35.023696" lon="-78.809347"><ele>30.0</ele></trkpt>
<trkpt lat="35.024292" lon="-78.809059"><ele>30.0</ele></trkpt>
<trkpt lat="35.025326" lon="-78.808617"><ele>30.0</ele></trkpt>
<trkpt lat="35.026050" lon="-78.808344"><ele>30.0</ele></trkpt>
<trkpt lat="35.033929" lon="-78.805929"><ele>37.4</ele></trkpt>
<trkpt lat="35.034335" lon="-78.805805"><ele>32.0</ele></trkpt>
<trkpt lat="35.034987" lon="-78.805607"><ele>37.3</ele></trkpt>
<trkpt lat="35.040130" lon="-78.804044"><ele>32.7</ele></trkpt>
<trkpt lat="35.045940" lon="-78.802263"><ele>31.1</ele></trkpt>
<trkpt lat="35.046495" lon="-78.802100"><ele>31.4</ele></trkpt>
<trkpt lat="35.047820" lon="-78.801687"><ele>32.0</ele></trkpt>
<trkpt lat="35.048717" lon="-78.801362"><ele>32.2</ele></trkpt>
<trkpt lat="35.049475" lon="-78.801042"><ele>32.5</ele></trkpt>
<trkpt lat="35.050295" lon="-78.800655"><ele>32.8</ele></trkpt>
<trkpt lat="35.050876" lon="-78.800351"><ele>32.8</ele></trkpt>
<trkpt lat="35.051502" lon="-78.799992"><ele>32.6</ele></trkpt>
<trkpt lat="35.052369" lon="-78.799443"><ele>32.7</ele></trkpt>
<trkpt lat="35.053545" lon="-78.798604"><ele>35.1</ele></trkpt>
<trkpt lat="35.054793" lon="-78.797638"><ele>34.3</ele></trkpt>
<trkpt lat="35.056388" lon="-78.796494"><ele>35.5</ele></trkpt>
<trkpt lat="35.057349" lon="-78.795907"><ele>35.8</ele></trkpt>
<trkpt lat="35.058375" lon="-78.795351"><ele>36.7</ele></trkpt>
<trkpt lat="35.059192" lon="-78.794984"><ele>37.1</ele></trkpt>
<trkpt lat="35.060238" lon="-78.794581"><ele>37.7</ele></trkpt>
<trkpt lat="35.060667" lon="-78.794443"><ele>37.8</ele></trkpt>
<trkpt lat="35.061299" lon="-78.794220"><ele>37.9</ele></trkpt>
<trkpt lat="35.063744" lon="-78.793564"><ele>38.9</ele></trkpt>
<trkpt lat="35.072057" lon="-78.791259"><ele>39.0</ele></trkpt>
<trkpt lat="35.074411" lon="-78.790513"><ele>37.9</ele></trkpt>
<trkpt lat="35.075702" lon="-78.790079"><ele>36.6</ele></trkpt>
<trkpt lat="35.077196" lon="-78.789552"><ele>35.5</ele></trkpt>
<trkpt lat="35.078512" lon="-78.788918"><ele>35.0</ele></trkpt>
<trkpt lat="35.081666" lon="-78.787174"><ele>34.1</ele></trkpt>
<trkpt lat="35.082975" lon="-78.786412"><ele>34.6</ele></trkpt>
<trkpt lat="35.086354" lon="-78.784485"><ele>32.7</ele></trkpt>
<trkpt lat="35.087740" lon="-78.783648"><ele>33.4</ele></trkpt>
<trkpt lat="35.088333" lon="-78.783266"><ele>34.3</ele></trkpt>
<trkpt lat="35.089728" lon="-78.782231"><ele>36.0</ele></trkpt>
<trkpt lat="35.091209" lon="-78.780879"><ele>38.1</ele></trkpt>
<trkpt lat="35.091769" lon="-78.780389"><ele>38.4</ele></trkpt>
<trkpt lat="35.092457" lon="-78.779679"><ele>38.7</ele></trkpt>
<trkpt lat="35.093291" lon="-78.779003"><ele>39.0</ele></trkpt>
<trkpt lat="35.095016" lon="-78.777755"><ele>39.3</ele></trkpt>
<trkpt lat="35.097681" lon="-78.775869"><ele>39.9</ele></trkpt>
<trkpt lat="35.107913" lon="-78.768884"><ele>38.6</ele></trkpt>
<trkpt lat="35.110371" lon="-78.767180"><ele>39.6</ele></trkpt>
<trkpt lat="35.110941" lon="-78.766764"><ele>39.9</ele></trkpt>
<trkpt lat="35.111497" lon="-78.766315"><ele>40.0</ele></trkpt>
<trkpt lat="35.112039" lon="-78.765842"><ele>40.0</ele></trkpt>
<trkpt lat="35.112298" lon="-78.765599"><ele>40.0</ele></trkpt>
<trkpt lat="35.112813" lon="-78.765080"><ele>40.0</ele></trkpt>
<trkpt lat="35.114722" lon="-78.763062"><ele>40.2</ele></trkpt>
<trkpt lat="35.116282" lon="-78.761386"><ele>40.2</ele></trkpt>
<trkpt lat="35.123037" lon="-78.754247"><ele>40.0</ele></trkpt>
<trkpt lat="35.132188" lon="-78.744479"><ele>39.9</ele></trkpt>
<trkpt lat="35.134008" lon="-78.742642"><ele>40.7</ele></trkpt>
<trkpt lat="35.134514" lon="-78.742108"><ele>41.2</ele></trkpt>
<trkpt lat="35.135519" lon="-78.741071"><ele>42.6</ele></trkpt>
<trkpt lat="35.139462" lon="-78.736901"><ele>42.0</ele></trkpt>
<trkpt lat="35.141466" lon="-78.734741"><ele>42.0</ele></trkpt>
<trkpt lat="35.151051" lon="-78.724626"><ele>43.6</ele></trkpt>
<trkpt lat="35.152963" lon="-78.722654"><ele>43.3</ele></trkpt>
<trkpt lat="35.156218" lon="-78.719226"><ele>43.5</ele></trkpt>
<trkpt lat="35.159558" lon="-78.715629"><ele>45.7</ele></trkpt>
<trkpt lat="35.162756" lon="-78.712242"><ele>45.0</ele></trkpt>
<trkpt lat="35.170793" lon="-78.703756"><ele>44.2</ele></trkpt>
<trkpt lat="35.172266" lon="-78.702185"><ele>46.1</ele></trkpt>
<trkpt lat="35.173273" lon="-78.701097"><ele>47.7</ele></trkpt>
<trkpt lat="35.178129" lon="-78.695962"><ele>53.1</ele></trkpt>
<trkpt lat="35.184023" lon="-78.689770"><ele>52.8</ele></trkpt>
<trkpt lat="35.190526" lon="-78.682878"><ele>44.7</ele></trkpt>
<trkpt lat="35.191970" lon="-78.681370"><ele>43.8</ele></trkpt>
<trkpt lat="35.192896" lon="-78.680389"><ele>43.5</ele></trkpt>
<trkpt lat="35.194284" lon="-78.678899"><ele>44.1</ele></trkpt>
<trkpt lat="35.198242" lon="-78.674717"><ele>44.3</ele></trkpt>
<trkpt lat="35.198809" lon="-78.674085"><ele>43.9</ele></trkpt>
<trkpt lat="35.199655" lon="-78.673085"><ele>43.2</ele></trkpt>
<trkpt lat="35.199714" lon="-78.673016"><ele>43.4</ele></trkpt>
<trkpt lat="35.200196" lon="-78.672429"><ele>43.6</ele></trkpt>
<trkpt lat="35.201175" lon="-78.671300"><ele>44.8</ele></trkpt>
<trkpt lat="35.206274" lon="-78.665341"><ele>46.6</ele></trkpt>
<trkpt lat="35.208219" lon="-78.663098"><ele>46.0</ele></trkpt>
<trkpt lat="35.211394" lon="-78.659390"><ele>45.3</ele></trkpt>
<trkpt lat="35.212042" lon="-78.658617"><ele>45.0</ele></trkpt>
<trkpt lat="35.212583" lon="-78.657946"><ele>45.0</ele></trkpt>
<trkpt lat="35.219780" lon="-78.649635"><ele>39.8</ele></trkpt>
<trkpt lat="35.220082" lon="-78.649300"><ele>39.5</ele></trkpt>
<trkpt lat="35.220419" lon="-78.648904"><ele>39.7</ele></trkpt>
<trkpt lat="35.222154" lon="-78.646851"><ele>39.9</ele></trkpt>
<trkpt lat="35.223165" lon="-78.645681"><ele>40.2</ele></trkpt>
<trkpt lat="35.224075" lon="-78.644578"><ele>41.7</ele></trkpt>
<trkpt lat="35.224914" lon="-78.643711"><ele>42.6</ele></trkpt>
<trkpt lat="35.225712" lon="-78.642982"><ele>43.3</ele></trkpt>
<trkpt lat="35.226518" lon="-78.642323"><ele>44.1</ele></trkpt>
<trkpt lat="35.227168" lon="-78.641887"><ele>44.3</ele></trkpt>
<trkpt lat="35.230699" lon="-78.639809"><ele>45.9</ele></trkpt>
<trkpt lat="35.234324" lon="-78.637747"><ele>46.0</ele></trkpt>
<trkpt lat="35.239088" lon="-78.634931"><ele>45.1</ele></trkpt>
<trkpt lat="35.249899" lon="-78.628722"><ele>45.2</ele></trkpt>
<trkpt lat="35.254628" lon="-78.625982"><ele>48.5</ele></trkpt>
<trkpt lat="35.261846" lon="-78.621822"><ele>49.3</ele></trkpt>
<trkpt lat="35.266570" lon="-78.619071"><ele>51.6</ele></trkpt>
<trkpt lat="35.271008" lon="-78.616515"><ele>55.0</ele></trkpt>
<trkpt lat="35.271572" lon="-78.616112"><ele>55.3</ele></trkpt>
<trkpt lat="35.272122" lon="-78.615785"><ele>56.0</ele></trkpt>
<trkpt lat="35.273482" lon="-78.615007"><ele>55.6</ele></trkpt>
<trkpt lat="35.274826" lon="-78.614316"><ele>55.6</ele></trkpt>
<trkpt lat="35.277083" lon="-78.613012"><ele>56.0</ele></trkpt>
<trkpt lat="35.278757" lon="-78.612019"><ele>56.4</ele></trkpt>
<trkpt lat="35.281077" lon="-78.610592"><ele>57.9</ele></trkpt>
<trkpt lat="35.283271" lon="-78.609319"><ele>59.0</ele></trkpt>
<trkpt lat="35.284803" lon="-78.608387"><ele>59.9</ele></trkpt>
<trkpt lat="35.286836" lon="-78.607092"><ele>60.3</ele></trkpt>
<trkpt lat="35.288529" lon="-78.606103"><ele>60.0</ele></trkpt>
<trkpt lat="35.291745" lon="-78.604145"><ele>57.3</ele></trkpt>
<trkpt lat="35.292625" lon="-78.603627"><ele>57.5</ele></trkpt>
<trkpt lat="35.293196" lon="-78.603250"><ele>57.4</ele></trkpt>
<trkpt lat="35.293337" lon="-78.603144"><ele>57.5</ele></trkpt>
<trkpt lat="35.294855" lon="-78.602202"><ele>58.9</ele></trkpt>
<trkpt lat="35.295569" lon="-78.601711"><ele>59.3</ele></trkpt>
<trkpt lat="35.295896" lon="-78.601458"><ele>59.3</ele></trkpt>
<trkpt lat="35.296279" lon="-78.601147"><ele>59.5</ele></trkpt>
<trkpt lat="35.296627" lon="-78.600826"><ele>60.0</ele></trkpt>
<trkpt lat="35.296895" lon="-78.600555"><ele>60.0</ele></trkpt>
<trkpt lat="35.297154" lon="-78.600273"><ele>60.4</ele></trkpt>
<trkpt lat="35.297632" lon="-78.599715"><ele>61.2</ele></trkpt>
<trkpt lat="35.298567" lon="-78.598601"><ele>62.7</ele></trkpt>
<trkpt lat="35.298862" lon="-78.598239"><ele>60.1</ele></trkpt>
<trkpt lat="35.299825" lon="-78.597080"><ele>63.7</ele></trkpt>
<trkpt lat="35.300878" lon="-78.595853"><ele>62.5</ele></trkpt>
<trkpt lat="35.301620" lon="-78.594929"><ele>60.9</ele></trkpt>
<trkpt lat="35.302945" lon="-78.593122"><ele>57.6</ele></trkpt>
<trkpt lat="35.305783" lon="-78.589196"><ele>53.6</ele></trkpt>
<trkpt lat="35.306863" lon="-78.587738"><ele>55.4</ele></trkpt>
<trkpt lat="35.312494" lon="-78.580066"><ele>60.0</ele></trkpt>
<trkpt lat="35.313834" lon="-78.578252"><ele>61.2</ele></trkpt>
<trkpt lat="35.315183" lon="-78.576502"><ele>62.7</ele></trkpt>
<trkpt lat="35.316004" lon="-78.575505"><ele>63.3</ele></trkpt>
<trkpt lat="35.316812" lon="-78.574570"><ele>64.1</ele></trkpt>
<trkpt lat="35.317381" lon="-78.573939"><ele>64.8</ele></trkpt>
<trkpt lat="35.318135" lon="-78.573185"><ele>65.4</ele></trkpt>
<trkpt lat="35.319696" lon="-78.571712"><ele>67.2</ele></trkpt>
<trkpt lat="35.320633" lon="-78.570966"><ele>68.2</ele></trkpt>
<trkpt lat="35.321165" lon="-78.570580"><ele>68.7</ele></trkpt>
<trkpt lat="35.321367" lon="-78.570416"><ele>68.9</ele></trkpt>
<trkpt lat="35.321886" lon="-78.570037"><ele>69.1</ele></trkpt>
<trkpt lat="35.322508" lon="-78.569608"><ele>68.8</ele></trkpt>
<trkpt lat="35.326556" lon="-78.566897"><ele>71.6</ele></trkpt>
<trkpt lat="35.327229" lon="-78.566454"><ele>72.1</ele></trkpt>
<trkpt lat="35.327897" lon="-78.565997"><ele>72.5</ele></trkpt>
<trkpt lat="35.329427" lon="-78.564980"><ele>73.7</ele></trkpt>
<trkpt lat="35.330208" lon="-78.564447"><ele>74.0</ele></trkpt>
<trkpt lat="35.332027" lon="-78.563236"><ele>75.1</ele></trkpt>
<trkpt lat="35.332695" lon="-78.562778"><ele>75.3</ele></trkpt>
<trkpt lat="35.333477" lon="-78.562277"><ele>75.1</ele></trkpt>
<trkpt lat="35.334477" lon="-78.561687"><ele>74.8</ele></trkpt>
<trkpt lat="35.335724" lon="-78.560997"><ele>74.0</ele></trkpt>
<trkpt lat="35.336630" lon="-78.560547"><ele>73.8</ele></trkpt>
<trkpt lat="35.337141" lon="-78.560319"><ele>73.5</ele></trkpt>
<trkpt lat="35.339503" lon="-78.559326"><ele>74.0</ele></trkpt>
<trkpt lat="35.341306" lon="-78.558589"><ele>73.9</ele></trkpt>
<trkpt lat="35.342001" lon="-78.558336"><ele>73.9</ele></trkpt>
<trkpt lat="35.342850" lon="-78.558000"><ele>73.3</ele></trkpt>
<trkpt lat="35.345987" lon="-78.556682"><ele>71.0</ele></trkpt>
<trkpt lat="35.346335" lon="-78.556507"><ele>71.1</ele></trkpt>
<trkpt lat="35.346621" lon="-78.556423"><ele>71.2</ele></trkpt>
<trkpt lat="35.350295" lon="-78.554898"><ele>71.8</ele></trkpt>
<trkpt lat="35.351033" lon="-78.554573"><ele>70.9</ele></trkpt>
<trkpt lat="35.354963" lon="-78.552733"><ele>61.7</ele></trkpt>
<trkpt lat="35.359079" lon="-78.550836"><ele>64.6</ele></trkpt>
<trkpt lat="35.365035" lon="-78.548107"><ele>72.6</ele></trkpt>
<trkpt lat="35.367653" lon="-78.546896"><ele>73.6</ele></trkpt>
<trkpt lat="35.369843" lon="-78.545928"><ele>73.4</ele></trkpt>
<trkpt lat="35.370296" lon="-78.545716"><ele>73.3</ele></trkpt>
<trkpt lat="35.370735" lon="-78.545506"><ele>73.1</ele></trkpt>
<trkpt lat="35.371277" lon="-78.545225"><ele>73.0</ele></trkpt>
<trkpt lat="35.371717" lon="-78.544969"><ele>73.0</ele></trkpt>
<trkpt lat="35.372157" lon="-78.544693"><ele>73.0</ele></trkpt>
<trkpt lat="35.373003" lon="-78.544098"><ele>72.8</ele></trkpt>
<trkpt lat="35.373661" lon="-78.543575"><ele>72.1</ele></trkpt>
<trkpt lat="35.374185" lon="-78.543103"><ele>71.9</ele></trkpt>
<trkpt lat="35.374683" lon="-78.542612"><ele>71.4</ele></trkpt>
<trkpt lat="35.375347" lon="-78.541904"><ele>71.0</ele></trkpt>
<trkpt lat="35.375705" lon="-78.541483"><ele>70.8</ele></trkpt>
<trkpt lat="35.376178" lon="-78.540896"><ele>70.5</ele></trkpt>
<trkpt lat="35.376636" lon="-78.540283"><ele>70.4</ele></trkpt>
<trkpt lat="35.376873" lon="-78.539947"><ele>70.0</ele></trkpt>
<trkpt lat="35.377147" lon="-78.539539"><ele>69.3</ele></trkpt>
<trkpt lat="35.377386" lon="-78.539153"><ele>69.0</ele></trkpt>
<trkpt lat="35.378682" lon="-78.536969"><ele>69.7</ele></trkpt>
<trkpt lat="35.378840" lon="-78.536685"><ele>70.0</ele></trkpt>
<trkpt lat="35.379717" lon="-78.535122"><ele>70.2</ele></trkpt>
<trkpt lat="35.382368" lon="-78.530558"><ele>64.2</ele></trkpt>
<trkpt lat="35.383931" lon="-78.527898"><ele>58.4</ele></trkpt>
<trkpt lat="35.385355" lon="-78.525498"><ele>56.6</ele></trkpt>
<trkpt lat="35.385452" lon="-78.525228"><ele>56.7</ele></trkpt>
<trkpt lat="35.385618" lon="-78.524863"><ele>56.5</ele></trkpt>
<trkpt lat="35.385691" lon="-78.524653"><ele>56.3</ele></trkpt>
<trkpt lat="35.385758" lon="-78.524456"><ele>56.1</ele></trkpt>
<trkpt lat="35.385838" lon="-78.524172"><ele>55.6</ele></trkpt>
<trkpt lat="35.385902" lon="-78.523899"><ele>55.3</ele></trkpt>
<trkpt lat="35.386004" lon="-78.523367"><ele>55.1</ele></trkpt>
<trkpt lat="35.386164" lon="-78.522260"><ele>54.3</ele></trkpt>
<trkpt lat="35.386224" lon="-78.521945"><ele>54.1</ele></trkpt>
<trkpt lat="35.386293" lon="-78.521684"><ele>54.0</ele></trkpt>
<trkpt lat="35.386349" lon="-78.521516"><ele>53.9</ele></trkpt>
<trkpt lat="35.386500" lon="-78.521149"><ele>53.5</ele></trkpt>
<trkpt lat="35.386664" lon="-78.520843"><ele>54.0</ele></trkpt>
<trkpt lat="35.386798" lon="-78.520668"><ele>54.0</ele></trkpt>
<trkpt lat="35.386941" lon="-78.520501"><ele>54.3</ele></trkpt>
<trkpt lat="35.387154" lon="-78.520283"><ele>54.9</ele></trkpt>
<trkpt lat="35.387391" lon="-78.520082"><ele>55.4</ele></trkpt>
<trkpt lat="35.387558" lon="-78.519968"><ele>55.7</ele></trkpt>
<trkpt lat="35.387739" lon="-78.519869"><ele>56.0</ele></trkpt>
<trkpt lat="35.387924" lon="-78.519783"><ele>56.2</ele></trkpt>
<trkpt lat="35.388121" lon="-78.519715"><ele>56.4</ele></trkpt>
<trkpt lat="35.388647" lon="-78.519578"><ele>56.5</ele></trkpt>
<trkpt lat="35.389498" lon="-78.519387"><ele>58.9</ele></trkpt>
<trkpt lat="35.390635" lon="-78.519125"><ele>62.9</ele></trkpt>
<trkpt lat="35.391437" lon="-78.518941"><ele>62.4</ele></trkpt>
<trkpt lat="35.391664" lon="-78.518887"><ele>63.4</ele></trkpt>
<trkpt lat="35.392105" lon="-78.518814"><ele>63.5</ele></trkpt>
<trkpt lat="35.392330" lon="-78.518812"><ele>63.5</ele></trkpt>
<trkpt lat="35.392561" lon="-78.518830"><ele>63.1</ele></trkpt>
<trkpt lat="35.392777" lon="-78.518868"><ele>62.6</ele></trkpt>
<trkpt lat="35.392994" lon="-78.518938"><ele>62.1</ele></trkpt>
<trkpt lat="35.393190" lon="-78.519017"><ele>61.6</ele></trkpt>
<trkpt lat="35.393414" lon="-78.519130"><ele>61.0</ele></trkpt>
<trkpt lat="35.393737" lon="-78.519334"><ele>60.2</ele></trkpt>
<trkpt lat="35.393856" lon="-78.519438"><ele>59.5</ele></trkpt>
<trkpt lat="35.394014" lon="-78.519600"><ele>58.6</ele></trkpt>
<trkpt lat="35.394227" lon="-78.519847"><ele>57.1</ele></trkpt>
<trkpt lat="35.394705" lon="-78.520519"><ele>53.7</ele></trkpt>
<trkpt lat="35.395099" lon="-78.521035"><ele>51.8</ele></trkpt>
<trkpt lat="35.395256" lon="-78.521210"><ele>51.3</ele></trkpt>
<trkpt lat="35.395521" lon="-78.521462"><ele>50.8</ele></trkpt>
<trkpt lat="35.395751" lon="-78.521657"><ele>50.8</ele></trkpt>
<trkpt lat="35.395982" lon="-78.521831"><ele>50.6</ele></trkpt>
<trkpt lat="35.396234" lon="-78.521981"><ele>50.4</ele></trkpt>
<trkpt lat="35.396537" lon="-78.522115"><ele>50.1</ele></trkpt>
<trkpt lat="35.397292" lon="-78.522394"><ele>49.3</ele></trkpt>
<trkpt lat="35.397963" lon="-78.522477"><ele>50.2</ele></trkpt>
<trkpt lat="35.399066" lon="-78.522665"><ele>52.4</ele></trkpt>
<trkpt lat="35.401550" lon="-78.523011"><ele>60.7</ele></trkpt>
<trkpt lat="35.403818" lon="-78.523299"><ele>65.8</ele></trkpt>
<trkpt lat="35.405088" lon="-78.523495"><ele>63.3</ele></trkpt>
<trkpt lat="35.405571" lon="-78.523594"><ele>64.9</ele></trkpt>
<trkpt lat="35.411418" lon="-78.524366"><ele>58.2</ele></trkpt>
<trkpt lat="35.412090" lon="-78.524588"><ele>57.7</ele></trkpt>
<trkpt lat="35.414699" lon="-78.525875"><ele>57.0</ele></trkpt>
<trkpt lat="35.418406" lon="-78.527793"><ele>59.1</ele></trkpt>
<trkpt lat="35.419342" lon="-78.528286"><ele>59.0</ele></trkpt>
<trkpt lat="35.422409" lon="-78.529836"><ele>58.9</ele></trkpt>
<trkpt lat="35.423603" lon="-78.530307"><ele>58.2</ele></trkpt>
<trkpt lat="35.424558" lon="-78.530585"><ele>56.4</ele></trkpt>
<trkpt lat="35.424891" lon="-78.530672"><ele>56.1</ele></trkpt>
<trkpt lat="35.429380" lon="-78.531679"><ele>54.0</ele></trkpt>
<trkpt lat="35.433241" lon="-78.532637"><ele>61.8</ele></trkpt>
<trkpt lat="35.434734" lon="-78.532979"><ele>64.5</ele></trkpt>
<trkpt lat="35.439546" lon="-78.534154"><ele>73.4</ele></trkpt>
<trkpt lat="35.440023" lon="-78.534257"><ele>73.9</ele></trkpt>
<trkpt lat="35.440330" lon="-78.534311"><ele>74.3</ele></trkpt>
<trkpt lat="35.440625" lon="-78.534347"><ele>74.7</ele></trkpt>
<trkpt lat="35.441235" lon="-78.534374"><ele>75.5</ele></trkpt>
<trkpt lat="35.441724" lon="-78.534339"><ele>76.0</ele></trkpt>
<trkpt lat="35.442062" lon="-78.534294"><ele>76.0</ele></trkpt>
<trkpt lat="35.446779" lon="-78.533516"><ele>73.9</ele></trkpt>
<trkpt lat="35.448339" lon="-78.533244"><ele>74.3</ele></trkpt>
<trkpt lat="35.448956" lon="-78.533166"><ele>74.8</ele></trkpt>
<trkpt lat="35.449301" lon="-78.533142"><ele>75.2</ele></trkpt>
<trkpt lat="35.449697" lon="-78.533143"><ele>75.2</ele></trkpt>
<trkpt lat="35.450116" lon="-78.533168"><ele>75.6</ele></trkpt>
<trkpt lat="35.450734" lon="-78.533244"><ele>75.0</ele></trkpt>
<trkpt lat="35.451408" lon="-78.533396"><ele>74.5</ele></trkpt>
<trkpt lat="35.451718" lon="-78.533496"><ele>74.1</ele></trkpt>
<trkpt lat="35.452071" lon="-78.533631"><ele>73.5</ele></trkpt>
<trkpt lat="35.453080" lon="-78.534068"><ele>71.5</ele></trkpt>
<trkpt lat="35.454241" lon="-78.534857"><ele>67.2</ele></trkpt>
<trkpt lat="35.456618" lon="-78.537089"><ele>57.6</ele></trkpt>
<trkpt lat="35.460551" lon="-78.540695"><ele>45.7</ele></trkpt>
<trkpt lat="35.461070" lon="-78.541170"><ele>43.5</ele></trkpt>
<trkpt lat="35.463195" lon="-78.543101"><ele>46.1</ele></trkpt>
<trkpt lat="35.467061" lon="-78.546569"><ele>57.0</ele></trkpt>
<trkpt lat="35.467942" lon="-78.547170"><ele>57.9</ele></trkpt>
<trkpt lat="35.468529" lon="-78.547522"><ele>59.7</ele></trkpt>
<trkpt lat="35.469055" lon="-78.547878"><ele>62.0</ele></trkpt>
<trkpt lat="35.470732" lon="-78.548564"><ele>65.3</ele></trkpt>
<trkpt lat="35.472681" lon="-78.549170"><ele>62.7</ele></trkpt>
<trkpt lat="35.476959" lon="-78.549916"><ele>56.1</ele></trkpt>
<trkpt lat="35.485234" lon="-78.551315"><ele>48.7</ele></trkpt>
<trkpt lat="35.489281" lon="-78.552019"><ele>50.2</ele></trkpt>
<trkpt lat="35.490399" lon="-78.552246"><ele>52.4</ele></trkpt>
<trkpt lat="35.490827" lon="-78.552324"><ele>52.1</ele></trkpt>
<trkpt lat="35.493767" lon="-78.552815"><ele>54.3</ele></trkpt>
<trkpt lat="35.503635" lon="-78.554375"><ele>59.2</ele></trkpt>
<trkpt lat="35.509239" lon="-78.555354"><ele>61.9</ele></trkpt>
<trkpt lat="35.513309" lon="-78.556184"><ele>70.7</ele></trkpt>
<trkpt lat="35.513834" lon="-78.556350"><ele>70.9</ele></trkpt>
<trkpt lat="35.514362" lon="-78.556531"><ele>71.4</ele></trkpt>
<trkpt lat="35.515410" lon="-78.556936"><ele>72.6</ele></trkpt>
<trkpt lat="35.515800" lon="-78.557108"><ele>73.2</ele></trkpt>
<trkpt lat="35.516665" lon="-78.557583"><ele>72.8</ele></trkpt>
<trkpt lat="35.517430" lon="-78.558059"><ele>72.2</ele></trkpt>
<trkpt lat="35.518811" lon="-78.559024"><ele>72.0</ele></trkpt>
<trkpt lat="35.521356" lon="-78.560939"><ele>66.5</ele></trkpt>
<trkpt lat="35.524877" lon="-78.563585"><ele>73.8</ele></trkpt>
<trkpt lat="35.527970" lon="-78.565891"><ele>75.2</ele></trkpt>
<trkpt lat="35.532071" lon="-78.568970"><ele>81.2</ele></trkpt>
<trkpt lat="35.534434" lon="-78.570755"><ele>80.8</ele></trkpt>
<trkpt lat="35.538376" lon="-78.573706"><ele>76.9</ele></trkpt>
<trkpt lat="35.541599" lon="-78.576130"><ele>82.3</ele></trkpt>
<trkpt lat="35.544733" lon="-78.578467"><ele>84.3</ele></trkpt>
<trkpt lat="35.545677" lon="-78.579114"><ele>83.6</ele></trkpt>
<trkpt lat="35.546313" lon="-78.579481"><ele>83.1</ele></trkpt>
<trkpt lat="35.546985" lon="-78.579758"><ele>82.7</ele></trkpt>
<trkpt lat="35.547785" lon="-78.579988"><ele>82.0</ele></trkpt>
<trkpt lat="35.548568" lon="-78.580110"><ele>81.4</ele></trkpt>
<trkpt lat="35.549385" lon="-78.580120"><ele>80.8</ele></trkpt>
<trkpt lat="35.549911" lon="-78.580073"><ele>80.3</ele></trkpt>
<trkpt lat="35.550676" lon="-78.579933"><ele>79.4</ele></trkpt>
<trkpt lat="35.551227" lon="-78.579773"><ele>79.1</ele></trkpt>
<trkpt lat="35.551730" lon="-78.579575"><ele>79.0</ele></trkpt>
<trkpt lat="35.552221" lon="-78.579353"><ele>79.2</ele></trkpt>
<trkpt lat="35.554080" lon="-78.578328"><ele>77.5</ele></trkpt>
<trkpt lat="35.555866" lon="-78.577359"><ele>75.4</ele></trkpt>
<trkpt lat="35.556789" lon="-78.576869"><ele>73.7</ele></trkpt>
<trkpt lat="35.558030" lon="-78.576234"><ele>69.8</ele></trkpt>
<trkpt lat="35.558721" lon="-78.575993"><ele>67.7</ele></trkpt>
<trkpt lat="35.559061" lon="-78.575900"><ele>66.6</ele></trkpt>
<trkpt lat="35.559399" lon="-78.575823"><ele>65.3</ele></trkpt>
<trkpt lat="35.559829" lon="-78.575760"><ele>63.7</ele></trkpt>
<trkpt lat="35.560253" lon="-78.575715"><ele>62.2</ele></trkpt>
<trkpt lat="35.561293" lon="-78.575726"><ele>59.5</ele></trkpt>
<trkpt lat="35.561821" lon="-78.575743"><ele>58.3</ele></trkpt>
<trkpt lat="35.562752" lon="-78.575771"><ele>56.1</ele></trkpt>
<trkpt lat="35.563904" lon="-78.575832"><ele>58.7</ele></trkpt>
<trkpt lat="35.574425" lon="-78.576211"><ele>74.3</ele></trkpt>
<trkpt lat="35.575346" lon="-78.576252"><ele>75.2</ele></trkpt>
<trkpt lat="35.579174" lon="-78.576382"><ele>82.8</ele></trkpt>
<trkpt lat="35.580254" lon="-78.576317"><ele>84.5</ele></trkpt>
<trkpt lat="35.581467" lon="-78.576145"><ele>85.7</ele></trkpt>
<trkpt lat="35.582510" lon="-78.575911"><ele>86.2</ele></trkpt>
<trkpt lat="35.583562" lon="-78.575556"><ele>86.3</ele></trkpt>
<trkpt lat="35.584403" lon="-78.575189"><ele>86.0</ele></trkpt>
<trkpt lat="35.584933" lon="-78.574945"><ele>85.5</ele></trkpt>
<trkpt lat="35.585643" lon="-78.574556"><ele>84.3</ele></trkpt>
<trkpt lat="35.586331" lon="-78.574146"><ele>83.0</ele></trkpt>
<trkpt lat="35.587332" lon="-78.573419"><ele>84.2</ele></trkpt>
<trkpt lat="35.588375" lon="-78.572579"><ele>82.7</ele></trkpt>
<trkpt lat="35.589634" lon="-78.571613"><ele>83.3</ele></trkpt>
<trkpt lat="35.590254" lon="-78.571090"><ele>86.3</ele></trkpt>
<trkpt lat="35.591248" lon="-78.570304"><ele>86.1</ele></trkpt>
<trkpt lat="35.593057" lon="-78.568806"><ele>83.8</ele></trkpt>
<trkpt lat="35.593913" lon="-78.568139"><ele>85.2</ele></trkpt>
<trkpt lat="35.595251" lon="-78.567018"><ele>90.2</ele></trkpt>
<trkpt lat="35.597831" lon="-78.565003"><ele>93.3</ele></trkpt>
<trkpt lat="35.598229" lon="-78.564715"><ele>93.7</ele></trkpt>
<trkpt lat="35.598967" lon="-78.564297"><ele>93.7</ele></trkpt>
<trkpt lat="35.599335" lon="-78.564111"><ele>93.4</ele></trkpt>
<trkpt lat="35.600025" lon="-78.563817"><ele>92.1</ele></trkpt>
<trkpt lat="35.600559" lon="-78.563633"><ele>90.5</ele></trkpt>
<trkpt lat="35.601083" lon="-78.563489"><ele>89.6</ele></trkpt>
<trkpt lat="35.601711" lon="-78.563347"><ele>89.7</ele></trkpt>
<trkpt lat="35.602031" lon="-78.563298"><ele>90.2</ele></trkpt>
<trkpt lat="35.602321" lon="-78.563264"><ele>90.5</ele></trkpt>
<trkpt lat="35.602681" lon="-78.563239"><ele>90.7</ele></trkpt>
<trkpt lat="35.603416" lon="-78.563230"><ele>90.6</ele></trkpt>
<trkpt lat="35.603659" lon="-78.563236"><ele>90.4</ele></trkpt>
<trkpt lat="35.603944" lon="-78.563253"><ele>90.3</ele></trkpt>
<trkpt lat="35.604321" lon="-78.563296"><ele>90.1</ele></trkpt>
<trkpt lat="35.604965" lon="-78.563405"><ele>89.7</ele></trkpt>
<trkpt lat="35.605270" lon="-78.563473"><ele>89.5</ele></trkpt>
<trkpt lat="35.605921" lon="-78.563673"><ele>89.3</ele></trkpt>
<trkpt lat="35.606645" lon="-78.563939"><ele>90.0</ele></trkpt>
<trkpt lat="35.607375" lon="-78.564243"><ele>91.3</ele></trkpt>
<trkpt lat="35.611915" lon="-78.566207"><ele>94.3</ele></trkpt>
<trkpt lat="35.612367" lon="-78.566385"><ele>94.3</ele></trkpt>
<trkpt lat="35.613044" lon="-78.566628"><ele>93.1</ele></trkpt>
<trkpt lat="35.613770" lon="-78.566846"><ele>91.9</ele></trkpt>
<trkpt lat="35.614384" lon="-78.566995"><ele>91.2</ele></trkpt>
<trkpt lat="35.614841" lon="-78.567088"><ele>90.5</ele></trkpt>
<trkpt lat="35.615328" lon="-78.567162"><ele>89.0</ele></trkpt>
<trkpt lat="35.615827" lon="-78.567212"><ele>86.8</ele></trkpt>
<trkpt lat="35.616681" lon="-78.567240"><ele>82.0</ele></trkpt>
<trkpt lat="35.617517" lon="-78.567209"><ele>78.0</ele></trkpt>
<trkpt lat="35.618965" lon="-78.567125"><ele>71.8</ele></trkpt>
<trkpt lat="35.620653" lon="-78.567002"><ele>63.9</ele></trkpt>
<trkpt lat="35.621656" lon="-78.566941"><ele>62.3</ele></trkpt>
<trkpt lat="35.622395" lon="-78.566885"><ele>60.4</ele></trkpt>
<trkpt lat="35.626858" lon="-78.566551"><ele>66.6</ele></trkpt>
<trkpt lat="35.628018" lon="-78.566450"><ele>69.7</ele></trkpt>
<trkpt lat="35.628663" lon="-78.566379"><ele>70.0</ele></trkpt>
<trkpt lat="35.631004" lon="-78.566210"><ele>74.0</ele></trkpt>
<trkpt lat="35.632914" lon="-78.566056"><ele>78.7</ele></trkpt>
<trkpt lat="35.634602" lon="-78.565972"><ele>81.8</ele></trkpt>
<trkpt lat="35.645742" lon="-78.565122"><ele>88.2</ele></trkpt>
<trkpt lat="35.655282" lon="-78.564393"><ele>80.1</ele></trkpt>
<trkpt lat="35.665093" lon="-78.563658"><ele>102.6</ele></trkpt>
<trkpt lat="35.671634" lon="-78.563167"><ele>89.4</ele></trkpt>
<trkpt lat="35.672197" lon="-78.563168"><ele>88.1</ele></trkpt>
<trkpt lat="35.672743" lon="-78.563188"><ele>88.0</ele></trkpt>
<trkpt lat="35.673459" lon="-78.563255"><ele>89.3</ele></trkpt>
<trkpt lat="35.674174" lon="-78.563359"><ele>91.1</ele></trkpt>
<trkpt lat="35.674934" lon="-78.563513"><ele>92.8</ele></trkpt>
<trkpt lat="35.675751" lon="-78.563735"><ele>93.3</ele></trkpt>
<trkpt lat="35.676263" lon="-78.563904"><ele>94.2</ele></trkpt>
<trkpt lat="35.676858" lon="-78.564121"><ele>95.0</ele></trkpt>
<trkpt lat="35.677213" lon="-78.564273"><ele>95.3</ele></trkpt>
<trkpt lat="35.677829" lon="-78.564561"><ele>96.4</ele></trkpt>
<trkpt lat="35.678312" lon="-78.564808"><ele>97.6</ele></trkpt>
<trkpt lat="35.678777" lon="-78.565070"><ele>98.2</ele></trkpt>
<trkpt lat="35.679545" lon="-78.565555"><ele>98.6</ele></trkpt>
<trkpt lat="35.685324" lon="-78.569622"><ele>98.3</ele></trkpt>
<trkpt lat="35.686297" lon="-78.570197"><ele>99.0</ele></trkpt>
<trkpt lat="35.688540" lon="-78.571421"><ele>98.5</ele></trkpt>
<trkpt lat="35.691253" lon="-78.572862"><ele>97.8</ele></trkpt>
<trkpt lat="35.691582" lon="-78.573039"><ele>98.8</ele></trkpt>
<trkpt lat="35.692121" lon="-78.573309"><ele>102.8</ele></trkpt>
<trkpt lat="35.692624" lon="-78.573578"><ele>104.4</ele></trkpt>
<trkpt lat="35.694368" lon="-78.574642"><ele>108.1</ele></trkpt>
<trkpt lat="35.694915" lon="-78.575008"><ele>110.0</ele></trkpt>
<trkpt lat="35.695280" lon="-78.575287"><ele>113.3</ele></trkpt>
<trkpt lat="35.696646" lon="-78.576480"><ele>114.7</ele></trkpt>
<trkpt lat="35.697900" lon="-78.577862"><ele>112.9</ele></trkpt>
<trkpt lat="35.698578" lon="-78.578655"><ele>110.9</ele></trkpt>
<trkpt lat="35.698958" lon="-78.579049"><ele>109.9</ele></trkpt>
<trkpt lat="35.699336" lon="-78.579397"><ele>109.1</ele></trkpt>
<trkpt lat="35.700046" lon="-78.580094"><ele>108.4</ele></trkpt>
<trkpt lat="35.700845" lon="-78.580779"><ele>108.0</ele></trkpt>
<trkpt lat="35.702229" lon="-78.581712"><ele>108.0</ele></trkpt>
<trkpt lat="35.703117" lon="-78.582229"><ele>108.1</ele></trkpt>
<trkpt lat="35.704302" lon="-78.582741"><ele>108.2</ele></trkpt>
<trkpt lat="35.705043" lon="-78.583003"><ele>108.6</ele></trkpt>
<trkpt lat="35.706181" lon="-78.583321"><ele>108.7</ele></trkpt>
<trkpt lat="35.707141" lon="-78.583505"><ele>107.8</ele></trkpt>
<trkpt lat="35.708189" lon="-78.583612"><ele>105.9</ele></trkpt>
<trkpt lat="35.709351" lon="-78.583655"><ele>103.0</ele></trkpt>
<trkpt lat="35.711457" lon="-78.583705"><ele>97.2</ele></trkpt>
<trkpt lat="35.712687" lon="-78.583732"><ele>93.9</ele></trkpt>
<trkpt lat="35.713589" lon="-78.583740"><ele>91.6</ele></trkpt>
<trkpt lat="35.716471" lon="-78.583828"><ele>83.8</ele></trkpt>
<trkpt lat="35.721317" lon="-78.583973"><ele>85.0</ele></trkpt>
<trkpt lat="35.722365" lon="-78.584075"><ele>86.0</ele></trkpt>
<trkpt lat="35.723201" lon="-78.584208"><ele>86.1</ele></trkpt>
<trkpt lat="35.724751" lon="-78.584493"><ele>85.8</ele></trkpt>
<trkpt lat="35.726049" lon="-78.584937"><ele>84.2</ele></trkpt>
<trkpt lat="35.726744" lon="-78.585252"><ele>83.1</ele></trkpt>
<trkpt lat="35.727749" lon="-78.585572"><ele>82.0</ele></trkpt>
<trkpt lat="35.729431" lon="-78.586267"><ele>78.8</ele></trkpt>
<trkpt lat="35.731487" lon="-78.587098"><ele>75.0</ele></trkpt>
<trkpt lat="35.738263" lon="-78.589815"><ele>67.3</ele></trkpt>
<trkpt lat="35.746944" lon="-78.593301"><ele>81.7</ele></trkpt>
<trkpt lat="35.748523" lon="-78.594014"><ele>81.9</ele></trkpt>
<trkpt lat="35.749266" lon="-78.594147"><ele>80.9</ele></trkpt>
<trkpt lat="35.749473" lon="-78.594169"><ele>80.5</ele></trkpt>
<trkpt lat="35.750033" lon="-78.594192"><ele>79.1</ele></trkpt>
<trkpt lat="35.750316" lon="-78.594169"><ele>78.3</ele></trkpt>
<trkpt lat="35.750458" lon="-78.594148"><ele>77.8</ele></trkpt>
<trkpt lat="35.750782" lon="-78.594066"><ele>76.6</ele></trkpt>
<trkpt lat="35.750958" lon="-78.593998"><ele>76.0</ele></trkpt>
<trkpt lat="35.751282" lon="-78.593845"><ele>74.9</ele></trkpt>
<trkpt lat="35.751467" lon="-78.593729"><ele>74.2</ele></trkpt>
<trkpt lat="35.751642" lon="-78.593604"><ele>73.6</ele></trkpt>
<trkpt lat="35.751826" lon="-78.593451"><ele>72.9</ele></trkpt>
<trkpt lat="35.752004" lon="-78.593282"><ele>72.3</ele></trkpt>
<trkpt lat="35.752254" lon="-78.592989"><ele>71.1</ele></trkpt>
<trkpt lat="35.752375" lon="-78.592822"><ele>70.5</ele></trkpt>
<trkpt lat="35.752488" lon="-78.592646"><ele>70.0</ele></trkpt>
<trkpt lat="35.752570" lon="-78.592501"><ele>69.6</ele></trkpt>
<trkpt lat="35.752663" lon="-78.592316"><ele>69.2</ele></trkpt>
<trkpt lat="35.752752" lon="-78.592111"><ele>69.0</ele></trkpt>
<trkpt lat="35.752832" lon="-78.591893"><ele>68.9</ele></trkpt>
<trkpt lat="35.752907" lon="-78.591648"><ele>69.0</ele></trkpt>
<trkpt lat="35.752965" lon="-78.591408"><ele>69.2</ele></trkpt>
<trkpt lat="35.753013" lon="-78.591158"><ele>69.6</ele></trkpt>
<trkpt lat="35.753050" lon="-78.590905"><ele>70.0</ele></trkpt>
<trkpt lat="35.753084" lon="-78.590611"><ele>70.6</ele></trkpt>
<trkpt lat="35.753195" lon="-78.589212"><ele>73.0</ele></trkpt>
<trkpt lat="35.753188" lon="-78.587699"><ele>73.8</ele></trkpt>
<trkpt lat="35.753196" lon="-78.586943"><ele>74.5</ele></trkpt>
<trkpt lat="35.753245" lon="-78.586136"><ele>75.3</ele></trkpt>
<trkpt lat="35.753318" lon="-78.585371"><ele>76.0</ele></trkpt>
<trkpt lat="35.753377" lon="-78.584935"><ele>76.1</ele></trkpt>
<trkpt lat="35.753449" lon="-78.584514"><ele>76.0</ele></trkpt>
<trkpt lat="35.753667" lon="-78.583513"><ele>74.8</ele></trkpt>
<trkpt lat="35.753724" lon="-78.583295"><ele>74.7</ele></trkpt>
<trkpt lat="35.753851" lon="-78.582826"><ele>73.8</ele></trkpt>
<trkpt lat="35.754018" lon="-78.582315"><ele>72.6</ele></trkpt>
<trkpt lat="35.754182" lon="-78.581872"><ele>72.7</ele></trkpt>
<trkpt lat="35.754440" lon="-78.581231"><ele>71.5</ele></trkpt>
<trkpt lat="35.754767" lon="-78.580550"><ele>69.8</ele></trkpt>
<trkpt lat="35.755028" lon="-78.580066"><ele>68.4</ele></trkpt>
<trkpt lat="35.755261" lon="-78.579655"><ele>67.2</ele></trkpt>
<trkpt lat="35.755562" lon="-78.579165"><ele>65.7</ele></trkpt>
<trkpt lat="35.755893" lon="-78.578703"><ele>64.2</ele></trkpt>
<trkpt lat="35.756276" lon="-78.578228"><ele>62.7</ele></trkpt>
<trkpt lat="35.756644" lon="-78.577786"><ele>61.6</ele></trkpt>
<trkpt lat="35.757036" lon="-78.577376"><ele>60.8</ele></trkpt>
<trkpt lat="35.757555" lon="-78.576865"><ele>60.8</ele></trkpt>
<trkpt lat="35.758486" lon="-78.576111"><ele>62.3</ele></trkpt>
<trkpt lat="35.758981" lon="-78.575782"><ele>63.3</ele></trkpt>
<trkpt lat="35.759781" lon="-78.575330"><ele>65.5</ele></trkpt>
<trkpt lat="35.760344" lon="-78.575068"><ele>67.2</ele></trkpt>
<trkpt lat="35.761155" lon="-78.574764"><ele>69.3</ele></trkpt>
<trkpt lat="35.761838" lon="-78.574564"><ele>71.2</ele></trkpt>
<trkpt lat="35.762167" lon="-78.574499"><ele>72.1</ele></trkpt>
<trkpt lat="35.762681" lon="-78.574421"><ele>73.6</ele></trkpt>
<trkpt lat="35.763462" lon="-78.574340"><ele>75.8</ele></trkpt>
<trkpt lat="35.765968" lon="-78.574210"><ele>82.5</ele></trkpt>
<trkpt lat="35.771223" lon="-78.573886"><ele>81.2</ele></trkpt>
<trkpt lat="35.771901" lon="-78.573856"><ele>80.0</ele></trkpt>
<trkpt lat="35.772868" lon="-78.573772"><ele>75.4</ele></trkpt>
<trkpt lat="35.774374" lon="-78.573685"><ele>73.7</ele></trkpt>
<trkpt lat="35.775463" lon="-78.573598"><ele>70.0</ele></trkpt>
<trkpt lat="35.776494" lon="-78.573553"><ele>71.3</ele></trkpt>
<trkpt lat="35.777541" lon="-78.573538"><ele>69.6</ele></trkpt>
<trkpt lat="35.779312" lon="-78.573430"><ele>68.0</ele></trkpt>
<trkpt lat="35.781978" lon="-78.573239"><ele>59.1</ele></trkpt>
<trkpt lat="35.783519" lon="-78.573146"><ele>64.7</ele></trkpt>
<trkpt lat="35.784449" lon="-78.573124"><ele>68.3</ele></trkpt>
<trkpt lat="35.784912" lon="-78.573154"><ele>69.8</ele></trkpt>
<trkpt lat="35.785586" lon="-78.573285"><ele>71.2</ele></trkpt>
<trkpt lat="35.785934" lon="-78.573387"><ele>71.2</ele></trkpt>
<trkpt lat="35.786633" lon="-78.573647"><ele>69.9</ele></trkpt>
<trkpt lat="35.787526" lon="-78.574008"><ele>68.8</ele></trkpt>
<trkpt lat="35.788019" lon="-78.574279"><ele>69.2</ele></trkpt>
<trkpt lat="35.788589" lon="-78.574676"><ele>68.8</ele></trkpt>
<trkpt lat="35.789289" lon="-78.575326"><ele>67.5</ele></trkpt>
<trkpt lat="35.789824" lon="-78.575900"><ele>65.8</ele></trkpt>
<trkpt lat="35.790549" lon="-78.576867"><ele>63.4</ele></trkpt>
<trkpt lat="35.792290" lon="-78.579371"><ele>62.6</ele></trkpt>
<trkpt lat="35.792399" lon="-78.579558"><ele>62.8</ele></trkpt>
<trkpt lat="35.792567" lon="-78.579805"><ele>63.0</ele></trkpt>
<trkpt lat="35.794070" lon="-78.581960"><ele>65.8</ele></trkpt>
<trkpt lat="35.794450" lon="-78.582486"><ele>66.7</ele></trkpt>
<trkpt lat="35.794679" lon="-78.582825"><ele>65.6</ele></trkpt>
<trkpt lat="35.795935" lon="-78.584601"><ele>68.0</ele></trkpt>
<trkpt lat="35.796937" lon="-78.586044"><ele>66.7</ele></trkpt>
<trkpt lat="35.797097" lon="-78.586244"><ele>66.1</ele></trkpt>
<trkpt lat="35.797755" lon="-78.587152"><ele>62.9</ele></trkpt>
<trkpt lat="35.798905" lon="-78.588796"><ele>59.7</ele></trkpt>
<trkpt lat="35.799977" lon="-78.590346"><ele>59.5</ele></trkpt>
<trkpt lat="35.800480" lon="-78.591052"><ele>60.9</ele></trkpt>
<trkpt lat="35.801077" lon="-78.591831"><ele>63.4</ele></trkpt>
<trkpt lat="35.801628" lon="-78.592481"><ele>66.0</ele></trkpt>
<trkpt lat="35.802807" lon="-78.593747"><ele>71.3</ele></trkpt>
<trkpt lat="35.803101" lon="-78.594101"><ele>71.3</ele></trkpt>
<trkpt lat="35.803186" lon="-78.594192"><ele>71.4</ele></trkpt>
<trkpt lat="35.807037" lon="-78.598252"><ele>67.8</ele></trkpt>
<trkpt lat="35.807121" lon="-78.598329"><ele>68.0</ele></trkpt>
<trkpt lat="35.807536" lon="-78.598767"><ele>69.3</ele></trkpt>
<trkpt lat="35.807714" lon="-78.598932"><ele>69.8</ele></trkpt>
<trkpt lat="35.809460" lon="-78.600788"><ele>75.0</ele></trkpt>
<trkpt lat="35.809930" lon="-78.601271"><ele>70.9</ele></trkpt>
<trkpt lat="35.810362" lon="-78.601678"><ele>74.3</ele></trkpt>
<trkpt lat="35.810461" lon="-78.601768"><ele>75.3</ele></trkpt>
<trkpt lat="35.812195" lon="-78.603199"><ele>73.2</ele></trkpt>
<trkpt lat="35.814244" lon="-78.604821"><ele>70.8</ele></trkpt>
<trkpt lat="35.814982" lon="-78.605410"><ele>70.2</ele></trkpt>
<trkpt lat="35.817210" lon="-78.607144"><ele>70.2</ele></trkpt>
<trkpt lat="35.819696" lon="-78.609113"><ele>81.4</ele></trkpt>
<trkpt lat="35.819877" lon="-78.609265"><ele>82.3</ele></trkpt>
<trkpt lat="35.820137" lon="-78.609517"><ele>83.2</ele></trkpt>
<trkpt lat="35.820373" lon="-78.609798"><ele>84.0</ele></trkpt>
<trkpt lat="35.820521" lon="-78.610004"><ele>84.4</ele></trkpt>
<trkpt lat="35.820654" lon="-78.610215"><ele>84.8</ele></trkpt>
<trkpt lat="35.820835" lon="-78.610561"><ele>85.3</ele></trkpt>
<trkpt lat="35.821169" lon="-78.611304"><ele>85.7</ele></trkpt>
<trkpt lat="35.821596" lon="-78.612305"><ele>89.3</ele></trkpt>
<trkpt lat="35.825326" lon="-78.621007"><ele>81.7</ele></trkpt>
<trkpt lat="35.825407" lon="-78.621188"><ele>82.2</ele></trkpt>
<trkpt lat="35.825617" lon="-78.621702"><ele>83.6</ele></trkpt>
<trkpt lat="35.826774" lon="-78.624407"><ele>84.1</ele></trkpt>
<trkpt lat="35.826936" lon="-78.624767"><ele>83.1</ele></trkpt>
<trkpt lat="35.827102" lon="-78.625114"><ele>82.2</ele></trkpt>
<trkpt lat="35.827226" lon="-78.625345"><ele>81.4</ele></trkpt>
<trkpt lat="35.827419" lon="-78.625672"><ele>80.5</ele></trkpt>
<trkpt lat="35.827627" lon="-78.625985"><ele>79.6</ele></trkpt>
<trkpt lat="35.827777" lon="-78.626194"><ele>79.0</ele></trkpt>
<trkpt lat="35.828081" lon="-78.626580"><ele>77.7</ele></trkpt>
<trkpt lat="35.828419" lon="-78.626943"><ele>76.2</ele></trkpt>
<trkpt lat="35.828779" lon="-78.627281"><ele>74.9</ele></trkpt>
<trkpt lat="35.829147" lon="-78.627582"><ele>73.8</ele></trkpt>
<trkpt lat="35.830098" lon="-78.628266"><ele>72.1</ele></trkpt>
<trkpt lat="35.830870" lon="-78.628796"><ele>73.0</ele></trkpt>
<trkpt lat="35.831247" lon="-78.629073"><ele>74.6</ele></trkpt>
<trkpt lat="35.831535" lon="-78.629306"><ele>76.2</ele></trkpt>
<trkpt lat="35.831887" lon="-78.629627"><ele>78.2</ele></trkpt>
<trkpt lat="35.832149" lon="-78.629897"><ele>79.7</ele></trkpt>
<trkpt lat="35.832396" lon="-78.630182"><ele>81.3</ele></trkpt>
<trkpt lat="35.832540" lon="-78.630364"><ele>82.2</ele></trkpt>
<trkpt lat="35.832756" lon="-78.630658"><ele>83.6</ele></trkpt>
<trkpt lat="35.833018" lon="-78.631060"><ele>85.2</ele></trkpt>
<trkpt lat="35.833200" lon="-78.631374"><ele>86.2</ele></trkpt>
<trkpt lat="35.833318" lon="-78.631597"><ele>87.1</ele></trkpt>
<trkpt lat="35.833580" lon="-78.632159"><ele>89.6</ele></trkpt>
<trkpt lat="35.833678" lon="-78.632394"><ele>90.6</ele></trkpt>
<trkpt lat="35.833810" lon="-78.632751"><ele>92.1</ele></trkpt>
<trkpt lat="35.833974" lon="-78.633287"><ele>93.8</ele></trkpt>
<trkpt lat="35.834032" lon="-78.633508"><ele>94.3</ele></trkpt>
<trkpt lat="35.834116" lon="-78.633879"><ele>95.0</ele></trkpt>
<trkpt lat="35.834210" lon="-78.634432"><ele>95.8</ele></trkpt>
<trkpt lat="35.834289" lon="-78.635038"><ele>96.3</ele></trkpt>
<trkpt lat="35.834324" lon="-78.635448"><ele>96.3</ele></trkpt>
<trkpt lat="35.834539" lon="-78.637401"><ele>97.5</ele></trkpt>
<trkpt lat="35.834679" lon="-78.638481"><ele>99.2</ele></trkpt>
<trkpt lat="35.834796" lon="-78.639474"><ele>101.0</ele></trkpt>
<trkpt lat="35.834868" lon="-78.640216"><ele>101.5</ele></trkpt>
<trkpt lat="35.835171" lon="-78.642661"><ele>105.6</ele></trkpt>
<trkpt lat="35.835260" lon="-78.643280"><ele>106.8</ele></trkpt>
<trkpt lat="35.835435" lon="-78.644739"><ele>108.2</ele></trkpt>
<trkpt lat="35.835691" lon="-78.647001"><ele>107.2</ele></trkpt>
<trkpt lat="35.836621" lon="-78.656029"><ele>82.4</ele></trkpt>
<trkpt lat="35.836672" lon="-78.656520"><ele>82.5</ele></trkpt>
<trkpt lat="35.836952" lon="-78.659195"><ele>79.9</ele></trkpt>
<trkpt lat="35.837125" lon="-78.660768"><ele>76.3</ele></trkpt>
<trkpt lat="35.837157" lon="-78.661228"><ele>74.2</ele></trkpt>
<trkpt lat="35.837170" lon="-78.661526"><ele>71.4</ele></trkpt>
<trkpt lat="35.837179" lon="-78.662506"><ele>67.4</ele></trkpt>
<trkpt lat="35.837173" lon="-78.662829"><ele>69.6</ele></trkpt>
<trkpt lat="35.837157" lon="-78.663150"><ele>69.9</ele></trkpt>
<trkpt lat="35.837110" lon="-78.663664"><ele>70.3</ele></trkpt>
<trkpt lat="35.837054" lon="-78.664160"><ele>70.7</ele></trkpt>
<trkpt lat="35.837001" lon="-78.664553"><ele>71.2</ele></trkpt>
<trkpt lat="35.836872" lon="-78.665275"><ele>72.0</ele></trkpt>
<trkpt lat="35.836793" lon="-78.665661"><ele>72.4</ele></trkpt>
<trkpt lat="35.836715" lon="-78.665985"><ele>72.6</ele></trkpt>
<trkpt lat="35.836647" lon="-78.666122"><ele>73.5</ele></trkpt>
<trkpt lat="35.836502" lon="-78.666632"><ele>74.5</ele></trkpt>
<trkpt lat="35.836290" lon="-78.667292"><ele>75.9</ele></trkpt>
<trkpt lat="35.835606" lon="-78.669168"><ele>78.3</ele></trkpt>
<trkpt lat="35.835291" lon="-78.670000"><ele>78.7</ele></trkpt>
<trkpt lat="35.835226" lon="-78.670172"><ele>79.9</ele></trkpt>
<trkpt lat="35.835098" lon="-78.670790"><ele>79.6</ele></trkpt>
<trkpt lat="35.835078" lon="-78.670986"><ele>79.6</ele></trkpt>
<trkpt lat="35.835128" lon="-78.671219"><ele>79.0</ele></trkpt>
<trkpt lat="35.835173" lon="-78.671363"><ele>78.8</ele></trkpt>
<trkpt lat="35.835210" lon="-78.671444"><ele>78.5</ele></trkpt>
<trkpt lat="35.835246" lon="-78.671499"><ele>78.2</ele></trkpt>
<trkpt lat="35.835294" lon="-78.671562"><ele>77.9</ele></trkpt>
<trkpt lat="35.835356" lon="-78.671621"><ele>77.5</ele></trkpt>
<trkpt lat="35.835477" lon="-78.671690"><ele>77.0</ele></trkpt>
<trkpt lat="35.835539" lon="-78.671710"><ele>76.7</ele></trkpt>
<trkpt lat="35.835653" lon="-78.671719"><ele>76.3</ele></trkpt>
<trkpt lat="35.835708" lon="-78.671712"><ele>76.1</ele></trkpt>
<trkpt lat="35.835809" lon="-78.671670"><ele>75.7</ele></trkpt>
<trkpt lat="35.835864" lon="-78.671630"><ele>75.5</ele></trkpt>
<trkpt lat="35.835912" lon="-78.671578"><ele>75.3</ele></trkpt>
<trkpt lat="35.835960" lon="-78.671512"><ele>75.0</ele></trkpt>
<trkpt lat="35.835999" lon="-78.671434"><ele>74.8</ele></trkpt>
<trkpt lat="35.836044" lon="-78.671263"><ele>74.5</ele></trkpt>
<trkpt lat="35.836054" lon="-78.671160"><ele>74.4</ele></trkpt>
<trkpt lat="35.836053" lon="-78.671045"><ele>74.3</ele></trkpt>
<trkpt lat="35.836040" lon="-78.670933"><ele>74.2</ele></trkpt>
<trkpt lat="35.835984" lon="-78.670742"><ele>74.1</ele></trkpt>
<trkpt lat="35.835733" lon="-78.670153"><ele>74.3</ele></trkpt>
<trkpt lat="35.835484" lon="-78.669762"><ele>74.9</ele></trkpt>
<trkpt lat="35.835204" lon="-78.669349"><ele>74.1</ele></trkpt>
<trkpt lat="35.835111" lon="-78.669228"><ele>73.2</ele></trkpt>
<trkpt lat="35.834876" lon="-78.668958"><ele>72.9</ele></trkpt>
<trkpt lat="35.834420" lon="-78.668510"><ele>74.7</ele></trkpt>
<trkpt lat="35.834211" lon="-78.668336"><ele>76.5</ele></trkpt>
<trkpt lat="35.833808" lon="-78.668043"><ele>80.3</ele></trkpt>
<trkpt lat="35.833618" lon="-78.667926"><ele>81.9</ele></trkpt>
<trkpt lat="35.833187" lon="-78.667709"><ele>85.4</ele></trkpt>
<trkpt lat="35.832962" lon="-78.667614"><ele>87.3</ele></trkpt>
<trkpt lat="35.832637" lon="-78.667499"><ele>89.9</ele></trkpt>
<trkpt lat="35.831783" lon="-78.667297"><ele>96.3</ele></trkpt>
<trkpt lat="35.830043" lon="-78.666910"><ele>96.6</ele></trkpt>
<trkpt lat="35.829939" lon="-78.666878"><ele>96.7</ele></trkpt>
<trkpt lat="35.829823" lon="-78.666860"><ele>97.0</ele></trkpt>
<trkpt lat="35.827889" lon="-78.666445"><ele>103.4</ele></trkpt>
<trkpt lat="35.826291" lon="-78.666087"><ele>100.0</ele></trkpt>
<trkpt lat="35.824448" lon="-78.665650"><ele>104.5</ele></trkpt>
<trkpt lat="35.823935" lon="-78.665464"><ele>105.5</ele></trkpt>
<trkpt lat="35.823353" lon="-78.665231"><ele>103.8</ele></trkpt>
<trkpt lat="35.822733" lon="-78.664959"><ele>101.3</ele></trkpt>
<trkpt lat="35.821201" lon="-78.664333"><ele>94.0</ele></trkpt>
<trkpt lat="35.819326" lon="-78.663558"><ele>88.9</ele></trkpt>
<trkpt lat="35.818862" lon="-78.663854"><ele>89.3</ele></trkpt>
<trkpt lat="35.818392" lon="-78.664121"><ele>88.7</ele></trkpt>
<trkpt lat="35.817498" lon="-78.664509"><ele>83.5</ele></trkpt>
<trkpt lat="35.817308" lon="-78.664569"><ele>82.9</ele></trkpt>
<trkpt lat="35.816477" lon="-78.664675"><ele>81.7</ele></trkpt>
<trkpt lat="35.816139" lon="-78.664917"><ele>82.2</ele></trkpt>
<trkpt lat="35.816183" lon="-78.665108"><ele>83.2</ele></trkpt>
<trkpt lat="35.816199" lon="-78.665462"><ele>83.7</ele></trkpt>
<trkpt lat="35.816150" lon="-78.665953"><ele>84.0</ele></trkpt>
<trkpt lat="35.816136" lon="-78.666491"><ele>83.3</ele></trkpt>
<trkpt lat="35.815953" lon="-78.667331"><ele>83.5</ele></trkpt>
<trkpt lat="35.815939" lon="-78.667453"><ele>83.8</ele></trkpt>
<trkpt lat="35.815935" lon="-78.667582"><ele>84.0</ele></trkpt>
<trkpt lat="35.815957" lon="-78.668624"><ele>84.5</ele></trkpt>
<trkpt lat="35.816396" lon="-78.668664"><ele>87.7</ele></trkpt>
<trkpt lat="35.816829" lon="-78.668875"><ele>89.8</ele></trkpt>
<trkpt lat="35.817245" lon="-78.669234"><ele>91.1</ele></trkpt>
<trkpt lat="35.817558" lon="-78.669742"><ele>91.6</ele></trkpt>
<trkpt lat="35.817525" lon="-78.670617"><ele>92.6</ele></trkpt>
</trkseg></trk>
</gpx>